2026-09-23 07:48:21 | DEBUG    | tts5703.tts_engine | event=higgs_worker_stderr message=2026-09-23 07:48:21,342 [ERROR] sglang_omni.relay.nixl: Failed to import nixl: No module named 'nixl'. NixlRelay will not work.
2026-09-23 07:48:21 | DEBUG    | tts5703.tts_engine | event=higgs_worker_stderr message=2026-09-23 07:48:21,477 [INFO] sglang_omni.pipeline.control_plane: Coordinator control plane started
2026-09-23 07:48:21 | DEBUG    | tts5703.tts_engine | event=higgs_worker_stderr message=2026-09-23 07:48:21,477 [INFO] sglang_omni.pipeline.coordinator: Coordinator started
2026-09-23 07:48:21 | DEBUG    | tts5703.tts_engine | event=higgs_worker_stderr message=2026-09-23 07:48:21,480 [INFO] sglang_omni.pipeline.stage_workers: StageGroup tts_frontend: spawned 1 process(es) (pids=[8670])
2026-09-23 07:48:21 | DEBUG    | tts5703.tts_engine | event=higgs_worker_stderr message=2026-09-23 07:48:21,481 [INFO] sglang_omni.pipeline.stage_workers: StageGroup pipeline: spawned 1 process(es) (pids=[8671])
2026-09-23 07:48:30 | DEBUG    | tts5703.tts_engine | event=higgs_worker_stderr message=Failed to import nixl: No module named 'nixl'. NixlRelay will not work.
2026-09-23 07:48:30 | DEBUG    | tts5703.tts_engine | event=higgs_worker_stderr message=Failed to import nixl: No module named 'nixl'. NixlRelay will not work.
2026-09-23 07:48:30 | DEBUG    | tts5703.tts_engine | event=higgs_worker_stderr message=2026-09-23 07:48:30,261 [INFO] stage_workers.tts_frontend: Building scheduler for preprocessing (tp_rank=0/1) ...
2026-09-23 07:48:30 | DEBUG    | tts5703.tts_engine | event=higgs_worker_stderr message=2026-09-23 07:48:30,307 [INFO] stage_workers.pipeline: Set current device to 0 for stage tts_engine
2026-09-23 07:48:30 | DEBUG    | tts5703.tts_engine | event=higgs_worker_stderr message=2026-09-23 07:48:30,307 [INFO] stage_workers.pipeline: Building scheduler for tts_engine (tp_rank=0/1) ...
2026-09-23 07:48:30 | DEBUG    | tts5703.tts_engine | event=higgs_worker_stderr message=2026-09-23 07:48:30,328 [INFO] stage_workers.pipeline: Acquired GPU startup lock for stage tts_engine: /tmp/sglang_omni_gpu_0_startup.lock
2026-09-23 07:48:31 | DEBUG    | tts5703.tts_engine | event=higgs_worker_stderr message=2026-09-23 07:48:31,455 [INFO] stage_workers.tts_frontend: Set current device to 0 for stage audio_encoder
2026-09-23 07:48:31 | DEBUG    | tts5703.tts_engine | event=higgs_worker_stderr message=2026-09-23 07:48:31,455 [INFO] stage_workers.tts_frontend: Building scheduler for audio_encoder (tp_rank=0/1) ...
2026-09-23 07:48:32 | DEBUG    | tts5703.tts_engine | event=higgs_worker_stderr message=2026-09-23 07:48:32,695 [WARNING] sglang.srt.utils.common: Failed to load generation config for /home/li_yanyupingsheng/5703tts/models/higgs-tts-3-4b: /home/li_yanyupingsheng/5703tts/models/higgs-tts-3-4b does not appear to have a file named generation_config.json. Checkout 'https://huggingface.co//home/li_yanyupingsheng/5703tts/models/higgs-tts-3-4b/tree/main' for available files.. Proceeding without generation config.
2026-09-23 07:48:32 | DEBUG    | tts5703.tts_engine | event=higgs_worker_stderr message=2026-09-23 07:48:32,719 [INFO] sglang.srt.arg_groups.overrides: Attention backend not specified. Use flashinfer backend by default.
2026-09-23 07:48:32 | DEBUG    | tts5703.tts_engine | event=higgs_worker_stderr message=2026-09-23 07:48:32,727 [INFO] sglang_omni.scheduling.bootstrap: SGLang runtime configuration: gpu_id=0, sm=89, architecture=ada, attention_backend=flashinfer, decode_attention_backend=flashinfer, prefill_attention_backend=flashinfer, sampling_backend=flashinfer
2026-09-23 07:48:32 | DEBUG    | tts5703.tts_engine | event=higgs_worker_stderr message=2026-09-23 07:48:32,727 [INFO] sglang_omni.platforms.cuda: Configured SGLang backend policy: arch=None effective_quantization=None server_quantization=None moe_runner_backend=auto fp8_gemm_backend=auto
2026-09-23 07:48:35 | DEBUG    | tts5703.tts_engine | event=higgs_worker_stderr message=Unable to import `torchao` Tensor objects. This may affect loading checkpoints serialized with `torchao`
2026-09-23 07:48:37 | DEBUG    | tts5703.tts_engine | event=higgs_worker_stderr message=2026-09-23 07:48:37,915 [INFO] sglang.srt.distributed.bootstrap: Init torch distributed begin.
2026-09-23 07:48:37 | DEBUG    | tts5703.tts_engine | event=higgs_worker_stderr message=2026-09-23 07:48:37,973 [INFO] sglang.srt.distributed.bootstrap: Init torch distributed ends. elapsed=0.06 s, mem usage=0.03 GB
2026-09-23 07:48:37 | DEBUG    | tts5703.tts_engine | event=higgs_worker_stderr message=2026-09-23 07:48:37,976 [INFO] sglang.srt.model_executor.model_runner: Load weight begin. avail mem=21.69 GB
2026-09-23 07:48:38 | DEBUG    | tts5703.tts_engine | event=higgs_worker_stderr message=Multi-thread loading shards:   0% Completed | 0/1 [00:00<?, ?it/s]
2026-09-23 07:48:38 | DEBUG    | tts5703.tts_engine | event=higgs_worker_stderr message=Multi-thread loading shards: 100% Completed | 1/1 [00:00<00:00, 42.85it/s]
2026-09-23 07:48:40 | DEBUG    | tts5703.tts_engine | event=higgs_worker_stderr message=2026-09-23 07:48:40,290 [WARNING] sglang.srt.models.qwen3: Parameter lm_head.weight not found in params_dict
2026-09-23 07:48:40 | DEBUG    | tts5703.tts_engine | event=higgs_worker_stderr message=2026-09-23 07:48:40,470 [INFO] sglang.srt.model_executor.model_runner: Load weight end. elapsed=2.49 s, type=HiggsTTSModel, avail mem=14.08 GB, mem usage=7.60 GB.
2026-09-23 07:48:40 | DEBUG    | tts5703.tts_engine | event=higgs_worker_stderr message=2026-09-23 07:48:40,522 [INFO] sglang.srt.mem_cache.memory_pool: KV Cache is allocated. dtype: torch.bfloat16, #tokens: 78850, K size: 5.41 GB, V size: 5.41 GB
2026-09-23 07:48:40 | DEBUG    | tts5703.tts_engine | event=higgs_worker_stderr message=2026-09-23 07:48:40,522 [INFO] sglang.srt.mem_cache.kv_cache_configurator: Memory pool end. avail mem=3.12 GB
2026-09-23 07:48:40 | DEBUG    | tts5703.tts_engine | event=higgs_worker_stderr message=2026-09-23 07:48:40,806 [WARNING] sglang.srt.model_executor.model_runner_components.cuda_graph_setup: Disabling auto-selected prefill CUDA graph: only 2.66 GiB is free after model/KV/eager-buffer allocation; at least 4.00 GiB is required for capture. Set an explicit prefill CUDA graph backend to override this safety gate.
2026-09-23 07:48:40 | DEBUG    | tts5703.tts_engine | event=higgs_worker_stderr message=2026-09-23 07:48:40,806 [INFO] sglang.srt.model_executor.model_runner_components.cuda_graph_setup: Capture target decode CUDA graph begin. backend=full, num_tokens_per_req=1, bs=[1, 2, 4, 8, 12, 16, 24, 32, 40, 48, 56, 64], avail mem=2.66 GB
2026-09-23 07:48:41 | DEBUG    | tts5703.tts_engine | event=higgs_worker_stderr message=  0%|          | 0/12 [00:00<?, ?it/s]
2026-09-23 07:48:45 | DEBUG    | tts5703.tts_engine | event=higgs_worker_stderr message=Capturing batches (bs=64 avail_mem=2.63 GB):   0%|          | 0/12 [00:00<?, ?it/s]
2026-09-23 07:48:45 | DEBUG    | tts5703.tts_engine | event=higgs_worker_stderr message=Capturing batches (bs=64 avail_mem=2.63 GB):   8%|▊         | 1/12 [00:03<00:43,  3.95s/it]
2026-09-23 07:48:45 | DEBUG    | tts5703.tts_engine | event=higgs_worker_stderr message=Capturing batches (bs=56 avail_mem=2.53 GB):   8%|▊         | 1/12 [00:03<00:43,  3.95s/it]
2026-09-23 07:48:45 | DEBUG    | tts5703.tts_engine | event=higgs_worker_stderr message=Capturing batches (bs=56 avail_mem=2.53 GB):  17%|█▋        | 2/12 [00:04<00:16,  1.70s/it]
2026-09-23 07:48:45 | DEBUG    | tts5703.tts_engine | event=higgs_worker_stderr message=Capturing batches (bs=48 avail_mem=2.47 GB):  17%|█▋        | 2/12 [00:04<00:16,  1.70s/it]
2026-09-23 07:48:45 | DEBUG    | tts5703.tts_engine | event=higgs_worker_stderr message=Capturing batches (bs=48 avail_mem=2.47 GB):  25%|██▌       | 3/12 [00:04<00:08,  1.02it/s]
2026-09-23 07:48:45 | DEBUG    | tts5703.tts_engine | event=higgs_worker_stderr message=Capturing batches (bs=40 avail_mem=2.44 GB):  25%|██▌       | 3/12 [00:04<00:08,  1.02it/s]
2026-09-23 07:48:45 | DEBUG    | tts5703.tts_engine | event=higgs_worker_stderr message=Capturing batches (bs=40 avail_mem=2.44 GB):  33%|███▎      | 4/12 [00:04<00:05,  1.56it/s]
2026-09-23 07:48:45 | DEBUG    | tts5703.tts_engine | event=higgs_worker_stderr message=Capturing batches (bs=32 avail_mem=2.40 GB):  33%|███▎      | 4/12 [00:04<00:05,  1.56it/s]
2026-09-23 07:48:45 | DEBUG    | tts5703.tts_engine | event=higgs_worker_stderr message=Capturing batches (bs=32 avail_mem=2.40 GB):  42%|████▏     | 5/12 [00:04<00:03,  2.22it/s]
2026-09-23 07:48:45 | DEBUG    | tts5703.tts_engine | event=higgs_worker_stderr message=Capturing batches (bs=24 avail_mem=2.39 GB):  42%|████▏     | 5/12 [00:04<00:03,  2.22it/s]
2026-09-23 07:48:45 | DEBUG    | tts5703.tts_engine | event=higgs_worker_stderr message=Capturing batches (bs=24 avail_mem=2.39 GB):  50%|█████     | 6/12 [00:04<00:02,  2.97it/s]
2026-09-23 07:48:45 | DEBUG    | tts5703.tts_engine | event=higgs_worker_stderr message=Capturing batches (bs=16 avail_mem=2.35 GB):  50%|█████     | 6/12 [00:04<00:02,  2.97it/s]
2026-09-23 07:48:45 | DEBUG    | tts5703.tts_engine | event=higgs_worker_stderr message=Capturing batches (bs=16 avail_mem=2.35 GB):  58%|█████▊    | 7/12 [00:04<00:01,  3.48it/s]
2026-09-23 07:48:46 | DEBUG    | tts5703.tts_engine | event=higgs_worker_stderr message=Capturing batches (bs=12 avail_mem=2.32 GB):  58%|█████▊    | 7/12 [00:04<00:01,  3.48it/s]
2026-09-23 07:48:46 | DEBUG    | tts5703.tts_engine | event=higgs_worker_stderr message=Capturing batches (bs=12 avail_mem=2.32 GB):  67%|██████▋   | 8/12 [00:04<00:00,  4.35it/s]
2026-09-23 07:48:46 | DEBUG    | tts5703.tts_engine | event=higgs_worker_stderr message=Capturing batches (bs=8 avail_mem=2.30 GB):  67%|██████▋   | 8/12 [00:04<00:00,  4.35it/s] 
2026-09-23 07:48:46 | DEBUG    | tts5703.tts_engine | event=higgs_worker_stderr message=Capturing batches (bs=8 avail_mem=2.30 GB):  75%|███████▌  | 9/12 [00:04<00:00,  5.21it/s]
2026-09-23 07:48:46 | DEBUG    | tts5703.tts_engine | event=higgs_worker_stderr message=Capturing batches (bs=4 avail_mem=2.30 GB):  75%|███████▌  | 9/12 [00:04<00:00,  5.21it/s]
2026-09-23 07:48:46 | DEBUG    | tts5703.tts_engine | event=higgs_worker_stderr message=Capturing batches (bs=4 avail_mem=2.30 GB):  83%|████████▎ | 10/12 [00:05<00:00,  6.00it/s]
2026-09-23 07:48:46 | DEBUG    | tts5703.tts_engine | event=higgs_worker_stderr message=Capturing batches (bs=2 avail_mem=2.27 GB):  83%|████████▎ | 10/12 [00:05<00:00,  6.00it/s]
2026-09-23 07:48:46 | DEBUG    | tts5703.tts_engine | event=higgs_worker_stderr message=Capturing batches (bs=2 avail_mem=2.27 GB):  92%|█████████▏| 11/12 [00:05<00:00,  6.67it/s]
2026-09-23 07:48:46 | DEBUG    | tts5703.tts_engine | event=higgs_worker_stderr message=Capturing batches (bs=1 avail_mem=2.27 GB):  92%|█████████▏| 11/12 [00:05<00:00,  6.67it/s]
2026-09-23 07:48:46 | DEBUG    | tts5703.tts_engine | event=higgs_worker_stderr message=Capturing batches (bs=1 avail_mem=2.27 GB): 100%|██████████| 12/12 [00:05<00:00,  4.74it/s]
2026-09-23 07:48:46 | DEBUG    | tts5703.tts_engine | event=higgs_worker_stderr message=Capturing batches (bs=1 avail_mem=2.27 GB): 100%|██████████| 12/12 [00:05<00:00,  2.17it/s]
2026-09-23 07:48:47 | DEBUG    | tts5703.tts_engine | event=higgs_worker_stderr message=2026-09-23 07:48:47,221 [INFO] sglang.srt.model_executor.model_runner_components.cuda_graph_setup: Capture target decode CUDA graph end. elapsed=6.42 s, mem usage=0.42 GB, avail mem=2.24 GB.
2026-09-23 07:48:47 | DEBUG    | tts5703.tts_engine | event=higgs_worker_stderr message=2026-09-23 07:48:47,224 [WARNING] sglang_omni.utils.cuda_graph_batch_validator: auto-selected prefill CUDA graph backend 'breakable' did not capture; using SGLang's eager prefill fallback
2026-09-23 07:48:47 | DEBUG    | tts5703.tts_engine | event=higgs_worker_stderr message=2026-09-23 07:48:47,231 [INFO] stage_workers.tts_frontend: Acquired GPU startup lock for stage audio_encoder: /tmp/sglang_omni_gpu_0_startup.lock
2026-09-23 07:48:47 | DEBUG    | tts5703.tts_engine | event=higgs_worker_stderr message=2026-09-23 07:48:47,231 [INFO] stage_workers.pipeline: Set current device to 0 for stage vocoder
2026-09-23 07:48:47 | DEBUG    | tts5703.tts_engine | event=higgs_worker_stderr message=2026-09-23 07:48:47,231 [INFO] stage_workers.pipeline: Building scheduler for vocoder (tp_rank=0/1) ...
2026-09-23 07:48:57 | DEBUG    | tts5703.tts_engine | event=higgs_worker_stderr message=2026-09-23 07:48:57,524 [INFO] stage_workers.pipeline: Acquired GPU startup lock for stage vocoder: /tmp/sglang_omni_gpu_0_startup.lock
2026-09-23 07:48:57 | DEBUG    | tts5703.tts_engine | event=higgs_worker_stderr message=2026-09-23 07:48:57,529 [INFO] sglang_omni.pipeline.control_plane: Stage preprocessing control plane started
2026-09-23 07:48:57 | DEBUG    | tts5703.tts_engine | event=higgs_worker_stderr message=2026-09-23 07:48:57,530 [INFO] sglang_omni.pipeline.stage.runtime: Stage preprocessing started
2026-09-23 07:48:57 | DEBUG    | tts5703.tts_engine | event=higgs_worker_stderr message=2026-09-23 07:48:57,531 [INFO] sglang_omni.pipeline.control_plane: Stage audio_encoder control plane started
2026-09-23 07:48:57 | DEBUG    | tts5703.tts_engine | event=higgs_worker_stderr message=2026-09-23 07:48:57,531 [INFO] sglang_omni.pipeline.stage.runtime: Scheduler thread for stage audio_encoder set cuda device to 0
2026-09-23 07:48:57 | DEBUG    | tts5703.tts_engine | event=higgs_worker_stderr message=2026-09-23 07:48:57,531 [INFO] sglang_omni.pipeline.stage.runtime: Stage audio_encoder started
2026-09-23 07:48:57 | DEBUG    | tts5703.tts_engine | event=higgs_worker_stderr message=2026-09-23 07:48:57,531 [INFO] stage_workers.tts_frontend: Process tts_frontend ready with stages=['preprocessing', 'audio_encoder']
2026-09-23 07:48:57 | DEBUG    | tts5703.tts_engine | event=higgs_worker_stderr message=2026-09-23 07:48:57,532 [INFO] sglang_omni.pipeline.stage_workers: Process tts_frontend ready
2026-09-23 07:49:12 | DEBUG    | tts5703.tts_engine | event=higgs_worker_stderr message=2026-09-23 07:49:12,538 [INFO] sglang_omni.models.higgs_tts.audio_codec: Captured 150 Higgs codec decode CUDA graphs for frame counts 1..150
2026-09-23 07:49:12 | DEBUG    | tts5703.tts_engine | event=higgs_worker_stderr message=2026-09-23 07:49:12,540 [INFO] sglang_omni.pipeline.control_plane: Stage tts_engine control plane started
2026-09-23 07:49:12 | DEBUG    | tts5703.tts_engine | event=higgs_worker_stderr message=2026-09-23 07:49:12,541 [INFO] sglang_omni.pipeline.stage.runtime: Scheduler thread for stage tts_engine set cuda device to 0
2026-09-23 07:49:12 | DEBUG    | tts5703.tts_engine | event=higgs_worker_stderr message=2026-09-23 07:49:12,541 [INFO] sglang_omni.pipeline.stage.runtime: Stage tts_engine started
2026-09-23 07:49:12 | DEBUG    | tts5703.tts_engine | event=higgs_worker_stderr message=2026-09-23 07:49:12,542 [INFO] sglang_omni.pipeline.control_plane: Stage vocoder control plane started
2026-09-23 07:49:12 | DEBUG    | tts5703.tts_engine | event=higgs_worker_stderr message=2026-09-23 07:49:12,542 [INFO] sglang_omni.pipeline.stage.runtime: Scheduler thread for stage vocoder set cuda device to 0
2026-09-23 07:49:12 | DEBUG    | tts5703.tts_engine | event=higgs_worker_stderr message=2026-09-23 07:49:12,542 [INFO] sglang_omni.pipeline.stage.runtime: Stage vocoder started
2026-09-23 07:49:12 | DEBUG    | tts5703.tts_engine | event=higgs_worker_stderr message=2026-09-23 07:49:12,543 [INFO] stage_workers.pipeline: Process pipeline ready with stages=['tts_engine', 'vocoder']
2026-09-23 07:49:12 | DEBUG    | tts5703.tts_engine | event=higgs_worker_stderr message=2026-09-23 07:49:12,543 [INFO] sglang_omni.pipeline.stage_workers: Process pipeline ready
2026-09-23 07:49:12 | DEBUG    | tts5703.tts_engine | event=higgs_worker_stderr message=2026-09-23 07:49:12,543 [INFO] sglang_omni.pipeline.coordinator: Coordinator registered stage: preprocessing at ipc:///tmp/sglang_omni/home-li-yanyupingsheng-5703tts-models-higgs-tts-3-4-4q3d28wl/stage_preprocessing.sock
2026-09-23 07:49:12 | DEBUG    | tts5703.tts_engine | event=higgs_worker_stderr message=2026-09-23 07:49:12,543 [INFO] sglang_omni.pipeline.coordinator: Coordinator registered stage: audio_encoder at ipc:///tmp/sglang_omni/home-li-yanyupingsheng-5703tts-models-higgs-tts-3-4-4q3d28wl/stage_audio_encoder.sock
2026-09-23 07:49:12 | DEBUG    | tts5703.tts_engine | event=higgs_worker_stderr message=2026-09-23 07:49:12,543 [INFO] sglang_omni.pipeline.coordinator: Coordinator registered stage: tts_engine at ipc:///tmp/sglang_omni/home-li-yanyupingsheng-5703tts-models-higgs-tts-3-4-4q3d28wl/stage_tts_engine.sock
2026-09-23 07:49:12 | DEBUG    | tts5703.tts_engine | event=higgs_worker_stderr message=2026-09-23 07:49:12,543 [INFO] sglang_omni.pipeline.coordinator: Coordinator registered stage: vocoder at ipc:///tmp/sglang_omni/home-li-yanyupingsheng-5703tts-models-higgs-tts-3-4-4q3d28wl/stage_vocoder.sock
2026-09-23 07:49:12 | DEBUG    | tts5703.tts_engine | event=higgs_worker_stderr message=2026-09-23 07:49:12,543 [INFO] sglang_omni.pipeline.mp_runner: MultiProcessPipelineRunner started: 4 stage(s), 2 process(es)
2026-09-23 07:49:12 | DEBUG    | tts5703.tts_engine | event=higgs_worker_stderr message=2026-09-23 07:49:12,544 [INFO] sglang_omni.serve.launcher: Resolved placement/topology plan: placement={'topology': 'HiggsTtsPipelineConfig', 'pipeline': '/home/li_yanyupingsheng/5703tts/models/higgs-tts-3-4b', 'process_groups': {'tts_frontend': {'stages': ['preprocessing', 'audio_encoder'], 'gpu': 0}, 'pipeline': {'stages': ['tts_engine', 'vocoder'], 'gpu': 0}}, 'tp_process_groups': {}, 'stage_runtime': {'audio_encoder': {'gpu': 0, 'total_gpu_memory_fraction': 0.03, 'mem_fraction_static': None}, 'tts_engine': {'gpu': 0, 'total_gpu_memory_fraction': 0.85, 'mem_fraction_static': None}, 'vocoder': {'gpu': 0, 'total_gpu_memory_fraction': 0.1, 'mem_fraction_static': None}}, 'gpus': {0: {'hardware': {'device_id': 0, 'name': 'NVIDIA L4', 'total_memory': '22.49GiB'}, 'stages': ['audio_encoder', 'tts_engine', 'vocoder'], 'total_gpu_memory_fraction': 0.98, 'missing_fraction_stages': []}}}
2026-09-23 07:49:12 | DEBUG    | tts5703.tts_engine | event=higgs_worker_stderr message=2026-09-23 07:49:12,544 [INFO] sglang_omni.serve.launcher: Model capabilities: {"architecture": "HiggsMultimodalQwen3ForConditionalGeneration", "batch_vocoder": true, "breakable_prefill_cuda_graph": true, "cuda_graph": true, "reference_audio": true, "streaming_vocoder": true, "torch_compile": true}
2026-09-23 07:49:12 | DEBUG    | tts5703.tts_engine | event=higgs_worker_stderr message=2026-09-23 07:49:12,544 [INFO] sglang_omni.serve.launcher: Pipeline '/home/li_yanyupingsheng/5703tts/models/higgs-tts-3-4b' started (1 GPU(s))
2026-09-23 07:49:12 | DEBUG    | tts5703.tts_engine | event=higgs_worker_stderr message=INFO:     Started server process [8195]
2026-09-23 07:49:12 | DEBUG    | tts5703.tts_engine | event=higgs_worker_stderr message=INFO:     Waiting for application startup.
2026-09-23 07:49:12 | DEBUG    | tts5703.tts_engine | event=higgs_worker_stderr message=INFO:     Application startup complete.
2026-09-23 07:49:12 | DEBUG    | tts5703.tts_engine | event=higgs_worker_stderr message=INFO:     Uvicorn running on http://127.0.0.1:18080 (Press CTRL+C to quit)
2026-09-23 07:49:12 | DEBUG    | tts5703.tts_engine | event=higgs_worker_stderr message=INFO:     127.0.0.1:41560 - "GET /health HTTP/1.1" 200 OK
2026-09-23 07:49:12 | DEBUG    | tts5703.tts_engine | event=higgs_worker_ready model_dir=/home/li_yanyupingsheng/5703tts/models/higgs-tts-3-4b
2026-09-23 07:49:12 | DEBUG    | tts5703.tts_engine | event=prepared_turn_tts_start engine=higgs ordinal=1 speaker=spk_012 rate=normal
2026-09-23 07:49:12 | DEBUG    | tts5703.tts_engine | event=higgs_worker_stderr message=2026-09-23 07:49:12,748 [INFO] sglang_omni.pipeline.coordinator: Coordinator submitted req=speech-b7daf629-c566-43d4-895c-2b3b49fecb9a to preprocessing at ipc:///tmp/sglang_omni/home-li-yanyupingsheng-5703tts-models-higgs-tts-3-4-4q3d28wl/stage_preprocessing.sock
2026-09-23 07:49:12 | DEBUG    | tts5703.tts_engine | event=higgs_worker_stderr message=2026-09-23 07:49:12,874 [INFO] sglang_omni.scheduling.reference_encoder: Higgs ref cache reference encode stats: {'hits': 0, 'misses': 1, 'merged': 0, 'entries': 1, 'bytes': 4224, 'evictions': 0, 'failed': 0, 'uncacheable': 0, 'batches': 0, 'batched_items': 0}
2026-09-23 07:49:12 | DEBUG    | tts5703.tts_engine | event=higgs_worker_stderr message=2026-09-23 07:49:12,998 [INFO] sglang.srt.managers.scheduler_components.metrics_reporter: Prefill batch, #new-seq: 1, #new-token: 177, #cached-token: 0, token usage: 0.00, #running-req: 0, #queue-req: 0, #pending-token: 0, cuda graph: False, input throughput (token/s): 6.87
2026-09-23 07:49:14 | DEBUG    | tts5703.tts_engine | event=higgs_worker_stderr message=2026-09-23 07:49:14,282 [INFO] sglang.srt.managers.scheduler_components.metrics_reporter: Decode batch, #running-req: 1, #token: 217, token usage: 0.00, cuda graph: True, gen throughput (token/s): 1.48, #queue-req: 0
2026-09-23 07:49:15 | DEBUG    | tts5703.tts_engine | event=higgs_worker_stderr message=2026-09-23 07:49:15,561 [INFO] sglang.srt.managers.scheduler_components.metrics_reporter: Decode batch, #running-req: 1, #token: 257, token usage: 0.00, cuda graph: True, gen throughput (token/s): 31.29, #queue-req: 0
2026-09-23 07:49:16 | DEBUG    | tts5703.tts_engine | event=higgs_worker_stderr message=2026-09-23 07:49:16,844 [INFO] sglang.srt.managers.scheduler_components.metrics_reporter: Decode batch, #running-req: 1, #token: 297, token usage: 0.00, cuda graph: True, gen throughput (token/s): 31.16, #queue-req: 0
2026-09-23 07:49:18 | DEBUG    | tts5703.tts_engine | event=higgs_worker_stderr message=2026-09-23 07:49:18,133 [INFO] sglang.srt.managers.scheduler_components.metrics_reporter: Decode batch, #running-req: 1, #token: 337, token usage: 0.00, cuda graph: True, gen throughput (token/s): 31.04, #queue-req: 0
2026-09-23 07:49:19 | DEBUG    | tts5703.tts_engine | event=higgs_worker_stderr message=2026-09-23 07:49:19,421 [INFO] sglang.srt.managers.scheduler_components.metrics_reporter: Decode batch, #running-req: 1, #token: 377, token usage: 0.00, cuda graph: True, gen throughput (token/s): 31.06, #queue-req: 0
2026-09-23 07:49:20 | DEBUG    | tts5703.tts_engine | event=higgs_worker_stderr message=2026-09-23 07:49:20,231 [WARNING] sglang_omni.models.higgs_tts.audio_codec: Higgs codec decode CUDA graph miss for frame count 219; using eager decode
2026-09-23 07:49:20 | DEBUG    | tts5703.tts_engine | event=higgs_worker_stderr message=INFO:     127.0.0.1:41572 - "POST /v1/audio/speech HTTP/1.1" 200 OK
2026-09-23 07:49:20 | DEBUG    | tts5703.tts_engine | event=prepared_turn_tts_complete engine=higgs ordinal=1 output=turn_001.wav bytes=420524
2026-09-23 07:49:20 | DEBUG    | tts5703.tts_engine | event=prepared_turn_tts_start engine=higgs ordinal=2 speaker=spk_011 rate=normal
2026-09-23 07:49:20 | DEBUG    | tts5703.tts_engine | event=higgs_worker_stderr message=2026-09-23 07:49:20,347 [INFO] sglang_omni.pipeline.coordinator: Coordinator submitted req=speech-5c427cc9-be93-4987-9763-05a5fc339652 to preprocessing at ipc:///tmp/sglang_omni/home-li-yanyupingsheng-5703tts-models-higgs-tts-3-4-4q3d28wl/stage_preprocessing.sock
2026-09-23 07:49:20 | DEBUG    | tts5703.tts_engine | event=higgs_worker_stderr message=2026-09-23 07:49:20,524 [INFO] sglang.srt.managers.scheduler_components.metrics_reporter: Prefill batch, #new-seq: 1, #new-token: 172, #cached-token: 0, token usage: 0.00, #running-req: 0, #queue-req: 0, #pending-token: 0, cuda graph: False, input throughput (token/s): 22.85
2026-09-23 07:49:21 | DEBUG    | tts5703.tts_engine | event=higgs_worker_stderr message=2026-09-23 07:49:21,007 [INFO] sglang.srt.managers.scheduler_components.metrics_reporter: Decode batch, #running-req: 1, #token: 187, token usage: 0.00, cuda graph: True, gen throughput (token/s): 25.23, #queue-req: 0
2026-09-23 07:49:22 | DEBUG    | tts5703.tts_engine | event=higgs_worker_stderr message=2026-09-23 07:49:22,289 [INFO] sglang.srt.managers.scheduler_components.metrics_reporter: Decode batch, #running-req: 1, #token: 227, token usage: 0.00, cuda graph: True, gen throughput (token/s): 31.20, #queue-req: 0
2026-09-23 07:49:23 | DEBUG    | tts5703.tts_engine | event=higgs_worker_stderr message=2026-09-23 07:49:23,571 [INFO] sglang.srt.managers.scheduler_components.metrics_reporter: Decode batch, #running-req: 1, #token: 267, token usage: 0.00, cuda graph: True, gen throughput (token/s): 31.18, #queue-req: 0
2026-09-23 07:49:24 | DEBUG    | tts5703.tts_engine | event=higgs_worker_stderr message=2026-09-23 07:49:24,856 [INFO] sglang.srt.managers.scheduler_components.metrics_reporter: Decode batch, #running-req: 1, #token: 307, token usage: 0.00, cuda graph: True, gen throughput (token/s): 31.14, #queue-req: 0
2026-09-23 07:49:26 | DEBUG    | tts5703.tts_engine | event=higgs_worker_stderr message=2026-09-23 07:49:26,143 [INFO] sglang.srt.managers.scheduler_components.metrics_reporter: Decode batch, #running-req: 1, #token: 347, token usage: 0.00, cuda graph: True, gen throughput (token/s): 31.09, #queue-req: 0
2026-09-23 07:49:27 | DEBUG    | tts5703.tts_engine | event=higgs_worker_stderr message=2026-09-23 07:49:27,431 [INFO] sglang.srt.managers.scheduler_components.metrics_reporter: Decode batch, #running-req: 1, #token: 387, token usage: 0.00, cuda graph: True, gen throughput (token/s): 31.04, #queue-req: 0
2026-09-23 07:49:28 | DEBUG    | tts5703.tts_engine | event=higgs_worker_stderr message=2026-09-23 07:49:28,047 [WARNING] sglang_omni.models.higgs_tts.audio_codec: Higgs codec decode CUDA graph miss for frame count 228; using eager decode
2026-09-23 07:49:28 | DEBUG    | tts5703.tts_engine | event=higgs_worker_stderr message=INFO:     127.0.0.1:44004 - "POST /v1/audio/speech HTTP/1.1" 200 OK
2026-09-23 07:49:28 | DEBUG    | tts5703.tts_engine | event=prepared_turn_tts_complete engine=higgs ordinal=2 output=turn_002.wav bytes=437804
2026-09-23 07:49:28 | DEBUG    | tts5703.tts_engine | event=prepared_turn_tts_start engine=higgs ordinal=3 speaker=spk_012 rate=normal
2026-09-23 07:49:28 | DEBUG    | tts5703.tts_engine | event=higgs_worker_stderr message=2026-09-23 07:49:28,128 [INFO] sglang_omni.pipeline.coordinator: Coordinator submitted req=speech-5232912a-0d30-4b34-98c3-e7a0e603395c to preprocessing at ipc:///tmp/sglang_omni/home-li-yanyupingsheng-5703tts-models-higgs-tts-3-4-4q3d28wl/stage_preprocessing.sock
2026-09-23 07:49:28 | DEBUG    | tts5703.tts_engine | event=higgs_worker_stderr message=2026-09-23 07:49:28,178 [INFO] sglang.srt.managers.scheduler_components.metrics_reporter: Prefill batch, #new-seq: 1, #new-token: 32, #cached-token: 135, token usage: 0.00, #running-req: 0, #queue-req: 0, #pending-token: 0, cuda graph: False, input throughput (token/s): 4.18
2026-09-23 07:49:28 | DEBUG    | tts5703.tts_engine | event=higgs_worker_stderr message=2026-09-23 07:49:28,849 [INFO] sglang.srt.managers.scheduler_components.metrics_reporter: Decode batch, #running-req: 1, #token: 188, token usage: 0.00, cuda graph: True, gen throughput (token/s): 28.21, #queue-req: 0
2026-09-23 07:49:30 | DEBUG    | tts5703.tts_engine | event=higgs_worker_stderr message=2026-09-23 07:49:30,128 [INFO] sglang.srt.managers.scheduler_components.metrics_reporter: Decode batch, #running-req: 1, #token: 228, token usage: 0.00, cuda graph: True, gen throughput (token/s): 31.27, #queue-req: 0
2026-09-23 07:49:31 | DEBUG    | tts5703.tts_engine | event=higgs_worker_stderr message=2026-09-23 07:49:31,408 [INFO] sglang.srt.managers.scheduler_components.metrics_reporter: Decode batch, #running-req: 1, #token: 268, token usage: 0.00, cuda graph: True, gen throughput (token/s): 31.25, #queue-req: 0
2026-09-23 07:49:32 | DEBUG    | tts5703.tts_engine | event=higgs_worker_stderr message=2026-09-23 07:49:32,691 [INFO] sglang.srt.managers.scheduler_components.metrics_reporter: Decode batch, #running-req: 1, #token: 308, token usage: 0.00, cuda graph: True, gen throughput (token/s): 31.18, #queue-req: 0
2026-09-23 07:49:33 | DEBUG    | tts5703.tts_engine | event=higgs_worker_stderr message=2026-09-23 07:49:33,851 [WARNING] sglang_omni.models.higgs_tts.audio_codec: Higgs codec decode CUDA graph miss for frame count 171; using eager decode
2026-09-23 07:49:33 | DEBUG    | tts5703.tts_engine | event=higgs_worker_stderr message=INFO:     127.0.0.1:53482 - "POST /v1/audio/speech HTTP/1.1" 200 OK
2026-09-23 07:49:33 | DEBUG    | tts5703.tts_engine | event=prepared_turn_tts_complete engine=higgs ordinal=3 output=turn_003.wav bytes=328364
2026-09-23 07:49:33 | DEBUG    | tts5703.tts_engine | event=prepared_turn_tts_start engine=higgs ordinal=4 speaker=spk_011 rate=normal
2026-09-23 07:49:33 | DEBUG    | tts5703.tts_engine | event=higgs_worker_stderr message=2026-09-23 07:49:33,926 [INFO] sglang_omni.pipeline.coordinator: Coordinator submitted req=speech-4d6fa001-003f-456f-a3e5-c33717fd2dbb to preprocessing at ipc:///tmp/sglang_omni/home-li-yanyupingsheng-5703tts-models-higgs-tts-3-4-4q3d28wl/stage_preprocessing.sock
2026-09-23 07:49:33 | DEBUG    | tts5703.tts_engine | event=higgs_worker_stderr message=2026-09-23 07:49:33,979 [INFO] sglang.srt.managers.scheduler_components.metrics_reporter: Prefill batch, #new-seq: 1, #new-token: 48, #cached-token: 137, token usage: 0.00, #running-req: 0, #queue-req: 0, #pending-token: 0, cuda graph: False, input throughput (token/s): 8.28
2026-09-23 07:49:34 | DEBUG    | tts5703.tts_engine | event=higgs_worker_stderr message=2026-09-23 07:49:34,107 [INFO] sglang.srt.managers.scheduler_components.metrics_reporter: Decode batch, #running-req: 1, #token: 189, token usage: 0.00, cuda graph: True, gen throughput (token/s): 28.26, #queue-req: 0
2026-09-23 07:49:35 | DEBUG    | tts5703.tts_engine | event=higgs_worker_stderr message=2026-09-23 07:49:35,387 [INFO] sglang.srt.managers.scheduler_components.metrics_reporter: Decode batch, #running-req: 1, #token: 229, token usage: 0.00, cuda graph: True, gen throughput (token/s): 31.25, #queue-req: 0
2026-09-23 07:49:36 | DEBUG    | tts5703.tts_engine | event=higgs_worker_stderr message=2026-09-23 07:49:36,667 [INFO] sglang.srt.managers.scheduler_components.metrics_reporter: Decode batch, #running-req: 1, #token: 269, token usage: 0.00, cuda graph: True, gen throughput (token/s): 31.24, #queue-req: 0
2026-09-23 07:49:37 | DEBUG    | tts5703.tts_engine | event=higgs_worker_stderr message=2026-09-23 07:49:37,951 [INFO] sglang.srt.managers.scheduler_components.metrics_reporter: Decode batch, #running-req: 1, #token: 309, token usage: 0.00, cuda graph: True, gen throughput (token/s): 31.15, #queue-req: 0
2026-09-23 07:49:39 | DEBUG    | tts5703.tts_engine | event=higgs_worker_stderr message=2026-09-23 07:49:39,240 [INFO] sglang.srt.managers.scheduler_components.metrics_reporter: Decode batch, #running-req: 1, #token: 349, token usage: 0.00, cuda graph: True, gen throughput (token/s): 31.03, #queue-req: 0
2026-09-23 07:49:40 | DEBUG    | tts5703.tts_engine | event=higgs_worker_stderr message=2026-09-23 07:49:40,528 [INFO] sglang.srt.managers.scheduler_components.metrics_reporter: Decode batch, #running-req: 1, #token: 389, token usage: 0.00, cuda graph: True, gen throughput (token/s): 31.05, #queue-req: 0
2026-09-23 07:49:41 | DEBUG    | tts5703.tts_engine | event=higgs_worker_stderr message=2026-09-23 07:49:41,821 [INFO] sglang.srt.managers.scheduler_components.metrics_reporter: Decode batch, #running-req: 1, #token: 429, token usage: 0.01, cuda graph: True, gen throughput (token/s): 30.96, #queue-req: 0
2026-09-23 07:49:43 | DEBUG    | tts5703.tts_engine | event=higgs_worker_stderr message=2026-09-23 07:49:43,111 [INFO] sglang.srt.managers.scheduler_components.metrics_reporter: Decode batch, #running-req: 1, #token: 469, token usage: 0.01, cuda graph: True, gen throughput (token/s): 31.00, #queue-req: 0
2026-09-23 07:49:43 | DEBUG    | tts5703.tts_engine | event=higgs_worker_stderr message=2026-09-23 07:49:43,373 [WARNING] sglang_omni.models.higgs_tts.audio_codec: Higgs codec decode CUDA graph miss for frame count 286; using eager decode
2026-09-23 07:49:43 | DEBUG    | tts5703.tts_engine | event=higgs_worker_stderr message=INFO:     127.0.0.1:53488 - "POST /v1/audio/speech HTTP/1.1" 200 OK
2026-09-23 07:49:43 | DEBUG    | tts5703.tts_engine | event=prepared_turn_tts_complete engine=higgs ordinal=4 output=turn_004.wav bytes=549164
2026-09-23 07:49:43 | DEBUG    | tts5703.tts_engine | event=prepared_turn_tts_start engine=higgs ordinal=5 speaker=spk_012 rate=normal
2026-09-23 07:49:43 | DEBUG    | tts5703.tts_engine | event=higgs_worker_stderr message=2026-09-23 07:49:43,456 [INFO] sglang_omni.pipeline.coordinator: Coordinator submitted req=speech-74b43869-2fe0-4328-a75e-95420d35bac7 to preprocessing at ipc:///tmp/sglang_omni/home-li-yanyupingsheng-5703tts-models-higgs-tts-3-4-4q3d28wl/stage_preprocessing.sock
2026-09-23 07:49:43 | DEBUG    | tts5703.tts_engine | event=higgs_worker_stderr message=2026-09-23 07:49:43,506 [INFO] sglang.srt.managers.scheduler_components.metrics_reporter: Prefill batch, #new-seq: 1, #new-token: 26, #cached-token: 135, token usage: 0.00, #running-req: 0, #queue-req: 0, #pending-token: 0, cuda graph: False, input throughput (token/s): 2.73
2026-09-23 07:49:44 | DEBUG    | tts5703.tts_engine | event=higgs_worker_stderr message=2026-09-23 07:49:44,529 [INFO] sglang.srt.managers.scheduler_components.metrics_reporter: Decode batch, #running-req: 1, #token: 193, token usage: 0.00, cuda graph: True, gen throughput (token/s): 28.21, #queue-req: 0
2026-09-23 07:49:45 | DEBUG    | tts5703.tts_engine | event=higgs_worker_stderr message=2026-09-23 07:49:45,809 [INFO] sglang.srt.managers.scheduler_components.metrics_reporter: Decode batch, #running-req: 1, #token: 233, token usage: 0.00, cuda graph: True, gen throughput (token/s): 31.26, #queue-req: 0
2026-09-23 07:49:47 | DEBUG    | tts5703.tts_engine | event=higgs_worker_stderr message=2026-09-23 07:49:47,089 [INFO] sglang.srt.managers.scheduler_components.metrics_reporter: Decode batch, #running-req: 1, #token: 273, token usage: 0.00, cuda graph: True, gen throughput (token/s): 31.23, #queue-req: 0
2026-09-23 07:49:48 | DEBUG    | tts5703.tts_engine | event=higgs_worker_stderr message=2026-09-23 07:49:48,374 [INFO] sglang.srt.managers.scheduler_components.metrics_reporter: Decode batch, #running-req: 1, #token: 313, token usage: 0.00, cuda graph: True, gen throughput (token/s): 31.13, #queue-req: 0
2026-09-23 07:49:48 | DEBUG    | tts5703.tts_engine | event=higgs_worker_stderr message=INFO:     127.0.0.1:52132 - "POST /v1/audio/speech HTTP/1.1" 200 OK
2026-09-23 07:49:48 | DEBUG    | tts5703.tts_engine | event=prepared_turn_tts_complete engine=higgs ordinal=5 output=turn_005.wav bytes=284204
2026-09-23 07:49:48 | DEBUG    | tts5703.tts_engine | event=prepared_turn_tts_start engine=higgs ordinal=6 speaker=spk_011 rate=normal
2026-09-23 07:49:48 | DEBUG    | tts5703.tts_engine | event=higgs_worker_stderr message=2026-09-23 07:49:48,457 [INFO] sglang_omni.pipeline.coordinator: Coordinator submitted req=speech-97b35ae1-7366-4c03-ae9c-56de3cd9f9ff to preprocessing at ipc:///tmp/sglang_omni/home-li-yanyupingsheng-5703tts-models-higgs-tts-3-4-4q3d28wl/stage_preprocessing.sock
2026-09-23 07:49:48 | DEBUG    | tts5703.tts_engine | event=higgs_worker_stderr message=2026-09-23 07:49:48,511 [INFO] sglang.srt.managers.scheduler_components.metrics_reporter: Prefill batch, #new-seq: 1, #new-token: 75, #cached-token: 138, token usage: 0.00, #running-req: 0, #queue-req: 0, #pending-token: 0, cuda graph: False, input throughput (token/s): 14.99
2026-09-23 07:49:49 | DEBUG    | tts5703.tts_engine | event=higgs_worker_stderr message=2026-09-23 07:49:49,730 [INFO] sglang.srt.managers.scheduler_components.metrics_reporter: Decode batch, #running-req: 1, #token: 251, token usage: 0.00, cuda graph: True, gen throughput (token/s): 29.51, #queue-req: 0
2026-09-23 07:49:51 | DEBUG    | tts5703.tts_engine | event=higgs_worker_stderr message=2026-09-23 07:49:51,013 [INFO] sglang.srt.managers.scheduler_components.metrics_reporter: Decode batch, #running-req: 1, #token: 291, token usage: 0.00, cuda graph: True, gen throughput (token/s): 31.16, #queue-req: 0
2026-09-23 07:49:52 | DEBUG    | tts5703.tts_engine | event=higgs_worker_stderr message=2026-09-23 07:49:52,299 [INFO] sglang.srt.managers.scheduler_components.metrics_reporter: Decode batch, #running-req: 1, #token: 331, token usage: 0.00, cuda graph: True, gen throughput (token/s): 31.12, #queue-req: 0
2026-09-23 07:49:53 | DEBUG    | tts5703.tts_engine | event=higgs_worker_stderr message=2026-09-23 07:49:53,587 [INFO] sglang.srt.managers.scheduler_components.metrics_reporter: Decode batch, #running-req: 1, #token: 371, token usage: 0.00, cuda graph: True, gen throughput (token/s): 31.05, #queue-req: 0
2026-09-23 07:49:54 | DEBUG    | tts5703.tts_engine | event=higgs_worker_stderr message=2026-09-23 07:49:54,883 [INFO] sglang.srt.managers.scheduler_components.metrics_reporter: Decode batch, #running-req: 1, #token: 411, token usage: 0.01, cuda graph: True, gen throughput (token/s): 30.88, #queue-req: 0
2026-09-23 07:49:56 | DEBUG    | tts5703.tts_engine | event=higgs_worker_stderr message=2026-09-23 07:49:56,173 [INFO] sglang.srt.managers.scheduler_components.metrics_reporter: Decode batch, #running-req: 1, #token: 451, token usage: 0.01, cuda graph: True, gen throughput (token/s): 31.00, #queue-req: 0
2026-09-23 07:49:57 | DEBUG    | tts5703.tts_engine | event=higgs_worker_stderr message=2026-09-23 07:49:57,462 [INFO] sglang.srt.managers.scheduler_components.metrics_reporter: Decode batch, #running-req: 1, #token: 491, token usage: 0.01, cuda graph: True, gen throughput (token/s): 31.02, #queue-req: 0
2026-09-23 07:49:58 | DEBUG    | tts5703.tts_engine | event=higgs_worker_stderr message=2026-09-23 07:49:58,754 [INFO] sglang.srt.managers.scheduler_components.metrics_reporter: Decode batch, #running-req: 1, #token: 531, token usage: 0.01, cuda graph: True, gen throughput (token/s): 30.97, #queue-req: 0
2026-09-23 07:50:00 | DEBUG    | tts5703.tts_engine | event=higgs_worker_stderr message=2026-09-23 07:50:00,046 [INFO] sglang.srt.managers.scheduler_components.metrics_reporter: Decode batch, #running-req: 1, #token: 571, token usage: 0.01, cuda graph: True, gen throughput (token/s): 30.96, #queue-req: 0
2026-09-23 07:50:01 | DEBUG    | tts5703.tts_engine | event=higgs_worker_stderr message=2026-09-23 07:50:01,346 [INFO] sglang.srt.managers.scheduler_components.metrics_reporter: Decode batch, #running-req: 1, #token: 611, token usage: 0.01, cuda graph: True, gen throughput (token/s): 30.76, #queue-req: 0
2026-09-23 07:50:02 | DEBUG    | tts5703.tts_engine | event=higgs_worker_stderr message=2026-09-23 07:50:02,643 [INFO] sglang.srt.managers.scheduler_components.metrics_reporter: Decode batch, #running-req: 1, #token: 651, token usage: 0.01, cuda graph: True, gen throughput (token/s): 30.85, #queue-req: 0
2026-09-23 07:50:03 | DEBUG    | tts5703.tts_engine | event=higgs_worker_stderr message=2026-09-23 07:50:03,940 [INFO] sglang.srt.managers.scheduler_components.metrics_reporter: Decode batch, #running-req: 1, #token: 691, token usage: 0.01, cuda graph: True, gen throughput (token/s): 30.84, #queue-req: 0
2026-09-23 07:50:05 | DEBUG    | tts5703.tts_engine | event=higgs_worker_stderr message=2026-09-23 07:50:05,251 [INFO] sglang.srt.managers.scheduler_components.metrics_reporter: Decode batch, #running-req: 1, #token: 731, token usage: 0.01, cuda graph: True, gen throughput (token/s): 30.51, #queue-req: 0
2026-09-23 07:50:05 | DEBUG    | tts5703.tts_engine | event=higgs_worker_stderr message=2026-09-23 07:50:05,648 [WARNING] sglang_omni.models.higgs_tts.audio_codec: Higgs codec decode CUDA graph miss for frame count 524; using eager decode
2026-09-23 07:50:05 | DEBUG    | tts5703.tts_engine | event=higgs_worker_stderr message=INFO:     127.0.0.1:43400 - "POST /v1/audio/speech HTTP/1.1" 200 OK
2026-09-23 07:50:05 | DEBUG    | tts5703.tts_engine | event=prepared_turn_tts_complete engine=higgs ordinal=6 output=turn_006.wav bytes=1006124
2026-09-23 07:50:05 | DEBUG    | tts5703.tts_engine | event=prepared_turn_tts_start engine=higgs ordinal=7 speaker=spk_012 rate=normal
2026-09-23 07:50:05 | DEBUG    | tts5703.tts_engine | event=higgs_worker_stderr message=2026-09-23 07:50:05,741 [INFO] sglang_omni.pipeline.coordinator: Coordinator submitted req=speech-2f47c970-ac59-48ac-a0d2-cc8b26613bf4 to preprocessing at ipc:///tmp/sglang_omni/home-li-yanyupingsheng-5703tts-models-higgs-tts-3-4-4q3d28wl/stage_preprocessing.sock
2026-09-23 07:50:05 | DEBUG    | tts5703.tts_engine | event=higgs_worker_stderr message=2026-09-23 07:50:05,795 [INFO] sglang.srt.managers.scheduler_components.metrics_reporter: Prefill batch, #new-seq: 1, #new-token: 25, #cached-token: 136, token usage: 0.00, #running-req: 0, #queue-req: 0, #pending-token: 0, cuda graph: False, input throughput (token/s): 1.45
2026-09-23 07:50:06 | DEBUG    | tts5703.tts_engine | event=higgs_worker_stderr message=2026-09-23 07:50:06,692 [INFO] sglang.srt.managers.scheduler_components.metrics_reporter: Decode batch, #running-req: 1, #token: 189, token usage: 0.00, cuda graph: True, gen throughput (token/s): 27.77, #queue-req: 0
2026-09-23 07:50:07 | DEBUG    | tts5703.tts_engine | event=higgs_worker_stderr message=2026-09-23 07:50:07,977 [INFO] sglang.srt.managers.scheduler_components.metrics_reporter: Decode batch, #running-req: 1, #token: 229, token usage: 0.00, cuda graph: True, gen throughput (token/s): 31.13, #queue-req: 0
2026-09-23 07:50:09 | DEBUG    | tts5703.tts_engine | event=higgs_worker_stderr message=2026-09-23 07:50:09,261 [INFO] sglang.srt.managers.scheduler_components.metrics_reporter: Decode batch, #running-req: 1, #token: 269, token usage: 0.00, cuda graph: True, gen throughput (token/s): 31.14, #queue-req: 0
2026-09-23 07:50:10 | DEBUG    | tts5703.tts_engine | event=higgs_worker_stderr message=2026-09-23 07:50:10,545 [INFO] sglang.srt.managers.scheduler_components.metrics_reporter: Decode batch, #running-req: 1, #token: 309, token usage: 0.00, cuda graph: True, gen throughput (token/s): 31.16, #queue-req: 0
2026-09-23 07:50:10 | DEBUG    | tts5703.tts_engine | event=higgs_worker_stderr message=2026-09-23 07:50:10,902 [WARNING] sglang_omni.models.higgs_tts.audio_codec: Higgs codec decode CUDA graph miss for frame count 153; using eager decode
2026-09-23 07:50:10 | DEBUG    | tts5703.tts_engine | event=higgs_worker_stderr message=INFO:     127.0.0.1:37586 - "POST /v1/audio/speech HTTP/1.1" 200 OK
2026-09-23 07:50:10 | DEBUG    | tts5703.tts_engine | event=prepared_turn_tts_complete engine=higgs ordinal=7 output=turn_007.wav bytes=293804
2026-09-23 07:50:10 | DEBUG    | tts5703.tts_engine | event=prepared_turn_tts_start engine=higgs ordinal=8 speaker=spk_011 rate=normal
2026-09-23 07:50:10 | DEBUG    | tts5703.tts_engine | event=higgs_worker_stderr message=2026-09-23 07:50:10,977 [INFO] sglang_omni.pipeline.coordinator: Coordinator submitted req=speech-29fab709-18aa-4e6f-ace0-983a6ef1c43f to preprocessing at ipc:///tmp/sglang_omni/home-li-yanyupingsheng-5703tts-models-higgs-tts-3-4-4q3d28wl/stage_preprocessing.sock
2026-09-23 07:50:11 | DEBUG    | tts5703.tts_engine | event=higgs_worker_stderr message=2026-09-23 07:50:11,029 [INFO] sglang.srt.managers.scheduler_components.metrics_reporter: Prefill batch, #new-seq: 1, #new-token: 69, #cached-token: 137, token usage: 0.00, #running-req: 0, #queue-req: 0, #pending-token: 0, cuda graph: False, input throughput (token/s): 13.18
2026-09-23 07:50:11 | DEBUG    | tts5703.tts_engine | event=higgs_worker_stderr message=2026-09-23 07:50:11,956 [INFO] sglang.srt.managers.scheduler_components.metrics_reporter: Decode batch, #running-req: 1, #token: 235, token usage: 0.00, cuda graph: True, gen throughput (token/s): 28.34, #queue-req: 0
2026-09-23 07:50:13 | DEBUG    | tts5703.tts_engine | event=higgs_worker_stderr message=2026-09-23 07:50:13,242 [INFO] sglang.srt.managers.scheduler_components.metrics_reporter: Decode batch, #running-req: 1, #token: 275, token usage: 0.00, cuda graph: True, gen throughput (token/s): 31.12, #queue-req: 0
2026-09-23 07:50:14 | DEBUG    | tts5703.tts_engine | event=higgs_worker_stderr message=2026-09-23 07:50:14,531 [INFO] sglang.srt.managers.scheduler_components.metrics_reporter: Decode batch, #running-req: 1, #token: 315, token usage: 0.00, cuda graph: True, gen throughput (token/s): 31.03, #queue-req: 0
2026-09-23 07:50:15 | DEBUG    | tts5703.tts_engine | event=higgs_worker_stderr message=2026-09-23 07:50:15,821 [INFO] sglang.srt.managers.scheduler_components.metrics_reporter: Decode batch, #running-req: 1, #token: 355, token usage: 0.00, cuda graph: True, gen throughput (token/s): 31.01, #queue-req: 0
2026-09-23 07:50:17 | DEBUG    | tts5703.tts_engine | event=higgs_worker_stderr message=2026-09-23 07:50:17,111 [INFO] sglang.srt.managers.scheduler_components.metrics_reporter: Decode batch, #running-req: 1, #token: 395, token usage: 0.01, cuda graph: True, gen throughput (token/s): 31.00, #queue-req: 0
2026-09-23 07:50:18 | DEBUG    | tts5703.tts_engine | event=higgs_worker_stderr message=2026-09-23 07:50:18,402 [INFO] sglang.srt.managers.scheduler_components.metrics_reporter: Decode batch, #running-req: 1, #token: 435, token usage: 0.01, cuda graph: True, gen throughput (token/s): 30.99, #queue-req: 0
2026-09-23 07:50:19 | DEBUG    | tts5703.tts_engine | event=higgs_worker_stderr message=2026-09-23 07:50:19,695 [INFO] sglang.srt.managers.scheduler_components.metrics_reporter: Decode batch, #running-req: 1, #token: 475, token usage: 0.01, cuda graph: True, gen throughput (token/s): 30.92, #queue-req: 0
2026-09-23 07:50:20 | DEBUG    | tts5703.tts_engine | event=higgs_worker_stderr message=2026-09-23 07:50:20,989 [INFO] sglang.srt.managers.scheduler_components.metrics_reporter: Decode batch, #running-req: 1, #token: 515, token usage: 0.01, cuda graph: True, gen throughput (token/s): 30.93, #queue-req: 0
2026-09-23 07:50:22 | DEBUG    | tts5703.tts_engine | event=higgs_worker_stderr message=2026-09-23 07:50:22,283 [INFO] sglang.srt.managers.scheduler_components.metrics_reporter: Decode batch, #running-req: 1, #token: 555, token usage: 0.01, cuda graph: True, gen throughput (token/s): 30.90, #queue-req: 0
2026-09-23 07:50:23 | DEBUG    | tts5703.tts_engine | event=higgs_worker_stderr message=2026-09-23 07:50:23,579 [INFO] sglang.srt.managers.scheduler_components.metrics_reporter: Decode batch, #running-req: 1, #token: 595, token usage: 0.01, cuda graph: True, gen throughput (token/s): 30.88, #queue-req: 0
2026-09-23 07:50:24 | DEBUG    | tts5703.tts_engine | event=higgs_worker_stderr message=2026-09-23 07:50:24,877 [INFO] sglang.srt.managers.scheduler_components.metrics_reporter: Decode batch, #running-req: 1, #token: 635, token usage: 0.01, cuda graph: True, gen throughput (token/s): 30.81, #queue-req: 0
2026-09-23 07:50:26 | DEBUG    | tts5703.tts_engine | event=higgs_worker_stderr message=2026-09-23 07:50:26,175 [INFO] sglang.srt.managers.scheduler_components.metrics_reporter: Decode batch, #running-req: 1, #token: 675, token usage: 0.01, cuda graph: True, gen throughput (token/s): 30.82, #queue-req: 0
2026-09-23 07:50:27 | DEBUG    | tts5703.tts_engine | event=higgs_worker_stderr message=2026-09-23 07:50:27,474 [INFO] sglang.srt.managers.scheduler_components.metrics_reporter: Decode batch, #running-req: 1, #token: 715, token usage: 0.01, cuda graph: True, gen throughput (token/s): 30.79, #queue-req: 0
2026-09-23 07:50:28 | DEBUG    | tts5703.tts_engine | event=higgs_worker_stderr message=2026-09-23 07:50:28,773 [INFO] sglang.srt.managers.scheduler_components.metrics_reporter: Decode batch, #running-req: 1, #token: 755, token usage: 0.01, cuda graph: True, gen throughput (token/s): 30.80, #queue-req: 0
2026-09-23 07:50:28 | DEBUG    | tts5703.tts_engine | event=higgs_worker_stderr message=2026-09-23 07:50:28,809 [WARNING] sglang_omni.models.higgs_tts.audio_codec: Higgs codec decode CUDA graph miss for frame count 544; using eager decode
2026-09-23 07:50:28 | DEBUG    | tts5703.tts_engine | event=higgs_worker_stderr message=INFO:     127.0.0.1:42664 - "POST /v1/audio/speech HTTP/1.1" 200 OK
2026-09-23 07:50:28 | DEBUG    | tts5703.tts_engine | event=prepared_turn_tts_complete engine=higgs ordinal=8 output=turn_008.wav bytes=1044524
2026-09-23 07:50:28 | DEBUG    | tts5703.tts_engine | event=prepared_turn_tts_start engine=higgs ordinal=9 speaker=spk_012 rate=normal
2026-09-23 07:50:28 | DEBUG    | tts5703.tts_engine | event=higgs_worker_stderr message=2026-09-23 07:50:28,897 [INFO] sglang_omni.pipeline.coordinator: Coordinator submitted req=speech-32456a43-d3c9-44c4-aaab-7b57a3cc5aa7 to preprocessing at ipc:///tmp/sglang_omni/home-li-yanyupingsheng-5703tts-models-higgs-tts-3-4-4q3d28wl/stage_preprocessing.sock
2026-09-23 07:50:28 | DEBUG    | tts5703.tts_engine | event=higgs_worker_stderr message=2026-09-23 07:50:28,898 [INFO] sglang_omni.scheduling.reference_encoder: Higgs ref cache reference encode stats: {'hits': 7, 'misses': 2, 'merged': 0, 'entries': 2, 'bytes': 8480, 'evictions': 0, 'failed': 0, 'uncacheable': 0, 'batches': 0, 'batched_items': 0}
2026-09-23 07:50:28 | DEBUG    | tts5703.tts_engine | event=higgs_worker_stderr message=2026-09-23 07:50:28,948 [INFO] sglang.srt.managers.scheduler_components.metrics_reporter: Prefill batch, #new-seq: 1, #new-token: 20, #cached-token: 135, token usage: 0.00, #running-req: 0, #queue-req: 0, #pending-token: 0, cuda graph: False, input throughput (token/s): 1.12
2026-09-23 07:50:30 | DEBUG    | tts5703.tts_engine | event=higgs_worker_stderr message=2026-09-23 07:50:30,198 [INFO] sglang.srt.managers.scheduler_components.metrics_reporter: Decode batch, #running-req: 1, #token: 194, token usage: 0.00, cuda graph: True, gen throughput (token/s): 28.06, #queue-req: 0
2026-09-23 07:50:31 | DEBUG    | tts5703.tts_engine | event=higgs_worker_stderr message=2026-09-23 07:50:31,483 [INFO] sglang.srt.managers.scheduler_components.metrics_reporter: Decode batch, #running-req: 1, #token: 234, token usage: 0.00, cuda graph: True, gen throughput (token/s): 31.13, #queue-req: 0
2026-09-23 07:50:32 | DEBUG    | tts5703.tts_engine | event=higgs_worker_stderr message=2026-09-23 07:50:32,771 [INFO] sglang.srt.managers.scheduler_components.metrics_reporter: Decode batch, #running-req: 1, #token: 274, token usage: 0.00, cuda graph: True, gen throughput (token/s): 31.06, #queue-req: 0
2026-09-23 07:50:32 | DEBUG    | tts5703.tts_engine | event=higgs_worker_stderr message=INFO:     127.0.0.1:42828 - "POST /v1/audio/speech HTTP/1.1" 200 OK
2026-09-23 07:50:32 | DEBUG    | tts5703.tts_engine | event=prepared_turn_tts_complete engine=higgs ordinal=9 output=turn_009.wav bytes=226604
2026-09-23 07:50:32 | DEBUG    | tts5703.tts_engine | event=prepared_turn_tts_start engine=higgs ordinal=10 speaker=spk_011 rate=normal
2026-09-23 07:50:32 | DEBUG    | tts5703.tts_engine | event=higgs_worker_stderr message=2026-09-23 07:50:32,948 [INFO] sglang_omni.pipeline.coordinator: Coordinator submitted req=speech-f0768f29-566f-4761-beaa-6e649fd63d5f to preprocessing at ipc:///tmp/sglang_omni/home-li-yanyupingsheng-5703tts-models-higgs-tts-3-4-4q3d28wl/stage_preprocessing.sock
2026-09-23 07:50:32 | DEBUG    | tts5703.tts_engine | event=higgs_worker_stderr message=2026-09-23 07:50:32,999 [INFO] sglang.srt.managers.scheduler_components.metrics_reporter: Prefill batch, #new-seq: 1, #new-token: 50, #cached-token: 137, token usage: 0.00, #running-req: 0, #queue-req: 0, #pending-token: 0, cuda graph: False, input throughput (token/s): 12.34
2026-09-23 07:50:34 | DEBUG    | tts5703.tts_engine | event=higgs_worker_stderr message=2026-09-23 07:50:34,126 [INFO] sglang.srt.managers.scheduler_components.metrics_reporter: Decode batch, #running-req: 1, #token: 222, token usage: 0.00, cuda graph: True, gen throughput (token/s): 29.52, #queue-req: 0
2026-09-23 07:50:35 | DEBUG    | tts5703.tts_engine | event=higgs_worker_stderr message=2026-09-23 07:50:35,410 [INFO] sglang.srt.managers.scheduler_components.metrics_reporter: Decode batch, #running-req: 1, #token: 262, token usage: 0.00, cuda graph: True, gen throughput (token/s): 31.14, #queue-req: 0
2026-09-23 07:50:36 | DEBUG    | tts5703.tts_engine | event=higgs_worker_stderr message=2026-09-23 07:50:36,695 [INFO] sglang.srt.managers.scheduler_components.metrics_reporter: Decode batch, #running-req: 1, #token: 302, token usage: 0.00, cuda graph: True, gen throughput (token/s): 31.12, #queue-req: 0
2026-09-23 07:50:37 | DEBUG    | tts5703.tts_engine | event=higgs_worker_stderr message=2026-09-23 07:50:37,986 [INFO] sglang.srt.managers.scheduler_components.metrics_reporter: Decode batch, #running-req: 1, #token: 342, token usage: 0.00, cuda graph: True, gen throughput (token/s): 31.00, #queue-req: 0
2026-09-23 07:50:39 | DEBUG    | tts5703.tts_engine | event=higgs_worker_stderr message=2026-09-23 07:50:39,278 [INFO] sglang.srt.managers.scheduler_components.metrics_reporter: Decode batch, #running-req: 1, #token: 382, token usage: 0.00, cuda graph: True, gen throughput (token/s): 30.95, #queue-req: 0
2026-09-23 07:50:40 | DEBUG    | tts5703.tts_engine | event=higgs_worker_stderr message=2026-09-23 07:50:40,570 [INFO] sglang.srt.managers.scheduler_components.metrics_reporter: Decode batch, #running-req: 1, #token: 422, token usage: 0.01, cuda graph: True, gen throughput (token/s): 30.96, #queue-req: 0
2026-09-23 07:50:41 | DEBUG    | tts5703.tts_engine | event=higgs_worker_stderr message=2026-09-23 07:50:41,863 [INFO] sglang.srt.managers.scheduler_components.metrics_reporter: Decode batch, #running-req: 1, #token: 462, token usage: 0.01, cuda graph: True, gen throughput (token/s): 30.93, #queue-req: 0
2026-09-23 07:50:43 | DEBUG    | tts5703.tts_engine | event=higgs_worker_stderr message=2026-09-23 07:50:43,161 [INFO] sglang.srt.managers.scheduler_components.metrics_reporter: Decode batch, #running-req: 1, #token: 502, token usage: 0.01, cuda graph: True, gen throughput (token/s): 30.84, #queue-req: 0
2026-09-23 07:50:44 | DEBUG    | tts5703.tts_engine | event=higgs_worker_stderr message=2026-09-23 07:50:44,460 [INFO] sglang.srt.managers.scheduler_components.metrics_reporter: Decode batch, #running-req: 1, #token: 542, token usage: 0.01, cuda graph: True, gen throughput (token/s): 30.80, #queue-req: 0
2026-09-23 07:50:44 | DEBUG    | tts5703.tts_engine | event=higgs_worker_stderr message=2026-09-23 07:50:44,723 [WARNING] sglang_omni.models.higgs_tts.audio_codec: Higgs codec decode CUDA graph miss for frame count 357; using eager decode
2026-09-23 07:50:44 | DEBUG    | tts5703.tts_engine | event=higgs_worker_stderr message=INFO:     127.0.0.1:42840 - "POST /v1/audio/speech HTTP/1.1" 200 OK
2026-09-23 07:50:44 | DEBUG    | tts5703.tts_engine | event=prepared_turn_tts_complete engine=higgs ordinal=10 output=turn_010.wav bytes=685484
2026-09-23 07:50:44 | DEBUG    | tts5703.tts_engine | event=prepared_turn_tts_start engine=higgs ordinal=11 speaker=spk_012 rate=normal
2026-09-23 07:50:44 | DEBUG    | tts5703.tts_engine | event=higgs_worker_stderr message=2026-09-23 07:50:44,805 [INFO] sglang_omni.pipeline.coordinator: Coordinator submitted req=speech-0fca1381-eba0-485f-a9c9-f39cab7d7c26 to preprocessing at ipc:///tmp/sglang_omni/home-li-yanyupingsheng-5703tts-models-higgs-tts-3-4-4q3d28wl/stage_preprocessing.sock
2026-09-23 07:50:44 | DEBUG    | tts5703.tts_engine | event=higgs_worker_stderr message=2026-09-23 07:50:44,855 [INFO] sglang.srt.managers.scheduler_components.metrics_reporter: Prefill batch, #new-seq: 1, #new-token: 20, #cached-token: 135, token usage: 0.00, #running-req: 0, #queue-req: 0, #pending-token: 0, cuda graph: False, input throughput (token/s): 1.69
2026-09-23 07:50:45 | DEBUG    | tts5703.tts_engine | event=higgs_worker_stderr message=2026-09-23 07:50:45,884 [INFO] sglang.srt.managers.scheduler_components.metrics_reporter: Decode batch, #running-req: 1, #token: 187, token usage: 0.00, cuda graph: True, gen throughput (token/s): 28.09, #queue-req: 0
2026-09-23 07:50:47 | DEBUG    | tts5703.tts_engine | event=higgs_worker_stderr message=2026-09-23 07:50:47,170 [INFO] sglang.srt.managers.scheduler_components.metrics_reporter: Decode batch, #running-req: 1, #token: 227, token usage: 0.00, cuda graph: True, gen throughput (token/s): 31.10, #queue-req: 0
2026-09-23 07:50:48 | DEBUG    | tts5703.tts_engine | event=higgs_worker_stderr message=2026-09-23 07:50:48,455 [INFO] sglang.srt.managers.scheduler_components.metrics_reporter: Decode batch, #running-req: 1, #token: 267, token usage: 0.00, cuda graph: True, gen throughput (token/s): 31.12, #queue-req: 0
2026-09-23 07:50:48 | DEBUG    | tts5703.tts_engine | event=higgs_worker_stderr message=INFO:     127.0.0.1:51748 - "POST /v1/audio/speech HTTP/1.1" 200 OK
2026-09-23 07:50:48 | DEBUG    | tts5703.tts_engine | event=prepared_turn_tts_complete engine=higgs ordinal=11 output=turn_011.wav bytes=220844
2026-09-23 07:50:48 | DEBUG    | tts5703.tts_engine | event=prepared_turn_tts_start engine=higgs ordinal=12 speaker=spk_011 rate=normal
2026-09-23 07:50:48 | DEBUG    | tts5703.tts_engine | event=higgs_worker_stderr message=2026-09-23 07:50:48,762 [INFO] sglang_omni.pipeline.coordinator: Coordinator submitted req=speech-ea30681a-3ae7-409b-a046-54288e8959ec to preprocessing at ipc:///tmp/sglang_omni/home-li-yanyupingsheng-5703tts-models-higgs-tts-3-4-4q3d28wl/stage_preprocessing.sock
2026-09-23 07:50:48 | DEBUG    | tts5703.tts_engine | event=higgs_worker_stderr message=2026-09-23 07:50:48,813 [INFO] sglang.srt.managers.scheduler_components.metrics_reporter: Prefill batch, #new-seq: 1, #new-token: 46, #cached-token: 137, token usage: 0.00, #running-req: 0, #queue-req: 0, #pending-token: 0, cuda graph: False, input throughput (token/s): 11.62
2026-09-23 07:50:49 | DEBUG    | tts5703.tts_engine | event=higgs_worker_stderr message=2026-09-23 07:50:49,810 [INFO] sglang.srt.managers.scheduler_components.metrics_reporter: Decode batch, #running-req: 1, #token: 214, token usage: 0.00, cuda graph: True, gen throughput (token/s): 29.53, #queue-req: 0
2026-09-23 07:50:51 | DEBUG    | tts5703.tts_engine | event=higgs_worker_stderr message=2026-09-23 07:50:51,095 [INFO] sglang.srt.managers.scheduler_components.metrics_reporter: Decode batch, #running-req: 1, #token: 254, token usage: 0.00, cuda graph: True, gen throughput (token/s): 31.13, #queue-req: 0
2026-09-23 07:50:52 | DEBUG    | tts5703.tts_engine | event=higgs_worker_stderr message=2026-09-23 07:50:52,383 [INFO] sglang.srt.managers.scheduler_components.metrics_reporter: Decode batch, #running-req: 1, #token: 294, token usage: 0.00, cuda graph: True, gen throughput (token/s): 31.05, #queue-req: 0
2026-09-23 07:50:53 | DEBUG    | tts5703.tts_engine | event=higgs_worker_stderr message=2026-09-23 07:50:53,675 [INFO] sglang.srt.managers.scheduler_components.metrics_reporter: Decode batch, #running-req: 1, #token: 334, token usage: 0.00, cuda graph: True, gen throughput (token/s): 30.98, #queue-req: 0
2026-09-23 07:50:54 | DEBUG    | tts5703.tts_engine | event=higgs_worker_stderr message=2026-09-23 07:50:54,968 [INFO] sglang.srt.managers.scheduler_components.metrics_reporter: Decode batch, #running-req: 1, #token: 374, token usage: 0.00, cuda graph: True, gen throughput (token/s): 30.92, #queue-req: 0
2026-09-23 07:50:56 | DEBUG    | tts5703.tts_engine | event=higgs_worker_stderr message=2026-09-23 07:50:56,266 [INFO] sglang.srt.managers.scheduler_components.metrics_reporter: Decode batch, #running-req: 1, #token: 414, token usage: 0.01, cuda graph: True, gen throughput (token/s): 30.81, #queue-req: 0
2026-09-23 07:50:57 | DEBUG    | tts5703.tts_engine | event=higgs_worker_stderr message=2026-09-23 07:50:57,561 [INFO] sglang.srt.managers.scheduler_components.metrics_reporter: Decode batch, #running-req: 1, #token: 454, token usage: 0.01, cuda graph: True, gen throughput (token/s): 30.89, #queue-req: 0
2026-09-23 07:50:58 | DEBUG    | tts5703.tts_engine | event=higgs_worker_stderr message=2026-09-23 07:50:58,310 [WARNING] sglang_omni.models.higgs_tts.audio_codec: Higgs codec decode CUDA graph miss for frame count 288; using eager decode
2026-09-23 07:50:58 | DEBUG    | tts5703.tts_engine | event=higgs_worker_stderr message=INFO:     127.0.0.1:60140 - "POST /v1/audio/speech HTTP/1.1" 200 OK
2026-09-23 07:50:58 | DEBUG    | tts5703.tts_engine | event=prepared_turn_tts_complete engine=higgs ordinal=12 output=turn_012.wav bytes=553004
2026-09-23 07:50:58 | DEBUG    | tts5703.tts_engine | event=prepared_turn_tts_start engine=higgs ordinal=13 speaker=spk_012 rate=normal
2026-09-23 07:50:58 | DEBUG    | tts5703.tts_engine | event=higgs_worker_stderr message=2026-09-23 07:50:58,389 [INFO] sglang_omni.pipeline.coordinator: Coordinator submitted req=speech-059f3aff-0101-4089-a85a-e01f4c0657a3 to preprocessing at ipc:///tmp/sglang_omni/home-li-yanyupingsheng-5703tts-models-higgs-tts-3-4-4q3d28wl/stage_preprocessing.sock
2026-09-23 07:50:58 | DEBUG    | tts5703.tts_engine | event=higgs_worker_stderr message=2026-09-23 07:50:58,440 [INFO] sglang.srt.managers.scheduler_components.metrics_reporter: Prefill batch, #new-seq: 1, #new-token: 22, #cached-token: 136, token usage: 0.00, #running-req: 0, #queue-req: 0, #pending-token: 0, cuda graph: False, input throughput (token/s): 2.29
2026-09-23 07:50:58 | DEBUG    | tts5703.tts_engine | event=higgs_worker_stderr message=2026-09-23 07:50:58,987 [INFO] sglang.srt.managers.scheduler_components.metrics_reporter: Decode batch, #running-req: 1, #token: 175, token usage: 0.00, cuda graph: True, gen throughput (token/s): 28.05, #queue-req: 0
2026-09-23 07:51:00 | DEBUG    | tts5703.tts_engine | event=higgs_worker_stderr message=2026-09-23 07:51:00,276 [INFO] sglang.srt.managers.scheduler_components.metrics_reporter: Decode batch, #running-req: 1, #token: 215, token usage: 0.00, cuda graph: True, gen throughput (token/s): 31.04, #queue-req: 0
2026-09-23 07:51:01 | DEBUG    | tts5703.tts_engine | event=higgs_worker_stderr message=2026-09-23 07:51:01,568 [INFO] sglang.srt.managers.scheduler_components.metrics_reporter: Decode batch, #running-req: 1, #token: 255, token usage: 0.00, cuda graph: True, gen throughput (token/s): 30.96, #queue-req: 0
2026-09-23 07:51:02 | DEBUG    | tts5703.tts_engine | event=higgs_worker_stderr message=INFO:     127.0.0.1:36714 - "POST /v1/audio/speech HTTP/1.1" 200 OK
2026-09-23 07:51:02 | DEBUG    | tts5703.tts_engine | event=prepared_turn_tts_complete engine=higgs ordinal=13 output=turn_013.wav bytes=238124
2026-09-23 07:51:02 | DEBUG    | tts5703.tts_engine | event=prepared_turn_tts_start engine=higgs ordinal=14 speaker=spk_011 rate=normal
2026-09-23 07:51:02 | DEBUG    | tts5703.tts_engine | event=higgs_worker_stderr message=2026-09-23 07:51:02,653 [INFO] sglang_omni.pipeline.coordinator: Coordinator submitted req=speech-3814e74f-4bd2-44df-a085-6cbe1222082b to preprocessing at ipc:///tmp/sglang_omni/home-li-yanyupingsheng-5703tts-models-higgs-tts-3-4-4q3d28wl/stage_preprocessing.sock
2026-09-23 07:51:02 | DEBUG    | tts5703.tts_engine | event=higgs_worker_stderr message=2026-09-23 07:51:02,705 [INFO] sglang.srt.managers.scheduler_components.metrics_reporter: Prefill batch, #new-seq: 1, #new-token: 55, #cached-token: 138, token usage: 0.00, #running-req: 0, #queue-req: 0, #pending-token: 0, cuda graph: False, input throughput (token/s): 12.90
2026-09-23 07:51:02 | DEBUG    | tts5703.tts_engine | event=higgs_worker_stderr message=2026-09-23 07:51:02,930 [INFO] sglang.srt.managers.scheduler_components.metrics_reporter: Decode batch, #running-req: 1, #token: 200, token usage: 0.00, cuda graph: True, gen throughput (token/s): 29.37, #queue-req: 0
2026-09-23 07:51:04 | DEBUG    | tts5703.tts_engine | event=higgs_worker_stderr message=2026-09-23 07:51:04,217 [INFO] sglang.srt.managers.scheduler_components.metrics_reporter: Decode batch, #running-req: 1, #token: 240, token usage: 0.00, cuda graph: True, gen throughput (token/s): 31.08, #queue-req: 0
2026-09-23 07:51:05 | DEBUG    | tts5703.tts_engine | event=higgs_worker_stderr message=2026-09-23 07:51:05,507 [INFO] sglang.srt.managers.scheduler_components.metrics_reporter: Decode batch, #running-req: 1, #token: 280, token usage: 0.00, cuda graph: True, gen throughput (token/s): 31.00, #queue-req: 0
2026-09-23 07:51:06 | DEBUG    | tts5703.tts_engine | event=higgs_worker_stderr message=2026-09-23 07:51:06,801 [INFO] sglang.srt.managers.scheduler_components.metrics_reporter: Decode batch, #running-req: 1, #token: 320, token usage: 0.00, cuda graph: True, gen throughput (token/s): 30.92, #queue-req: 0
2026-09-23 07:51:08 | DEBUG    | tts5703.tts_engine | event=higgs_worker_stderr message=2026-09-23 07:51:08,096 [INFO] sglang.srt.managers.scheduler_components.metrics_reporter: Decode batch, #running-req: 1, #token: 360, token usage: 0.00, cuda graph: True, gen throughput (token/s): 30.89, #queue-req: 0
2026-09-23 07:51:09 | DEBUG    | tts5703.tts_engine | event=higgs_worker_stderr message=2026-09-23 07:51:09,402 [INFO] sglang.srt.managers.scheduler_components.metrics_reporter: Decode batch, #running-req: 1, #token: 400, token usage: 0.01, cuda graph: True, gen throughput (token/s): 30.62, #queue-req: 0
2026-09-23 07:51:10 | DEBUG    | tts5703.tts_engine | event=higgs_worker_stderr message=2026-09-23 07:51:10,709 [INFO] sglang.srt.managers.scheduler_components.metrics_reporter: Decode batch, #running-req: 1, #token: 440, token usage: 0.01, cuda graph: True, gen throughput (token/s): 30.61, #queue-req: 0
2026-09-23 07:51:12 | DEBUG    | tts5703.tts_engine | event=higgs_worker_stderr message=2026-09-23 07:51:12,005 [INFO] sglang.srt.managers.scheduler_components.metrics_reporter: Decode batch, #running-req: 1, #token: 480, token usage: 0.01, cuda graph: True, gen throughput (token/s): 30.87, #queue-req: 0
2026-09-23 07:51:13 | DEBUG    | tts5703.tts_engine | event=higgs_worker_stderr message=2026-09-23 07:51:13,300 [INFO] sglang.srt.managers.scheduler_components.metrics_reporter: Decode batch, #running-req: 1, #token: 520, token usage: 0.01, cuda graph: True, gen throughput (token/s): 30.89, #queue-req: 0
2026-09-23 07:51:14 | DEBUG    | tts5703.tts_engine | event=higgs_worker_stderr message=2026-09-23 07:51:14,597 [INFO] sglang.srt.managers.scheduler_components.metrics_reporter: Decode batch, #running-req: 1, #token: 560, token usage: 0.01, cuda graph: True, gen throughput (token/s): 30.83, #queue-req: 0
2026-09-23 07:51:14 | DEBUG    | tts5703.tts_engine | event=higgs_worker_stderr message=2026-09-23 07:51:14,926 [WARNING] sglang_omni.models.higgs_tts.audio_codec: Higgs codec decode CUDA graph miss for frame count 371; using eager decode
2026-09-23 07:51:14 | DEBUG    | tts5703.tts_engine | event=higgs_worker_stderr message=INFO:     127.0.0.1:36726 - "POST /v1/audio/speech HTTP/1.1" 200 OK
2026-09-23 07:51:15 | DEBUG    | tts5703.tts_engine | event=prepared_turn_tts_complete engine=higgs ordinal=14 output=turn_014.wav bytes=712364
2026-09-23 07:51:15 | DEBUG    | tts5703.tts_engine | event=prepared_turn_tts_start engine=higgs ordinal=15 speaker=spk_012 rate=normal
2026-09-23 07:51:15 | DEBUG    | tts5703.tts_engine | event=higgs_worker_stderr message=2026-09-23 07:51:15,004 [INFO] sglang_omni.pipeline.coordinator: Coordinator submitted req=speech-1a758913-1584-45fd-b573-a914db4260b4 to preprocessing at ipc:///tmp/sglang_omni/home-li-yanyupingsheng-5703tts-models-higgs-tts-3-4-4q3d28wl/stage_preprocessing.sock
2026-09-23 07:51:15 | DEBUG    | tts5703.tts_engine | event=higgs_worker_stderr message=2026-09-23 07:51:15,054 [INFO] sglang.srt.managers.scheduler_components.metrics_reporter: Prefill batch, #new-seq: 1, #new-token: 32, #cached-token: 135, token usage: 0.00, #running-req: 0, #queue-req: 0, #pending-token: 0, cuda graph: False, input throughput (token/s): 2.59
2026-09-23 07:51:16 | DEBUG    | tts5703.tts_engine | event=higgs_worker_stderr message=2026-09-23 07:51:16,017 [INFO] sglang.srt.managers.scheduler_components.metrics_reporter: Decode batch, #running-req: 1, #token: 197, token usage: 0.00, cuda graph: True, gen throughput (token/s): 28.18, #queue-req: 0
2026-09-23 07:51:17 | DEBUG    | tts5703.tts_engine | event=higgs_worker_stderr message=2026-09-23 07:51:17,302 [INFO] sglang.srt.managers.scheduler_components.metrics_reporter: Decode batch, #running-req: 1, #token: 237, token usage: 0.00, cuda graph: True, gen throughput (token/s): 31.13, #queue-req: 0
2026-09-23 07:51:18 | DEBUG    | tts5703.tts_engine | event=higgs_worker_stderr message=2026-09-23 07:51:18,590 [INFO] sglang.srt.managers.scheduler_components.metrics_reporter: Decode batch, #running-req: 1, #token: 277, token usage: 0.00, cuda graph: True, gen throughput (token/s): 31.04, #queue-req: 0
2026-09-23 07:51:19 | DEBUG    | tts5703.tts_engine | event=higgs_worker_stderr message=2026-09-23 07:51:19,880 [INFO] sglang.srt.managers.scheduler_components.metrics_reporter: Decode batch, #running-req: 1, #token: 317, token usage: 0.00, cuda graph: True, gen throughput (token/s): 31.02, #queue-req: 0
2026-09-23 07:51:21 | DEBUG    | tts5703.tts_engine | event=higgs_worker_stderr message=2026-09-23 07:51:21,172 [INFO] sglang.srt.managers.scheduler_components.metrics_reporter: Decode batch, #running-req: 1, #token: 357, token usage: 0.00, cuda graph: True, gen throughput (token/s): 30.96, #queue-req: 0
2026-09-23 07:51:21 | DEBUG    | tts5703.tts_engine | event=higgs_worker_stderr message=2026-09-23 07:51:21,240 [WARNING] sglang_omni.models.higgs_tts.audio_codec: Higgs codec decode CUDA graph miss for frame count 186; using eager decode
2026-09-23 07:51:21 | DEBUG    | tts5703.tts_engine | event=higgs_worker_stderr message=INFO:     127.0.0.1:44498 - "POST /v1/audio/speech HTTP/1.1" 200 OK
2026-09-23 07:51:21 | DEBUG    | tts5703.tts_engine | event=prepared_turn_tts_complete engine=higgs ordinal=15 output=turn_015.wav bytes=357164
2026-09-23 07:51:23 | INFO     | tts5703.pipeline | event=final_dialogue_pipeline_complete dialogue=corpus_v1_000003 passed=True elapsed_sec=190.79
2026-09-23 07:51:23 | DEBUG    | tts5703.tts_engine | event=prepared_turn_tts_start engine=higgs ordinal=1 speaker=spk_011 rate=normal
2026-09-23 07:51:23 | DEBUG    | tts5703.tts_engine | event=higgs_worker_stderr message=2026-09-23 07:51:23,179 [INFO] sglang_omni.pipeline.coordinator: Coordinator submitted req=speech-64632f2d-140b-4fe1-ad61-edad1c76ce0d to preprocessing at ipc:///tmp/sglang_omni/home-li-yanyupingsheng-5703tts-models-higgs-tts-3-4-4q3d28wl/stage_preprocessing.sock
2026-09-23 07:51:23 | DEBUG    | tts5703.tts_engine | event=higgs_worker_stderr message=2026-09-23 07:51:23,230 [INFO] sglang.srt.managers.scheduler_components.metrics_reporter: Prefill batch, #new-seq: 1, #new-token: 36, #cached-token: 136, token usage: 0.00, #running-req: 0, #queue-req: 0, #pending-token: 0, cuda graph: False, input throughput (token/s): 4.40
2026-09-23 07:51:24 | DEBUG    | tts5703.tts_engine | event=higgs_worker_stderr message=2026-09-23 07:51:24,448 [INFO] sglang.srt.managers.scheduler_components.metrics_reporter: Decode batch, #running-req: 1, #token: 210, token usage: 0.00, cuda graph: True, gen throughput (token/s): 12.21, #queue-req: 0
2026-09-23 07:51:25 | DEBUG    | tts5703.tts_engine | event=higgs_worker_stderr message=2026-09-23 07:51:25,733 [INFO] sglang.srt.managers.scheduler_components.metrics_reporter: Decode batch, #running-req: 1, #token: 250, token usage: 0.00, cuda graph: True, gen throughput (token/s): 31.13, #queue-req: 0
2026-09-23 07:51:27 | DEBUG    | tts5703.tts_engine | event=higgs_worker_stderr message=2026-09-23 07:51:27,020 [INFO] sglang.srt.managers.scheduler_components.metrics_reporter: Decode batch, #running-req: 1, #token: 290, token usage: 0.00, cuda graph: True, gen throughput (token/s): 31.07, #queue-req: 0
2026-09-23 07:51:28 | DEBUG    | tts5703.tts_engine | event=higgs_worker_stderr message=2026-09-23 07:51:28,312 [INFO] sglang.srt.managers.scheduler_components.metrics_reporter: Decode batch, #running-req: 1, #token: 330, token usage: 0.00, cuda graph: True, gen throughput (token/s): 30.95, #queue-req: 0
2026-09-23 07:51:29 | DEBUG    | tts5703.tts_engine | event=higgs_worker_stderr message=2026-09-23 07:51:29,606 [INFO] sglang.srt.managers.scheduler_components.metrics_reporter: Decode batch, #running-req: 1, #token: 370, token usage: 0.00, cuda graph: True, gen throughput (token/s): 30.93, #queue-req: 0
2026-09-23 07:51:30 | DEBUG    | tts5703.tts_engine | event=higgs_worker_stderr message=2026-09-23 07:51:30,419 [WARNING] sglang_omni.models.higgs_tts.audio_codec: Higgs codec decode CUDA graph miss for frame count 217; using eager decode
2026-09-23 07:51:30 | DEBUG    | tts5703.tts_engine | event=higgs_worker_stderr message=INFO:     127.0.0.1:59432 - "POST /v1/audio/speech HTTP/1.1" 200 OK
2026-09-23 07:51:30 | DEBUG    | tts5703.tts_engine | event=prepared_turn_tts_complete engine=higgs ordinal=1 output=turn_001.wav bytes=416684
2026-09-23 07:51:30 | DEBUG    | tts5703.tts_engine | event=prepared_turn_tts_start engine=higgs ordinal=2 speaker=spk_009 rate=normal
2026-09-23 07:51:30 | DEBUG    | tts5703.tts_engine | event=higgs_worker_stderr message=2026-09-23 07:51:30,502 [INFO] sglang_omni.pipeline.coordinator: Coordinator submitted req=speech-b8b41b2a-bb13-40e7-915e-f2aca510669e to preprocessing at ipc:///tmp/sglang_omni/home-li-yanyupingsheng-5703tts-models-higgs-tts-3-4-4q3d28wl/stage_preprocessing.sock
2026-09-23 07:51:30 | DEBUG    | tts5703.tts_engine | event=higgs_worker_stderr message=2026-09-23 07:51:30,623 [INFO] sglang_omni.scheduling.reference_encoder: Higgs ref cache reference encode stats: {'hits': 14, 'misses': 3, 'merged': 0, 'entries': 3, 'bytes': 12800, 'evictions': 0, 'failed': 0, 'uncacheable': 0, 'batches': 0, 'batched_items': 0}
2026-09-23 07:51:30 | DEBUG    | tts5703.tts_engine | event=higgs_worker_stderr message=2026-09-23 07:51:30,680 [INFO] sglang.srt.managers.scheduler_components.metrics_reporter: Prefill batch, #new-seq: 1, #new-token: 167, #cached-token: 0, token usage: 0.00, #running-req: 0, #queue-req: 0, #pending-token: 0, cuda graph: False, input throughput (token/s): 22.41
2026-09-23 07:51:31 | DEBUG    | tts5703.tts_engine | event=higgs_worker_stderr message=2026-09-23 07:51:31,162 [INFO] sglang.srt.managers.scheduler_components.metrics_reporter: Decode batch, #running-req: 1, #token: 182, token usage: 0.00, cuda graph: True, gen throughput (token/s): 25.71, #queue-req: 0
2026-09-23 07:51:32 | DEBUG    | tts5703.tts_engine | event=higgs_worker_stderr message=2026-09-23 07:51:32,443 [INFO] sglang.srt.managers.scheduler_components.metrics_reporter: Decode batch, #running-req: 1, #token: 222, token usage: 0.00, cuda graph: True, gen throughput (token/s): 31.22, #queue-req: 0
2026-09-23 07:51:33 | DEBUG    | tts5703.tts_engine | event=higgs_worker_stderr message=2026-09-23 07:51:33,731 [INFO] sglang.srt.managers.scheduler_components.metrics_reporter: Decode batch, #running-req: 1, #token: 262, token usage: 0.00, cuda graph: True, gen throughput (token/s): 31.05, #queue-req: 0
2026-09-23 07:51:35 | DEBUG    | tts5703.tts_engine | event=higgs_worker_stderr message=2026-09-23 07:51:35,021 [INFO] sglang.srt.managers.scheduler_components.metrics_reporter: Decode batch, #running-req: 1, #token: 302, token usage: 0.00, cuda graph: True, gen throughput (token/s): 31.02, #queue-req: 0
2026-09-23 07:51:35 | DEBUG    | tts5703.tts_engine | event=higgs_worker_stderr message=INFO:     127.0.0.1:34040 - "POST /v1/audio/speech HTTP/1.1" 200 OK
2026-09-23 07:51:35 | DEBUG    | tts5703.tts_engine | event=prepared_turn_tts_complete engine=higgs ordinal=2 output=turn_002.wav bytes=253484
2026-09-23 07:51:35 | DEBUG    | tts5703.tts_engine | event=prepared_turn_tts_start engine=higgs ordinal=3 speaker=spk_011 rate=normal
2026-09-23 07:51:35 | DEBUG    | tts5703.tts_engine | event=higgs_worker_stderr message=2026-09-23 07:51:35,134 [INFO] sglang_omni.pipeline.coordinator: Coordinator submitted req=speech-061df96f-a53e-4e20-bce1-b911ba1f7224 to preprocessing at ipc:///tmp/sglang_omni/home-li-yanyupingsheng-5703tts-models-higgs-tts-3-4-4q3d28wl/stage_preprocessing.sock
2026-09-23 07:51:35 | DEBUG    | tts5703.tts_engine | event=higgs_worker_stderr message=2026-09-23 07:51:35,184 [INFO] sglang.srt.managers.scheduler_components.metrics_reporter: Prefill batch, #new-seq: 1, #new-token: 24, #cached-token: 136, token usage: 0.00, #running-req: 0, #queue-req: 0, #pending-token: 0, cuda graph: False, input throughput (token/s): 5.33
2026-09-23 07:51:36 | DEBUG    | tts5703.tts_engine | event=higgs_worker_stderr message=2026-09-23 07:51:36,369 [INFO] sglang.srt.managers.scheduler_components.metrics_reporter: Decode batch, #running-req: 1, #token: 197, token usage: 0.00, cuda graph: True, gen throughput (token/s): 29.66, #queue-req: 0
2026-09-23 07:51:37 | DEBUG    | tts5703.tts_engine | event=higgs_worker_stderr message=2026-09-23 07:51:37,654 [INFO] sglang.srt.managers.scheduler_components.metrics_reporter: Decode batch, #running-req: 1, #token: 237, token usage: 0.00, cuda graph: True, gen throughput (token/s): 31.13, #queue-req: 0
2026-09-23 07:51:38 | DEBUG    | tts5703.tts_engine | event=higgs_worker_stderr message=2026-09-23 07:51:38,941 [INFO] sglang.srt.managers.scheduler_components.metrics_reporter: Decode batch, #running-req: 1, #token: 277, token usage: 0.00, cuda graph: True, gen throughput (token/s): 31.08, #queue-req: 0
2026-09-23 07:51:40 | DEBUG    | tts5703.tts_engine | event=higgs_worker_stderr message=2026-09-23 07:51:40,232 [INFO] sglang.srt.managers.scheduler_components.metrics_reporter: Decode batch, #running-req: 1, #token: 317, token usage: 0.00, cuda graph: True, gen throughput (token/s): 30.98, #queue-req: 0
2026-09-23 07:51:40 | DEBUG    | tts5703.tts_engine | event=higgs_worker_stderr message=2026-09-23 07:51:40,268 [WARNING] sglang_omni.models.higgs_tts.audio_codec: Higgs codec decode CUDA graph miss for frame count 152; using eager decode
2026-09-23 07:51:40 | DEBUG    | tts5703.tts_engine | event=higgs_worker_stderr message=INFO:     127.0.0.1:34048 - "POST /v1/audio/speech HTTP/1.1" 200 OK
2026-09-23 07:51:40 | DEBUG    | tts5703.tts_engine | event=prepared_turn_tts_complete engine=higgs ordinal=3 output=turn_003.wav bytes=291884
2026-09-23 07:51:40 | DEBUG    | tts5703.tts_engine | event=prepared_turn_tts_start engine=higgs ordinal=4 speaker=spk_009 rate=normal
2026-09-23 07:51:40 | DEBUG    | tts5703.tts_engine | event=higgs_worker_stderr message=2026-09-23 07:51:40,342 [INFO] sglang_omni.pipeline.coordinator: Coordinator submitted req=speech-1565f043-f999-4730-9916-fb718e93dbff to preprocessing at ipc:///tmp/sglang_omni/home-li-yanyupingsheng-5703tts-models-higgs-tts-3-4-4q3d28wl/stage_preprocessing.sock
2026-09-23 07:51:40 | DEBUG    | tts5703.tts_engine | event=higgs_worker_stderr message=2026-09-23 07:51:40,393 [INFO] sglang.srt.managers.scheduler_components.metrics_reporter: Prefill batch, #new-seq: 1, #new-token: 33, #cached-token: 139, token usage: 0.00, #running-req: 0, #queue-req: 0, #pending-token: 0, cuda graph: False, input throughput (token/s): 6.34
2026-09-23 07:51:41 | DEBUG    | tts5703.tts_engine | event=higgs_worker_stderr message=2026-09-23 07:51:41,645 [INFO] sglang.srt.managers.scheduler_components.metrics_reporter: Decode batch, #running-req: 1, #token: 211, token usage: 0.00, cuda graph: True, gen throughput (token/s): 28.32, #queue-req: 0
2026-09-23 07:51:42 | DEBUG    | tts5703.tts_engine | event=higgs_worker_stderr message=2026-09-23 07:51:42,930 [INFO] sglang.srt.managers.scheduler_components.metrics_reporter: Decode batch, #running-req: 1, #token: 251, token usage: 0.00, cuda graph: True, gen throughput (token/s): 31.12, #queue-req: 0
2026-09-23 07:51:44 | DEBUG    | tts5703.tts_engine | event=higgs_worker_stderr message=2026-09-23 07:51:44,220 [INFO] sglang.srt.managers.scheduler_components.metrics_reporter: Decode batch, #running-req: 1, #token: 291, token usage: 0.00, cuda graph: True, gen throughput (token/s): 31.02, #queue-req: 0
2026-09-23 07:51:45 | DEBUG    | tts5703.tts_engine | event=higgs_worker_stderr message=2026-09-23 07:51:45,516 [INFO] sglang.srt.managers.scheduler_components.metrics_reporter: Decode batch, #running-req: 1, #token: 331, token usage: 0.00, cuda graph: True, gen throughput (token/s): 30.87, #queue-req: 0
2026-09-23 07:51:46 | DEBUG    | tts5703.tts_engine | event=higgs_worker_stderr message=2026-09-23 07:51:46,361 [WARNING] sglang_omni.models.higgs_tts.audio_codec: Higgs codec decode CUDA graph miss for frame count 179; using eager decode
2026-09-23 07:51:46 | DEBUG    | tts5703.tts_engine | event=higgs_worker_stderr message=INFO:     127.0.0.1:59134 - "POST /v1/audio/speech HTTP/1.1" 200 OK
2026-09-23 07:51:46 | DEBUG    | tts5703.tts_engine | event=prepared_turn_tts_complete engine=higgs ordinal=4 output=turn_004.wav bytes=343724
2026-09-23 07:51:46 | DEBUG    | tts5703.tts_engine | event=prepared_turn_tts_start engine=higgs ordinal=5 speaker=spk_011 rate=slow
2026-09-23 07:51:46 | DEBUG    | tts5703.tts_engine | event=higgs_worker_stderr message=2026-09-23 07:51:46,437 [INFO] sglang_omni.pipeline.coordinator: Coordinator submitted req=speech-a892a73e-3145-44f9-8f0f-a7698a169f91 to preprocessing at ipc:///tmp/sglang_omni/home-li-yanyupingsheng-5703tts-models-higgs-tts-3-4-4q3d28wl/stage_preprocessing.sock
2026-09-23 07:51:46 | DEBUG    | tts5703.tts_engine | event=higgs_worker_stderr message=2026-09-23 07:51:46,488 [INFO] sglang.srt.managers.scheduler_components.metrics_reporter: Prefill batch, #new-seq: 1, #new-token: 29, #cached-token: 136, token usage: 0.00, #running-req: 0, #queue-req: 0, #pending-token: 0, cuda graph: False, input throughput (token/s): 4.76
2026-09-23 07:51:46 | DEBUG    | tts5703.tts_engine | event=higgs_worker_stderr message=2026-09-23 07:51:46,940 [INFO] sglang.srt.managers.scheduler_components.metrics_reporter: Decode batch, #running-req: 1, #token: 179, token usage: 0.00, cuda graph: True, gen throughput (token/s): 28.08, #queue-req: 0
2026-09-23 07:51:48 | DEBUG    | tts5703.tts_engine | event=higgs_worker_stderr message=2026-09-23 07:51:48,224 [INFO] sglang.srt.managers.scheduler_components.metrics_reporter: Decode batch, #running-req: 1, #token: 219, token usage: 0.00, cuda graph: True, gen throughput (token/s): 31.15, #queue-req: 0
2026-09-23 07:51:49 | DEBUG    | tts5703.tts_engine | event=higgs_worker_stderr message=2026-09-23 07:51:49,512 [INFO] sglang.srt.managers.scheduler_components.metrics_reporter: Decode batch, #running-req: 1, #token: 259, token usage: 0.00, cuda graph: True, gen throughput (token/s): 31.07, #queue-req: 0
2026-09-23 07:51:50 | DEBUG    | tts5703.tts_engine | event=higgs_worker_stderr message=2026-09-23 07:51:50,801 [INFO] sglang.srt.managers.scheduler_components.metrics_reporter: Decode batch, #running-req: 1, #token: 299, token usage: 0.00, cuda graph: True, gen throughput (token/s): 31.02, #queue-req: 0
2026-09-23 07:51:51 | DEBUG    | tts5703.tts_engine | event=higgs_worker_stderr message=INFO:     127.0.0.1:59142 - "POST /v1/audio/speech HTTP/1.1" 200 OK
2026-09-23 07:51:51 | DEBUG    | tts5703.tts_engine | event=prepared_turn_tts_complete engine=higgs ordinal=5 output=turn_005.wav bytes=334046
2026-09-23 07:51:51 | DEBUG    | tts5703.tts_engine | event=prepared_turn_tts_start engine=higgs ordinal=6 speaker=spk_009 rate=slow
2026-09-23 07:51:51 | DEBUG    | tts5703.tts_engine | event=higgs_worker_stderr message=2026-09-23 07:51:51,539 [INFO] sglang_omni.pipeline.coordinator: Coordinator submitted req=speech-d0fe0faa-6c8e-4703-9b2d-906d5c96f566 to preprocessing at ipc:///tmp/sglang_omni/home-li-yanyupingsheng-5703tts-models-higgs-tts-3-4-4q3d28wl/stage_preprocessing.sock
2026-09-23 07:51:51 | DEBUG    | tts5703.tts_engine | event=higgs_worker_stderr message=2026-09-23 07:51:51,590 [INFO] sglang.srt.managers.scheduler_components.metrics_reporter: Prefill batch, #new-seq: 1, #new-token: 33, #cached-token: 139, token usage: 0.00, #running-req: 0, #queue-req: 0, #pending-token: 0, cuda graph: False, input throughput (token/s): 6.47
2026-09-23 07:51:52 | DEBUG    | tts5703.tts_engine | event=higgs_worker_stderr message=2026-09-23 07:51:52,229 [INFO] sglang.srt.managers.scheduler_components.metrics_reporter: Decode batch, #running-req: 1, #token: 192, token usage: 0.00, cuda graph: True, gen throughput (token/s): 28.00, #queue-req: 0
2026-09-23 07:51:53 | DEBUG    | tts5703.tts_engine | event=higgs_worker_stderr message=2026-09-23 07:51:53,514 [INFO] sglang.srt.managers.scheduler_components.metrics_reporter: Decode batch, #running-req: 1, #token: 232, token usage: 0.00, cuda graph: True, gen throughput (token/s): 31.15, #queue-req: 0
2026-09-23 07:51:54 | DEBUG    | tts5703.tts_engine | event=higgs_worker_stderr message=2026-09-23 07:51:54,801 [INFO] sglang.srt.managers.scheduler_components.metrics_reporter: Decode batch, #running-req: 1, #token: 272, token usage: 0.00, cuda graph: True, gen throughput (token/s): 31.08, #queue-req: 0
2026-09-23 07:51:56 | DEBUG    | tts5703.tts_engine | event=higgs_worker_stderr message=2026-09-23 07:51:56,091 [INFO] sglang.srt.managers.scheduler_components.metrics_reporter: Decode batch, #running-req: 1, #token: 312, token usage: 0.00, cuda graph: True, gen throughput (token/s): 31.00, #queue-req: 0
2026-09-23 07:51:57 | DEBUG    | tts5703.tts_engine | event=higgs_worker_stderr message=2026-09-23 07:51:57,387 [INFO] sglang.srt.managers.scheduler_components.metrics_reporter: Decode batch, #running-req: 1, #token: 352, token usage: 0.00, cuda graph: True, gen throughput (token/s): 30.85, #queue-req: 0
2026-09-23 07:51:58 | DEBUG    | tts5703.tts_engine | event=higgs_worker_stderr message=2026-09-23 07:51:58,682 [INFO] sglang.srt.managers.scheduler_components.metrics_reporter: Decode batch, #running-req: 1, #token: 392, token usage: 0.00, cuda graph: True, gen throughput (token/s): 30.89, #queue-req: 0
2026-09-23 07:51:58 | DEBUG    | tts5703.tts_engine | event=higgs_worker_stderr message=INFO:     127.0.0.1:48206 - "POST /v1/audio/speech HTTP/1.1" 200 OK
2026-09-23 07:51:58 | DEBUG    | tts5703.tts_engine | event=prepared_turn_tts_complete engine=higgs ordinal=6 output=turn_006.wav bytes=494124
2026-09-23 07:51:58 | DEBUG    | tts5703.tts_engine | event=prepared_turn_tts_start engine=higgs ordinal=7 speaker=spk_011 rate=normal
2026-09-23 07:51:58 | DEBUG    | tts5703.tts_engine | event=higgs_worker_stderr message=2026-09-23 07:51:58,951 [INFO] sglang_omni.pipeline.coordinator: Coordinator submitted req=speech-db61dafa-3ad0-4fa2-bcd5-e6faaa0941c4 to preprocessing at ipc:///tmp/sglang_omni/home-li-yanyupingsheng-5703tts-models-higgs-tts-3-4-4q3d28wl/stage_preprocessing.sock
2026-09-23 07:51:59 | DEBUG    | tts5703.tts_engine | event=higgs_worker_stderr message=2026-09-23 07:51:59,004 [INFO] sglang.srt.managers.scheduler_components.metrics_reporter: Prefill batch, #new-seq: 1, #new-token: 41, #cached-token: 138, token usage: 0.00, #running-req: 0, #queue-req: 0, #pending-token: 0, cuda graph: False, input throughput (token/s): 5.53
2026-09-23 07:52:00 | DEBUG    | tts5703.tts_engine | event=higgs_worker_stderr message=2026-09-23 07:52:00,129 [INFO] sglang.srt.managers.scheduler_components.metrics_reporter: Decode batch, #running-req: 1, #token: 214, token usage: 0.00, cuda graph: True, gen throughput (token/s): 27.65, #queue-req: 0
2026-09-23 07:52:01 | DEBUG    | tts5703.tts_engine | event=higgs_worker_stderr message=2026-09-23 07:52:01,415 [INFO] sglang.srt.managers.scheduler_components.metrics_reporter: Decode batch, #running-req: 1, #token: 254, token usage: 0.00, cuda graph: True, gen throughput (token/s): 31.10, #queue-req: 0
2026-09-23 07:52:02 | DEBUG    | tts5703.tts_engine | event=higgs_worker_stderr message=2026-09-23 07:52:02,705 [INFO] sglang.srt.managers.scheduler_components.metrics_reporter: Decode batch, #running-req: 1, #token: 294, token usage: 0.00, cuda graph: True, gen throughput (token/s): 31.00, #queue-req: 0
2026-09-23 07:52:03 | DEBUG    | tts5703.tts_engine | event=higgs_worker_stderr message=2026-09-23 07:52:03,995 [INFO] sglang.srt.managers.scheduler_components.metrics_reporter: Decode batch, #running-req: 1, #token: 334, token usage: 0.00, cuda graph: True, gen throughput (token/s): 31.02, #queue-req: 0
2026-09-23 07:52:05 | DEBUG    | tts5703.tts_engine | event=higgs_worker_stderr message=2026-09-23 07:52:05,288 [INFO] sglang.srt.managers.scheduler_components.metrics_reporter: Decode batch, #running-req: 1, #token: 374, token usage: 0.00, cuda graph: True, gen throughput (token/s): 30.92, #queue-req: 0
2026-09-23 07:52:06 | DEBUG    | tts5703.tts_engine | event=higgs_worker_stderr message=2026-09-23 07:52:06,583 [INFO] sglang.srt.managers.scheduler_components.metrics_reporter: Decode batch, #running-req: 1, #token: 414, token usage: 0.01, cuda graph: True, gen throughput (token/s): 30.89, #queue-req: 0
2026-09-23 07:52:07 | DEBUG    | tts5703.tts_engine | event=higgs_worker_stderr message=2026-09-23 07:52:07,494 [WARNING] sglang_omni.models.higgs_tts.audio_codec: Higgs codec decode CUDA graph miss for frame count 257; using eager decode
2026-09-23 07:52:07 | DEBUG    | tts5703.tts_engine | event=higgs_worker_stderr message=INFO:     127.0.0.1:49918 - "POST /v1/audio/speech HTTP/1.1" 200 OK
2026-09-23 07:52:07 | DEBUG    | tts5703.tts_engine | event=prepared_turn_tts_complete engine=higgs ordinal=7 output=turn_007.wav bytes=493484
2026-09-23 07:52:07 | DEBUG    | tts5703.tts_engine | event=prepared_turn_tts_start engine=higgs ordinal=8 speaker=spk_009 rate=slow
2026-09-23 07:52:07 | DEBUG    | tts5703.tts_engine | event=higgs_worker_stderr message=2026-09-23 07:52:07,573 [INFO] sglang_omni.pipeline.coordinator: Coordinator submitted req=speech-06f4ab37-c95b-4610-ae21-a1b6d15bcbc9 to preprocessing at ipc:///tmp/sglang_omni/home-li-yanyupingsheng-5703tts-models-higgs-tts-3-4-4q3d28wl/stage_preprocessing.sock
2026-09-23 07:52:07 | DEBUG    | tts5703.tts_engine | event=higgs_worker_stderr message=2026-09-23 07:52:07,625 [INFO] sglang.srt.managers.scheduler_components.metrics_reporter: Prefill batch, #new-seq: 1, #new-token: 44, #cached-token: 139, token usage: 0.00, #running-req: 0, #queue-req: 0, #pending-token: 0, cuda graph: False, input throughput (token/s): 5.10
2026-09-23 07:52:08 | DEBUG    | tts5703.tts_engine | event=higgs_worker_stderr message=2026-09-23 07:52:08,011 [INFO] sglang.srt.managers.scheduler_components.metrics_reporter: Decode batch, #running-req: 1, #token: 195, token usage: 0.00, cuda graph: True, gen throughput (token/s): 28.03, #queue-req: 0
2026-09-23 07:52:09 | DEBUG    | tts5703.tts_engine | event=higgs_worker_stderr message=2026-09-23 07:52:09,295 [INFO] sglang.srt.managers.scheduler_components.metrics_reporter: Decode batch, #running-req: 1, #token: 235, token usage: 0.00, cuda graph: True, gen throughput (token/s): 31.14, #queue-req: 0
2026-09-23 07:52:10 | DEBUG    | tts5703.tts_engine | event=higgs_worker_stderr message=2026-09-23 07:52:10,583 [INFO] sglang.srt.managers.scheduler_components.metrics_reporter: Decode batch, #running-req: 1, #token: 275, token usage: 0.00, cuda graph: True, gen throughput (token/s): 31.06, #queue-req: 0
2026-09-23 07:52:11 | DEBUG    | tts5703.tts_engine | event=higgs_worker_stderr message=2026-09-23 07:52:11,875 [INFO] sglang.srt.managers.scheduler_components.metrics_reporter: Decode batch, #running-req: 1, #token: 315, token usage: 0.00, cuda graph: True, gen throughput (token/s): 30.97, #queue-req: 0
2026-09-23 07:52:13 | DEBUG    | tts5703.tts_engine | event=higgs_worker_stderr message=2026-09-23 07:52:13,170 [INFO] sglang.srt.managers.scheduler_components.metrics_reporter: Decode batch, #running-req: 1, #token: 355, token usage: 0.00, cuda graph: True, gen throughput (token/s): 30.90, #queue-req: 0
2026-09-23 07:52:14 | DEBUG    | tts5703.tts_engine | event=higgs_worker_stderr message=2026-09-23 07:52:14,460 [INFO] sglang.srt.managers.scheduler_components.metrics_reporter: Decode batch, #running-req: 1, #token: 395, token usage: 0.01, cuda graph: True, gen throughput (token/s): 31.00, #queue-req: 0
2026-09-23 07:52:15 | DEBUG    | tts5703.tts_engine | event=higgs_worker_stderr message=2026-09-23 07:52:15,757 [INFO] sglang.srt.managers.scheduler_components.metrics_reporter: Decode batch, #running-req: 1, #token: 435, token usage: 0.01, cuda graph: True, gen throughput (token/s): 30.84, #queue-req: 0
2026-09-23 07:52:17 | DEBUG    | tts5703.tts_engine | event=higgs_worker_stderr message=2026-09-23 07:52:17,026 [WARNING] sglang_omni.models.higgs_tts.audio_codec: Higgs codec decode CUDA graph miss for frame count 285; using eager decode
2026-09-23 07:52:17 | DEBUG    | tts5703.tts_engine | event=higgs_worker_stderr message=INFO:     127.0.0.1:50796 - "POST /v1/audio/speech HTTP/1.1" 200 OK
2026-09-23 07:52:17 | DEBUG    | tts5703.tts_engine | event=prepared_turn_tts_complete engine=higgs ordinal=8 output=turn_008.wav bytes=643066
2026-09-23 07:52:17 | DEBUG    | tts5703.tts_engine | event=prepared_turn_tts_start engine=higgs ordinal=9 speaker=spk_011 rate=normal
2026-09-23 07:52:17 | DEBUG    | tts5703.tts_engine | event=higgs_worker_stderr message=2026-09-23 07:52:17,193 [INFO] sglang_omni.pipeline.coordinator: Coordinator submitted req=speech-1eddb129-1edf-4824-85e8-95e37345d299 to preprocessing at ipc:///tmp/sglang_omni/home-li-yanyupingsheng-5703tts-models-higgs-tts-3-4-4q3d28wl/stage_preprocessing.sock
2026-09-23 07:52:17 | DEBUG    | tts5703.tts_engine | event=higgs_worker_stderr message=2026-09-23 07:52:17,244 [INFO] sglang.srt.managers.scheduler_components.metrics_reporter: Prefill batch, #new-seq: 1, #new-token: 28, #cached-token: 140, token usage: 0.00, #running-req: 0, #queue-req: 0, #pending-token: 0, cuda graph: False, input throughput (token/s): 2.91
2026-09-23 07:52:17 | DEBUG    | tts5703.tts_engine | event=higgs_worker_stderr message=2026-09-23 07:52:17,277 [INFO] sglang.srt.managers.scheduler_components.metrics_reporter: Decode batch, #running-req: 1, #token: 169, token usage: 0.00, cuda graph: True, gen throughput (token/s): 26.32, #queue-req: 0
2026-09-23 07:52:18 | DEBUG    | tts5703.tts_engine | event=higgs_worker_stderr message=2026-09-23 07:52:18,566 [INFO] sglang.srt.managers.scheduler_components.metrics_reporter: Decode batch, #running-req: 1, #token: 209, token usage: 0.00, cuda graph: True, gen throughput (token/s): 31.02, #queue-req: 0
2026-09-23 07:52:19 | DEBUG    | tts5703.tts_engine | event=higgs_worker_stderr message=2026-09-23 07:52:19,852 [INFO] sglang.srt.managers.scheduler_components.metrics_reporter: Decode batch, #running-req: 1, #token: 249, token usage: 0.00, cuda graph: True, gen throughput (token/s): 31.10, #queue-req: 0
2026-09-23 07:52:21 | DEBUG    | tts5703.tts_engine | event=higgs_worker_stderr message=2026-09-23 07:52:21,143 [INFO] sglang.srt.managers.scheduler_components.metrics_reporter: Decode batch, #running-req: 1, #token: 289, token usage: 0.00, cuda graph: True, gen throughput (token/s): 30.98, #queue-req: 0
2026-09-23 07:52:22 | DEBUG    | tts5703.tts_engine | event=higgs_worker_stderr message=2026-09-23 07:52:22,435 [INFO] sglang.srt.managers.scheduler_components.metrics_reporter: Decode batch, #running-req: 1, #token: 329, token usage: 0.00, cuda graph: True, gen throughput (token/s): 30.96, #queue-req: 0
2026-09-23 07:52:23 | DEBUG    | tts5703.tts_engine | event=higgs_worker_stderr message=2026-09-23 07:52:23,729 [INFO] sglang.srt.managers.scheduler_components.metrics_reporter: Decode batch, #running-req: 1, #token: 369, token usage: 0.00, cuda graph: True, gen throughput (token/s): 30.92, #queue-req: 0
2026-09-23 07:52:24 | DEBUG    | tts5703.tts_engine | event=higgs_worker_stderr message=2026-09-23 07:52:24,219 [WARNING] sglang_omni.models.higgs_tts.audio_codec: Higgs codec decode CUDA graph miss for frame count 210; using eager decode
2026-09-23 07:52:24 | DEBUG    | tts5703.tts_engine | event=higgs_worker_stderr message=INFO:     127.0.0.1:54288 - "POST /v1/audio/speech HTTP/1.1" 200 OK
2026-09-23 07:52:24 | DEBUG    | tts5703.tts_engine | event=prepared_turn_tts_complete engine=higgs ordinal=9 output=turn_009.wav bytes=403244
2026-09-23 07:52:24 | DEBUG    | tts5703.tts_engine | event=prepared_turn_tts_start engine=higgs ordinal=10 speaker=spk_009 rate=slow
2026-09-23 07:52:24 | DEBUG    | tts5703.tts_engine | event=higgs_worker_stderr message=2026-09-23 07:52:24,302 [INFO] sglang_omni.pipeline.coordinator: Coordinator submitted req=speech-798fb98a-9eca-439e-a690-8e5784d1ba47 to preprocessing at ipc:///tmp/sglang_omni/home-li-yanyupingsheng-5703tts-models-higgs-tts-3-4-4q3d28wl/stage_preprocessing.sock
2026-09-23 07:52:24 | DEBUG    | tts5703.tts_engine | event=higgs_worker_stderr message=2026-09-23 07:52:24,355 [INFO] sglang.srt.managers.scheduler_components.metrics_reporter: Prefill batch, #new-seq: 1, #new-token: 59, #cached-token: 139, token usage: 0.00, #running-req: 0, #queue-req: 0, #pending-token: 0, cuda graph: False, input throughput (token/s): 8.30
2026-09-23 07:52:25 | DEBUG    | tts5703.tts_engine | event=higgs_worker_stderr message=2026-09-23 07:52:25,158 [INFO] sglang.srt.managers.scheduler_components.metrics_reporter: Decode batch, #running-req: 1, #token: 223, token usage: 0.00, cuda graph: True, gen throughput (token/s): 27.99, #queue-req: 0
2026-09-23 07:52:26 | DEBUG    | tts5703.tts_engine | event=higgs_worker_stderr message=2026-09-23 07:52:26,450 [INFO] sglang.srt.managers.scheduler_components.metrics_reporter: Decode batch, #running-req: 1, #token: 263, token usage: 0.00, cuda graph: True, gen throughput (token/s): 30.97, #queue-req: 0
2026-09-23 07:52:27 | DEBUG    | tts5703.tts_engine | event=higgs_worker_stderr message=2026-09-23 07:52:27,741 [INFO] sglang.srt.managers.scheduler_components.metrics_reporter: Decode batch, #running-req: 1, #token: 303, token usage: 0.00, cuda graph: True, gen throughput (token/s): 30.97, #queue-req: 0
2026-09-23 07:52:29 | DEBUG    | tts5703.tts_engine | event=higgs_worker_stderr message=2026-09-23 07:52:29,037 [INFO] sglang.srt.managers.scheduler_components.metrics_reporter: Decode batch, #running-req: 1, #token: 343, token usage: 0.00, cuda graph: True, gen throughput (token/s): 30.86, #queue-req: 0
2026-09-23 07:52:30 | DEBUG    | tts5703.tts_engine | event=higgs_worker_stderr message=2026-09-23 07:52:30,347 [INFO] sglang.srt.managers.scheduler_components.metrics_reporter: Decode batch, #running-req: 1, #token: 383, token usage: 0.00, cuda graph: True, gen throughput (token/s): 30.55, #queue-req: 0
2026-09-23 07:52:31 | DEBUG    | tts5703.tts_engine | event=higgs_worker_stderr message=2026-09-23 07:52:31,645 [INFO] sglang.srt.managers.scheduler_components.metrics_reporter: Decode batch, #running-req: 1, #token: 423, token usage: 0.01, cuda graph: True, gen throughput (token/s): 30.82, #queue-req: 0
2026-09-23 07:52:32 | DEBUG    | tts5703.tts_engine | event=higgs_worker_stderr message=2026-09-23 07:52:32,940 [INFO] sglang.srt.managers.scheduler_components.metrics_reporter: Decode batch, #running-req: 1, #token: 463, token usage: 0.01, cuda graph: True, gen throughput (token/s): 30.87, #queue-req: 0
2026-09-23 07:52:34 | DEBUG    | tts5703.tts_engine | event=higgs_worker_stderr message=2026-09-23 07:52:34,233 [INFO] sglang.srt.managers.scheduler_components.metrics_reporter: Decode batch, #running-req: 1, #token: 503, token usage: 0.01, cuda graph: True, gen throughput (token/s): 30.95, #queue-req: 0
2026-09-23 07:52:35 | DEBUG    | tts5703.tts_engine | event=higgs_worker_stderr message=2026-09-23 07:52:35,529 [INFO] sglang.srt.managers.scheduler_components.metrics_reporter: Decode batch, #running-req: 1, #token: 543, token usage: 0.01, cuda graph: True, gen throughput (token/s): 30.85, #queue-req: 0
2026-09-23 07:52:36 | DEBUG    | tts5703.tts_engine | event=higgs_worker_stderr message=2026-09-23 07:52:36,825 [INFO] sglang.srt.managers.scheduler_components.metrics_reporter: Decode batch, #running-req: 1, #token: 583, token usage: 0.01, cuda graph: True, gen throughput (token/s): 30.87, #queue-req: 0
2026-09-23 07:52:37 | DEBUG    | tts5703.tts_engine | event=higgs_worker_stderr message=2026-09-23 07:52:37,154 [WARNING] sglang_omni.models.higgs_tts.audio_codec: Higgs codec decode CUDA graph miss for frame count 389; using eager decode
2026-09-23 07:52:37 | DEBUG    | tts5703.tts_engine | event=higgs_worker_stderr message=INFO:     127.0.0.1:54298 - "POST /v1/audio/speech HTTP/1.1" 200 OK
2026-09-23 07:52:37 | DEBUG    | tts5703.tts_engine | event=prepared_turn_tts_complete engine=higgs ordinal=10 output=turn_010.wav bytes=878006
2026-09-23 07:52:37 | DEBUG    | tts5703.tts_engine | event=prepared_turn_tts_start engine=higgs ordinal=11 speaker=spk_011 rate=normal
2026-09-23 07:52:37 | DEBUG    | tts5703.tts_engine | event=higgs_worker_stderr message=2026-09-23 07:52:37,320 [INFO] sglang_omni.pipeline.coordinator: Coordinator submitted req=speech-bfd98560-4d76-4cf9-bfd4-0aed9974d784 to preprocessing at ipc:///tmp/sglang_omni/home-li-yanyupingsheng-5703tts-models-higgs-tts-3-4-4q3d28wl/stage_preprocessing.sock
2026-09-23 07:52:37 | DEBUG    | tts5703.tts_engine | event=higgs_worker_stderr message=2026-09-23 07:52:37,321 [INFO] sglang_omni.scheduling.reference_encoder: Higgs ref cache reference encode stats: {'hits': 23, 'misses': 3, 'merged': 0, 'entries': 3, 'bytes': 12800, 'evictions': 0, 'failed': 0, 'uncacheable': 0, 'batches': 0, 'batched_items': 0}
2026-09-23 07:52:37 | DEBUG    | tts5703.tts_engine | event=higgs_worker_stderr message=2026-09-23 07:52:37,371 [INFO] sglang.srt.managers.scheduler_components.metrics_reporter: Prefill batch, #new-seq: 1, #new-token: 26, #cached-token: 138, token usage: 0.00, #running-req: 0, #queue-req: 0, #pending-token: 0, cuda graph: False, input throughput (token/s): 2.00
2026-09-23 07:52:38 | DEBUG    | tts5703.tts_engine | event=higgs_worker_stderr message=2026-09-23 07:52:38,334 [INFO] sglang.srt.managers.scheduler_components.metrics_reporter: Decode batch, #running-req: 1, #token: 194, token usage: 0.00, cuda graph: True, gen throughput (token/s): 26.51, #queue-req: 0
2026-09-23 07:52:39 | DEBUG    | tts5703.tts_engine | event=higgs_worker_stderr message=2026-09-23 07:52:39,619 [INFO] sglang.srt.managers.scheduler_components.metrics_reporter: Decode batch, #running-req: 1, #token: 234, token usage: 0.00, cuda graph: True, gen throughput (token/s): 31.14, #queue-req: 0
2026-09-23 07:52:40 | DEBUG    | tts5703.tts_engine | event=higgs_worker_stderr message=2026-09-23 07:52:40,903 [INFO] sglang.srt.managers.scheduler_components.metrics_reporter: Decode batch, #running-req: 1, #token: 274, token usage: 0.00, cuda graph: True, gen throughput (token/s): 31.14, #queue-req: 0
2026-09-23 07:52:42 | DEBUG    | tts5703.tts_engine | event=higgs_worker_stderr message=2026-09-23 07:52:42,190 [INFO] sglang.srt.managers.scheduler_components.metrics_reporter: Decode batch, #running-req: 1, #token: 314, token usage: 0.00, cuda graph: True, gen throughput (token/s): 31.07, #queue-req: 0
2026-09-23 07:52:42 | DEBUG    | tts5703.tts_engine | event=higgs_worker_stderr message=INFO:     127.0.0.1:42728 - "POST /v1/audio/speech HTTP/1.1" 200 OK
2026-09-23 07:52:42 | DEBUG    | tts5703.tts_engine | event=prepared_turn_tts_complete engine=higgs ordinal=11 output=turn_011.wav bytes=291884
2026-09-23 07:52:42 | DEBUG    | tts5703.tts_engine | event=prepared_turn_tts_start engine=higgs ordinal=12 speaker=spk_009 rate=normal
2026-09-23 07:52:42 | DEBUG    | tts5703.tts_engine | event=higgs_worker_stderr message=2026-09-23 07:52:42,470 [INFO] sglang_omni.pipeline.coordinator: Coordinator submitted req=speech-d8c6f25c-c865-4756-9291-c8ee8fbf65cc to preprocessing at ipc:///tmp/sglang_omni/home-li-yanyupingsheng-5703tts-models-higgs-tts-3-4-4q3d28wl/stage_preprocessing.sock
2026-09-23 07:52:42 | DEBUG    | tts5703.tts_engine | event=higgs_worker_stderr message=2026-09-23 07:52:42,522 [INFO] sglang.srt.managers.scheduler_components.metrics_reporter: Prefill batch, #new-seq: 1, #new-token: 41, #cached-token: 139, token usage: 0.00, #running-req: 0, #queue-req: 0, #pending-token: 0, cuda graph: False, input throughput (token/s): 7.96
2026-09-23 07:52:43 | DEBUG    | tts5703.tts_engine | event=higgs_worker_stderr message=2026-09-23 07:52:43,550 [INFO] sglang.srt.managers.scheduler_components.metrics_reporter: Decode batch, #running-req: 1, #token: 212, token usage: 0.00, cuda graph: True, gen throughput (token/s): 29.42, #queue-req: 0
2026-09-23 07:52:44 | DEBUG    | tts5703.tts_engine | event=higgs_worker_stderr message=2026-09-23 07:52:44,837 [INFO] sglang.srt.managers.scheduler_components.metrics_reporter: Decode batch, #running-req: 1, #token: 252, token usage: 0.00, cuda graph: True, gen throughput (token/s): 31.08, #queue-req: 0
2026-09-23 07:52:46 | DEBUG    | tts5703.tts_engine | event=higgs_worker_stderr message=2026-09-23 07:52:46,131 [INFO] sglang.srt.managers.scheduler_components.metrics_reporter: Decode batch, #running-req: 1, #token: 292, token usage: 0.00, cuda graph: True, gen throughput (token/s): 30.92, #queue-req: 0
2026-09-23 07:52:47 | DEBUG    | tts5703.tts_engine | event=higgs_worker_stderr message=2026-09-23 07:52:47,424 [INFO] sglang.srt.managers.scheduler_components.metrics_reporter: Decode batch, #running-req: 1, #token: 332, token usage: 0.00, cuda graph: True, gen throughput (token/s): 30.94, #queue-req: 0
2026-09-23 07:52:48 | DEBUG    | tts5703.tts_engine | event=higgs_worker_stderr message=2026-09-23 07:52:48,715 [INFO] sglang.srt.managers.scheduler_components.metrics_reporter: Decode batch, #running-req: 1, #token: 372, token usage: 0.00, cuda graph: True, gen throughput (token/s): 30.98, #queue-req: 0
2026-09-23 07:52:50 | DEBUG    | tts5703.tts_engine | event=higgs_worker_stderr message=2026-09-23 07:52:50,004 [INFO] sglang.srt.managers.scheduler_components.metrics_reporter: Decode batch, #running-req: 1, #token: 412, token usage: 0.01, cuda graph: True, gen throughput (token/s): 31.03, #queue-req: 0
2026-09-23 07:52:50 | DEBUG    | tts5703.tts_engine | event=higgs_worker_stderr message=2026-09-23 07:52:50,719 [WARNING] sglang_omni.models.higgs_tts.audio_codec: Higgs codec decode CUDA graph miss for frame count 248; using eager decode
2026-09-23 07:52:50 | DEBUG    | tts5703.tts_engine | event=higgs_worker_stderr message=INFO:     127.0.0.1:42734 - "POST /v1/audio/speech HTTP/1.1" 200 OK
2026-09-23 07:52:50 | DEBUG    | tts5703.tts_engine | event=prepared_turn_tts_complete engine=higgs ordinal=12 output=turn_012.wav bytes=476204
2026-09-23 07:52:50 | DEBUG    | tts5703.tts_engine | event=prepared_turn_tts_start engine=higgs ordinal=13 speaker=spk_011 rate=normal
2026-09-23 07:52:50 | DEBUG    | tts5703.tts_engine | event=higgs_worker_stderr message=2026-09-23 07:52:50,797 [INFO] sglang_omni.pipeline.coordinator: Coordinator submitted req=speech-8348078b-174e-40a7-91c1-c75751048530 to preprocessing at ipc:///tmp/sglang_omni/home-li-yanyupingsheng-5703tts-models-higgs-tts-3-4-4q3d28wl/stage_preprocessing.sock
2026-09-23 07:52:50 | DEBUG    | tts5703.tts_engine | event=higgs_worker_stderr message=2026-09-23 07:52:50,848 [INFO] sglang.srt.managers.scheduler_components.metrics_reporter: Prefill batch, #new-seq: 1, #new-token: 25, #cached-token: 136, token usage: 0.00, #running-req: 0, #queue-req: 0, #pending-token: 0, cuda graph: False, input throughput (token/s): 3.00
2026-09-23 07:52:51 | DEBUG    | tts5703.tts_engine | event=higgs_worker_stderr message=2026-09-23 07:52:51,425 [INFO] sglang.srt.managers.scheduler_components.metrics_reporter: Decode batch, #running-req: 1, #token: 179, token usage: 0.00, cuda graph: True, gen throughput (token/s): 28.15, #queue-req: 0
2026-09-23 07:52:52 | DEBUG    | tts5703.tts_engine | event=higgs_worker_stderr message=2026-09-23 07:52:52,708 [INFO] sglang.srt.managers.scheduler_components.metrics_reporter: Decode batch, #running-req: 1, #token: 219, token usage: 0.00, cuda graph: True, gen throughput (token/s): 31.19, #queue-req: 0
2026-09-23 07:52:53 | DEBUG    | tts5703.tts_engine | event=higgs_worker_stderr message=2026-09-23 07:52:53,990 [INFO] sglang.srt.managers.scheduler_components.metrics_reporter: Decode batch, #running-req: 1, #token: 259, token usage: 0.00, cuda graph: True, gen throughput (token/s): 31.18, #queue-req: 0
2026-09-23 07:52:55 | DEBUG    | tts5703.tts_engine | event=higgs_worker_stderr message=2026-09-23 07:52:55,276 [INFO] sglang.srt.managers.scheduler_components.metrics_reporter: Decode batch, #running-req: 1, #token: 299, token usage: 0.00, cuda graph: True, gen throughput (token/s): 31.11, #queue-req: 0
2026-09-23 07:52:56 | DEBUG    | tts5703.tts_engine | event=higgs_worker_stderr message=2026-09-23 07:52:56,568 [INFO] sglang.srt.managers.scheduler_components.metrics_reporter: Decode batch, #running-req: 1, #token: 339, token usage: 0.00, cuda graph: True, gen throughput (token/s): 30.96, #queue-req: 0
2026-09-23 07:52:56 | DEBUG    | tts5703.tts_engine | event=higgs_worker_stderr message=2026-09-23 07:52:56,669 [WARNING] sglang_omni.models.higgs_tts.audio_codec: Higgs codec decode CUDA graph miss for frame count 175; using eager decode
2026-09-23 07:52:56 | DEBUG    | tts5703.tts_engine | event=higgs_worker_stderr message=INFO:     127.0.0.1:46228 - "POST /v1/audio/speech HTTP/1.1" 200 OK
2026-09-23 07:52:56 | DEBUG    | tts5703.tts_engine | event=prepared_turn_tts_complete engine=higgs ordinal=13 output=turn_013.wav bytes=336044
2026-09-23 07:52:56 | DEBUG    | tts5703.tts_engine | event=prepared_turn_tts_start engine=higgs ordinal=14 speaker=spk_009 rate=normal
2026-09-23 07:52:56 | DEBUG    | tts5703.tts_engine | event=higgs_worker_stderr message=2026-09-23 07:52:56,745 [INFO] sglang_omni.pipeline.coordinator: Coordinator submitted req=speech-d59b61e1-08a1-47ef-92bf-57ee4b30c576 to preprocessing at ipc:///tmp/sglang_omni/home-li-yanyupingsheng-5703tts-models-higgs-tts-3-4-4q3d28wl/stage_preprocessing.sock
2026-09-23 07:52:56 | DEBUG    | tts5703.tts_engine | event=higgs_worker_stderr message=2026-09-23 07:52:56,796 [INFO] sglang.srt.managers.scheduler_components.metrics_reporter: Prefill batch, #new-seq: 1, #new-token: 32, #cached-token: 139, token usage: 0.00, #running-req: 0, #queue-req: 0, #pending-token: 0, cuda graph: False, input throughput (token/s): 5.38
2026-09-23 07:52:57 | DEBUG    | tts5703.tts_engine | event=higgs_worker_stderr message=2026-09-23 07:52:57,980 [INFO] sglang.srt.managers.scheduler_components.metrics_reporter: Decode batch, #running-req: 1, #token: 208, token usage: 0.00, cuda graph: True, gen throughput (token/s): 28.34, #queue-req: 0
2026-09-23 07:52:59 | DEBUG    | tts5703.tts_engine | event=higgs_worker_stderr message=2026-09-23 07:52:59,268 [INFO] sglang.srt.managers.scheduler_components.metrics_reporter: Decode batch, #running-req: 1, #token: 248, token usage: 0.00, cuda graph: True, gen throughput (token/s): 31.05, #queue-req: 0
2026-09-23 07:53:00 | DEBUG    | tts5703.tts_engine | event=higgs_worker_stderr message=2026-09-23 07:53:00,554 [INFO] sglang.srt.managers.scheduler_components.metrics_reporter: Decode batch, #running-req: 1, #token: 288, token usage: 0.00, cuda graph: True, gen throughput (token/s): 31.09, #queue-req: 0
2026-09-23 07:53:01 | DEBUG    | tts5703.tts_engine | event=higgs_worker_stderr message=2026-09-23 07:53:01,846 [INFO] sglang.srt.managers.scheduler_components.metrics_reporter: Decode batch, #running-req: 1, #token: 328, token usage: 0.00, cuda graph: True, gen throughput (token/s): 30.97, #queue-req: 0
2026-09-23 07:53:03 | DEBUG    | tts5703.tts_engine | event=higgs_worker_stderr message=2026-09-23 07:53:03,138 [INFO] sglang.srt.managers.scheduler_components.metrics_reporter: Decode batch, #running-req: 1, #token: 368, token usage: 0.00, cuda graph: True, gen throughput (token/s): 30.95, #queue-req: 0
2026-09-23 07:53:04 | DEBUG    | tts5703.tts_engine | event=higgs_worker_stderr message=2026-09-23 07:53:04,431 [INFO] sglang.srt.managers.scheduler_components.metrics_reporter: Decode batch, #running-req: 1, #token: 408, token usage: 0.01, cuda graph: True, gen throughput (token/s): 30.94, #queue-req: 0
2026-09-23 07:53:04 | DEBUG    | tts5703.tts_engine | event=higgs_worker_stderr message=2026-09-23 07:53:04,921 [WARNING] sglang_omni.models.higgs_tts.audio_codec: Higgs codec decode CUDA graph miss for frame count 246; using eager decode
2026-09-23 07:53:04 | DEBUG    | tts5703.tts_engine | event=higgs_worker_stderr message=INFO:     127.0.0.1:59396 - "POST /v1/audio/speech HTTP/1.1" 200 OK
2026-09-23 07:53:04 | DEBUG    | tts5703.tts_engine | event=prepared_turn_tts_complete engine=higgs ordinal=14 output=turn_014.wav bytes=472364
2026-09-23 07:53:04 | DEBUG    | tts5703.tts_engine | event=prepared_turn_tts_start engine=higgs ordinal=15 speaker=spk_011 rate=normal
2026-09-23 07:53:04 | DEBUG    | tts5703.tts_engine | event=higgs_worker_stderr message=2026-09-23 07:53:04,999 [INFO] sglang_omni.pipeline.coordinator: Coordinator submitted req=speech-09dfd74c-0562-410c-926d-59b693f00b4f to preprocessing at ipc:///tmp/sglang_omni/home-li-yanyupingsheng-5703tts-models-higgs-tts-3-4-4q3d28wl/stage_preprocessing.sock
2026-09-23 07:53:05 | DEBUG    | tts5703.tts_engine | event=higgs_worker_stderr message=2026-09-23 07:53:05,049 [INFO] sglang.srt.managers.scheduler_components.metrics_reporter: Prefill batch, #new-seq: 1, #new-token: 18, #cached-token: 136, token usage: 0.00, #running-req: 0, #queue-req: 0, #pending-token: 0, cuda graph: False, input throughput (token/s): 2.18
2026-09-23 07:53:05 | DEBUG    | tts5703.tts_engine | event=higgs_worker_stderr message=2026-09-23 07:53:05,851 [INFO] sglang.srt.managers.scheduler_components.metrics_reporter: Decode batch, #running-req: 1, #token: 179, token usage: 0.00, cuda graph: True, gen throughput (token/s): 28.17, #queue-req: 0
2026-09-23 07:53:07 | DEBUG    | tts5703.tts_engine | event=higgs_worker_stderr message=2026-09-23 07:53:07,134 [INFO] sglang.srt.managers.scheduler_components.metrics_reporter: Decode batch, #running-req: 1, #token: 219, token usage: 0.00, cuda graph: True, gen throughput (token/s): 31.19, #queue-req: 0
2026-09-23 07:53:08 | DEBUG    | tts5703.tts_engine | event=higgs_worker_stderr message=2026-09-23 07:53:08,416 [INFO] sglang.srt.managers.scheduler_components.metrics_reporter: Decode batch, #running-req: 1, #token: 259, token usage: 0.00, cuda graph: True, gen throughput (token/s): 31.18, #queue-req: 0
2026-09-23 07:53:08 | DEBUG    | tts5703.tts_engine | event=higgs_worker_stderr message=INFO:     127.0.0.1:59410 - "POST /v1/audio/speech HTTP/1.1" 200 OK
2026-09-23 07:53:08 | DEBUG    | tts5703.tts_engine | event=prepared_turn_tts_complete engine=higgs ordinal=15 output=turn_015.wav bytes=192044
2026-09-23 07:53:09 | INFO     | tts5703.pipeline | event=final_dialogue_pipeline_complete dialogue=corpus_v1_000010 passed=True elapsed_sec=106.81
2026-09-23 07:53:10 | DEBUG    | tts5703.tts_engine | event=prepared_turn_tts_start engine=higgs ordinal=1 speaker=spk_001 rate=normal
2026-09-23 07:53:10 | DEBUG    | tts5703.tts_engine | event=higgs_worker_stderr message=2026-09-23 07:53:10,033 [INFO] sglang_omni.pipeline.coordinator: Coordinator submitted req=speech-0b39c15d-0e65-446f-a9c6-709f74b63e1a to preprocessing at ipc:///tmp/sglang_omni/home-li-yanyupingsheng-5703tts-models-higgs-tts-3-4-4q3d28wl/stage_preprocessing.sock
2026-09-23 07:53:10 | DEBUG    | tts5703.tts_engine | event=higgs_worker_stderr message=2026-09-23 07:53:10,201 [INFO] sglang.srt.managers.scheduler_components.metrics_reporter: Prefill batch, #new-seq: 1, #new-token: 181, #cached-token: 0, token usage: 0.00, #running-req: 0, #queue-req: 0, #pending-token: 0, cuda graph: False, input throughput (token/s): 35.13
2026-09-23 07:53:11 | DEBUG    | tts5703.tts_engine | event=higgs_worker_stderr message=2026-09-23 07:53:11,453 [INFO] sglang.srt.managers.scheduler_components.metrics_reporter: Decode batch, #running-req: 1, #token: 220, token usage: 0.00, cuda graph: True, gen throughput (token/s): 13.17, #queue-req: 0
2026-09-23 07:53:12 | DEBUG    | tts5703.tts_engine | event=higgs_worker_stderr message=2026-09-23 07:53:12,737 [INFO] sglang.srt.managers.scheduler_components.metrics_reporter: Decode batch, #running-req: 1, #token: 260, token usage: 0.00, cuda graph: True, gen throughput (token/s): 31.15, #queue-req: 0
2026-09-23 07:53:14 | DEBUG    | tts5703.tts_engine | event=higgs_worker_stderr message=2026-09-23 07:53:14,022 [INFO] sglang.srt.managers.scheduler_components.metrics_reporter: Decode batch, #running-req: 1, #token: 300, token usage: 0.00, cuda graph: True, gen throughput (token/s): 31.11, #queue-req: 0
2026-09-23 07:53:15 | DEBUG    | tts5703.tts_engine | event=higgs_worker_stderr message=2026-09-23 07:53:15,312 [INFO] sglang.srt.managers.scheduler_components.metrics_reporter: Decode batch, #running-req: 1, #token: 340, token usage: 0.00, cuda graph: True, gen throughput (token/s): 31.02, #queue-req: 0
2026-09-23 07:53:16 | DEBUG    | tts5703.tts_engine | event=higgs_worker_stderr message=2026-09-23 07:53:16,602 [INFO] sglang.srt.managers.scheduler_components.metrics_reporter: Decode batch, #running-req: 1, #token: 380, token usage: 0.00, cuda graph: True, gen throughput (token/s): 31.00, #queue-req: 0
2026-09-23 07:53:17 | DEBUG    | tts5703.tts_engine | event=higgs_worker_stderr message=2026-09-23 07:53:17,896 [INFO] sglang.srt.managers.scheduler_components.metrics_reporter: Decode batch, #running-req: 1, #token: 420, token usage: 0.01, cuda graph: True, gen throughput (token/s): 30.92, #queue-req: 0
2026-09-23 07:53:19 | DEBUG    | tts5703.tts_engine | event=higgs_worker_stderr message=2026-09-23 07:53:19,193 [INFO] sglang.srt.managers.scheduler_components.metrics_reporter: Decode batch, #running-req: 1, #token: 460, token usage: 0.01, cuda graph: True, gen throughput (token/s): 30.84, #queue-req: 0
2026-09-23 07:53:20 | DEBUG    | tts5703.tts_engine | event=higgs_worker_stderr message=2026-09-23 07:53:20,005 [WARNING] sglang_omni.models.higgs_tts.audio_codec: Higgs codec decode CUDA graph miss for frame count 298; using eager decode
2026-09-23 07:53:20 | DEBUG    | tts5703.tts_engine | event=higgs_worker_stderr message=INFO:     127.0.0.1:53318 - "POST /v1/audio/speech HTTP/1.1" 200 OK
2026-09-23 07:53:20 | DEBUG    | tts5703.tts_engine | event=prepared_turn_tts_complete engine=higgs ordinal=1 output=turn_001.wav bytes=572204
2026-09-23 07:53:20 | DEBUG    | tts5703.tts_engine | event=prepared_turn_tts_start engine=higgs ordinal=2 speaker=spk_010 rate=normal
2026-09-23 07:53:20 | DEBUG    | tts5703.tts_engine | event=higgs_worker_stderr message=2026-09-23 07:53:20,082 [INFO] sglang_omni.pipeline.coordinator: Coordinator submitted req=speech-1b62d722-9f06-49ab-9069-0909abbb14ca to preprocessing at ipc:///tmp/sglang_omni/home-li-yanyupingsheng-5703tts-models-higgs-tts-3-4-4q3d28wl/stage_preprocessing.sock
2026-09-23 07:53:20 | DEBUG    | tts5703.tts_engine | event=higgs_worker_stderr message=2026-09-23 07:53:20,241 [INFO] sglang.srt.managers.scheduler_components.metrics_reporter: Prefill batch, #new-seq: 1, #new-token: 158, #cached-token: 0, token usage: 0.00, #running-req: 0, #queue-req: 0, #pending-token: 0, cuda graph: False, input throughput (token/s): 15.74
2026-09-23 07:53:20 | DEBUG    | tts5703.tts_engine | event=higgs_worker_stderr message=2026-09-23 07:53:20,723 [INFO] sglang.srt.managers.scheduler_components.metrics_reporter: Decode batch, #running-req: 1, #token: 173, token usage: 0.00, cuda graph: True, gen throughput (token/s): 26.15, #queue-req: 0
2026-09-23 07:53:22 | DEBUG    | tts5703.tts_engine | event=higgs_worker_stderr message=2026-09-23 07:53:22,004 [INFO] sglang.srt.managers.scheduler_components.metrics_reporter: Decode batch, #running-req: 1, #token: 213, token usage: 0.00, cuda graph: True, gen throughput (token/s): 31.22, #queue-req: 0
2026-09-23 07:53:23 | DEBUG    | tts5703.tts_engine | event=higgs_worker_stderr message=2026-09-23 07:53:23,288 [INFO] sglang.srt.managers.scheduler_components.metrics_reporter: Decode batch, #running-req: 1, #token: 253, token usage: 0.00, cuda graph: True, gen throughput (token/s): 31.16, #queue-req: 0
2026-09-23 07:53:24 | DEBUG    | tts5703.tts_engine | event=higgs_worker_stderr message=2026-09-23 07:53:24,572 [INFO] sglang.srt.managers.scheduler_components.metrics_reporter: Decode batch, #running-req: 1, #token: 293, token usage: 0.00, cuda graph: True, gen throughput (token/s): 31.13, #queue-req: 0
2026-09-23 07:53:24 | DEBUG    | tts5703.tts_engine | event=higgs_worker_stderr message=INFO:     127.0.0.1:47668 - "POST /v1/audio/speech HTTP/1.1" 200 OK
2026-09-23 07:53:24 | DEBUG    | tts5703.tts_engine | event=prepared_turn_tts_complete engine=higgs ordinal=2 output=turn_002.wav bytes=249644
2026-09-23 07:53:24 | DEBUG    | tts5703.tts_engine | event=prepared_turn_tts_start engine=higgs ordinal=3 speaker=spk_001 rate=normal
2026-09-23 07:53:24 | DEBUG    | tts5703.tts_engine | event=higgs_worker_stderr message=2026-09-23 07:53:24,622 [INFO] sglang_omni.pipeline.coordinator: Coordinator submitted req=speech-24ca37f6-255f-4d23-8b12-630bb1444d21 to preprocessing at ipc:///tmp/sglang_omni/home-li-yanyupingsheng-5703tts-models-higgs-tts-3-4-4q3d28wl/stage_preprocessing.sock
2026-09-23 07:53:24 | DEBUG    | tts5703.tts_engine | event=higgs_worker_stderr message=2026-09-23 07:53:24,672 [INFO] sglang.srt.managers.scheduler_components.metrics_reporter: Prefill batch, #new-seq: 1, #new-token: 34, #cached-token: 134, token usage: 0.00, #running-req: 0, #queue-req: 0, #pending-token: 0, cuda graph: False, input throughput (token/s): 7.67
2026-09-23 07:53:25 | DEBUG    | tts5703.tts_engine | event=higgs_worker_stderr message=2026-09-23 07:53:25,922 [INFO] sglang.srt.managers.scheduler_components.metrics_reporter: Decode batch, #running-req: 1, #token: 207, token usage: 0.00, cuda graph: True, gen throughput (token/s): 29.65, #queue-req: 0
2026-09-23 07:53:27 | DEBUG    | tts5703.tts_engine | event=higgs_worker_stderr message=2026-09-23 07:53:27,210 [INFO] sglang.srt.managers.scheduler_components.metrics_reporter: Decode batch, #running-req: 1, #token: 247, token usage: 0.00, cuda graph: True, gen throughput (token/s): 31.05, #queue-req: 0
2026-09-23 07:53:28 | DEBUG    | tts5703.tts_engine | event=higgs_worker_stderr message=2026-09-23 07:53:28,497 [INFO] sglang.srt.managers.scheduler_components.metrics_reporter: Decode batch, #running-req: 1, #token: 287, token usage: 0.00, cuda graph: True, gen throughput (token/s): 31.09, #queue-req: 0
2026-09-23 07:53:29 | DEBUG    | tts5703.tts_engine | event=higgs_worker_stderr message=2026-09-23 07:53:29,783 [INFO] sglang.srt.managers.scheduler_components.metrics_reporter: Decode batch, #running-req: 1, #token: 327, token usage: 0.00, cuda graph: True, gen throughput (token/s): 31.09, #queue-req: 0
2026-09-23 07:53:31 | DEBUG    | tts5703.tts_engine | event=higgs_worker_stderr message=2026-09-23 07:53:31,073 [INFO] sglang.srt.managers.scheduler_components.metrics_reporter: Decode batch, #running-req: 1, #token: 367, token usage: 0.00, cuda graph: True, gen throughput (token/s): 31.02, #queue-req: 0
2026-09-23 07:53:31 | DEBUG    | tts5703.tts_engine | event=higgs_worker_stderr message=2026-09-23 07:53:31,946 [WARNING] sglang_omni.models.higgs_tts.audio_codec: Higgs codec decode CUDA graph miss for frame count 220; using eager decode
2026-09-23 07:53:32 | DEBUG    | tts5703.tts_engine | event=higgs_worker_stderr message=INFO:     127.0.0.1:47678 - "POST /v1/audio/speech HTTP/1.1" 200 OK
2026-09-23 07:53:32 | DEBUG    | tts5703.tts_engine | event=prepared_turn_tts_complete engine=higgs ordinal=3 output=turn_003.wav bytes=422444
2026-09-23 07:53:32 | DEBUG    | tts5703.tts_engine | event=prepared_turn_tts_start engine=higgs ordinal=4 speaker=spk_010 rate=normal
2026-09-23 07:53:32 | DEBUG    | tts5703.tts_engine | event=higgs_worker_stderr message=2026-09-23 07:53:32,024 [INFO] sglang_omni.pipeline.coordinator: Coordinator submitted req=speech-6b3f04eb-fea9-4875-a8fd-68504a1fa655 to preprocessing at ipc:///tmp/sglang_omni/home-li-yanyupingsheng-5703tts-models-higgs-tts-3-4-4q3d28wl/stage_preprocessing.sock
2026-09-23 07:53:32 | DEBUG    | tts5703.tts_engine | event=higgs_worker_stderr message=2026-09-23 07:53:32,074 [INFO] sglang.srt.managers.scheduler_components.metrics_reporter: Prefill batch, #new-seq: 1, #new-token: 26, #cached-token: 137, token usage: 0.00, #running-req: 0, #queue-req: 0, #pending-token: 0, cuda graph: False, input throughput (token/s): 3.51
2026-09-23 07:53:32 | DEBUG    | tts5703.tts_engine | event=higgs_worker_stderr message=2026-09-23 07:53:32,490 [INFO] sglang.srt.managers.scheduler_components.metrics_reporter: Decode batch, #running-req: 1, #token: 176, token usage: 0.00, cuda graph: True, gen throughput (token/s): 28.22, #queue-req: 0
2026-09-23 07:53:33 | DEBUG    | tts5703.tts_engine | event=higgs_worker_stderr message=2026-09-23 07:53:33,771 [INFO] sglang.srt.managers.scheduler_components.metrics_reporter: Decode batch, #running-req: 1, #token: 216, token usage: 0.00, cuda graph: True, gen throughput (token/s): 31.23, #queue-req: 0
2026-09-23 07:53:35 | DEBUG    | tts5703.tts_engine | event=higgs_worker_stderr message=2026-09-23 07:53:35,071 [INFO] sglang.srt.managers.scheduler_components.metrics_reporter: Decode batch, #running-req: 1, #token: 256, token usage: 0.00, cuda graph: True, gen throughput (token/s): 30.76, #queue-req: 0
2026-09-23 07:53:36 | DEBUG    | tts5703.tts_engine | event=higgs_worker_stderr message=2026-09-23 07:53:36,365 [INFO] sglang.srt.managers.scheduler_components.metrics_reporter: Decode batch, #running-req: 1, #token: 296, token usage: 0.00, cuda graph: True, gen throughput (token/s): 30.93, #queue-req: 0
2026-09-23 07:53:37 | DEBUG    | tts5703.tts_engine | event=higgs_worker_stderr message=2026-09-23 07:53:37,463 [WARNING] sglang_omni.models.higgs_tts.audio_codec: Higgs codec decode CUDA graph miss for frame count 161; using eager decode
2026-09-23 07:53:37 | DEBUG    | tts5703.tts_engine | event=higgs_worker_stderr message=INFO:     127.0.0.1:51616 - "POST /v1/audio/speech HTTP/1.1" 200 OK
2026-09-23 07:53:37 | DEBUG    | tts5703.tts_engine | event=prepared_turn_tts_complete engine=higgs ordinal=4 output=turn_004.wav bytes=309164
2026-09-23 07:53:37 | DEBUG    | tts5703.tts_engine | event=prepared_turn_tts_start engine=higgs ordinal=5 speaker=spk_001 rate=normal
2026-09-23 07:53:37 | DEBUG    | tts5703.tts_engine | event=higgs_worker_stderr message=2026-09-23 07:53:37,544 [INFO] sglang_omni.pipeline.coordinator: Coordinator submitted req=speech-892988d5-992e-430c-98ef-d78d8466a0ad to preprocessing at ipc:///tmp/sglang_omni/home-li-yanyupingsheng-5703tts-models-higgs-tts-3-4-4q3d28wl/stage_preprocessing.sock
2026-09-23 07:53:37 | DEBUG    | tts5703.tts_engine | event=higgs_worker_stderr message=2026-09-23 07:53:37,546 [INFO] sglang_omni.scheduling.reference_encoder: Higgs ref cache reference encode stats: {'hits': 30, 'misses': 5, 'merged': 0, 'entries': 5, 'bytes': 21248, 'evictions': 0, 'failed': 0, 'uncacheable': 0, 'batches': 0, 'batched_items': 0}
2026-09-23 07:53:37 | DEBUG    | tts5703.tts_engine | event=higgs_worker_stderr message=2026-09-23 07:53:37,595 [INFO] sglang.srt.managers.scheduler_components.metrics_reporter: Prefill batch, #new-seq: 1, #new-token: 38, #cached-token: 135, token usage: 0.00, #running-req: 0, #queue-req: 0, #pending-token: 0, cuda graph: False, input throughput (token/s): 6.88
2026-09-23 07:53:37 | DEBUG    | tts5703.tts_engine | event=higgs_worker_stderr message=2026-09-23 07:53:37,787 [INFO] sglang.srt.managers.scheduler_components.metrics_reporter: Decode batch, #running-req: 1, #token: 179, token usage: 0.00, cuda graph: True, gen throughput (token/s): 28.12, #queue-req: 0
2026-09-23 07:53:39 | DEBUG    | tts5703.tts_engine | event=higgs_worker_stderr message=2026-09-23 07:53:39,067 [INFO] sglang.srt.managers.scheduler_components.metrics_reporter: Decode batch, #running-req: 1, #token: 219, token usage: 0.00, cuda graph: True, gen throughput (token/s): 31.25, #queue-req: 0
2026-09-23 07:53:40 | DEBUG    | tts5703.tts_engine | event=higgs_worker_stderr message=2026-09-23 07:53:40,348 [INFO] sglang.srt.managers.scheduler_components.metrics_reporter: Decode batch, #running-req: 1, #token: 259, token usage: 0.00, cuda graph: True, gen throughput (token/s): 31.22, #queue-req: 0
2026-09-23 07:53:41 | DEBUG    | tts5703.tts_engine | event=higgs_worker_stderr message=2026-09-23 07:53:41,635 [INFO] sglang.srt.managers.scheduler_components.metrics_reporter: Decode batch, #running-req: 1, #token: 299, token usage: 0.00, cuda graph: True, gen throughput (token/s): 31.08, #queue-req: 0
2026-09-23 07:53:42 | DEBUG    | tts5703.tts_engine | event=higgs_worker_stderr message=2026-09-23 07:53:42,924 [INFO] sglang.srt.managers.scheduler_components.metrics_reporter: Decode batch, #running-req: 1, #token: 339, token usage: 0.00, cuda graph: True, gen throughput (token/s): 31.02, #queue-req: 0
2026-09-23 07:53:44 | DEBUG    | tts5703.tts_engine | event=higgs_worker_stderr message=2026-09-23 07:53:44,215 [INFO] sglang.srt.managers.scheduler_components.metrics_reporter: Decode batch, #running-req: 1, #token: 379, token usage: 0.00, cuda graph: True, gen throughput (token/s): 30.98, #queue-req: 0
2026-09-23 07:53:45 | DEBUG    | tts5703.tts_engine | event=higgs_worker_stderr message=2026-09-23 07:53:45,508 [INFO] sglang.srt.managers.scheduler_components.metrics_reporter: Decode batch, #running-req: 1, #token: 419, token usage: 0.01, cuda graph: True, gen throughput (token/s): 30.96, #queue-req: 0
2026-09-23 07:53:46 | DEBUG    | tts5703.tts_engine | event=higgs_worker_stderr message=2026-09-23 07:53:46,801 [INFO] sglang.srt.managers.scheduler_components.metrics_reporter: Decode batch, #running-req: 1, #token: 459, token usage: 0.01, cuda graph: True, gen throughput (token/s): 30.92, #queue-req: 0
2026-09-23 07:53:46 | DEBUG    | tts5703.tts_engine | event=higgs_worker_stderr message=2026-09-23 07:53:46,934 [WARNING] sglang_omni.models.higgs_tts.audio_codec: Higgs codec decode CUDA graph miss for frame count 284; using eager decode
2026-09-23 07:53:47 | DEBUG    | tts5703.tts_engine | event=higgs_worker_stderr message=INFO:     127.0.0.1:52816 - "POST /v1/audio/speech HTTP/1.1" 200 OK
2026-09-23 07:53:47 | DEBUG    | tts5703.tts_engine | event=prepared_turn_tts_complete engine=higgs ordinal=5 output=turn_005.wav bytes=545324
2026-09-23 07:53:47 | DEBUG    | tts5703.tts_engine | event=prepared_turn_tts_start engine=higgs ordinal=6 speaker=spk_010 rate=normal
2026-09-23 07:53:47 | DEBUG    | tts5703.tts_engine | event=higgs_worker_stderr message=2026-09-23 07:53:47,018 [INFO] sglang_omni.pipeline.coordinator: Coordinator submitted req=speech-b814969c-2414-4dc0-ab04-a9be3eecafec to preprocessing at ipc:///tmp/sglang_omni/home-li-yanyupingsheng-5703tts-models-higgs-tts-3-4-4q3d28wl/stage_preprocessing.sock
2026-09-23 07:53:47 | DEBUG    | tts5703.tts_engine | event=higgs_worker_stderr message=2026-09-23 07:53:47,068 [INFO] sglang.srt.managers.scheduler_components.metrics_reporter: Prefill batch, #new-seq: 1, #new-token: 33, #cached-token: 137, token usage: 0.00, #running-req: 0, #queue-req: 0, #pending-token: 0, cuda graph: False, input throughput (token/s): 3.48
2026-09-23 07:53:48 | DEBUG    | tts5703.tts_engine | event=higgs_worker_stderr message=2026-09-23 07:53:48,224 [INFO] sglang.srt.managers.scheduler_components.metrics_reporter: Decode batch, #running-req: 1, #token: 206, token usage: 0.00, cuda graph: True, gen throughput (token/s): 28.11, #queue-req: 0
2026-09-23 07:53:49 | DEBUG    | tts5703.tts_engine | event=higgs_worker_stderr message=2026-09-23 07:53:49,506 [INFO] sglang.srt.managers.scheduler_components.metrics_reporter: Decode batch, #running-req: 1, #token: 246, token usage: 0.00, cuda graph: True, gen throughput (token/s): 31.22, #queue-req: 0
2026-09-23 07:53:50 | DEBUG    | tts5703.tts_engine | event=higgs_worker_stderr message=2026-09-23 07:53:50,792 [INFO] sglang.srt.managers.scheduler_components.metrics_reporter: Decode batch, #running-req: 1, #token: 286, token usage: 0.00, cuda graph: True, gen throughput (token/s): 31.10, #queue-req: 0
2026-09-23 07:53:52 | DEBUG    | tts5703.tts_engine | event=higgs_worker_stderr message=2026-09-23 07:53:52,087 [INFO] sglang.srt.managers.scheduler_components.metrics_reporter: Decode batch, #running-req: 1, #token: 326, token usage: 0.00, cuda graph: True, gen throughput (token/s): 30.88, #queue-req: 0
2026-09-23 07:53:53 | DEBUG    | tts5703.tts_engine | event=higgs_worker_stderr message=2026-09-23 07:53:53,379 [INFO] sglang.srt.managers.scheduler_components.metrics_reporter: Decode batch, #running-req: 1, #token: 366, token usage: 0.00, cuda graph: True, gen throughput (token/s): 30.96, #queue-req: 0
2026-09-23 07:53:54 | DEBUG    | tts5703.tts_engine | event=higgs_worker_stderr message=2026-09-23 07:53:54,670 [INFO] sglang.srt.managers.scheduler_components.metrics_reporter: Decode batch, #running-req: 1, #token: 406, token usage: 0.01, cuda graph: True, gen throughput (token/s): 30.98, #queue-req: 0
2026-09-23 07:53:55 | DEBUG    | tts5703.tts_engine | event=higgs_worker_stderr message=2026-09-23 07:53:55,962 [INFO] sglang.srt.managers.scheduler_components.metrics_reporter: Decode batch, #running-req: 1, #token: 446, token usage: 0.01, cuda graph: True, gen throughput (token/s): 30.97, #queue-req: 0
2026-09-23 07:53:56 | DEBUG    | tts5703.tts_engine | event=higgs_worker_stderr message=INFO:     127.0.0.1:37792 - "POST /v1/audio/speech HTTP/1.1" 200 OK
2026-09-23 07:53:56 | DEBUG    | tts5703.tts_engine | event=prepared_turn_tts_complete engine=higgs ordinal=6 output=turn_006.wav bytes=549164
2026-09-23 07:53:56 | DEBUG    | tts5703.tts_engine | event=prepared_turn_tts_start engine=higgs ordinal=7 speaker=spk_001 rate=normal
2026-09-23 07:53:56 | DEBUG    | tts5703.tts_engine | event=higgs_worker_stderr message=2026-09-23 07:53:56,508 [INFO] sglang_omni.pipeline.coordinator: Coordinator submitted req=speech-63304d9c-944e-43b5-839d-57dfcf7b3cd3 to preprocessing at ipc:///tmp/sglang_omni/home-li-yanyupingsheng-5703tts-models-higgs-tts-3-4-4q3d28wl/stage_preprocessing.sock
2026-09-23 07:53:56 | DEBUG    | tts5703.tts_engine | event=higgs_worker_stderr message=2026-09-23 07:53:56,559 [INFO] sglang.srt.managers.scheduler_components.metrics_reporter: Prefill batch, #new-seq: 1, #new-token: 44, #cached-token: 134, token usage: 0.00, #running-req: 0, #queue-req: 0, #pending-token: 0, cuda graph: False, input throughput (token/s): 4.64
2026-09-23 07:53:57 | DEBUG    | tts5703.tts_engine | event=higgs_worker_stderr message=2026-09-23 07:53:57,327 [INFO] sglang.srt.managers.scheduler_components.metrics_reporter: Decode batch, #running-req: 1, #token: 202, token usage: 0.00, cuda graph: True, gen throughput (token/s): 29.31, #queue-req: 0
2026-09-23 07:53:58 | DEBUG    | tts5703.tts_engine | event=higgs_worker_stderr message=2026-09-23 07:53:58,609 [INFO] sglang.srt.managers.scheduler_components.metrics_reporter: Decode batch, #running-req: 1, #token: 242, token usage: 0.00, cuda graph: True, gen throughput (token/s): 31.20, #queue-req: 0
2026-09-23 07:53:59 | DEBUG    | tts5703.tts_engine | event=higgs_worker_stderr message=2026-09-23 07:53:59,893 [INFO] sglang.srt.managers.scheduler_components.metrics_reporter: Decode batch, #running-req: 1, #token: 282, token usage: 0.00, cuda graph: True, gen throughput (token/s): 31.13, #queue-req: 0
2026-09-23 07:54:01 | DEBUG    | tts5703.tts_engine | event=higgs_worker_stderr message=2026-09-23 07:54:01,186 [INFO] sglang.srt.managers.scheduler_components.metrics_reporter: Decode batch, #running-req: 1, #token: 322, token usage: 0.00, cuda graph: True, gen throughput (token/s): 30.94, #queue-req: 0
2026-09-23 07:54:02 | DEBUG    | tts5703.tts_engine | event=higgs_worker_stderr message=2026-09-23 07:54:02,478 [INFO] sglang.srt.managers.scheduler_components.metrics_reporter: Decode batch, #running-req: 1, #token: 362, token usage: 0.00, cuda graph: True, gen throughput (token/s): 30.97, #queue-req: 0
2026-09-23 07:54:03 | DEBUG    | tts5703.tts_engine | event=higgs_worker_stderr message=2026-09-23 07:54:03,771 [INFO] sglang.srt.managers.scheduler_components.metrics_reporter: Decode batch, #running-req: 1, #token: 402, token usage: 0.01, cuda graph: True, gen throughput (token/s): 30.92, #queue-req: 0
2026-09-23 07:54:05 | DEBUG    | tts5703.tts_engine | event=higgs_worker_stderr message=2026-09-23 07:54:05,063 [INFO] sglang.srt.managers.scheduler_components.metrics_reporter: Decode batch, #running-req: 1, #token: 442, token usage: 0.01, cuda graph: True, gen throughput (token/s): 30.96, #queue-req: 0
2026-09-23 07:54:06 | DEBUG    | tts5703.tts_engine | event=higgs_worker_stderr message=2026-09-23 07:54:06,068 [WARNING] sglang_omni.models.higgs_tts.audio_codec: Higgs codec decode CUDA graph miss for frame count 289; using eager decode
2026-09-23 07:54:06 | DEBUG    | tts5703.tts_engine | event=higgs_worker_stderr message=INFO:     127.0.0.1:37794 - "POST /v1/audio/speech HTTP/1.1" 200 OK
2026-09-23 07:54:06 | DEBUG    | tts5703.tts_engine | event=prepared_turn_tts_complete engine=higgs ordinal=7 output=turn_007.wav bytes=554924
2026-09-23 07:54:06 | DEBUG    | tts5703.tts_engine | event=prepared_turn_tts_start engine=higgs ordinal=8 speaker=spk_010 rate=normal
2026-09-23 07:54:06 | DEBUG    | tts5703.tts_engine | event=higgs_worker_stderr message=2026-09-23 07:54:06,147 [INFO] sglang_omni.pipeline.coordinator: Coordinator submitted req=speech-2e33acc6-6a96-4fdd-b325-3527bb0078bd to preprocessing at ipc:///tmp/sglang_omni/home-li-yanyupingsheng-5703tts-models-higgs-tts-3-4-4q3d28wl/stage_preprocessing.sock
2026-09-23 07:54:06 | DEBUG    | tts5703.tts_engine | event=higgs_worker_stderr message=2026-09-23 07:54:06,199 [INFO] sglang.srt.managers.scheduler_components.metrics_reporter: Prefill batch, #new-seq: 1, #new-token: 59, #cached-token: 138, token usage: 0.00, #running-req: 0, #queue-req: 0, #pending-token: 0, cuda graph: False, input throughput (token/s): 6.12
2026-09-23 07:54:06 | DEBUG    | tts5703.tts_engine | event=higgs_worker_stderr message=2026-09-23 07:54:06,487 [INFO] sglang.srt.managers.scheduler_components.metrics_reporter: Decode batch, #running-req: 1, #token: 206, token usage: 0.00, cuda graph: True, gen throughput (token/s): 28.09, #queue-req: 0
2026-09-23 07:54:07 | DEBUG    | tts5703.tts_engine | event=higgs_worker_stderr message=2026-09-23 07:54:07,771 [INFO] sglang.srt.managers.scheduler_components.metrics_reporter: Decode batch, #running-req: 1, #token: 246, token usage: 0.00, cuda graph: True, gen throughput (token/s): 31.17, #queue-req: 0
2026-09-23 07:54:09 | DEBUG    | tts5703.tts_engine | event=higgs_worker_stderr message=2026-09-23 07:54:09,058 [INFO] sglang.srt.managers.scheduler_components.metrics_reporter: Decode batch, #running-req: 1, #token: 286, token usage: 0.00, cuda graph: True, gen throughput (token/s): 31.07, #queue-req: 0
2026-09-23 07:54:10 | DEBUG    | tts5703.tts_engine | event=higgs_worker_stderr message=2026-09-23 07:54:10,360 [INFO] sglang.srt.managers.scheduler_components.metrics_reporter: Decode batch, #running-req: 1, #token: 326, token usage: 0.00, cuda graph: True, gen throughput (token/s): 30.73, #queue-req: 0
2026-09-23 07:54:11 | DEBUG    | tts5703.tts_engine | event=higgs_worker_stderr message=2026-09-23 07:54:11,654 [INFO] sglang.srt.managers.scheduler_components.metrics_reporter: Decode batch, #running-req: 1, #token: 366, token usage: 0.00, cuda graph: True, gen throughput (token/s): 30.90, #queue-req: 0
2026-09-23 07:54:12 | DEBUG    | tts5703.tts_engine | event=higgs_worker_stderr message=2026-09-23 07:54:12,945 [INFO] sglang.srt.managers.scheduler_components.metrics_reporter: Decode batch, #running-req: 1, #token: 406, token usage: 0.01, cuda graph: True, gen throughput (token/s): 31.00, #queue-req: 0
2026-09-23 07:54:14 | DEBUG    | tts5703.tts_engine | event=higgs_worker_stderr message=2026-09-23 07:54:14,237 [INFO] sglang.srt.managers.scheduler_components.metrics_reporter: Decode batch, #running-req: 1, #token: 446, token usage: 0.01, cuda graph: True, gen throughput (token/s): 30.96, #queue-req: 0
2026-09-23 07:54:15 | DEBUG    | tts5703.tts_engine | event=higgs_worker_stderr message=2026-09-23 07:54:15,530 [INFO] sglang.srt.managers.scheduler_components.metrics_reporter: Decode batch, #running-req: 1, #token: 486, token usage: 0.01, cuda graph: True, gen throughput (token/s): 30.94, #queue-req: 0
2026-09-23 07:54:16 | DEBUG    | tts5703.tts_engine | event=higgs_worker_stderr message=2026-09-23 07:54:16,823 [INFO] sglang.srt.managers.scheduler_components.metrics_reporter: Decode batch, #running-req: 1, #token: 526, token usage: 0.01, cuda graph: True, gen throughput (token/s): 30.93, #queue-req: 0
2026-09-23 07:54:18 | DEBUG    | tts5703.tts_engine | event=higgs_worker_stderr message=2026-09-23 07:54:18,120 [INFO] sglang.srt.managers.scheduler_components.metrics_reporter: Decode batch, #running-req: 1, #token: 566, token usage: 0.01, cuda graph: True, gen throughput (token/s): 30.84, #queue-req: 0
2026-09-23 07:54:19 | DEBUG    | tts5703.tts_engine | event=higgs_worker_stderr message=2026-09-23 07:54:19,419 [INFO] sglang.srt.managers.scheduler_components.metrics_reporter: Decode batch, #running-req: 1, #token: 606, token usage: 0.01, cuda graph: True, gen throughput (token/s): 30.80, #queue-req: 0
2026-09-23 07:54:20 | DEBUG    | tts5703.tts_engine | event=higgs_worker_stderr message=2026-09-23 07:54:20,622 [WARNING] sglang_omni.models.higgs_tts.audio_codec: Higgs codec decode CUDA graph miss for frame count 440; using eager decode
2026-09-23 07:54:20 | DEBUG    | tts5703.tts_engine | event=higgs_worker_stderr message=INFO:     127.0.0.1:58034 - "POST /v1/audio/speech HTTP/1.1" 200 OK
2026-09-23 07:54:20 | DEBUG    | tts5703.tts_engine | event=prepared_turn_tts_complete engine=higgs ordinal=8 output=turn_008.wav bytes=844844
2026-09-23 07:54:20 | DEBUG    | tts5703.tts_engine | event=prepared_turn_tts_start engine=higgs ordinal=9 speaker=spk_001 rate=normal
2026-09-23 07:54:20 | DEBUG    | tts5703.tts_engine | event=higgs_worker_stderr message=2026-09-23 07:54:20,707 [INFO] sglang_omni.pipeline.coordinator: Coordinator submitted req=speech-5affcada-e6e7-4aa9-87a7-d645c0b597af to preprocessing at ipc:///tmp/sglang_omni/home-li-yanyupingsheng-5703tts-models-higgs-tts-3-4-4q3d28wl/stage_preprocessing.sock
2026-09-23 07:54:20 | DEBUG    | tts5703.tts_engine | event=higgs_worker_stderr message=2026-09-23 07:54:20,759 [INFO] sglang.srt.managers.scheduler_components.metrics_reporter: Prefill batch, #new-seq: 1, #new-token: 30, #cached-token: 134, token usage: 0.00, #running-req: 0, #queue-req: 0, #pending-token: 0, cuda graph: False, input throughput (token/s): 2.06
2026-09-23 07:54:20 | DEBUG    | tts5703.tts_engine | event=higgs_worker_stderr message=2026-09-23 07:54:20,855 [INFO] sglang.srt.managers.scheduler_components.metrics_reporter: Decode batch, #running-req: 1, #token: 167, token usage: 0.00, cuda graph: True, gen throughput (token/s): 27.85, #queue-req: 0
2026-09-23 07:54:22 | DEBUG    | tts5703.tts_engine | event=higgs_worker_stderr message=2026-09-23 07:54:22,135 [INFO] sglang.srt.managers.scheduler_components.metrics_reporter: Decode batch, #running-req: 1, #token: 207, token usage: 0.00, cuda graph: True, gen throughput (token/s): 31.24, #queue-req: 0
2026-09-23 07:54:23 | DEBUG    | tts5703.tts_engine | event=higgs_worker_stderr message=2026-09-23 07:54:23,417 [INFO] sglang.srt.managers.scheduler_components.metrics_reporter: Decode batch, #running-req: 1, #token: 247, token usage: 0.00, cuda graph: True, gen throughput (token/s): 31.22, #queue-req: 0
2026-09-23 07:54:24 | DEBUG    | tts5703.tts_engine | event=higgs_worker_stderr message=2026-09-23 07:54:24,704 [INFO] sglang.srt.managers.scheduler_components.metrics_reporter: Decode batch, #running-req: 1, #token: 287, token usage: 0.00, cuda graph: True, gen throughput (token/s): 31.08, #queue-req: 0
2026-09-23 07:54:25 | DEBUG    | tts5703.tts_engine | event=higgs_worker_stderr message=2026-09-23 07:54:25,993 [INFO] sglang.srt.managers.scheduler_components.metrics_reporter: Decode batch, #running-req: 1, #token: 327, token usage: 0.00, cuda graph: True, gen throughput (token/s): 31.01, #queue-req: 0
2026-09-23 07:54:27 | DEBUG    | tts5703.tts_engine | event=higgs_worker_stderr message=2026-09-23 07:54:27,281 [INFO] sglang.srt.managers.scheduler_components.metrics_reporter: Decode batch, #running-req: 1, #token: 367, token usage: 0.00, cuda graph: True, gen throughput (token/s): 31.06, #queue-req: 0
2026-09-23 07:54:27 | DEBUG    | tts5703.tts_engine | event=higgs_worker_stderr message=INFO:     127.0.0.1:53196 - "POST /v1/audio/speech HTTP/1.1" 200 OK
2026-09-23 07:54:27 | DEBUG    | tts5703.tts_engine | event=prepared_turn_tts_complete engine=higgs ordinal=9 output=turn_009.wav bytes=403244
2026-09-23 07:54:27 | DEBUG    | tts5703.tts_engine | event=prepared_turn_tts_start engine=higgs ordinal=10 speaker=spk_010 rate=normal
2026-09-23 07:54:27 | DEBUG    | tts5703.tts_engine | event=higgs_worker_stderr message=2026-09-23 07:54:27,726 [INFO] sglang_omni.pipeline.coordinator: Coordinator submitted req=speech-c1cc0c03-9a1a-4339-a467-b3c86f6205fd to preprocessing at ipc:///tmp/sglang_omni/home-li-yanyupingsheng-5703tts-models-higgs-tts-3-4-4q3d28wl/stage_preprocessing.sock
2026-09-23 07:54:27 | DEBUG    | tts5703.tts_engine | event=higgs_worker_stderr message=2026-09-23 07:54:27,780 [INFO] sglang.srt.managers.scheduler_components.metrics_reporter: Prefill batch, #new-seq: 1, #new-token: 88, #cached-token: 137, token usage: 0.00, #running-req: 0, #queue-req: 0, #pending-token: 0, cuda graph: False, input throughput (token/s): 12.53
2026-09-23 07:54:28 | DEBUG    | tts5703.tts_engine | event=higgs_worker_stderr message=2026-09-23 07:54:28,646 [INFO] sglang.srt.managers.scheduler_components.metrics_reporter: Decode batch, #running-req: 1, #token: 252, token usage: 0.00, cuda graph: True, gen throughput (token/s): 29.31, #queue-req: 0
2026-09-23 07:54:29 | DEBUG    | tts5703.tts_engine | event=higgs_worker_stderr message=2026-09-23 07:54:29,931 [INFO] sglang.srt.managers.scheduler_components.metrics_reporter: Decode batch, #running-req: 1, #token: 292, token usage: 0.00, cuda graph: True, gen throughput (token/s): 31.11, #queue-req: 0
2026-09-23 07:54:31 | DEBUG    | tts5703.tts_engine | event=higgs_worker_stderr message=2026-09-23 07:54:31,221 [INFO] sglang.srt.managers.scheduler_components.metrics_reporter: Decode batch, #running-req: 1, #token: 332, token usage: 0.00, cuda graph: True, gen throughput (token/s): 31.01, #queue-req: 0
2026-09-23 07:54:32 | DEBUG    | tts5703.tts_engine | event=higgs_worker_stderr message=2026-09-23 07:54:32,514 [INFO] sglang.srt.managers.scheduler_components.metrics_reporter: Decode batch, #running-req: 1, #token: 372, token usage: 0.00, cuda graph: True, gen throughput (token/s): 30.94, #queue-req: 0
2026-09-23 07:54:33 | DEBUG    | tts5703.tts_engine | event=higgs_worker_stderr message=2026-09-23 07:54:33,804 [INFO] sglang.srt.managers.scheduler_components.metrics_reporter: Decode batch, #running-req: 1, #token: 412, token usage: 0.01, cuda graph: True, gen throughput (token/s): 31.01, #queue-req: 0
2026-09-23 07:54:35 | DEBUG    | tts5703.tts_engine | event=higgs_worker_stderr message=2026-09-23 07:54:35,094 [INFO] sglang.srt.managers.scheduler_components.metrics_reporter: Decode batch, #running-req: 1, #token: 452, token usage: 0.01, cuda graph: True, gen throughput (token/s): 30.99, #queue-req: 0
2026-09-23 07:54:36 | DEBUG    | tts5703.tts_engine | event=higgs_worker_stderr message=2026-09-23 07:54:36,387 [INFO] sglang.srt.managers.scheduler_components.metrics_reporter: Decode batch, #running-req: 1, #token: 492, token usage: 0.01, cuda graph: True, gen throughput (token/s): 30.94, #queue-req: 0
2026-09-23 07:54:37 | DEBUG    | tts5703.tts_engine | event=higgs_worker_stderr message=2026-09-23 07:54:37,694 [INFO] sglang.srt.managers.scheduler_components.metrics_reporter: Decode batch, #running-req: 1, #token: 532, token usage: 0.01, cuda graph: True, gen throughput (token/s): 30.62, #queue-req: 0
2026-09-23 07:54:39 | DEBUG    | tts5703.tts_engine | event=higgs_worker_stderr message=2026-09-23 07:54:39,004 [INFO] sglang.srt.managers.scheduler_components.metrics_reporter: Decode batch, #running-req: 1, #token: 572, token usage: 0.01, cuda graph: True, gen throughput (token/s): 30.53, #queue-req: 0
2026-09-23 07:54:40 | DEBUG    | tts5703.tts_engine | event=higgs_worker_stderr message=2026-09-23 07:54:40,315 [INFO] sglang.srt.managers.scheduler_components.metrics_reporter: Decode batch, #running-req: 1, #token: 612, token usage: 0.01, cuda graph: True, gen throughput (token/s): 30.51, #queue-req: 0
2026-09-23 07:54:41 | DEBUG    | tts5703.tts_engine | event=higgs_worker_stderr message=2026-09-23 07:54:41,628 [INFO] sglang.srt.managers.scheduler_components.metrics_reporter: Decode batch, #running-req: 1, #token: 652, token usage: 0.01, cuda graph: True, gen throughput (token/s): 30.46, #queue-req: 0
2026-09-23 07:54:42 | DEBUG    | tts5703.tts_engine | event=higgs_worker_stderr message=2026-09-23 07:54:42,941 [INFO] sglang.srt.managers.scheduler_components.metrics_reporter: Decode batch, #running-req: 1, #token: 692, token usage: 0.01, cuda graph: True, gen throughput (token/s): 30.46, #queue-req: 0
2026-09-23 07:54:44 | DEBUG    | tts5703.tts_engine | event=higgs_worker_stderr message=2026-09-23 07:54:44,258 [INFO] sglang.srt.managers.scheduler_components.metrics_reporter: Decode batch, #running-req: 1, #token: 732, token usage: 0.01, cuda graph: True, gen throughput (token/s): 30.37, #queue-req: 0
2026-09-23 07:54:45 | DEBUG    | tts5703.tts_engine | event=higgs_worker_stderr message=2026-09-23 07:54:45,573 [INFO] sglang.srt.managers.scheduler_components.metrics_reporter: Decode batch, #running-req: 1, #token: 772, token usage: 0.01, cuda graph: True, gen throughput (token/s): 30.42, #queue-req: 0
2026-09-23 07:54:45 | DEBUG    | tts5703.tts_engine | event=higgs_worker_stderr message=2026-09-23 07:54:45,939 [WARNING] sglang_omni.models.higgs_tts.audio_codec: Higgs codec decode CUDA graph miss for frame count 552; using eager decode
2026-09-23 07:54:46 | DEBUG    | tts5703.tts_engine | event=higgs_worker_stderr message=INFO:     127.0.0.1:50944 - "POST /v1/audio/speech HTTP/1.1" 200 OK
2026-09-23 07:54:46 | DEBUG    | tts5703.tts_engine | event=prepared_turn_tts_complete engine=higgs ordinal=10 output=turn_010.wav bytes=1059884
2026-09-23 07:54:46 | DEBUG    | tts5703.tts_engine | event=prepared_turn_tts_start engine=higgs ordinal=11 speaker=spk_001 rate=normal
2026-09-23 07:54:46 | DEBUG    | tts5703.tts_engine | event=higgs_worker_stderr message=2026-09-23 07:54:46,035 [INFO] sglang_omni.pipeline.coordinator: Coordinator submitted req=speech-d6c8dbb8-afd0-4600-9857-89d9a8b80c18 to preprocessing at ipc:///tmp/sglang_omni/home-li-yanyupingsheng-5703tts-models-higgs-tts-3-4-4q3d28wl/stage_preprocessing.sock
2026-09-23 07:54:46 | DEBUG    | tts5703.tts_engine | event=higgs_worker_stderr message=2026-09-23 07:54:46,036 [INFO] sglang_omni.scheduling.reference_encoder: Higgs ref cache reference encode stats: {'hits': 36, 'misses': 5, 'merged': 0, 'entries': 5, 'bytes': 21248, 'evictions': 0, 'failed': 0, 'uncacheable': 0, 'batches': 0, 'batched_items': 0}
2026-09-23 07:54:46 | DEBUG    | tts5703.tts_engine | event=higgs_worker_stderr message=2026-09-23 07:54:46,086 [INFO] sglang.srt.managers.scheduler_components.metrics_reporter: Prefill batch, #new-seq: 1, #new-token: 42, #cached-token: 134, token usage: 0.00, #running-req: 0, #queue-req: 0, #pending-token: 0, cuda graph: False, input throughput (token/s): 2.29
2026-09-23 07:54:47 | DEBUG    | tts5703.tts_engine | event=higgs_worker_stderr message=2026-09-23 07:54:47,026 [INFO] sglang.srt.managers.scheduler_components.metrics_reporter: Decode batch, #running-req: 1, #token: 205, token usage: 0.00, cuda graph: True, gen throughput (token/s): 27.53, #queue-req: 0
2026-09-23 07:54:48 | DEBUG    | tts5703.tts_engine | event=higgs_worker_stderr message=2026-09-23 07:54:48,325 [INFO] sglang.srt.managers.scheduler_components.metrics_reporter: Decode batch, #running-req: 1, #token: 245, token usage: 0.00, cuda graph: True, gen throughput (token/s): 30.80, #queue-req: 0
2026-09-23 07:54:49 | DEBUG    | tts5703.tts_engine | event=higgs_worker_stderr message=2026-09-23 07:54:49,626 [INFO] sglang.srt.managers.scheduler_components.metrics_reporter: Decode batch, #running-req: 1, #token: 285, token usage: 0.00, cuda graph: True, gen throughput (token/s): 30.74, #queue-req: 0
2026-09-23 07:54:50 | DEBUG    | tts5703.tts_engine | event=higgs_worker_stderr message=2026-09-23 07:54:50,929 [INFO] sglang.srt.managers.scheduler_components.metrics_reporter: Decode batch, #running-req: 1, #token: 325, token usage: 0.00, cuda graph: True, gen throughput (token/s): 30.70, #queue-req: 0
2026-09-23 07:54:52 | DEBUG    | tts5703.tts_engine | event=higgs_worker_stderr message=2026-09-23 07:54:52,235 [INFO] sglang.srt.managers.scheduler_components.metrics_reporter: Decode batch, #running-req: 1, #token: 365, token usage: 0.00, cuda graph: True, gen throughput (token/s): 30.63, #queue-req: 0
2026-09-23 07:54:52 | DEBUG    | tts5703.tts_engine | event=higgs_worker_stderr message=2026-09-23 07:54:52,894 [WARNING] sglang_omni.models.higgs_tts.audio_codec: Higgs codec decode CUDA graph miss for frame count 203; using eager decode
2026-09-23 07:54:52 | DEBUG    | tts5703.tts_engine | event=higgs_worker_stderr message=INFO:     127.0.0.1:60868 - "POST /v1/audio/speech HTTP/1.1" 200 OK
2026-09-23 07:54:52 | DEBUG    | tts5703.tts_engine | event=prepared_turn_tts_complete engine=higgs ordinal=11 output=turn_011.wav bytes=389804
2026-09-23 07:54:52 | DEBUG    | tts5703.tts_engine | event=prepared_turn_tts_start engine=higgs ordinal=12 speaker=spk_010 rate=normal
2026-09-23 07:54:52 | DEBUG    | tts5703.tts_engine | event=higgs_worker_stderr message=2026-09-23 07:54:52,970 [INFO] sglang_omni.pipeline.coordinator: Coordinator submitted req=speech-8dec3792-b6ad-4936-9572-befff135e209 to preprocessing at ipc:///tmp/sglang_omni/home-li-yanyupingsheng-5703tts-models-higgs-tts-3-4-4q3d28wl/stage_preprocessing.sock
2026-09-23 07:54:53 | DEBUG    | tts5703.tts_engine | event=higgs_worker_stderr message=2026-09-23 07:54:53,023 [INFO] sglang.srt.managers.scheduler_components.metrics_reporter: Prefill batch, #new-seq: 1, #new-token: 72, #cached-token: 138, token usage: 0.00, #running-req: 0, #queue-req: 0, #pending-token: 0, cuda graph: False, input throughput (token/s): 10.38
2026-09-23 07:54:53 | DEBUG    | tts5703.tts_engine | event=higgs_worker_stderr message=2026-09-23 07:54:53,671 [INFO] sglang.srt.managers.scheduler_components.metrics_reporter: Decode batch, #running-req: 1, #token: 230, token usage: 0.00, cuda graph: True, gen throughput (token/s): 27.85, #queue-req: 0
2026-09-23 07:54:54 | DEBUG    | tts5703.tts_engine | event=higgs_worker_stderr message=2026-09-23 07:54:54,971 [INFO] sglang.srt.managers.scheduler_components.metrics_reporter: Decode batch, #running-req: 1, #token: 270, token usage: 0.00, cuda graph: True, gen throughput (token/s): 30.77, #queue-req: 0
2026-09-23 07:54:56 | DEBUG    | tts5703.tts_engine | event=higgs_worker_stderr message=2026-09-23 07:54:56,275 [INFO] sglang.srt.managers.scheduler_components.metrics_reporter: Decode batch, #running-req: 1, #token: 310, token usage: 0.00, cuda graph: True, gen throughput (token/s): 30.69, #queue-req: 0
2026-09-23 07:54:57 | DEBUG    | tts5703.tts_engine | event=higgs_worker_stderr message=2026-09-23 07:54:57,580 [INFO] sglang.srt.managers.scheduler_components.metrics_reporter: Decode batch, #running-req: 1, #token: 350, token usage: 0.00, cuda graph: True, gen throughput (token/s): 30.63, #queue-req: 0
2026-09-23 07:54:58 | DEBUG    | tts5703.tts_engine | event=higgs_worker_stderr message=2026-09-23 07:54:58,889 [INFO] sglang.srt.managers.scheduler_components.metrics_reporter: Decode batch, #running-req: 1, #token: 390, token usage: 0.00, cuda graph: True, gen throughput (token/s): 30.57, #queue-req: 0
2026-09-23 07:55:00 | DEBUG    | tts5703.tts_engine | event=higgs_worker_stderr message=2026-09-23 07:55:00,198 [INFO] sglang.srt.managers.scheduler_components.metrics_reporter: Decode batch, #running-req: 1, #token: 430, token usage: 0.01, cuda graph: True, gen throughput (token/s): 30.56, #queue-req: 0
2026-09-23 07:55:01 | DEBUG    | tts5703.tts_engine | event=higgs_worker_stderr message=2026-09-23 07:55:01,511 [INFO] sglang.srt.managers.scheduler_components.metrics_reporter: Decode batch, #running-req: 1, #token: 470, token usage: 0.01, cuda graph: True, gen throughput (token/s): 30.46, #queue-req: 0
2026-09-23 07:55:02 | DEBUG    | tts5703.tts_engine | event=higgs_worker_stderr message=2026-09-23 07:55:02,820 [INFO] sglang.srt.managers.scheduler_components.metrics_reporter: Decode batch, #running-req: 1, #token: 510, token usage: 0.01, cuda graph: True, gen throughput (token/s): 30.55, #queue-req: 0
2026-09-23 07:55:04 | DEBUG    | tts5703.tts_engine | event=higgs_worker_stderr message=2026-09-23 07:55:04,131 [INFO] sglang.srt.managers.scheduler_components.metrics_reporter: Decode batch, #running-req: 1, #token: 550, token usage: 0.01, cuda graph: True, gen throughput (token/s): 30.53, #queue-req: 0
2026-09-23 07:55:05 | DEBUG    | tts5703.tts_engine | event=higgs_worker_stderr message=2026-09-23 07:55:05,450 [INFO] sglang.srt.managers.scheduler_components.metrics_reporter: Decode batch, #running-req: 1, #token: 590, token usage: 0.01, cuda graph: True, gen throughput (token/s): 30.31, #queue-req: 0
2026-09-23 07:55:06 | DEBUG    | tts5703.tts_engine | event=higgs_worker_stderr message=2026-09-23 07:55:06,766 [INFO] sglang.srt.managers.scheduler_components.metrics_reporter: Decode batch, #running-req: 1, #token: 630, token usage: 0.01, cuda graph: True, gen throughput (token/s): 30.41, #queue-req: 0
2026-09-23 07:55:07 | DEBUG    | tts5703.tts_engine | event=higgs_worker_stderr message=2026-09-23 07:55:07,524 [WARNING] sglang_omni.models.higgs_tts.audio_codec: Higgs codec decode CUDA graph miss for frame count 437; using eager decode
2026-09-23 07:55:07 | DEBUG    | tts5703.tts_engine | event=higgs_worker_stderr message=INFO:     127.0.0.1:50354 - "POST /v1/audio/speech HTTP/1.1" 200 OK
2026-09-23 07:55:07 | DEBUG    | tts5703.tts_engine | event=prepared_turn_tts_complete engine=higgs ordinal=12 output=turn_012.wav bytes=839084
2026-09-23 07:55:07 | DEBUG    | tts5703.tts_engine | event=prepared_turn_tts_start engine=higgs ordinal=13 speaker=spk_001 rate=normal
2026-09-23 07:55:07 | DEBUG    | tts5703.tts_engine | event=higgs_worker_stderr message=2026-09-23 07:55:07,608 [INFO] sglang_omni.pipeline.coordinator: Coordinator submitted req=speech-424ab578-4260-4ebc-8515-48b2a4bad0aa to preprocessing at ipc:///tmp/sglang_omni/home-li-yanyupingsheng-5703tts-models-higgs-tts-3-4-4q3d28wl/stage_preprocessing.sock
2026-09-23 07:55:07 | DEBUG    | tts5703.tts_engine | event=higgs_worker_stderr message=2026-09-23 07:55:07,660 [INFO] sglang.srt.managers.scheduler_components.metrics_reporter: Prefill batch, #new-seq: 1, #new-token: 22, #cached-token: 134, token usage: 0.00, #running-req: 0, #queue-req: 0, #pending-token: 0, cuda graph: False, input throughput (token/s): 1.50
2026-09-23 07:55:08 | DEBUG    | tts5703.tts_engine | event=higgs_worker_stderr message=2026-09-23 07:55:08,209 [INFO] sglang.srt.managers.scheduler_components.metrics_reporter: Decode batch, #running-req: 1, #token: 173, token usage: 0.00, cuda graph: True, gen throughput (token/s): 27.71, #queue-req: 0
2026-09-23 07:55:09 | DEBUG    | tts5703.tts_engine | event=higgs_worker_stderr message=2026-09-23 07:55:09,507 [INFO] sglang.srt.managers.scheduler_components.metrics_reporter: Decode batch, #running-req: 1, #token: 213, token usage: 0.00, cuda graph: True, gen throughput (token/s): 30.82, #queue-req: 0
2026-09-23 07:55:10 | DEBUG    | tts5703.tts_engine | event=higgs_worker_stderr message=2026-09-23 07:55:10,806 [INFO] sglang.srt.managers.scheduler_components.metrics_reporter: Decode batch, #running-req: 1, #token: 253, token usage: 0.00, cuda graph: True, gen throughput (token/s): 30.80, #queue-req: 0
2026-09-23 07:55:12 | DEBUG    | tts5703.tts_engine | event=higgs_worker_stderr message=2026-09-23 07:55:12,105 [INFO] sglang.srt.managers.scheduler_components.metrics_reporter: Decode batch, #running-req: 1, #token: 293, token usage: 0.00, cuda graph: True, gen throughput (token/s): 30.78, #queue-req: 0
2026-09-23 07:55:12 | DEBUG    | tts5703.tts_engine | event=higgs_worker_stderr message=2026-09-23 07:55:12,956 [WARNING] sglang_omni.models.higgs_tts.audio_codec: Higgs codec decode CUDA graph miss for frame count 157; using eager decode
2026-09-23 07:55:13 | DEBUG    | tts5703.tts_engine | event=higgs_worker_stderr message=INFO:     127.0.0.1:53314 - "POST /v1/audio/speech HTTP/1.1" 200 OK
2026-09-23 07:55:13 | DEBUG    | tts5703.tts_engine | event=prepared_turn_tts_complete engine=higgs ordinal=13 output=turn_013.wav bytes=301484
2026-09-23 07:55:13 | DEBUG    | tts5703.tts_engine | event=prepared_turn_tts_start engine=higgs ordinal=14 speaker=spk_010 rate=normal
2026-09-23 07:55:13 | DEBUG    | tts5703.tts_engine | event=higgs_worker_stderr message=2026-09-23 07:55:13,031 [INFO] sglang_omni.pipeline.coordinator: Coordinator submitted req=speech-5360d96e-7363-425c-a9d1-1a7d2f41e51d to preprocessing at ipc:///tmp/sglang_omni/home-li-yanyupingsheng-5703tts-models-higgs-tts-3-4-4q3d28wl/stage_preprocessing.sock
2026-09-23 07:55:13 | DEBUG    | tts5703.tts_engine | event=higgs_worker_stderr message=2026-09-23 07:55:13,085 [INFO] sglang.srt.managers.scheduler_components.metrics_reporter: Prefill batch, #new-seq: 1, #new-token: 95, #cached-token: 137, token usage: 0.00, #running-req: 0, #queue-req: 0, #pending-token: 0, cuda graph: False, input throughput (token/s): 17.51
2026-09-23 07:55:13 | DEBUG    | tts5703.tts_engine | event=higgs_worker_stderr message=2026-09-23 07:55:13,540 [INFO] sglang.srt.managers.scheduler_components.metrics_reporter: Decode batch, #running-req: 1, #token: 246, token usage: 0.00, cuda graph: True, gen throughput (token/s): 27.89, #queue-req: 0
2026-09-23 07:55:14 | DEBUG    | tts5703.tts_engine | event=higgs_worker_stderr message=2026-09-23 07:55:14,841 [INFO] sglang.srt.managers.scheduler_components.metrics_reporter: Decode batch, #running-req: 1, #token: 286, token usage: 0.00, cuda graph: True, gen throughput (token/s): 30.74, #queue-req: 0
2026-09-23 07:55:16 | DEBUG    | tts5703.tts_engine | event=higgs_worker_stderr message=2026-09-23 07:55:16,142 [INFO] sglang.srt.managers.scheduler_components.metrics_reporter: Decode batch, #running-req: 1, #token: 326, token usage: 0.00, cuda graph: True, gen throughput (token/s): 30.74, #queue-req: 0
2026-09-23 07:55:17 | DEBUG    | tts5703.tts_engine | event=higgs_worker_stderr message=2026-09-23 07:55:17,448 [INFO] sglang.srt.managers.scheduler_components.metrics_reporter: Decode batch, #running-req: 1, #token: 366, token usage: 0.00, cuda graph: True, gen throughput (token/s): 30.62, #queue-req: 0
2026-09-23 07:55:18 | DEBUG    | tts5703.tts_engine | event=higgs_worker_stderr message=2026-09-23 07:55:18,755 [INFO] sglang.srt.managers.scheduler_components.metrics_reporter: Decode batch, #running-req: 1, #token: 406, token usage: 0.01, cuda graph: True, gen throughput (token/s): 30.62, #queue-req: 0
2026-09-23 07:55:20 | DEBUG    | tts5703.tts_engine | event=higgs_worker_stderr message=2026-09-23 07:55:20,060 [INFO] sglang.srt.managers.scheduler_components.metrics_reporter: Decode batch, #running-req: 1, #token: 446, token usage: 0.01, cuda graph: True, gen throughput (token/s): 30.64, #queue-req: 0
2026-09-23 07:55:21 | DEBUG    | tts5703.tts_engine | event=higgs_worker_stderr message=2026-09-23 07:55:21,368 [INFO] sglang.srt.managers.scheduler_components.metrics_reporter: Decode batch, #running-req: 1, #token: 486, token usage: 0.01, cuda graph: True, gen throughput (token/s): 30.59, #queue-req: 0
2026-09-23 07:55:22 | DEBUG    | tts5703.tts_engine | event=higgs_worker_stderr message=2026-09-23 07:55:22,675 [INFO] sglang.srt.managers.scheduler_components.metrics_reporter: Decode batch, #running-req: 1, #token: 526, token usage: 0.01, cuda graph: True, gen throughput (token/s): 30.60, #queue-req: 0
2026-09-23 07:55:23 | DEBUG    | tts5703.tts_engine | event=higgs_worker_stderr message=2026-09-23 07:55:23,983 [INFO] sglang.srt.managers.scheduler_components.metrics_reporter: Decode batch, #running-req: 1, #token: 566, token usage: 0.01, cuda graph: True, gen throughput (token/s): 30.57, #queue-req: 0
2026-09-23 07:55:25 | DEBUG    | tts5703.tts_engine | event=higgs_worker_stderr message=2026-09-23 07:55:25,293 [INFO] sglang.srt.managers.scheduler_components.metrics_reporter: Decode batch, #running-req: 1, #token: 606, token usage: 0.01, cuda graph: True, gen throughput (token/s): 30.54, #queue-req: 0
2026-09-23 07:55:26 | DEBUG    | tts5703.tts_engine | event=higgs_worker_stderr message=2026-09-23 07:55:26,606 [INFO] sglang.srt.managers.scheduler_components.metrics_reporter: Decode batch, #running-req: 1, #token: 646, token usage: 0.01, cuda graph: True, gen throughput (token/s): 30.48, #queue-req: 0
2026-09-23 07:55:27 | DEBUG    | tts5703.tts_engine | event=higgs_worker_stderr message=2026-09-23 07:55:27,920 [INFO] sglang.srt.managers.scheduler_components.metrics_reporter: Decode batch, #running-req: 1, #token: 686, token usage: 0.01, cuda graph: True, gen throughput (token/s): 30.44, #queue-req: 0
2026-09-23 07:55:29 | DEBUG    | tts5703.tts_engine | event=higgs_worker_stderr message=2026-09-23 07:55:29,233 [INFO] sglang.srt.managers.scheduler_components.metrics_reporter: Decode batch, #running-req: 1, #token: 726, token usage: 0.01, cuda graph: True, gen throughput (token/s): 30.46, #queue-req: 0
2026-09-23 07:55:30 | DEBUG    | tts5703.tts_engine | event=higgs_worker_stderr message=2026-09-23 07:55:30,546 [INFO] sglang.srt.managers.scheduler_components.metrics_reporter: Decode batch, #running-req: 1, #token: 766, token usage: 0.01, cuda graph: True, gen throughput (token/s): 30.47, #queue-req: 0
2026-09-23 07:55:31 | DEBUG    | tts5703.tts_engine | event=higgs_worker_stderr message=2026-09-23 07:55:31,866 [INFO] sglang.srt.managers.scheduler_components.metrics_reporter: Decode batch, #running-req: 1, #token: 806, token usage: 0.01, cuda graph: True, gen throughput (token/s): 30.29, #queue-req: 0
2026-09-23 07:55:33 | DEBUG    | tts5703.tts_engine | event=higgs_worker_stderr message=2026-09-23 07:55:33,184 [INFO] sglang.srt.managers.scheduler_components.metrics_reporter: Decode batch, #running-req: 1, #token: 846, token usage: 0.01, cuda graph: True, gen throughput (token/s): 30.35, #queue-req: 0
2026-09-23 07:55:34 | DEBUG    | tts5703.tts_engine | event=higgs_worker_stderr message=2026-09-23 07:55:34,502 [INFO] sglang.srt.managers.scheduler_components.metrics_reporter: Decode batch, #running-req: 1, #token: 886, token usage: 0.01, cuda graph: True, gen throughput (token/s): 30.35, #queue-req: 0
2026-09-23 07:55:35 | DEBUG    | tts5703.tts_engine | event=higgs_worker_stderr message=2026-09-23 07:55:35,460 [WARNING] sglang_omni.models.higgs_tts.audio_codec: Higgs codec decode CUDA graph miss for frame count 677; using eager decode
2026-09-23 07:55:35 | DEBUG    | tts5703.tts_engine | event=higgs_worker_stderr message=INFO:     127.0.0.1:53322 - "POST /v1/audio/speech HTTP/1.1" 200 OK
2026-09-23 07:55:35 | DEBUG    | tts5703.tts_engine | event=prepared_turn_tts_complete engine=higgs ordinal=14 output=turn_014.wav bytes=1299884
2026-09-23 07:55:35 | DEBUG    | tts5703.tts_engine | event=prepared_turn_tts_start engine=higgs ordinal=15 speaker=spk_001 rate=normal
2026-09-23 07:55:35 | DEBUG    | tts5703.tts_engine | event=higgs_worker_stderr message=2026-09-23 07:55:35,560 [INFO] sglang_omni.pipeline.coordinator: Coordinator submitted req=speech-7abf9697-59e2-477b-adfd-98dd055fa650 to preprocessing at ipc:///tmp/sglang_omni/home-li-yanyupingsheng-5703tts-models-higgs-tts-3-4-4q3d28wl/stage_preprocessing.sock
2026-09-23 07:55:35 | DEBUG    | tts5703.tts_engine | event=higgs_worker_stderr message=2026-09-23 07:55:35,611 [INFO] sglang.srt.managers.scheduler_components.metrics_reporter: Prefill batch, #new-seq: 1, #new-token: 21, #cached-token: 136, token usage: 0.00, #running-req: 0, #queue-req: 0, #pending-token: 0, cuda graph: False, input throughput (token/s): 0.93
2026-09-23 07:55:35 | DEBUG    | tts5703.tts_engine | event=higgs_worker_stderr message=2026-09-23 07:55:35,970 [INFO] sglang.srt.managers.scheduler_components.metrics_reporter: Decode batch, #running-req: 1, #token: 168, token usage: 0.00, cuda graph: True, gen throughput (token/s): 27.25, #queue-req: 0
2026-09-23 07:55:37 | DEBUG    | tts5703.tts_engine | event=higgs_worker_stderr message=2026-09-23 07:55:37,266 [INFO] sglang.srt.managers.scheduler_components.metrics_reporter: Decode batch, #running-req: 1, #token: 208, token usage: 0.00, cuda graph: True, gen throughput (token/s): 30.86, #queue-req: 0
2026-09-23 07:55:38 | DEBUG    | tts5703.tts_engine | event=higgs_worker_stderr message=2026-09-23 07:55:38,562 [INFO] sglang.srt.managers.scheduler_components.metrics_reporter: Decode batch, #running-req: 1, #token: 248, token usage: 0.00, cuda graph: True, gen throughput (token/s): 30.86, #queue-req: 0
2026-09-23 07:55:39 | DEBUG    | tts5703.tts_engine | event=higgs_worker_stderr message=2026-09-23 07:55:39,863 [INFO] sglang.srt.managers.scheduler_components.metrics_reporter: Decode batch, #running-req: 1, #token: 288, token usage: 0.00, cuda graph: True, gen throughput (token/s): 30.75, #queue-req: 0
2026-09-23 07:55:41 | DEBUG    | tts5703.tts_engine | event=higgs_worker_stderr message=2026-09-23 07:55:41,165 [INFO] sglang.srt.managers.scheduler_components.metrics_reporter: Decode batch, #running-req: 1, #token: 328, token usage: 0.00, cuda graph: True, gen throughput (token/s): 30.72, #queue-req: 0
2026-09-23 07:55:41 | DEBUG    | tts5703.tts_engine | event=higgs_worker_stderr message=2026-09-23 07:55:41,821 [WARNING] sglang_omni.models.higgs_tts.audio_codec: Higgs codec decode CUDA graph miss for frame count 185; using eager decode
2026-09-23 07:55:41 | DEBUG    | tts5703.tts_engine | event=higgs_worker_stderr message=INFO:     127.0.0.1:47180 - "POST /v1/audio/speech HTTP/1.1" 200 OK
2026-09-23 07:55:41 | DEBUG    | tts5703.tts_engine | event=prepared_turn_tts_complete engine=higgs ordinal=15 output=turn_015.wav bytes=355244
2026-09-23 07:55:41 | DEBUG    | tts5703.tts_engine | event=prepared_turn_tts_start engine=higgs ordinal=16 speaker=spk_010 rate=normal
2026-09-23 07:55:41 | DEBUG    | tts5703.tts_engine | event=higgs_worker_stderr message=2026-09-23 07:55:41,904 [INFO] sglang_omni.pipeline.coordinator: Coordinator submitted req=speech-b5cb90fb-5fa6-4bb6-a262-ecbcf958b93f to preprocessing at ipc:///tmp/sglang_omni/home-li-yanyupingsheng-5703tts-models-higgs-tts-3-4-4q3d28wl/stage_preprocessing.sock
2026-09-23 07:55:41 | DEBUG    | tts5703.tts_engine | event=higgs_worker_stderr message=2026-09-23 07:55:41,958 [INFO] sglang.srt.managers.scheduler_components.metrics_reporter: Prefill batch, #new-seq: 1, #new-token: 66, #cached-token: 137, token usage: 0.00, #running-req: 0, #queue-req: 0, #pending-token: 0, cuda graph: False, input throughput (token/s): 10.40
2026-09-23 07:55:42 | DEBUG    | tts5703.tts_engine | event=higgs_worker_stderr message=2026-09-23 07:55:42,607 [INFO] sglang.srt.managers.scheduler_components.metrics_reporter: Decode batch, #running-req: 1, #token: 223, token usage: 0.00, cuda graph: True, gen throughput (token/s): 27.74, #queue-req: 0
2026-09-23 07:55:43 | DEBUG    | tts5703.tts_engine | event=higgs_worker_stderr message=2026-09-23 07:55:43,912 [INFO] sglang.srt.managers.scheduler_components.metrics_reporter: Decode batch, #running-req: 1, #token: 263, token usage: 0.00, cuda graph: True, gen throughput (token/s): 30.65, #queue-req: 0
2026-09-23 07:55:45 | DEBUG    | tts5703.tts_engine | event=higgs_worker_stderr message=2026-09-23 07:55:45,216 [INFO] sglang.srt.managers.scheduler_components.metrics_reporter: Decode batch, #running-req: 1, #token: 303, token usage: 0.00, cuda graph: True, gen throughput (token/s): 30.68, #queue-req: 0
2026-09-23 07:55:46 | DEBUG    | tts5703.tts_engine | event=higgs_worker_stderr message=2026-09-23 07:55:46,519 [INFO] sglang.srt.managers.scheduler_components.metrics_reporter: Decode batch, #running-req: 1, #token: 343, token usage: 0.00, cuda graph: True, gen throughput (token/s): 30.69, #queue-req: 0
2026-09-23 07:55:47 | DEBUG    | tts5703.tts_engine | event=higgs_worker_stderr message=2026-09-23 07:55:47,827 [INFO] sglang.srt.managers.scheduler_components.metrics_reporter: Decode batch, #running-req: 1, #token: 383, token usage: 0.00, cuda graph: True, gen throughput (token/s): 30.60, #queue-req: 0
2026-09-23 07:55:49 | DEBUG    | tts5703.tts_engine | event=higgs_worker_stderr message=2026-09-23 07:55:49,133 [INFO] sglang.srt.managers.scheduler_components.metrics_reporter: Decode batch, #running-req: 1, #token: 423, token usage: 0.01, cuda graph: True, gen throughput (token/s): 30.63, #queue-req: 0
2026-09-23 07:55:50 | DEBUG    | tts5703.tts_engine | event=higgs_worker_stderr message=2026-09-23 07:55:50,437 [INFO] sglang.srt.managers.scheduler_components.metrics_reporter: Decode batch, #running-req: 1, #token: 463, token usage: 0.01, cuda graph: True, gen throughput (token/s): 30.68, #queue-req: 0
2026-09-23 07:55:51 | DEBUG    | tts5703.tts_engine | event=higgs_worker_stderr message=2026-09-23 07:55:51,742 [INFO] sglang.srt.managers.scheduler_components.metrics_reporter: Decode batch, #running-req: 1, #token: 503, token usage: 0.01, cuda graph: True, gen throughput (token/s): 30.63, #queue-req: 0
2026-09-23 07:55:53 | DEBUG    | tts5703.tts_engine | event=higgs_worker_stderr message=2026-09-23 07:55:53,049 [INFO] sglang.srt.managers.scheduler_components.metrics_reporter: Decode batch, #running-req: 1, #token: 543, token usage: 0.01, cuda graph: True, gen throughput (token/s): 30.61, #queue-req: 0
2026-09-23 07:55:54 | DEBUG    | tts5703.tts_engine | event=higgs_worker_stderr message=2026-09-23 07:55:54,356 [INFO] sglang.srt.managers.scheduler_components.metrics_reporter: Decode batch, #running-req: 1, #token: 583, token usage: 0.01, cuda graph: True, gen throughput (token/s): 30.60, #queue-req: 0
2026-09-23 07:55:55 | DEBUG    | tts5703.tts_engine | event=higgs_worker_stderr message=2026-09-23 07:55:55,667 [INFO] sglang.srt.managers.scheduler_components.metrics_reporter: Decode batch, #running-req: 1, #token: 623, token usage: 0.01, cuda graph: True, gen throughput (token/s): 30.52, #queue-req: 0
2026-09-23 07:55:56 | DEBUG    | tts5703.tts_engine | event=higgs_worker_stderr message=2026-09-23 07:55:56,979 [INFO] sglang.srt.managers.scheduler_components.metrics_reporter: Decode batch, #running-req: 1, #token: 663, token usage: 0.01, cuda graph: True, gen throughput (token/s): 30.49, #queue-req: 0
2026-09-23 07:55:58 | DEBUG    | tts5703.tts_engine | event=higgs_worker_stderr message=2026-09-23 07:55:58,290 [INFO] sglang.srt.managers.scheduler_components.metrics_reporter: Decode batch, #running-req: 1, #token: 703, token usage: 0.01, cuda graph: True, gen throughput (token/s): 30.50, #queue-req: 0
2026-09-23 07:55:59 | DEBUG    | tts5703.tts_engine | event=higgs_worker_stderr message=2026-09-23 07:55:59,114 [WARNING] sglang_omni.models.higgs_tts.audio_codec: Higgs codec decode CUDA graph miss for frame count 519; using eager decode
2026-09-23 07:55:59 | DEBUG    | tts5703.tts_engine | event=higgs_worker_stderr message=INFO:     127.0.0.1:42516 - "POST /v1/audio/speech HTTP/1.1" 200 OK
2026-09-23 07:55:59 | DEBUG    | tts5703.tts_engine | event=prepared_turn_tts_complete engine=higgs ordinal=16 output=turn_016.wav bytes=996524
2026-09-23 07:55:59 | DEBUG    | tts5703.tts_engine | event=prepared_turn_tts_start engine=higgs ordinal=17 speaker=spk_001 rate=normal
2026-09-23 07:55:59 | DEBUG    | tts5703.tts_engine | event=higgs_worker_stderr message=2026-09-23 07:55:59,198 [INFO] sglang_omni.pipeline.coordinator: Coordinator submitted req=speech-c9146bb0-cf43-49bd-b75e-188f52ecec25 to preprocessing at ipc:///tmp/sglang_omni/home-li-yanyupingsheng-5703tts-models-higgs-tts-3-4-4q3d28wl/stage_preprocessing.sock
2026-09-23 07:55:59 | DEBUG    | tts5703.tts_engine | event=higgs_worker_stderr message=2026-09-23 07:55:59,199 [INFO] sglang_omni.scheduling.reference_encoder: Higgs ref cache reference encode stats: {'hits': 42, 'misses': 5, 'merged': 0, 'entries': 5, 'bytes': 21248, 'evictions': 0, 'failed': 0, 'uncacheable': 0, 'batches': 0, 'batched_items': 0}
2026-09-23 07:55:59 | DEBUG    | tts5703.tts_engine | event=higgs_worker_stderr message=2026-09-23 07:55:59,248 [INFO] sglang.srt.managers.scheduler_components.metrics_reporter: Prefill batch, #new-seq: 1, #new-token: 20, #cached-token: 134, token usage: 0.00, #running-req: 0, #queue-req: 0, #pending-token: 0, cuda graph: False, input throughput (token/s): 1.16
2026-09-23 07:55:59 | DEBUG    | tts5703.tts_engine | event=higgs_worker_stderr message=2026-09-23 07:55:59,733 [INFO] sglang.srt.managers.scheduler_components.metrics_reporter: Decode batch, #running-req: 1, #token: 169, token usage: 0.00, cuda graph: True, gen throughput (token/s): 27.73, #queue-req: 0
2026-09-23 07:56:01 | DEBUG    | tts5703.tts_engine | event=higgs_worker_stderr message=2026-09-23 07:56:01,029 [INFO] sglang.srt.managers.scheduler_components.metrics_reporter: Decode batch, #running-req: 1, #token: 209, token usage: 0.00, cuda graph: True, gen throughput (token/s): 30.86, #queue-req: 0
2026-09-23 07:56:02 | DEBUG    | tts5703.tts_engine | event=higgs_worker_stderr message=2026-09-23 07:56:02,324 [INFO] sglang.srt.managers.scheduler_components.metrics_reporter: Decode batch, #running-req: 1, #token: 249, token usage: 0.00, cuda graph: True, gen throughput (token/s): 30.89, #queue-req: 0
2026-09-23 07:56:03 | DEBUG    | tts5703.tts_engine | event=higgs_worker_stderr message=2026-09-23 07:56:03,625 [INFO] sglang.srt.managers.scheduler_components.metrics_reporter: Decode batch, #running-req: 1, #token: 289, token usage: 0.00, cuda graph: True, gen throughput (token/s): 30.74, #queue-req: 0
2026-09-23 07:56:04 | DEBUG    | tts5703.tts_engine | event=higgs_worker_stderr message=2026-09-23 07:56:04,512 [WARNING] sglang_omni.models.higgs_tts.audio_codec: Higgs codec decode CUDA graph miss for frame count 156; using eager decode
2026-09-23 07:56:04 | DEBUG    | tts5703.tts_engine | event=higgs_worker_stderr message=INFO:     127.0.0.1:38648 - "POST /v1/audio/speech HTTP/1.1" 200 OK
2026-09-23 07:56:04 | DEBUG    | tts5703.tts_engine | event=prepared_turn_tts_complete engine=higgs ordinal=17 output=turn_017.wav bytes=299564
2026-09-23 07:56:04 | DEBUG    | tts5703.tts_engine | event=prepared_turn_tts_start engine=higgs ordinal=18 speaker=spk_010 rate=normal
2026-09-23 07:56:04 | DEBUG    | tts5703.tts_engine | event=higgs_worker_stderr message=2026-09-23 07:56:04,590 [INFO] sglang_omni.pipeline.coordinator: Coordinator submitted req=speech-120dd799-f4c5-4acc-bb6d-41d82919c696 to preprocessing at ipc:///tmp/sglang_omni/home-li-yanyupingsheng-5703tts-models-higgs-tts-3-4-4q3d28wl/stage_preprocessing.sock
2026-09-23 07:56:04 | DEBUG    | tts5703.tts_engine | event=higgs_worker_stderr message=2026-09-23 07:56:04,643 [INFO] sglang.srt.managers.scheduler_components.metrics_reporter: Prefill batch, #new-seq: 1, #new-token: 63, #cached-token: 137, token usage: 0.00, #running-req: 0, #queue-req: 0, #pending-token: 0, cuda graph: False, input throughput (token/s): 11.68
2026-09-23 07:56:05 | DEBUG    | tts5703.tts_engine | event=higgs_worker_stderr message=2026-09-23 07:56:05,067 [INFO] sglang.srt.managers.scheduler_components.metrics_reporter: Decode batch, #running-req: 1, #token: 213, token usage: 0.00, cuda graph: True, gen throughput (token/s): 27.74, #queue-req: 0
2026-09-23 07:56:06 | DEBUG    | tts5703.tts_engine | event=higgs_worker_stderr message=2026-09-23 07:56:06,367 [INFO] sglang.srt.managers.scheduler_components.metrics_reporter: Decode batch, #running-req: 1, #token: 253, token usage: 0.00, cuda graph: True, gen throughput (token/s): 30.76, #queue-req: 0
2026-09-23 07:56:07 | DEBUG    | tts5703.tts_engine | event=higgs_worker_stderr message=2026-09-23 07:56:07,669 [INFO] sglang.srt.managers.scheduler_components.metrics_reporter: Decode batch, #running-req: 1, #token: 293, token usage: 0.00, cuda graph: True, gen throughput (token/s): 30.74, #queue-req: 0
2026-09-23 07:56:08 | DEBUG    | tts5703.tts_engine | event=higgs_worker_stderr message=2026-09-23 07:56:08,970 [INFO] sglang.srt.managers.scheduler_components.metrics_reporter: Decode batch, #running-req: 1, #token: 333, token usage: 0.00, cuda graph: True, gen throughput (token/s): 30.73, #queue-req: 0
2026-09-23 07:56:10 | DEBUG    | tts5703.tts_engine | event=higgs_worker_stderr message=2026-09-23 07:56:10,276 [INFO] sglang.srt.managers.scheduler_components.metrics_reporter: Decode batch, #running-req: 1, #token: 373, token usage: 0.00, cuda graph: True, gen throughput (token/s): 30.64, #queue-req: 0
2026-09-23 07:56:11 | DEBUG    | tts5703.tts_engine | event=higgs_worker_stderr message=2026-09-23 07:56:11,584 [INFO] sglang.srt.managers.scheduler_components.metrics_reporter: Decode batch, #running-req: 1, #token: 413, token usage: 0.01, cuda graph: True, gen throughput (token/s): 30.57, #queue-req: 0
2026-09-23 07:56:12 | DEBUG    | tts5703.tts_engine | event=higgs_worker_stderr message=2026-09-23 07:56:12,895 [INFO] sglang.srt.managers.scheduler_components.metrics_reporter: Decode batch, #running-req: 1, #token: 453, token usage: 0.01, cuda graph: True, gen throughput (token/s): 30.53, #queue-req: 0
2026-09-23 07:56:14 | DEBUG    | tts5703.tts_engine | event=higgs_worker_stderr message=2026-09-23 07:56:14,204 [INFO] sglang.srt.managers.scheduler_components.metrics_reporter: Decode batch, #running-req: 1, #token: 493, token usage: 0.01, cuda graph: True, gen throughput (token/s): 30.54, #queue-req: 0
2026-09-23 07:56:15 | DEBUG    | tts5703.tts_engine | event=higgs_worker_stderr message=2026-09-23 07:56:15,514 [INFO] sglang.srt.managers.scheduler_components.metrics_reporter: Decode batch, #running-req: 1, #token: 533, token usage: 0.01, cuda graph: True, gen throughput (token/s): 30.54, #queue-req: 0
2026-09-23 07:56:16 | DEBUG    | tts5703.tts_engine | event=higgs_worker_stderr message=2026-09-23 07:56:16,822 [INFO] sglang.srt.managers.scheduler_components.metrics_reporter: Decode batch, #running-req: 1, #token: 573, token usage: 0.01, cuda graph: True, gen throughput (token/s): 30.57, #queue-req: 0
2026-09-23 07:56:18 | DEBUG    | tts5703.tts_engine | event=higgs_worker_stderr message=2026-09-23 07:56:18,133 [INFO] sglang.srt.managers.scheduler_components.metrics_reporter: Decode batch, #running-req: 1, #token: 613, token usage: 0.01, cuda graph: True, gen throughput (token/s): 30.52, #queue-req: 0
2026-09-23 07:56:19 | DEBUG    | tts5703.tts_engine | event=higgs_worker_stderr message=2026-09-23 07:56:19,445 [INFO] sglang.srt.managers.scheduler_components.metrics_reporter: Decode batch, #running-req: 1, #token: 653, token usage: 0.01, cuda graph: True, gen throughput (token/s): 30.50, #queue-req: 0
2026-09-23 07:56:20 | DEBUG    | tts5703.tts_engine | event=higgs_worker_stderr message=2026-09-23 07:56:20,755 [INFO] sglang.srt.managers.scheduler_components.metrics_reporter: Decode batch, #running-req: 1, #token: 693, token usage: 0.01, cuda graph: True, gen throughput (token/s): 30.52, #queue-req: 0
2026-09-23 07:56:20 | DEBUG    | tts5703.tts_engine | event=higgs_worker_stderr message=2026-09-23 07:56:20,792 [WARNING] sglang_omni.models.higgs_tts.audio_codec: Higgs codec decode CUDA graph miss for frame count 488; using eager decode
2026-09-23 07:56:20 | DEBUG    | tts5703.tts_engine | event=higgs_worker_stderr message=INFO:     127.0.0.1:38654 - "POST /v1/audio/speech HTTP/1.1" 200 OK
2026-09-23 07:56:20 | DEBUG    | tts5703.tts_engine | event=prepared_turn_tts_complete engine=higgs ordinal=18 output=turn_018.wav bytes=937004
2026-09-23 07:56:20 | DEBUG    | tts5703.tts_engine | event=prepared_turn_tts_start engine=higgs ordinal=19 speaker=spk_001 rate=normal
2026-09-23 07:56:20 | DEBUG    | tts5703.tts_engine | event=higgs_worker_stderr message=2026-09-23 07:56:20,873 [INFO] sglang_omni.pipeline.coordinator: Coordinator submitted req=speech-594be29e-4a57-4bac-af93-bae53cb414fe to preprocessing at ipc:///tmp/sglang_omni/home-li-yanyupingsheng-5703tts-models-higgs-tts-3-4-4q3d28wl/stage_preprocessing.sock
2026-09-23 07:56:20 | DEBUG    | tts5703.tts_engine | event=higgs_worker_stderr message=2026-09-23 07:56:20,924 [INFO] sglang.srt.managers.scheduler_components.metrics_reporter: Prefill batch, #new-seq: 1, #new-token: 38, #cached-token: 134, token usage: 0.00, #running-req: 0, #queue-req: 0, #pending-token: 0, cuda graph: False, input throughput (token/s): 2.33
2026-09-23 07:56:22 | DEBUG    | tts5703.tts_engine | event=higgs_worker_stderr message=2026-09-23 07:56:22,187 [INFO] sglang.srt.managers.scheduler_components.metrics_reporter: Decode batch, #running-req: 1, #token: 211, token usage: 0.00, cuda graph: True, gen throughput (token/s): 27.95, #queue-req: 0
2026-09-23 07:56:23 | DEBUG    | tts5703.tts_engine | event=higgs_worker_stderr message=2026-09-23 07:56:23,481 [INFO] sglang.srt.managers.scheduler_components.metrics_reporter: Decode batch, #running-req: 1, #token: 251, token usage: 0.00, cuda graph: True, gen throughput (token/s): 30.90, #queue-req: 0
2026-09-23 07:56:24 | DEBUG    | tts5703.tts_engine | event=higgs_worker_stderr message=2026-09-23 07:56:24,769 [INFO] sglang.srt.managers.scheduler_components.metrics_reporter: Decode batch, #running-req: 1, #token: 291, token usage: 0.00, cuda graph: True, gen throughput (token/s): 31.07, #queue-req: 0
2026-09-23 07:56:26 | DEBUG    | tts5703.tts_engine | event=higgs_worker_stderr message=2026-09-23 07:56:26,056 [INFO] sglang.srt.managers.scheduler_components.metrics_reporter: Decode batch, #running-req: 1, #token: 331, token usage: 0.00, cuda graph: True, gen throughput (token/s): 31.08, #queue-req: 0
2026-09-23 07:56:27 | DEBUG    | tts5703.tts_engine | event=higgs_worker_stderr message=2026-09-23 07:56:27,346 [INFO] sglang.srt.managers.scheduler_components.metrics_reporter: Decode batch, #running-req: 1, #token: 371, token usage: 0.00, cuda graph: True, gen throughput (token/s): 31.01, #queue-req: 0
2026-09-23 07:56:28 | DEBUG    | tts5703.tts_engine | event=higgs_worker_stderr message=2026-09-23 07:56:28,636 [INFO] sglang.srt.managers.scheduler_components.metrics_reporter: Decode batch, #running-req: 1, #token: 411, token usage: 0.01, cuda graph: True, gen throughput (token/s): 31.01, #queue-req: 0
2026-09-23 07:56:29 | DEBUG    | tts5703.tts_engine | event=higgs_worker_stderr message=2026-09-23 07:56:29,188 [WARNING] sglang_omni.models.higgs_tts.audio_codec: Higgs codec decode CUDA graph miss for frame count 250; using eager decode
2026-09-23 07:56:29 | DEBUG    | tts5703.tts_engine | event=higgs_worker_stderr message=INFO:     127.0.0.1:35236 - "POST /v1/audio/speech HTTP/1.1" 200 OK
2026-09-23 07:56:29 | DEBUG    | tts5703.tts_engine | event=prepared_turn_tts_complete engine=higgs ordinal=19 output=turn_019.wav bytes=480044
2026-09-23 07:56:31 | INFO     | tts5703.pipeline | event=final_dialogue_pipeline_complete dialogue=corpus_v1_000014 passed=True elapsed_sec=201.96
2026-09-23 07:56:32 | DEBUG    | tts5703.tts_engine | event=prepared_turn_tts_start engine=higgs ordinal=1 speaker=spk_009 rate=fast
2026-09-23 07:56:32 | DEBUG    | tts5703.tts_engine | event=higgs_worker_stderr message=2026-09-23 07:56:32,070 [INFO] sglang_omni.pipeline.coordinator: Coordinator submitted req=speech-ec6a1987-a3d1-4ed9-9c52-71abe42c5251 to preprocessing at ipc:///tmp/sglang_omni/home-li-yanyupingsheng-5703tts-models-higgs-tts-3-4-4q3d28wl/stage_preprocessing.sock
2026-09-23 07:56:32 | DEBUG    | tts5703.tts_engine | event=higgs_worker_stderr message=2026-09-23 07:56:32,121 [INFO] sglang.srt.managers.scheduler_components.metrics_reporter: Prefill batch, #new-seq: 1, #new-token: 39, #cached-token: 138, token usage: 0.00, #running-req: 0, #queue-req: 0, #pending-token: 0, cuda graph: False, input throughput (token/s): 3.48
2026-09-23 07:56:32 | DEBUG    | tts5703.tts_engine | event=higgs_worker_stderr message=2026-09-23 07:56:32,860 [INFO] sglang.srt.managers.scheduler_components.metrics_reporter: Decode batch, #running-req: 1, #token: 200, token usage: 0.00, cuda graph: True, gen throughput (token/s): 9.47, #queue-req: 0
2026-09-23 07:56:34 | DEBUG    | tts5703.tts_engine | event=higgs_worker_stderr message=2026-09-23 07:56:34,143 [INFO] sglang.srt.managers.scheduler_components.metrics_reporter: Decode batch, #running-req: 1, #token: 240, token usage: 0.00, cuda graph: True, gen throughput (token/s): 31.18, #queue-req: 0
2026-09-23 07:56:35 | DEBUG    | tts5703.tts_engine | event=higgs_worker_stderr message=2026-09-23 07:56:35,428 [INFO] sglang.srt.managers.scheduler_components.metrics_reporter: Decode batch, #running-req: 1, #token: 280, token usage: 0.00, cuda graph: True, gen throughput (token/s): 31.13, #queue-req: 0
2026-09-23 07:56:36 | DEBUG    | tts5703.tts_engine | event=higgs_worker_stderr message=2026-09-23 07:56:36,722 [INFO] sglang.srt.managers.scheduler_components.metrics_reporter: Decode batch, #running-req: 1, #token: 320, token usage: 0.00, cuda graph: True, gen throughput (token/s): 30.92, #queue-req: 0
2026-09-23 07:56:38 | DEBUG    | tts5703.tts_engine | event=higgs_worker_stderr message=2026-09-23 07:56:38,014 [INFO] sglang.srt.managers.scheduler_components.metrics_reporter: Decode batch, #running-req: 1, #token: 360, token usage: 0.00, cuda graph: True, gen throughput (token/s): 30.95, #queue-req: 0
2026-09-23 07:56:39 | DEBUG    | tts5703.tts_engine | event=higgs_worker_stderr message=2026-09-23 07:56:39,022 [WARNING] sglang_omni.models.higgs_tts.audio_codec: Higgs codec decode CUDA graph miss for frame count 208; using eager decode
2026-09-23 07:56:39 | DEBUG    | tts5703.tts_engine | event=higgs_worker_stderr message=INFO:     127.0.0.1:36830 - "POST /v1/audio/speech HTTP/1.1" 200 OK
2026-09-23 07:56:39 | DEBUG    | tts5703.tts_engine | event=prepared_turn_tts_complete engine=higgs ordinal=1 output=turn_001.wav bytes=348094
2026-09-23 07:56:39 | DEBUG    | tts5703.tts_engine | event=prepared_turn_tts_start engine=higgs ordinal=2 speaker=spk_010 rate=slow
2026-09-23 07:56:39 | DEBUG    | tts5703.tts_engine | event=higgs_worker_stderr message=2026-09-23 07:56:39,174 [INFO] sglang_omni.pipeline.coordinator: Coordinator submitted req=speech-6fa35b62-2d2c-493a-a51d-62325853a637 to preprocessing at ipc:///tmp/sglang_omni/home-li-yanyupingsheng-5703tts-models-higgs-tts-3-4-4q3d28wl/stage_preprocessing.sock
2026-09-23 07:56:39 | DEBUG    | tts5703.tts_engine | event=higgs_worker_stderr message=2026-09-23 07:56:39,226 [INFO] sglang.srt.managers.scheduler_components.metrics_reporter: Prefill batch, #new-seq: 1, #new-token: 35, #cached-token: 137, token usage: 0.00, #running-req: 0, #queue-req: 0, #pending-token: 0, cuda graph: False, input throughput (token/s): 4.93
2026-09-23 07:56:39 | DEBUG    | tts5703.tts_engine | event=higgs_worker_stderr message=2026-09-23 07:56:39,517 [INFO] sglang.srt.managers.scheduler_components.metrics_reporter: Decode batch, #running-req: 1, #token: 181, token usage: 0.00, cuda graph: True, gen throughput (token/s): 26.61, #queue-req: 0
2026-09-23 07:56:40 | DEBUG    | tts5703.tts_engine | event=higgs_worker_stderr message=2026-09-23 07:56:40,799 [INFO] sglang.srt.managers.scheduler_components.metrics_reporter: Decode batch, #running-req: 1, #token: 221, token usage: 0.00, cuda graph: True, gen throughput (token/s): 31.21, #queue-req: 0
2026-09-23 07:56:42 | DEBUG    | tts5703.tts_engine | event=higgs_worker_stderr message=2026-09-23 07:56:42,085 [INFO] sglang.srt.managers.scheduler_components.metrics_reporter: Decode batch, #running-req: 1, #token: 261, token usage: 0.00, cuda graph: True, gen throughput (token/s): 31.10, #queue-req: 0
2026-09-23 07:56:43 | DEBUG    | tts5703.tts_engine | event=higgs_worker_stderr message=2026-09-23 07:56:43,373 [INFO] sglang.srt.managers.scheduler_components.metrics_reporter: Decode batch, #running-req: 1, #token: 301, token usage: 0.00, cuda graph: True, gen throughput (token/s): 31.06, #queue-req: 0
2026-09-23 07:56:44 | DEBUG    | tts5703.tts_engine | event=higgs_worker_stderr message=2026-09-23 07:56:44,666 [INFO] sglang.srt.managers.scheduler_components.metrics_reporter: Decode batch, #running-req: 1, #token: 341, token usage: 0.00, cuda graph: True, gen throughput (token/s): 30.93, #queue-req: 0
2026-09-23 07:56:45 | DEBUG    | tts5703.tts_engine | event=higgs_worker_stderr message=2026-09-23 07:56:45,766 [WARNING] sglang_omni.models.higgs_tts.audio_codec: Higgs codec decode CUDA graph miss for frame count 197; using eager decode
2026-09-23 07:56:45 | DEBUG    | tts5703.tts_engine | event=higgs_worker_stderr message=INFO:     127.0.0.1:36450 - "POST /v1/audio/speech HTTP/1.1" 200 OK
2026-09-23 07:56:45 | DEBUG    | tts5703.tts_engine | event=prepared_turn_tts_complete engine=higgs ordinal=2 output=turn_002.wav bytes=444372
2026-09-23 07:56:45 | DEBUG    | tts5703.tts_engine | event=prepared_turn_tts_start engine=higgs ordinal=3 speaker=spk_009 rate=slow
2026-09-23 07:56:45 | DEBUG    | tts5703.tts_engine | event=higgs_worker_stderr message=2026-09-23 07:56:45,927 [INFO] sglang_omni.pipeline.coordinator: Coordinator submitted req=speech-85c90cb6-002a-40f8-88ee-6da00c15b65e to preprocessing at ipc:///tmp/sglang_omni/home-li-yanyupingsheng-5703tts-models-higgs-tts-3-4-4q3d28wl/stage_preprocessing.sock
2026-09-23 07:56:45 | DEBUG    | tts5703.tts_engine | event=higgs_worker_stderr message=2026-09-23 07:56:45,978 [INFO] sglang.srt.managers.scheduler_components.metrics_reporter: Prefill batch, #new-seq: 1, #new-token: 25, #cached-token: 138, token usage: 0.00, #running-req: 0, #queue-req: 0, #pending-token: 0, cuda graph: False, input throughput (token/s): 3.70
2026-09-23 07:56:46 | DEBUG    | tts5703.tts_engine | event=higgs_worker_stderr message=2026-09-23 07:56:46,170 [INFO] sglang.srt.managers.scheduler_components.metrics_reporter: Decode batch, #running-req: 1, #token: 169, token usage: 0.00, cuda graph: True, gen throughput (token/s): 26.59, #queue-req: 0
2026-09-23 07:56:47 | DEBUG    | tts5703.tts_engine | event=higgs_worker_stderr message=2026-09-23 07:56:47,459 [INFO] sglang.srt.managers.scheduler_components.metrics_reporter: Decode batch, #running-req: 1, #token: 209, token usage: 0.00, cuda graph: True, gen throughput (token/s): 31.04, #queue-req: 0
2026-09-23 07:56:48 | DEBUG    | tts5703.tts_engine | event=higgs_worker_stderr message=2026-09-23 07:56:48,743 [INFO] sglang.srt.managers.scheduler_components.metrics_reporter: Decode batch, #running-req: 1, #token: 249, token usage: 0.00, cuda graph: True, gen throughput (token/s): 31.15, #queue-req: 0
2026-09-23 07:56:50 | DEBUG    | tts5703.tts_engine | event=higgs_worker_stderr message=2026-09-23 07:56:50,034 [INFO] sglang.srt.managers.scheduler_components.metrics_reporter: Decode batch, #running-req: 1, #token: 289, token usage: 0.00, cuda graph: True, gen throughput (token/s): 30.99, #queue-req: 0
2026-09-23 07:56:50 | DEBUG    | tts5703.tts_engine | event=higgs_worker_stderr message=INFO:     127.0.0.1:36460 - "POST /v1/audio/speech HTTP/1.1" 200 OK
2026-09-23 07:56:50 | DEBUG    | tts5703.tts_engine | event=prepared_turn_tts_complete engine=higgs ordinal=3 output=turn_003.wav bytes=284122
2026-09-23 07:56:50 | DEBUG    | tts5703.tts_engine | event=prepared_turn_tts_start engine=higgs ordinal=4 speaker=spk_010 rate=slow
2026-09-23 07:56:50 | DEBUG    | tts5703.tts_engine | event=higgs_worker_stderr message=2026-09-23 07:56:50,318 [INFO] sglang_omni.pipeline.coordinator: Coordinator submitted req=speech-144e1275-cee2-4896-8f3b-567a2d5d285d to preprocessing at ipc:///tmp/sglang_omni/home-li-yanyupingsheng-5703tts-models-higgs-tts-3-4-4q3d28wl/stage_preprocessing.sock
2026-09-23 07:56:50 | DEBUG    | tts5703.tts_engine | event=higgs_worker_stderr message=2026-09-23 07:56:50,371 [INFO] sglang.srt.managers.scheduler_components.metrics_reporter: Prefill batch, #new-seq: 1, #new-token: 42, #cached-token: 137, token usage: 0.00, #running-req: 0, #queue-req: 0, #pending-token: 0, cuda graph: False, input throughput (token/s): 9.56
2026-09-23 07:56:51 | DEBUG    | tts5703.tts_engine | event=higgs_worker_stderr message=2026-09-23 07:56:51,464 [INFO] sglang.srt.managers.scheduler_components.metrics_reporter: Decode batch, #running-req: 1, #token: 213, token usage: 0.00, cuda graph: True, gen throughput (token/s): 27.97, #queue-req: 0
2026-09-23 07:56:52 | DEBUG    | tts5703.tts_engine | event=higgs_worker_stderr message=2026-09-23 07:56:52,750 [INFO] sglang.srt.managers.scheduler_components.metrics_reporter: Decode batch, #running-req: 1, #token: 253, token usage: 0.00, cuda graph: True, gen throughput (token/s): 31.11, #queue-req: 0
2026-09-23 07:56:54 | DEBUG    | tts5703.tts_engine | event=higgs_worker_stderr message=2026-09-23 07:56:54,038 [INFO] sglang.srt.managers.scheduler_components.metrics_reporter: Decode batch, #running-req: 1, #token: 293, token usage: 0.00, cuda graph: True, gen throughput (token/s): 31.06, #queue-req: 0
2026-09-23 07:56:55 | DEBUG    | tts5703.tts_engine | event=higgs_worker_stderr message=2026-09-23 07:56:55,327 [INFO] sglang.srt.managers.scheduler_components.metrics_reporter: Decode batch, #running-req: 1, #token: 333, token usage: 0.00, cuda graph: True, gen throughput (token/s): 31.02, #queue-req: 0
2026-09-23 07:56:56 | DEBUG    | tts5703.tts_engine | event=higgs_worker_stderr message=2026-09-23 07:56:56,618 [INFO] sglang.srt.managers.scheduler_components.metrics_reporter: Decode batch, #running-req: 1, #token: 373, token usage: 0.00, cuda graph: True, gen throughput (token/s): 30.98, #queue-req: 0
2026-09-23 07:56:57 | DEBUG    | tts5703.tts_engine | event=higgs_worker_stderr message=2026-09-23 07:56:57,910 [INFO] sglang.srt.managers.scheduler_components.metrics_reporter: Decode batch, #running-req: 1, #token: 413, token usage: 0.01, cuda graph: True, gen throughput (token/s): 30.97, #queue-req: 0
2026-09-23 07:56:59 | DEBUG    | tts5703.tts_engine | event=higgs_worker_stderr message=2026-09-23 07:56:59,144 [WARNING] sglang_omni.models.higgs_tts.audio_codec: Higgs codec decode CUDA graph miss for frame count 266; using eager decode
2026-09-23 07:56:59 | DEBUG    | tts5703.tts_engine | event=higgs_worker_stderr message=INFO:     127.0.0.1:59606 - "POST /v1/audio/speech HTTP/1.1" 200 OK
2026-09-23 07:56:59 | DEBUG    | tts5703.tts_engine | event=prepared_turn_tts_complete engine=higgs ordinal=4 output=turn_004.wav bytes=600240
2026-09-23 07:56:59 | DEBUG    | tts5703.tts_engine | event=prepared_turn_tts_start engine=higgs ordinal=5 speaker=spk_009 rate=normal
2026-09-23 07:56:59 | DEBUG    | tts5703.tts_engine | event=higgs_worker_stderr message=2026-09-23 07:56:59,306 [INFO] sglang_omni.pipeline.coordinator: Coordinator submitted req=speech-d7eee1fe-3c1b-4d44-9588-eb62a6fe837d to preprocessing at ipc:///tmp/sglang_omni/home-li-yanyupingsheng-5703tts-models-higgs-tts-3-4-4q3d28wl/stage_preprocessing.sock
2026-09-23 07:56:59 | DEBUG    | tts5703.tts_engine | event=higgs_worker_stderr message=2026-09-23 07:56:59,307 [INFO] sglang_omni.scheduling.reference_encoder: Higgs ref cache reference encode stats: {'hits': 49, 'misses': 5, 'merged': 0, 'entries': 5, 'bytes': 21248, 'evictions': 0, 'failed': 0, 'uncacheable': 0, 'batches': 0, 'batched_items': 0}
2026-09-23 07:56:59 | DEBUG    | tts5703.tts_engine | event=higgs_worker_stderr message=2026-09-23 07:56:59,359 [INFO] sglang.srt.managers.scheduler_components.metrics_reporter: Prefill batch, #new-seq: 1, #new-token: 24, #cached-token: 142, token usage: 0.00, #running-req: 0, #queue-req: 0, #pending-token: 0, cuda graph: False, input throughput (token/s): 2.67
2026-09-23 07:56:59 | DEBUG    | tts5703.tts_engine | event=higgs_worker_stderr message=2026-09-23 07:56:59,424 [INFO] sglang.srt.managers.scheduler_components.metrics_reporter: Decode batch, #running-req: 1, #token: 168, token usage: 0.00, cuda graph: True, gen throughput (token/s): 26.42, #queue-req: 0
2026-09-23 07:57:00 | DEBUG    | tts5703.tts_engine | event=higgs_worker_stderr message=2026-09-23 07:57:00,710 [INFO] sglang.srt.managers.scheduler_components.metrics_reporter: Decode batch, #running-req: 1, #token: 208, token usage: 0.00, cuda graph: True, gen throughput (token/s): 31.10, #queue-req: 0
2026-09-23 07:57:01 | DEBUG    | tts5703.tts_engine | event=higgs_worker_stderr message=2026-09-23 07:57:01,996 [INFO] sglang.srt.managers.scheduler_components.metrics_reporter: Decode batch, #running-req: 1, #token: 248, token usage: 0.00, cuda graph: True, gen throughput (token/s): 31.09, #queue-req: 0
2026-09-23 07:57:03 | DEBUG    | tts5703.tts_engine | event=higgs_worker_stderr message=2026-09-23 07:57:03,284 [INFO] sglang.srt.managers.scheduler_components.metrics_reporter: Decode batch, #running-req: 1, #token: 288, token usage: 0.00, cuda graph: True, gen throughput (token/s): 31.06, #queue-req: 0
2026-09-23 07:57:03 | DEBUG    | tts5703.tts_engine | event=higgs_worker_stderr message=INFO:     127.0.0.1:59698 - "POST /v1/audio/speech HTTP/1.1" 200 OK
2026-09-23 07:57:03 | DEBUG    | tts5703.tts_engine | event=prepared_turn_tts_complete engine=higgs ordinal=5 output=turn_005.wav bytes=230444
2026-09-23 07:57:03 | DEBUG    | tts5703.tts_engine | event=prepared_turn_tts_start engine=higgs ordinal=6 speaker=spk_010 rate=slow
2026-09-23 07:57:03 | DEBUG    | tts5703.tts_engine | event=higgs_worker_stderr message=2026-09-23 07:57:03,430 [INFO] sglang_omni.pipeline.coordinator: Coordinator submitted req=speech-c8edd992-f0f1-434e-a6a2-2585fd54a220 to preprocessing at ipc:///tmp/sglang_omni/home-li-yanyupingsheng-5703tts-models-higgs-tts-3-4-4q3d28wl/stage_preprocessing.sock
2026-09-23 07:57:03 | DEBUG    | tts5703.tts_engine | event=higgs_worker_stderr message=2026-09-23 07:57:03,482 [INFO] sglang.srt.managers.scheduler_components.metrics_reporter: Prefill batch, #new-seq: 1, #new-token: 60, #cached-token: 137, token usage: 0.00, #running-req: 0, #queue-req: 0, #pending-token: 0, cuda graph: False, input throughput (token/s): 14.55
2026-09-23 07:57:04 | DEBUG    | tts5703.tts_engine | event=higgs_worker_stderr message=2026-09-23 07:57:04,647 [INFO] sglang.srt.managers.scheduler_components.metrics_reporter: Decode batch, #running-req: 1, #token: 233, token usage: 0.00, cuda graph: True, gen throughput (token/s): 29.34, #queue-req: 0
2026-09-23 07:57:05 | DEBUG    | tts5703.tts_engine | event=higgs_worker_stderr message=2026-09-23 07:57:05,934 [INFO] sglang.srt.managers.scheduler_components.metrics_reporter: Decode batch, #running-req: 1, #token: 273, token usage: 0.00, cuda graph: True, gen throughput (token/s): 31.08, #queue-req: 0
2026-09-23 07:57:07 | DEBUG    | tts5703.tts_engine | event=higgs_worker_stderr message=2026-09-23 07:57:07,225 [INFO] sglang.srt.managers.scheduler_components.metrics_reporter: Decode batch, #running-req: 1, #token: 313, token usage: 0.00, cuda graph: True, gen throughput (token/s): 30.98, #queue-req: 0
2026-09-23 07:57:08 | DEBUG    | tts5703.tts_engine | event=higgs_worker_stderr message=2026-09-23 07:57:08,518 [INFO] sglang.srt.managers.scheduler_components.metrics_reporter: Decode batch, #running-req: 1, #token: 353, token usage: 0.00, cuda graph: True, gen throughput (token/s): 30.96, #queue-req: 0
2026-09-23 07:57:09 | DEBUG    | tts5703.tts_engine | event=higgs_worker_stderr message=2026-09-23 07:57:09,824 [INFO] sglang.srt.managers.scheduler_components.metrics_reporter: Decode batch, #running-req: 1, #token: 393, token usage: 0.00, cuda graph: True, gen throughput (token/s): 30.61, #queue-req: 0
2026-09-23 07:57:11 | DEBUG    | tts5703.tts_engine | event=higgs_worker_stderr message=2026-09-23 07:57:11,124 [INFO] sglang.srt.managers.scheduler_components.metrics_reporter: Decode batch, #running-req: 1, #token: 433, token usage: 0.01, cuda graph: True, gen throughput (token/s): 30.77, #queue-req: 0
2026-09-23 07:57:12 | DEBUG    | tts5703.tts_engine | event=higgs_worker_stderr message=2026-09-23 07:57:12,416 [INFO] sglang.srt.managers.scheduler_components.metrics_reporter: Decode batch, #running-req: 1, #token: 473, token usage: 0.01, cuda graph: True, gen throughput (token/s): 30.95, #queue-req: 0
2026-09-23 07:57:13 | DEBUG    | tts5703.tts_engine | event=higgs_worker_stderr message=2026-09-23 07:57:13,713 [INFO] sglang.srt.managers.scheduler_components.metrics_reporter: Decode batch, #running-req: 1, #token: 513, token usage: 0.01, cuda graph: True, gen throughput (token/s): 30.84, #queue-req: 0
2026-09-23 07:57:15 | DEBUG    | tts5703.tts_engine | event=higgs_worker_stderr message=2026-09-23 07:57:15,010 [INFO] sglang.srt.managers.scheduler_components.metrics_reporter: Decode batch, #running-req: 1, #token: 553, token usage: 0.01, cuda graph: True, gen throughput (token/s): 30.85, #queue-req: 0
2026-09-23 07:57:16 | DEBUG    | tts5703.tts_engine | event=higgs_worker_stderr message=2026-09-23 07:57:16,310 [INFO] sglang.srt.managers.scheduler_components.metrics_reporter: Decode batch, #running-req: 1, #token: 593, token usage: 0.01, cuda graph: True, gen throughput (token/s): 30.77, #queue-req: 0
2026-09-23 07:57:17 | DEBUG    | tts5703.tts_engine | event=higgs_worker_stderr message=2026-09-23 07:57:17,611 [INFO] sglang.srt.managers.scheduler_components.metrics_reporter: Decode batch, #running-req: 1, #token: 633, token usage: 0.01, cuda graph: True, gen throughput (token/s): 30.74, #queue-req: 0
2026-09-23 07:57:18 | DEBUG    | tts5703.tts_engine | event=higgs_worker_stderr message=2026-09-23 07:57:18,883 [WARNING] sglang_omni.models.higgs_tts.audio_codec: Higgs codec decode CUDA graph miss for frame count 469; using eager decode
2026-09-23 07:57:18 | DEBUG    | tts5703.tts_engine | event=higgs_worker_stderr message=INFO:     127.0.0.1:59706 - "POST /v1/audio/speech HTTP/1.1" 200 OK
2026-09-23 07:57:19 | DEBUG    | tts5703.tts_engine | event=prepared_turn_tts_complete engine=higgs ordinal=6 output=turn_006.wav bytes=1059168
2026-09-23 07:57:19 | DEBUG    | tts5703.tts_engine | event=prepared_turn_tts_start engine=higgs ordinal=7 speaker=spk_009 rate=normal
2026-09-23 07:57:19 | DEBUG    | tts5703.tts_engine | event=higgs_worker_stderr message=2026-09-23 07:57:19,061 [INFO] sglang_omni.pipeline.coordinator: Coordinator submitted req=speech-e8533259-2de5-43e5-b836-0cf5a6efe831 to preprocessing at ipc:///tmp/sglang_omni/home-li-yanyupingsheng-5703tts-models-higgs-tts-3-4-4q3d28wl/stage_preprocessing.sock
2026-09-23 07:57:19 | DEBUG    | tts5703.tts_engine | event=higgs_worker_stderr message=2026-09-23 07:57:19,113 [INFO] sglang.srt.managers.scheduler_components.metrics_reporter: Prefill batch, #new-seq: 1, #new-token: 26, #cached-token: 141, token usage: 0.00, #running-req: 0, #queue-req: 0, #pending-token: 0, cuda graph: False, input throughput (token/s): 1.66
2026-09-23 07:57:19 | DEBUG    | tts5703.tts_engine | event=higgs_worker_stderr message=2026-09-23 07:57:19,145 [INFO] sglang.srt.managers.scheduler_components.metrics_reporter: Decode batch, #running-req: 1, #token: 168, token usage: 0.00, cuda graph: True, gen throughput (token/s): 26.07, #queue-req: 0
2026-09-23 07:57:20 | DEBUG    | tts5703.tts_engine | event=higgs_worker_stderr message=2026-09-23 07:57:20,430 [INFO] sglang.srt.managers.scheduler_components.metrics_reporter: Decode batch, #running-req: 1, #token: 208, token usage: 0.00, cuda graph: True, gen throughput (token/s): 31.15, #queue-req: 0
2026-09-23 07:57:21 | DEBUG    | tts5703.tts_engine | event=higgs_worker_stderr message=2026-09-23 07:57:21,716 [INFO] sglang.srt.managers.scheduler_components.metrics_reporter: Decode batch, #running-req: 1, #token: 248, token usage: 0.00, cuda graph: True, gen throughput (token/s): 31.09, #queue-req: 0
2026-09-23 07:57:23 | DEBUG    | tts5703.tts_engine | event=higgs_worker_stderr message=2026-09-23 07:57:23,001 [INFO] sglang.srt.managers.scheduler_components.metrics_reporter: Decode batch, #running-req: 1, #token: 288, token usage: 0.00, cuda graph: True, gen throughput (token/s): 31.14, #queue-req: 0
2026-09-23 07:57:23 | DEBUG    | tts5703.tts_engine | event=higgs_worker_stderr message=INFO:     127.0.0.1:57394 - "POST /v1/audio/speech HTTP/1.1" 200 OK
2026-09-23 07:57:23 | DEBUG    | tts5703.tts_engine | event=prepared_turn_tts_complete engine=higgs ordinal=7 output=turn_007.wav bytes=222764
2026-09-23 07:57:23 | DEBUG    | tts5703.tts_engine | event=prepared_turn_tts_start engine=higgs ordinal=8 speaker=spk_010 rate=normal
2026-09-23 07:57:23 | DEBUG    | tts5703.tts_engine | event=higgs_worker_stderr message=2026-09-23 07:57:23,049 [INFO] sglang_omni.pipeline.coordinator: Coordinator submitted req=speech-5ce59ba1-d22f-4c0f-a1f2-3ae8463969b3 to preprocessing at ipc:///tmp/sglang_omni/home-li-yanyupingsheng-5703tts-models-higgs-tts-3-4-4q3d28wl/stage_preprocessing.sock
2026-09-23 07:57:23 | DEBUG    | tts5703.tts_engine | event=higgs_worker_stderr message=2026-09-23 07:57:23,102 [INFO] sglang.srt.managers.scheduler_components.metrics_reporter: Prefill batch, #new-seq: 1, #new-token: 58, #cached-token: 138, token usage: 0.00, #running-req: 0, #queue-req: 0, #pending-token: 0, cuda graph: False, input throughput (token/s): 14.54
2026-09-23 07:57:24 | DEBUG    | tts5703.tts_engine | event=higgs_worker_stderr message=2026-09-23 07:57:24,352 [INFO] sglang.srt.managers.scheduler_components.metrics_reporter: Decode batch, #running-req: 1, #token: 235, token usage: 0.00, cuda graph: True, gen throughput (token/s): 29.60, #queue-req: 0
2026-09-23 07:57:25 | DEBUG    | tts5703.tts_engine | event=higgs_worker_stderr message=2026-09-23 07:57:25,636 [INFO] sglang.srt.managers.scheduler_components.metrics_reporter: Decode batch, #running-req: 1, #token: 275, token usage: 0.00, cuda graph: True, gen throughput (token/s): 31.16, #queue-req: 0
2026-09-23 07:57:26 | DEBUG    | tts5703.tts_engine | event=higgs_worker_stderr message=2026-09-23 07:57:26,922 [INFO] sglang.srt.managers.scheduler_components.metrics_reporter: Decode batch, #running-req: 1, #token: 315, token usage: 0.00, cuda graph: True, gen throughput (token/s): 31.10, #queue-req: 0
2026-09-23 07:57:28 | DEBUG    | tts5703.tts_engine | event=higgs_worker_stderr message=2026-09-23 07:57:28,212 [INFO] sglang.srt.managers.scheduler_components.metrics_reporter: Decode batch, #running-req: 1, #token: 355, token usage: 0.00, cuda graph: True, gen throughput (token/s): 31.01, #queue-req: 0
2026-09-23 07:57:29 | DEBUG    | tts5703.tts_engine | event=higgs_worker_stderr message=2026-09-23 07:57:29,503 [INFO] sglang.srt.managers.scheduler_components.metrics_reporter: Decode batch, #running-req: 1, #token: 395, token usage: 0.01, cuda graph: True, gen throughput (token/s): 30.98, #queue-req: 0
2026-09-23 07:57:30 | DEBUG    | tts5703.tts_engine | event=higgs_worker_stderr message=2026-09-23 07:57:30,796 [INFO] sglang.srt.managers.scheduler_components.metrics_reporter: Decode batch, #running-req: 1, #token: 435, token usage: 0.01, cuda graph: True, gen throughput (token/s): 30.94, #queue-req: 0
2026-09-23 07:57:32 | DEBUG    | tts5703.tts_engine | event=higgs_worker_stderr message=2026-09-23 07:57:32,092 [INFO] sglang.srt.managers.scheduler_components.metrics_reporter: Decode batch, #running-req: 1, #token: 475, token usage: 0.01, cuda graph: True, gen throughput (token/s): 30.85, #queue-req: 0
2026-09-23 07:57:33 | DEBUG    | tts5703.tts_engine | event=higgs_worker_stderr message=2026-09-23 07:57:33,387 [INFO] sglang.srt.managers.scheduler_components.metrics_reporter: Decode batch, #running-req: 1, #token: 515, token usage: 0.01, cuda graph: True, gen throughput (token/s): 30.91, #queue-req: 0
2026-09-23 07:57:34 | DEBUG    | tts5703.tts_engine | event=higgs_worker_stderr message=2026-09-23 07:57:34,683 [INFO] sglang.srt.managers.scheduler_components.metrics_reporter: Decode batch, #running-req: 1, #token: 555, token usage: 0.01, cuda graph: True, gen throughput (token/s): 30.85, #queue-req: 0
2026-09-23 07:57:35 | DEBUG    | tts5703.tts_engine | event=higgs_worker_stderr message=2026-09-23 07:57:35,662 [WARNING] sglang_omni.models.higgs_tts.audio_codec: Higgs codec decode CUDA graph miss for frame count 383; using eager decode
2026-09-23 07:57:35 | DEBUG    | tts5703.tts_engine | event=higgs_worker_stderr message=INFO:     127.0.0.1:57404 - "POST /v1/audio/speech HTTP/1.1" 200 OK
2026-09-23 07:57:35 | DEBUG    | tts5703.tts_engine | event=prepared_turn_tts_complete engine=higgs ordinal=8 output=turn_008.wav bytes=735404
2026-09-23 07:57:35 | DEBUG    | tts5703.tts_engine | event=prepared_turn_tts_start engine=higgs ordinal=9 speaker=spk_009 rate=normal
2026-09-23 07:57:35 | DEBUG    | tts5703.tts_engine | event=higgs_worker_stderr message=2026-09-23 07:57:35,741 [INFO] sglang_omni.pipeline.coordinator: Coordinator submitted req=speech-c0634285-5a13-477e-944b-303dd156c1ad to preprocessing at ipc:///tmp/sglang_omni/home-li-yanyupingsheng-5703tts-models-higgs-tts-3-4-4q3d28wl/stage_preprocessing.sock
2026-09-23 07:57:35 | DEBUG    | tts5703.tts_engine | event=higgs_worker_stderr message=2026-09-23 07:57:35,793 [INFO] sglang.srt.managers.scheduler_components.metrics_reporter: Prefill batch, #new-seq: 1, #new-token: 23, #cached-token: 138, token usage: 0.00, #running-req: 0, #queue-req: 0, #pending-token: 0, cuda graph: False, input throughput (token/s): 1.81
2026-09-23 07:57:36 | DEBUG    | tts5703.tts_engine | event=higgs_worker_stderr message=2026-09-23 07:57:36,113 [INFO] sglang.srt.managers.scheduler_components.metrics_reporter: Decode batch, #running-req: 1, #token: 171, token usage: 0.00, cuda graph: True, gen throughput (token/s): 27.97, #queue-req: 0
2026-09-23 07:57:37 | DEBUG    | tts5703.tts_engine | event=higgs_worker_stderr message=2026-09-23 07:57:37,398 [INFO] sglang.srt.managers.scheduler_components.metrics_reporter: Decode batch, #running-req: 1, #token: 211, token usage: 0.00, cuda graph: True, gen throughput (token/s): 31.12, #queue-req: 0
2026-09-23 07:57:38 | DEBUG    | tts5703.tts_engine | event=higgs_worker_stderr message=2026-09-23 07:57:38,679 [INFO] sglang.srt.managers.scheduler_components.metrics_reporter: Decode batch, #running-req: 1, #token: 251, token usage: 0.00, cuda graph: True, gen throughput (token/s): 31.23, #queue-req: 0
2026-09-23 07:57:39 | DEBUG    | tts5703.tts_engine | event=higgs_worker_stderr message=INFO:     127.0.0.1:57128 - "POST /v1/audio/speech HTTP/1.1" 200 OK
2026-09-23 07:57:39 | DEBUG    | tts5703.tts_engine | event=prepared_turn_tts_complete engine=higgs ordinal=9 output=turn_009.wav bytes=224684
2026-09-23 07:57:39 | DEBUG    | tts5703.tts_engine | event=prepared_turn_tts_start engine=higgs ordinal=10 speaker=spk_010 rate=normal
2026-09-23 07:57:39 | DEBUG    | tts5703.tts_engine | event=higgs_worker_stderr message=2026-09-23 07:57:39,756 [INFO] sglang_omni.pipeline.coordinator: Coordinator submitted req=speech-0e9ccc30-d3af-43f9-97af-b30bc8a5697b to preprocessing at ipc:///tmp/sglang_omni/home-li-yanyupingsheng-5703tts-models-higgs-tts-3-4-4q3d28wl/stage_preprocessing.sock
2026-09-23 07:57:39 | DEBUG    | tts5703.tts_engine | event=higgs_worker_stderr message=2026-09-23 07:57:39,806 [INFO] sglang.srt.managers.scheduler_components.metrics_reporter: Prefill batch, #new-seq: 1, #new-token: 58, #cached-token: 137, token usage: 0.00, #running-req: 0, #queue-req: 0, #pending-token: 0, cuda graph: False, input throughput (token/s): 14.45
2026-09-23 07:57:40 | DEBUG    | tts5703.tts_engine | event=higgs_worker_stderr message=2026-09-23 07:57:40,031 [INFO] sglang.srt.managers.scheduler_components.metrics_reporter: Decode batch, #running-req: 1, #token: 202, token usage: 0.00, cuda graph: True, gen throughput (token/s): 29.60, #queue-req: 0
2026-09-23 07:57:41 | DEBUG    | tts5703.tts_engine | event=higgs_worker_stderr message=2026-09-23 07:57:41,313 [INFO] sglang.srt.managers.scheduler_components.metrics_reporter: Decode batch, #running-req: 1, #token: 242, token usage: 0.00, cuda graph: True, gen throughput (token/s): 31.19, #queue-req: 0
2026-09-23 07:57:42 | DEBUG    | tts5703.tts_engine | event=higgs_worker_stderr message=2026-09-23 07:57:42,600 [INFO] sglang.srt.managers.scheduler_components.metrics_reporter: Decode batch, #running-req: 1, #token: 282, token usage: 0.00, cuda graph: True, gen throughput (token/s): 31.10, #queue-req: 0
2026-09-23 07:57:43 | DEBUG    | tts5703.tts_engine | event=higgs_worker_stderr message=2026-09-23 07:57:43,890 [INFO] sglang.srt.managers.scheduler_components.metrics_reporter: Decode batch, #running-req: 1, #token: 322, token usage: 0.00, cuda graph: True, gen throughput (token/s): 30.99, #queue-req: 0
2026-09-23 07:57:45 | DEBUG    | tts5703.tts_engine | event=higgs_worker_stderr message=2026-09-23 07:57:45,178 [INFO] sglang.srt.managers.scheduler_components.metrics_reporter: Decode batch, #running-req: 1, #token: 362, token usage: 0.00, cuda graph: True, gen throughput (token/s): 31.05, #queue-req: 0
2026-09-23 07:57:46 | DEBUG    | tts5703.tts_engine | event=higgs_worker_stderr message=2026-09-23 07:57:46,470 [INFO] sglang.srt.managers.scheduler_components.metrics_reporter: Decode batch, #running-req: 1, #token: 402, token usage: 0.01, cuda graph: True, gen throughput (token/s): 30.97, #queue-req: 0
2026-09-23 07:57:47 | DEBUG    | tts5703.tts_engine | event=higgs_worker_stderr message=2026-09-23 07:57:47,761 [INFO] sglang.srt.managers.scheduler_components.metrics_reporter: Decode batch, #running-req: 1, #token: 442, token usage: 0.01, cuda graph: True, gen throughput (token/s): 30.99, #queue-req: 0
2026-09-23 07:57:49 | DEBUG    | tts5703.tts_engine | event=higgs_worker_stderr message=2026-09-23 07:57:49,053 [INFO] sglang.srt.managers.scheduler_components.metrics_reporter: Decode batch, #running-req: 1, #token: 482, token usage: 0.01, cuda graph: True, gen throughput (token/s): 30.95, #queue-req: 0
2026-09-23 07:57:50 | DEBUG    | tts5703.tts_engine | event=higgs_worker_stderr message=2026-09-23 07:57:50,345 [INFO] sglang.srt.managers.scheduler_components.metrics_reporter: Decode batch, #running-req: 1, #token: 522, token usage: 0.01, cuda graph: True, gen throughput (token/s): 30.96, #queue-req: 0
2026-09-23 07:57:51 | DEBUG    | tts5703.tts_engine | event=higgs_worker_stderr message=2026-09-23 07:57:51,640 [INFO] sglang.srt.managers.scheduler_components.metrics_reporter: Decode batch, #running-req: 1, #token: 562, token usage: 0.01, cuda graph: True, gen throughput (token/s): 30.90, #queue-req: 0
2026-09-23 07:57:52 | DEBUG    | tts5703.tts_engine | event=higgs_worker_stderr message=2026-09-23 07:57:52,323 [WARNING] sglang_omni.models.higgs_tts.audio_codec: Higgs codec decode CUDA graph miss for frame count 382; using eager decode
2026-09-23 07:57:52 | DEBUG    | tts5703.tts_engine | event=higgs_worker_stderr message=INFO:     127.0.0.1:34264 - "POST /v1/audio/speech HTTP/1.1" 200 OK
2026-09-23 07:57:52 | DEBUG    | tts5703.tts_engine | event=prepared_turn_tts_complete engine=higgs ordinal=10 output=turn_010.wav bytes=733484
2026-09-23 07:57:52 | DEBUG    | tts5703.tts_engine | event=prepared_turn_tts_start engine=higgs ordinal=11 speaker=spk_009 rate=normal
2026-09-23 07:57:52 | DEBUG    | tts5703.tts_engine | event=higgs_worker_stderr message=2026-09-23 07:57:52,402 [INFO] sglang_omni.pipeline.coordinator: Coordinator submitted req=speech-8dc4741b-016c-4b6c-a7bd-aa9a3622bac5 to preprocessing at ipc:///tmp/sglang_omni/home-li-yanyupingsheng-5703tts-models-higgs-tts-3-4-4q3d28wl/stage_preprocessing.sock
2026-09-23 07:57:52 | DEBUG    | tts5703.tts_engine | event=higgs_worker_stderr message=2026-09-23 07:57:52,451 [INFO] sglang.srt.managers.scheduler_components.metrics_reporter: Prefill batch, #new-seq: 1, #new-token: 15, #cached-token: 138, token usage: 0.00, #running-req: 0, #queue-req: 0, #pending-token: 0, cuda graph: False, input throughput (token/s): 1.19
2026-09-23 07:57:53 | DEBUG    | tts5703.tts_engine | event=higgs_worker_stderr message=2026-09-23 07:57:53,060 [INFO] sglang.srt.managers.scheduler_components.metrics_reporter: Decode batch, #running-req: 1, #token: 172, token usage: 0.00, cuda graph: True, gen throughput (token/s): 28.17, #queue-req: 0
2026-09-23 07:57:54 | DEBUG    | tts5703.tts_engine | event=higgs_worker_stderr message=2026-09-23 07:57:54,341 [INFO] sglang.srt.managers.scheduler_components.metrics_reporter: Decode batch, #running-req: 1, #token: 212, token usage: 0.00, cuda graph: True, gen throughput (token/s): 31.22, #queue-req: 0
2026-09-23 07:57:55 | DEBUG    | tts5703.tts_engine | event=higgs_worker_stderr message=INFO:     127.0.0.1:56180 - "POST /v1/audio/speech HTTP/1.1" 200 OK
2026-09-23 07:57:55 | DEBUG    | tts5703.tts_engine | event=prepared_turn_tts_complete engine=higgs ordinal=11 output=turn_011.wav bytes=172844
2026-09-23 07:57:55 | DEBUG    | tts5703.tts_engine | event=prepared_turn_tts_start engine=higgs ordinal=12 speaker=spk_010 rate=normal
2026-09-23 07:57:55 | DEBUG    | tts5703.tts_engine | event=higgs_worker_stderr message=2026-09-23 07:57:55,543 [INFO] sglang_omni.pipeline.coordinator: Coordinator submitted req=speech-96707989-a6f8-4548-8b9e-af8e324f833d to preprocessing at ipc:///tmp/sglang_omni/home-li-yanyupingsheng-5703tts-models-higgs-tts-3-4-4q3d28wl/stage_preprocessing.sock
2026-09-23 07:57:55 | DEBUG    | tts5703.tts_engine | event=higgs_worker_stderr message=2026-09-23 07:57:55,592 [INFO] sglang.srt.managers.scheduler_components.metrics_reporter: Prefill batch, #new-seq: 1, #new-token: 33, #cached-token: 138, token usage: 0.00, #running-req: 0, #queue-req: 0, #pending-token: 0, cuda graph: False, input throughput (token/s): 10.51
2026-09-23 07:57:55 | DEBUG    | tts5703.tts_engine | event=higgs_worker_stderr message=2026-09-23 07:57:55,689 [INFO] sglang.srt.managers.scheduler_components.metrics_reporter: Decode batch, #running-req: 1, #token: 174, token usage: 0.00, cuda graph: True, gen throughput (token/s): 29.69, #queue-req: 0
2026-09-23 07:57:56 | DEBUG    | tts5703.tts_engine | event=higgs_worker_stderr message=2026-09-23 07:57:56,968 [INFO] sglang.srt.managers.scheduler_components.metrics_reporter: Decode batch, #running-req: 1, #token: 214, token usage: 0.00, cuda graph: True, gen throughput (token/s): 31.27, #queue-req: 0
2026-09-23 07:57:58 | DEBUG    | tts5703.tts_engine | event=higgs_worker_stderr message=2026-09-23 07:57:58,247 [INFO] sglang.srt.managers.scheduler_components.metrics_reporter: Decode batch, #running-req: 1, #token: 254, token usage: 0.00, cuda graph: True, gen throughput (token/s): 31.27, #queue-req: 0
2026-09-23 07:57:59 | DEBUG    | tts5703.tts_engine | event=higgs_worker_stderr message=2026-09-23 07:57:59,531 [INFO] sglang.srt.managers.scheduler_components.metrics_reporter: Decode batch, #running-req: 1, #token: 294, token usage: 0.00, cuda graph: True, gen throughput (token/s): 31.14, #queue-req: 0
2026-09-23 07:58:00 | DEBUG    | tts5703.tts_engine | event=higgs_worker_stderr message=2026-09-23 07:58:00,819 [INFO] sglang.srt.managers.scheduler_components.metrics_reporter: Decode batch, #running-req: 1, #token: 334, token usage: 0.00, cuda graph: True, gen throughput (token/s): 31.05, #queue-req: 0
2026-09-23 07:58:02 | DEBUG    | tts5703.tts_engine | event=higgs_worker_stderr message=2026-09-23 07:58:02,110 [INFO] sglang.srt.managers.scheduler_components.metrics_reporter: Decode batch, #running-req: 1, #token: 374, token usage: 0.00, cuda graph: True, gen throughput (token/s): 30.98, #queue-req: 0
2026-09-23 07:58:02 | DEBUG    | tts5703.tts_engine | event=higgs_worker_stderr message=2026-09-23 07:58:02,339 [WARNING] sglang_omni.models.higgs_tts.audio_codec: Higgs codec decode CUDA graph miss for frame count 204; using eager decode
2026-09-23 07:58:02 | DEBUG    | tts5703.tts_engine | event=higgs_worker_stderr message=INFO:     127.0.0.1:56190 - "POST /v1/audio/speech HTTP/1.1" 200 OK
2026-09-23 07:58:02 | DEBUG    | tts5703.tts_engine | event=prepared_turn_tts_complete engine=higgs ordinal=12 output=turn_012.wav bytes=391724
2026-09-23 07:58:02 | DEBUG    | tts5703.tts_engine | event=prepared_turn_tts_start engine=higgs ordinal=13 speaker=spk_009 rate=normal
2026-09-23 07:58:02 | DEBUG    | tts5703.tts_engine | event=higgs_worker_stderr message=2026-09-23 07:58:02,435 [INFO] sglang_omni.pipeline.coordinator: Coordinator submitted req=speech-a99b18f6-1e4d-40f2-82a5-b87b96306d45 to preprocessing at ipc:///tmp/sglang_omni/home-li-yanyupingsheng-5703tts-models-higgs-tts-3-4-4q3d28wl/stage_preprocessing.sock
2026-09-23 07:58:02 | DEBUG    | tts5703.tts_engine | event=higgs_worker_stderr message=2026-09-23 07:58:02,436 [INFO] sglang_omni.scheduling.reference_encoder: Higgs ref cache reference encode stats: {'hits': 57, 'misses': 5, 'merged': 0, 'entries': 5, 'bytes': 21248, 'evictions': 0, 'failed': 0, 'uncacheable': 0, 'batches': 0, 'batched_items': 0}
2026-09-23 07:58:02 | DEBUG    | tts5703.tts_engine | event=higgs_worker_stderr message=2026-09-23 07:58:02,486 [INFO] sglang.srt.managers.scheduler_components.metrics_reporter: Prefill batch, #new-seq: 1, #new-token: 18, #cached-token: 138, token usage: 0.00, #running-req: 0, #queue-req: 0, #pending-token: 0, cuda graph: False, input throughput (token/s): 2.61
2026-09-23 07:58:03 | DEBUG    | tts5703.tts_engine | event=higgs_worker_stderr message=2026-09-23 07:58:03,542 [INFO] sglang.srt.managers.scheduler_components.metrics_reporter: Decode batch, #running-req: 1, #token: 189, token usage: 0.00, cuda graph: True, gen throughput (token/s): 27.93, #queue-req: 0
2026-09-23 07:58:04 | DEBUG    | tts5703.tts_engine | event=higgs_worker_stderr message=2026-09-23 07:58:04,824 [INFO] sglang.srt.managers.scheduler_components.metrics_reporter: Decode batch, #running-req: 1, #token: 229, token usage: 0.00, cuda graph: True, gen throughput (token/s): 31.21, #queue-req: 0
2026-09-23 07:58:05 | DEBUG    | tts5703.tts_engine | event=higgs_worker_stderr message=INFO:     127.0.0.1:36416 - "POST /v1/audio/speech HTTP/1.1" 200 OK
2026-09-23 07:58:05 | DEBUG    | tts5703.tts_engine | event=prepared_turn_tts_complete engine=higgs ordinal=13 output=turn_013.wav bytes=195884
2026-09-23 07:58:05 | DEBUG    | tts5703.tts_engine | event=prepared_turn_tts_start engine=higgs ordinal=14 speaker=spk_010 rate=normal
2026-09-23 07:58:05 | DEBUG    | tts5703.tts_engine | event=higgs_worker_stderr message=2026-09-23 07:58:05,969 [INFO] sglang_omni.pipeline.coordinator: Coordinator submitted req=speech-07e944d9-5a3c-4f3a-ad99-676ece8078c7 to preprocessing at ipc:///tmp/sglang_omni/home-li-yanyupingsheng-5703tts-models-higgs-tts-3-4-4q3d28wl/stage_preprocessing.sock
2026-09-23 07:58:06 | DEBUG    | tts5703.tts_engine | event=higgs_worker_stderr message=2026-09-23 07:58:06,020 [INFO] sglang.srt.managers.scheduler_components.metrics_reporter: Prefill batch, #new-seq: 1, #new-token: 24, #cached-token: 139, token usage: 0.00, #running-req: 0, #queue-req: 0, #pending-token: 0, cuda graph: False, input throughput (token/s): 6.79
2026-09-23 07:58:06 | DEBUG    | tts5703.tts_engine | event=higgs_worker_stderr message=2026-09-23 07:58:06,181 [INFO] sglang.srt.managers.scheduler_components.metrics_reporter: Decode batch, #running-req: 1, #token: 168, token usage: 0.00, cuda graph: True, gen throughput (token/s): 29.48, #queue-req: 0
2026-09-23 07:58:07 | DEBUG    | tts5703.tts_engine | event=higgs_worker_stderr message=2026-09-23 07:58:07,463 [INFO] sglang.srt.managers.scheduler_components.metrics_reporter: Decode batch, #running-req: 1, #token: 208, token usage: 0.00, cuda graph: True, gen throughput (token/s): 31.19, #queue-req: 0
2026-09-23 07:58:08 | DEBUG    | tts5703.tts_engine | event=higgs_worker_stderr message=2026-09-23 07:58:08,745 [INFO] sglang.srt.managers.scheduler_components.metrics_reporter: Decode batch, #running-req: 1, #token: 248, token usage: 0.00, cuda graph: True, gen throughput (token/s): 31.20, #queue-req: 0
2026-09-23 07:58:10 | DEBUG    | tts5703.tts_engine | event=higgs_worker_stderr message=2026-09-23 07:58:10,027 [INFO] sglang.srt.managers.scheduler_components.metrics_reporter: Decode batch, #running-req: 1, #token: 288, token usage: 0.00, cuda graph: True, gen throughput (token/s): 31.19, #queue-req: 0
2026-09-23 07:58:11 | DEBUG    | tts5703.tts_engine | event=higgs_worker_stderr message=2026-09-23 07:58:11,312 [INFO] sglang.srt.managers.scheduler_components.metrics_reporter: Decode batch, #running-req: 1, #token: 328, token usage: 0.00, cuda graph: True, gen throughput (token/s): 31.14, #queue-req: 0
2026-09-23 07:58:12 | DEBUG    | tts5703.tts_engine | event=higgs_worker_stderr message=2026-09-23 07:58:12,120 [WARNING] sglang_omni.models.higgs_tts.audio_codec: Higgs codec decode CUDA graph miss for frame count 184; using eager decode
2026-09-23 07:58:12 | DEBUG    | tts5703.tts_engine | event=higgs_worker_stderr message=INFO:     127.0.0.1:36430 - "POST /v1/audio/speech HTTP/1.1" 200 OK
2026-09-23 07:58:12 | DEBUG    | tts5703.tts_engine | event=prepared_turn_tts_complete engine=higgs ordinal=14 output=turn_014.wav bytes=353324
2026-09-23 07:58:12 | DEBUG    | tts5703.tts_engine | event=prepared_turn_tts_start engine=higgs ordinal=15 speaker=spk_009 rate=normal
2026-09-23 07:58:12 | DEBUG    | tts5703.tts_engine | event=higgs_worker_stderr message=2026-09-23 07:58:12,202 [INFO] sglang_omni.pipeline.coordinator: Coordinator submitted req=speech-afb1a99c-24ef-4e65-9c10-f2f8ddd5e8f2 to preprocessing at ipc:///tmp/sglang_omni/home-li-yanyupingsheng-5703tts-models-higgs-tts-3-4-4q3d28wl/stage_preprocessing.sock
2026-09-23 07:58:12 | DEBUG    | tts5703.tts_engine | event=higgs_worker_stderr message=2026-09-23 07:58:12,249 [INFO] sglang.srt.managers.scheduler_components.metrics_reporter: Prefill batch, #new-seq: 1, #new-token: 11, #cached-token: 138, token usage: 0.00, #running-req: 0, #queue-req: 0, #pending-token: 0, cuda graph: False, input throughput (token/s): 1.77
2026-09-23 07:58:12 | DEBUG    | tts5703.tts_engine | event=higgs_worker_stderr message=2026-09-23 07:58:12,729 [INFO] sglang.srt.managers.scheduler_components.metrics_reporter: Decode batch, #running-req: 1, #token: 164, token usage: 0.00, cuda graph: True, gen throughput (token/s): 28.22, #queue-req: 0
2026-09-23 07:58:14 | DEBUG    | tts5703.tts_engine | event=higgs_worker_stderr message=2026-09-23 07:58:14,010 [INFO] sglang.srt.managers.scheduler_components.metrics_reporter: Decode batch, #running-req: 1, #token: 0, token usage: 0.00, cuda graph: True, gen throughput (token/s): 31.21, #queue-req: 0
2026-09-23 07:58:14 | DEBUG    | tts5703.tts_engine | event=higgs_worker_stderr message=INFO:     127.0.0.1:45476 - "POST /v1/audio/speech HTTP/1.1" 200 OK
2026-09-23 07:58:14 | DEBUG    | tts5703.tts_engine | event=prepared_turn_tts_complete engine=higgs ordinal=15 output=turn_015.wav bytes=94124
2026-09-23 07:58:15 | INFO     | tts5703.pipeline | event=final_dialogue_pipeline_complete dialogue=corpus_v1_000604 passed=True elapsed_sec=103.41
2026-09-23 07:58:15 | DEBUG    | tts5703.tts_engine | event=prepared_turn_tts_start engine=higgs ordinal=1 speaker=spk_012 rate=fast
2026-09-23 07:58:15 | DEBUG    | tts5703.tts_engine | event=higgs_worker_stderr message=2026-09-23 07:58:15,491 [INFO] sglang_omni.pipeline.coordinator: Coordinator submitted req=speech-8348fc0d-2e74-4f64-9056-d8e09e5d33d1 to preprocessing at ipc:///tmp/sglang_omni/home-li-yanyupingsheng-5703tts-models-higgs-tts-3-4-4q3d28wl/stage_preprocessing.sock
2026-09-23 07:58:15 | DEBUG    | tts5703.tts_engine | event=higgs_worker_stderr message=2026-09-23 07:58:15,546 [INFO] sglang.srt.managers.scheduler_components.metrics_reporter: Prefill batch, #new-seq: 1, #new-token: 44, #cached-token: 135, token usage: 0.00, #running-req: 0, #queue-req: 0, #pending-token: 0, cuda graph: False, input throughput (token/s): 13.35
2026-09-23 07:58:16 | DEBUG    | tts5703.tts_engine | event=higgs_worker_stderr message=2026-09-23 07:58:16,833 [INFO] sglang.srt.managers.scheduler_components.metrics_reporter: Decode batch, #running-req: 1, #token: 219, token usage: 0.00, cuda graph: True, gen throughput (token/s): 14.17, #queue-req: 0
2026-09-23 07:58:18 | DEBUG    | tts5703.tts_engine | event=higgs_worker_stderr message=2026-09-23 07:58:18,117 [INFO] sglang.srt.managers.scheduler_components.metrics_reporter: Decode batch, #running-req: 1, #token: 259, token usage: 0.00, cuda graph: True, gen throughput (token/s): 31.16, #queue-req: 0
2026-09-23 07:58:19 | DEBUG    | tts5703.tts_engine | event=higgs_worker_stderr message=2026-09-23 07:58:19,404 [INFO] sglang.srt.managers.scheduler_components.metrics_reporter: Decode batch, #running-req: 1, #token: 299, token usage: 0.00, cuda graph: True, gen throughput (token/s): 31.08, #queue-req: 0
2026-09-23 07:58:20 | DEBUG    | tts5703.tts_engine | event=higgs_worker_stderr message=2026-09-23 07:58:20,704 [INFO] sglang.srt.managers.scheduler_components.metrics_reporter: Decode batch, #running-req: 1, #token: 339, token usage: 0.00, cuda graph: True, gen throughput (token/s): 30.76, #queue-req: 0
2026-09-23 07:58:22 | DEBUG    | tts5703.tts_engine | event=higgs_worker_stderr message=2026-09-23 07:58:22,002 [INFO] sglang.srt.managers.scheduler_components.metrics_reporter: Decode batch, #running-req: 1, #token: 379, token usage: 0.00, cuda graph: True, gen throughput (token/s): 30.82, #queue-req: 0
2026-09-23 07:58:22 | DEBUG    | tts5703.tts_engine | event=higgs_worker_stderr message=2026-09-23 07:58:22,788 [WARNING] sglang_omni.models.higgs_tts.audio_codec: Higgs codec decode CUDA graph miss for frame count 218; using eager decode
2026-09-23 07:58:22 | DEBUG    | tts5703.tts_engine | event=higgs_worker_stderr message=INFO:     127.0.0.1:45492 - "POST /v1/audio/speech HTTP/1.1" 200 OK
2026-09-23 07:58:22 | DEBUG    | tts5703.tts_engine | event=prepared_turn_tts_complete engine=higgs ordinal=1 output=turn_001.wav bytes=364436
2026-09-23 07:58:22 | DEBUG    | tts5703.tts_engine | event=prepared_turn_tts_start engine=higgs ordinal=2 speaker=spk_001 rate=normal
2026-09-23 07:58:22 | DEBUG    | tts5703.tts_engine | event=higgs_worker_stderr message=2026-09-23 07:58:22,942 [INFO] sglang_omni.pipeline.coordinator: Coordinator submitted req=speech-2d9dbf34-8a7e-42cd-a8af-661709f9f029 to preprocessing at ipc:///tmp/sglang_omni/home-li-yanyupingsheng-5703tts-models-higgs-tts-3-4-4q3d28wl/stage_preprocessing.sock
2026-09-23 07:58:22 | DEBUG    | tts5703.tts_engine | event=higgs_worker_stderr message=2026-09-23 07:58:22,993 [INFO] sglang.srt.managers.scheduler_components.metrics_reporter: Prefill batch, #new-seq: 1, #new-token: 37, #cached-token: 134, token usage: 0.00, #running-req: 0, #queue-req: 0, #pending-token: 0, cuda graph: False, input throughput (token/s): 4.97
2026-09-23 07:58:23 | DEBUG    | tts5703.tts_engine | event=higgs_worker_stderr message=2026-09-23 07:58:23,510 [INFO] sglang.srt.managers.scheduler_components.metrics_reporter: Decode batch, #running-req: 1, #token: 187, token usage: 0.00, cuda graph: True, gen throughput (token/s): 26.52, #queue-req: 0
2026-09-23 07:58:24 | DEBUG    | tts5703.tts_engine | event=higgs_worker_stderr message=2026-09-23 07:58:24,792 [INFO] sglang.srt.managers.scheduler_components.metrics_reporter: Decode batch, #running-req: 1, #token: 227, token usage: 0.00, cuda graph: True, gen throughput (token/s): 31.20, #queue-req: 0
2026-09-23 07:58:26 | DEBUG    | tts5703.tts_engine | event=higgs_worker_stderr message=2026-09-23 07:58:26,078 [INFO] sglang.srt.managers.scheduler_components.metrics_reporter: Decode batch, #running-req: 1, #token: 267, token usage: 0.00, cuda graph: True, gen throughput (token/s): 31.10, #queue-req: 0
2026-09-23 07:58:27 | DEBUG    | tts5703.tts_engine | event=higgs_worker_stderr message=2026-09-23 07:58:27,364 [INFO] sglang.srt.managers.scheduler_components.metrics_reporter: Decode batch, #running-req: 1, #token: 307, token usage: 0.00, cuda graph: True, gen throughput (token/s): 31.11, #queue-req: 0
2026-09-23 07:58:28 | DEBUG    | tts5703.tts_engine | event=higgs_worker_stderr message=2026-09-23 07:58:28,653 [INFO] sglang.srt.managers.scheduler_components.metrics_reporter: Decode batch, #running-req: 1, #token: 347, token usage: 0.00, cuda graph: True, gen throughput (token/s): 31.02, #queue-req: 0
2026-09-23 07:58:29 | DEBUG    | tts5703.tts_engine | event=higgs_worker_stderr message=2026-09-23 07:58:29,944 [INFO] sglang.srt.managers.scheduler_components.metrics_reporter: Decode batch, #running-req: 1, #token: 387, token usage: 0.00, cuda graph: True, gen throughput (token/s): 30.99, #queue-req: 0
2026-09-23 07:58:30 | DEBUG    | tts5703.tts_engine | event=higgs_worker_stderr message=2026-09-23 07:58:30,335 [WARNING] sglang_omni.models.higgs_tts.audio_codec: Higgs codec decode CUDA graph miss for frame count 222; using eager decode
2026-09-23 07:58:30 | DEBUG    | tts5703.tts_engine | event=higgs_worker_stderr message=INFO:     127.0.0.1:54494 - "POST /v1/audio/speech HTTP/1.1" 200 OK
2026-09-23 07:58:30 | DEBUG    | tts5703.tts_engine | event=prepared_turn_tts_complete engine=higgs ordinal=2 output=turn_002.wav bytes=426284
2026-09-23 07:58:30 | DEBUG    | tts5703.tts_engine | event=prepared_turn_tts_start engine=higgs ordinal=3 speaker=spk_012 rate=slow
2026-09-23 07:58:30 | DEBUG    | tts5703.tts_engine | event=higgs_worker_stderr message=2026-09-23 07:58:30,416 [INFO] sglang_omni.pipeline.coordinator: Coordinator submitted req=speech-ae191eca-dea3-452d-86d3-4dd8829faf59 to preprocessing at ipc:///tmp/sglang_omni/home-li-yanyupingsheng-5703tts-models-higgs-tts-3-4-4q3d28wl/stage_preprocessing.sock
2026-09-23 07:58:30 | DEBUG    | tts5703.tts_engine | event=higgs_worker_stderr message=2026-09-23 07:58:30,467 [INFO] sglang.srt.managers.scheduler_components.metrics_reporter: Prefill batch, #new-seq: 1, #new-token: 36, #cached-token: 135, token usage: 0.00, #running-req: 0, #queue-req: 0, #pending-token: 0, cuda graph: False, input throughput (token/s): 4.82
2026-09-23 07:58:31 | DEBUG    | tts5703.tts_engine | event=higgs_worker_stderr message=2026-09-23 07:58:31,361 [INFO] sglang.srt.managers.scheduler_components.metrics_reporter: Decode batch, #running-req: 1, #token: 199, token usage: 0.00, cuda graph: True, gen throughput (token/s): 28.22, #queue-req: 0
2026-09-23 07:58:32 | DEBUG    | tts5703.tts_engine | event=higgs_worker_stderr message=2026-09-23 07:58:32,642 [INFO] sglang.srt.managers.scheduler_components.metrics_reporter: Decode batch, #running-req: 1, #token: 239, token usage: 0.00, cuda graph: True, gen throughput (token/s): 31.23, #queue-req: 0
2026-09-23 07:58:33 | DEBUG    | tts5703.tts_engine | event=higgs_worker_stderr message=2026-09-23 07:58:33,924 [INFO] sglang.srt.managers.scheduler_components.metrics_reporter: Decode batch, #running-req: 1, #token: 279, token usage: 0.00, cuda graph: True, gen throughput (token/s): 31.20, #queue-req: 0
2026-09-23 07:58:35 | DEBUG    | tts5703.tts_engine | event=higgs_worker_stderr message=2026-09-23 07:58:35,211 [INFO] sglang.srt.managers.scheduler_components.metrics_reporter: Decode batch, #running-req: 1, #token: 319, token usage: 0.00, cuda graph: True, gen throughput (token/s): 31.08, #queue-req: 0
2026-09-23 07:58:36 | DEBUG    | tts5703.tts_engine | event=higgs_worker_stderr message=2026-09-23 07:58:36,499 [INFO] sglang.srt.managers.scheduler_components.metrics_reporter: Decode batch, #running-req: 1, #token: 359, token usage: 0.00, cuda graph: True, gen throughput (token/s): 31.06, #queue-req: 0
2026-09-23 07:58:36 | DEBUG    | tts5703.tts_engine | event=higgs_worker_stderr message=2026-09-23 07:58:36,665 [WARNING] sglang_omni.models.higgs_tts.audio_codec: Higgs codec decode CUDA graph miss for frame count 187; using eager decode
2026-09-23 07:58:36 | DEBUG    | tts5703.tts_engine | event=higgs_worker_stderr message=INFO:     127.0.0.1:56356 - "POST /v1/audio/speech HTTP/1.1" 200 OK
2026-09-23 07:58:36 | DEBUG    | tts5703.tts_engine | event=prepared_turn_tts_complete engine=higgs ordinal=3 output=turn_003.wav bytes=421708
2026-09-23 07:58:36 | DEBUG    | tts5703.tts_engine | event=prepared_turn_tts_start engine=higgs ordinal=4 speaker=spk_001 rate=slow
2026-09-23 07:58:36 | DEBUG    | tts5703.tts_engine | event=higgs_worker_stderr message=2026-09-23 07:58:36,820 [INFO] sglang_omni.pipeline.coordinator: Coordinator submitted req=speech-9a019746-3235-436b-ba16-08e770d6b48f to preprocessing at ipc:///tmp/sglang_omni/home-li-yanyupingsheng-5703tts-models-higgs-tts-3-4-4q3d28wl/stage_preprocessing.sock
2026-09-23 07:58:36 | DEBUG    | tts5703.tts_engine | event=higgs_worker_stderr message=2026-09-23 07:58:36,872 [INFO] sglang.srt.managers.scheduler_components.metrics_reporter: Prefill batch, #new-seq: 1, #new-token: 41, #cached-token: 135, token usage: 0.00, #running-req: 0, #queue-req: 0, #pending-token: 0, cuda graph: False, input throughput (token/s): 6.40
2026-09-23 07:58:37 | DEBUG    | tts5703.tts_engine | event=higgs_worker_stderr message=2026-09-23 07:58:37,993 [INFO] sglang.srt.managers.scheduler_components.metrics_reporter: Decode batch, #running-req: 1, #token: 211, token usage: 0.00, cuda graph: True, gen throughput (token/s): 26.77, #queue-req: 0
2026-09-23 07:58:39 | DEBUG    | tts5703.tts_engine | event=higgs_worker_stderr message=2026-09-23 07:58:39,273 [INFO] sglang.srt.managers.scheduler_components.metrics_reporter: Decode batch, #running-req: 1, #token: 251, token usage: 0.00, cuda graph: True, gen throughput (token/s): 31.27, #queue-req: 0
2026-09-23 07:58:40 | DEBUG    | tts5703.tts_engine | event=higgs_worker_stderr message=2026-09-23 07:58:40,556 [INFO] sglang.srt.managers.scheduler_components.metrics_reporter: Decode batch, #running-req: 1, #token: 291, token usage: 0.00, cuda graph: True, gen throughput (token/s): 31.16, #queue-req: 0
2026-09-23 07:58:41 | DEBUG    | tts5703.tts_engine | event=higgs_worker_stderr message=2026-09-23 07:58:41,843 [INFO] sglang.srt.managers.scheduler_components.metrics_reporter: Decode batch, #running-req: 1, #token: 331, token usage: 0.00, cuda graph: True, gen throughput (token/s): 31.09, #queue-req: 0
2026-09-23 07:58:43 | DEBUG    | tts5703.tts_engine | event=higgs_worker_stderr message=2026-09-23 07:58:43,131 [INFO] sglang.srt.managers.scheduler_components.metrics_reporter: Decode batch, #running-req: 1, #token: 371, token usage: 0.00, cuda graph: True, gen throughput (token/s): 31.05, #queue-req: 0
2026-09-23 07:58:44 | DEBUG    | tts5703.tts_engine | event=higgs_worker_stderr message=2026-09-23 07:58:44,419 [INFO] sglang.srt.managers.scheduler_components.metrics_reporter: Decode batch, #running-req: 1, #token: 411, token usage: 0.01, cuda graph: True, gen throughput (token/s): 31.05, #queue-req: 0
2026-09-23 07:58:45 | DEBUG    | tts5703.tts_engine | event=higgs_worker_stderr message=2026-09-23 07:58:45,712 [INFO] sglang.srt.managers.scheduler_components.metrics_reporter: Decode batch, #running-req: 1, #token: 451, token usage: 0.01, cuda graph: True, gen throughput (token/s): 30.93, #queue-req: 0
2026-09-23 07:58:46 | DEBUG    | tts5703.tts_engine | event=higgs_worker_stderr message=2026-09-23 07:58:46,522 [WARNING] sglang_omni.models.higgs_tts.audio_codec: Higgs codec decode CUDA graph miss for frame count 294; using eager decode
2026-09-23 07:58:46 | DEBUG    | tts5703.tts_engine | event=higgs_worker_stderr message=INFO:     127.0.0.1:43666 - "POST /v1/audio/speech HTTP/1.1" 200 OK
2026-09-23 07:58:46 | DEBUG    | tts5703.tts_engine | event=prepared_turn_tts_complete engine=higgs ordinal=4 output=turn_004.wav bytes=663458
2026-09-23 07:58:46 | DEBUG    | tts5703.tts_engine | event=prepared_turn_tts_start engine=higgs ordinal=5 speaker=spk_012 rate=normal
2026-09-23 07:58:46 | DEBUG    | tts5703.tts_engine | event=higgs_worker_stderr message=2026-09-23 07:58:46,687 [INFO] sglang_omni.pipeline.coordinator: Coordinator submitted req=speech-7a05497b-7502-4b87-8539-480f93cf7255 to preprocessing at ipc:///tmp/sglang_omni/home-li-yanyupingsheng-5703tts-models-higgs-tts-3-4-4q3d28wl/stage_preprocessing.sock
2026-09-23 07:58:46 | DEBUG    | tts5703.tts_engine | event=higgs_worker_stderr message=2026-09-23 07:58:46,739 [INFO] sglang.srt.managers.scheduler_components.metrics_reporter: Prefill batch, #new-seq: 1, #new-token: 19, #cached-token: 137, token usage: 0.00, #running-req: 0, #queue-req: 0, #pending-token: 0, cuda graph: False, input throughput (token/s): 1.93
2026-09-23 07:58:47 | DEBUG    | tts5703.tts_engine | event=higgs_worker_stderr message=2026-09-23 07:58:47,220 [INFO] sglang.srt.managers.scheduler_components.metrics_reporter: Decode batch, #running-req: 1, #token: 171, token usage: 0.00, cuda graph: True, gen throughput (token/s): 26.52, #queue-req: 0
2026-09-23 07:58:48 | DEBUG    | tts5703.tts_engine | event=higgs_worker_stderr message=2026-09-23 07:58:48,512 [INFO] sglang.srt.managers.scheduler_components.metrics_reporter: Decode batch, #running-req: 1, #token: 211, token usage: 0.00, cuda graph: True, gen throughput (token/s): 30.95, #queue-req: 0
2026-09-23 07:58:49 | DEBUG    | tts5703.tts_engine | event=higgs_worker_stderr message=2026-09-23 07:58:49,801 [INFO] sglang.srt.managers.scheduler_components.metrics_reporter: Decode batch, #running-req: 1, #token: 251, token usage: 0.00, cuda graph: True, gen throughput (token/s): 31.03, #queue-req: 0
2026-09-23 07:58:50 | DEBUG    | tts5703.tts_engine | event=higgs_worker_stderr message=INFO:     127.0.0.1:54144 - "POST /v1/audio/speech HTTP/1.1" 200 OK
2026-09-23 07:58:50 | DEBUG    | tts5703.tts_engine | event=prepared_turn_tts_complete engine=higgs ordinal=5 output=turn_005.wav bytes=201644
2026-09-23 07:58:50 | DEBUG    | tts5703.tts_engine | event=prepared_turn_tts_start engine=higgs ordinal=6 speaker=spk_001 rate=slow
2026-09-23 07:58:50 | DEBUG    | tts5703.tts_engine | event=higgs_worker_stderr message=2026-09-23 07:58:50,331 [INFO] sglang_omni.pipeline.coordinator: Coordinator submitted req=speech-9797c0fb-c531-4294-b8c9-f5edd5e30a07 to preprocessing at ipc:///tmp/sglang_omni/home-li-yanyupingsheng-5703tts-models-higgs-tts-3-4-4q3d28wl/stage_preprocessing.sock
2026-09-23 07:58:50 | DEBUG    | tts5703.tts_engine | event=higgs_worker_stderr message=2026-09-23 07:58:50,381 [INFO] sglang.srt.managers.scheduler_components.metrics_reporter: Prefill batch, #new-seq: 1, #new-token: 39, #cached-token: 135, token usage: 0.00, #running-req: 0, #queue-req: 0, #pending-token: 0, cuda graph: False, input throughput (token/s): 10.71
2026-09-23 07:58:51 | DEBUG    | tts5703.tts_engine | event=higgs_worker_stderr message=2026-09-23 07:58:51,152 [INFO] sglang.srt.managers.scheduler_components.metrics_reporter: Decode batch, #running-req: 1, #token: 198, token usage: 0.00, cuda graph: True, gen throughput (token/s): 29.61, #queue-req: 0
2026-09-23 07:58:52 | DEBUG    | tts5703.tts_engine | event=higgs_worker_stderr message=2026-09-23 07:58:52,435 [INFO] sglang.srt.managers.scheduler_components.metrics_reporter: Decode batch, #running-req: 1, #token: 238, token usage: 0.00, cuda graph: True, gen throughput (token/s): 31.20, #queue-req: 0
2026-09-23 07:58:53 | DEBUG    | tts5703.tts_engine | event=higgs_worker_stderr message=2026-09-23 07:58:53,718 [INFO] sglang.srt.managers.scheduler_components.metrics_reporter: Decode batch, #running-req: 1, #token: 278, token usage: 0.00, cuda graph: True, gen throughput (token/s): 31.16, #queue-req: 0
2026-09-23 07:58:55 | DEBUG    | tts5703.tts_engine | event=higgs_worker_stderr message=2026-09-23 07:58:55,005 [INFO] sglang.srt.managers.scheduler_components.metrics_reporter: Decode batch, #running-req: 1, #token: 318, token usage: 0.00, cuda graph: True, gen throughput (token/s): 31.08, #queue-req: 0
2026-09-23 07:58:56 | DEBUG    | tts5703.tts_engine | event=higgs_worker_stderr message=2026-09-23 07:58:56,294 [INFO] sglang.srt.managers.scheduler_components.metrics_reporter: Decode batch, #running-req: 1, #token: 358, token usage: 0.00, cuda graph: True, gen throughput (token/s): 31.04, #queue-req: 0
2026-09-23 07:58:57 | DEBUG    | tts5703.tts_engine | event=higgs_worker_stderr message=2026-09-23 07:58:57,584 [INFO] sglang.srt.managers.scheduler_components.metrics_reporter: Decode batch, #running-req: 1, #token: 398, token usage: 0.01, cuda graph: True, gen throughput (token/s): 31.01, #queue-req: 0
2026-09-23 07:58:58 | DEBUG    | tts5703.tts_engine | event=higgs_worker_stderr message=2026-09-23 07:58:58,875 [INFO] sglang.srt.managers.scheduler_components.metrics_reporter: Decode batch, #running-req: 1, #token: 438, token usage: 0.01, cuda graph: True, gen throughput (token/s): 30.98, #queue-req: 0
2026-09-23 07:58:59 | DEBUG    | tts5703.tts_engine | event=higgs_worker_stderr message=2026-09-23 07:58:59,689 [WARNING] sglang_omni.models.higgs_tts.audio_codec: Higgs codec decode CUDA graph miss for frame count 283; using eager decode
2026-09-23 07:58:59 | DEBUG    | tts5703.tts_engine | event=higgs_worker_stderr message=INFO:     127.0.0.1:54156 - "POST /v1/audio/speech HTTP/1.1" 200 OK
2026-09-23 07:58:59 | DEBUG    | tts5703.tts_engine | event=prepared_turn_tts_complete engine=higgs ordinal=6 output=turn_006.wav bytes=638374
2026-09-23 07:58:59 | DEBUG    | tts5703.tts_engine | event=prepared_turn_tts_start engine=higgs ordinal=7 speaker=spk_012 rate=normal
2026-09-23 07:58:59 | DEBUG    | tts5703.tts_engine | event=higgs_worker_stderr message=2026-09-23 07:58:59,855 [INFO] sglang_omni.pipeline.coordinator: Coordinator submitted req=speech-a23ce3e9-dcc5-442e-96d5-7878ffe47637 to preprocessing at ipc:///tmp/sglang_omni/home-li-yanyupingsheng-5703tts-models-higgs-tts-3-4-4q3d28wl/stage_preprocessing.sock
2026-09-23 07:58:59 | DEBUG    | tts5703.tts_engine | event=higgs_worker_stderr message=2026-09-23 07:58:59,907 [INFO] sglang.srt.managers.scheduler_components.metrics_reporter: Prefill batch, #new-seq: 1, #new-token: 41, #cached-token: 136, token usage: 0.00, #running-req: 0, #queue-req: 0, #pending-token: 0, cuda graph: False, input throughput (token/s): 4.30
2026-09-23 07:59:00 | DEBUG    | tts5703.tts_engine | event=higgs_worker_stderr message=2026-09-23 07:59:00,387 [INFO] sglang.srt.managers.scheduler_components.metrics_reporter: Decode batch, #running-req: 1, #token: 192, token usage: 0.00, cuda graph: True, gen throughput (token/s): 26.45, #queue-req: 0
2026-09-23 07:59:01 | DEBUG    | tts5703.tts_engine | event=higgs_worker_stderr message=2026-09-23 07:59:01,669 [INFO] sglang.srt.managers.scheduler_components.metrics_reporter: Decode batch, #running-req: 1, #token: 232, token usage: 0.00, cuda graph: True, gen throughput (token/s): 31.22, #queue-req: 0
2026-09-23 07:59:02 | DEBUG    | tts5703.tts_engine | event=higgs_worker_stderr message=2026-09-23 07:59:02,952 [INFO] sglang.srt.managers.scheduler_components.metrics_reporter: Decode batch, #running-req: 1, #token: 272, token usage: 0.00, cuda graph: True, gen throughput (token/s): 31.16, #queue-req: 0
2026-09-23 07:59:04 | DEBUG    | tts5703.tts_engine | event=higgs_worker_stderr message=2026-09-23 07:59:04,244 [INFO] sglang.srt.managers.scheduler_components.metrics_reporter: Decode batch, #running-req: 1, #token: 312, token usage: 0.00, cuda graph: True, gen throughput (token/s): 30.98, #queue-req: 0
2026-09-23 07:59:05 | DEBUG    | tts5703.tts_engine | event=higgs_worker_stderr message=2026-09-23 07:59:05,544 [INFO] sglang.srt.managers.scheduler_components.metrics_reporter: Decode batch, #running-req: 1, #token: 352, token usage: 0.00, cuda graph: True, gen throughput (token/s): 30.76, #queue-req: 0
2026-09-23 07:59:06 | DEBUG    | tts5703.tts_engine | event=higgs_worker_stderr message=2026-09-23 07:59:06,835 [INFO] sglang.srt.managers.scheduler_components.metrics_reporter: Decode batch, #running-req: 1, #token: 392, token usage: 0.00, cuda graph: True, gen throughput (token/s): 30.99, #queue-req: 0
2026-09-23 07:59:06 | DEBUG    | tts5703.tts_engine | event=higgs_worker_stderr message=2026-09-23 07:59:06,936 [WARNING] sglang_omni.models.higgs_tts.audio_codec: Higgs codec decode CUDA graph miss for frame count 212; using eager decode
2026-09-23 07:59:07 | DEBUG    | tts5703.tts_engine | event=higgs_worker_stderr message=INFO:     127.0.0.1:35792 - "POST /v1/audio/speech HTTP/1.1" 200 OK
2026-09-23 07:59:07 | DEBUG    | tts5703.tts_engine | event=prepared_turn_tts_complete engine=higgs ordinal=7 output=turn_007.wav bytes=407084
2026-09-23 07:59:07 | DEBUG    | tts5703.tts_engine | event=prepared_turn_tts_start engine=higgs ordinal=8 speaker=spk_001 rate=normal
2026-09-23 07:59:07 | DEBUG    | tts5703.tts_engine | event=higgs_worker_stderr message=2026-09-23 07:59:07,012 [INFO] sglang_omni.pipeline.coordinator: Coordinator submitted req=speech-2ab30fab-6c49-4ff6-a4a0-3d2a813bc70f to preprocessing at ipc:///tmp/sglang_omni/home-li-yanyupingsheng-5703tts-models-higgs-tts-3-4-4q3d28wl/stage_preprocessing.sock
2026-09-23 07:59:07 | DEBUG    | tts5703.tts_engine | event=higgs_worker_stderr message=2026-09-23 07:59:07,014 [INFO] sglang_omni.scheduling.reference_encoder: Higgs ref cache reference encode stats: {'hits': 67, 'misses': 5, 'merged': 0, 'entries': 5, 'bytes': 21248, 'evictions': 0, 'failed': 0, 'uncacheable': 0, 'batches': 0, 'batched_items': 0}
2026-09-23 07:59:07 | DEBUG    | tts5703.tts_engine | event=higgs_worker_stderr message=2026-09-23 07:59:07,065 [INFO] sglang.srt.managers.scheduler_components.metrics_reporter: Prefill batch, #new-seq: 1, #new-token: 62, #cached-token: 136, token usage: 0.00, #running-req: 0, #queue-req: 0, #pending-token: 0, cuda graph: False, input throughput (token/s): 8.66
2026-09-23 07:59:08 | DEBUG    | tts5703.tts_engine | event=higgs_worker_stderr message=2026-09-23 07:59:08,255 [INFO] sglang.srt.managers.scheduler_components.metrics_reporter: Decode batch, #running-req: 1, #token: 235, token usage: 0.00, cuda graph: True, gen throughput (token/s): 28.17, #queue-req: 0
2026-09-23 07:59:09 | DEBUG    | tts5703.tts_engine | event=higgs_worker_stderr message=2026-09-23 07:59:09,539 [INFO] sglang.srt.managers.scheduler_components.metrics_reporter: Decode batch, #running-req: 1, #token: 275, token usage: 0.00, cuda graph: True, gen throughput (token/s): 31.14, #queue-req: 0
2026-09-23 07:59:10 | DEBUG    | tts5703.tts_engine | event=higgs_worker_stderr message=2026-09-23 07:59:10,826 [INFO] sglang.srt.managers.scheduler_components.metrics_reporter: Decode batch, #running-req: 1, #token: 315, token usage: 0.00, cuda graph: True, gen throughput (token/s): 31.08, #queue-req: 0
2026-09-23 07:59:12 | DEBUG    | tts5703.tts_engine | event=higgs_worker_stderr message=2026-09-23 07:59:12,115 [INFO] sglang.srt.managers.scheduler_components.metrics_reporter: Decode batch, #running-req: 1, #token: 355, token usage: 0.00, cuda graph: True, gen throughput (token/s): 31.04, #queue-req: 0
2026-09-23 07:59:13 | DEBUG    | tts5703.tts_engine | event=higgs_worker_stderr message=2026-09-23 07:59:13,405 [INFO] sglang.srt.managers.scheduler_components.metrics_reporter: Decode batch, #running-req: 1, #token: 395, token usage: 0.01, cuda graph: True, gen throughput (token/s): 31.00, #queue-req: 0
2026-09-23 07:59:14 | DEBUG    | tts5703.tts_engine | event=higgs_worker_stderr message=2026-09-23 07:59:14,698 [INFO] sglang.srt.managers.scheduler_components.metrics_reporter: Decode batch, #running-req: 1, #token: 435, token usage: 0.01, cuda graph: True, gen throughput (token/s): 30.95, #queue-req: 0
2026-09-23 07:59:15 | DEBUG    | tts5703.tts_engine | event=higgs_worker_stderr message=2026-09-23 07:59:15,990 [INFO] sglang.srt.managers.scheduler_components.metrics_reporter: Decode batch, #running-req: 1, #token: 475, token usage: 0.01, cuda graph: True, gen throughput (token/s): 30.94, #queue-req: 0
2026-09-23 07:59:17 | DEBUG    | tts5703.tts_engine | event=higgs_worker_stderr message=2026-09-23 07:59:17,284 [INFO] sglang.srt.managers.scheduler_components.metrics_reporter: Decode batch, #running-req: 1, #token: 515, token usage: 0.01, cuda graph: True, gen throughput (token/s): 30.91, #queue-req: 0
2026-09-23 07:59:18 | DEBUG    | tts5703.tts_engine | event=higgs_worker_stderr message=2026-09-23 07:59:18,581 [INFO] sglang.srt.managers.scheduler_components.metrics_reporter: Decode batch, #running-req: 1, #token: 555, token usage: 0.01, cuda graph: True, gen throughput (token/s): 30.85, #queue-req: 0
2026-09-23 07:59:19 | DEBUG    | tts5703.tts_engine | event=higgs_worker_stderr message=2026-09-23 07:59:19,879 [INFO] sglang.srt.managers.scheduler_components.metrics_reporter: Decode batch, #running-req: 1, #token: 595, token usage: 0.01, cuda graph: True, gen throughput (token/s): 30.83, #queue-req: 0
2026-09-23 07:59:21 | DEBUG    | tts5703.tts_engine | event=higgs_worker_stderr message=2026-09-23 07:59:21,176 [INFO] sglang.srt.managers.scheduler_components.metrics_reporter: Decode batch, #running-req: 1, #token: 635, token usage: 0.01, cuda graph: True, gen throughput (token/s): 30.83, #queue-req: 0
2026-09-23 07:59:22 | DEBUG    | tts5703.tts_engine | event=higgs_worker_stderr message=2026-09-23 07:59:22,476 [INFO] sglang.srt.managers.scheduler_components.metrics_reporter: Decode batch, #running-req: 1, #token: 675, token usage: 0.01, cuda graph: True, gen throughput (token/s): 30.78, #queue-req: 0
2026-09-23 07:59:23 | DEBUG    | tts5703.tts_engine | event=higgs_worker_stderr message=2026-09-23 07:59:23,774 [INFO] sglang.srt.managers.scheduler_components.metrics_reporter: Decode batch, #running-req: 1, #token: 0, token usage: 0.00, cuda graph: True, gen throughput (token/s): 30.81, #queue-req: 0
2026-09-23 07:59:23 | DEBUG    | tts5703.tts_engine | event=higgs_worker_stderr message=2026-09-23 07:59:23,777 [WARNING] sglang_omni.models.higgs_tts.audio_codec: Higgs codec decode CUDA graph miss for frame count 511; using eager decode
2026-09-23 07:59:23 | DEBUG    | tts5703.tts_engine | event=higgs_worker_stderr message=INFO:     127.0.0.1:52660 - "POST /v1/audio/speech HTTP/1.1" 200 OK
2026-09-23 07:59:23 | DEBUG    | tts5703.tts_engine | event=prepared_turn_tts_complete engine=higgs ordinal=8 output=turn_008.wav bytes=981164
2026-09-23 07:59:23 | DEBUG    | tts5703.tts_engine | event=prepared_turn_tts_start engine=higgs ordinal=9 speaker=spk_012 rate=normal
2026-09-23 07:59:23 | DEBUG    | tts5703.tts_engine | event=higgs_worker_stderr message=2026-09-23 07:59:23,863 [INFO] sglang_omni.pipeline.coordinator: Coordinator submitted req=speech-656b0414-cf40-452e-94a2-985e5baa1b47 to preprocessing at ipc:///tmp/sglang_omni/home-li-yanyupingsheng-5703tts-models-higgs-tts-3-4-4q3d28wl/stage_preprocessing.sock
2026-09-23 07:59:23 | DEBUG    | tts5703.tts_engine | event=higgs_worker_stderr message=2026-09-23 07:59:23,915 [INFO] sglang.srt.managers.scheduler_components.metrics_reporter: Prefill batch, #new-seq: 1, #new-token: 40, #cached-token: 135, token usage: 0.00, #running-req: 0, #queue-req: 0, #pending-token: 0, cuda graph: False, input throughput (token/s): 2.37
2026-09-23 07:59:25 | DEBUG    | tts5703.tts_engine | event=higgs_worker_stderr message=2026-09-23 07:59:25,198 [INFO] sglang.srt.managers.scheduler_components.metrics_reporter: Decode batch, #running-req: 1, #token: 215, token usage: 0.00, cuda graph: True, gen throughput (token/s): 28.08, #queue-req: 0
2026-09-23 07:59:26 | DEBUG    | tts5703.tts_engine | event=higgs_worker_stderr message=2026-09-23 07:59:26,481 [INFO] sglang.srt.managers.scheduler_components.metrics_reporter: Decode batch, #running-req: 1, #token: 255, token usage: 0.00, cuda graph: True, gen throughput (token/s): 31.18, #queue-req: 0
2026-09-23 07:59:27 | DEBUG    | tts5703.tts_engine | event=higgs_worker_stderr message=2026-09-23 07:59:27,768 [INFO] sglang.srt.managers.scheduler_components.metrics_reporter: Decode batch, #running-req: 1, #token: 295, token usage: 0.00, cuda graph: True, gen throughput (token/s): 31.09, #queue-req: 0
2026-09-23 07:59:29 | DEBUG    | tts5703.tts_engine | event=higgs_worker_stderr message=2026-09-23 07:59:29,054 [INFO] sglang.srt.managers.scheduler_components.metrics_reporter: Decode batch, #running-req: 1, #token: 335, token usage: 0.00, cuda graph: True, gen throughput (token/s): 31.09, #queue-req: 0
2026-09-23 07:59:30 | DEBUG    | tts5703.tts_engine | event=higgs_worker_stderr message=2026-09-23 07:59:30,345 [INFO] sglang.srt.managers.scheduler_components.metrics_reporter: Decode batch, #running-req: 1, #token: 375, token usage: 0.00, cuda graph: True, gen throughput (token/s): 30.99, #queue-req: 0
2026-09-23 07:59:31 | DEBUG    | tts5703.tts_engine | event=higgs_worker_stderr message=2026-09-23 07:59:31,636 [INFO] sglang.srt.managers.scheduler_components.metrics_reporter: Decode batch, #running-req: 1, #token: 415, token usage: 0.01, cuda graph: True, gen throughput (token/s): 30.98, #queue-req: 0
2026-09-23 07:59:31 | DEBUG    | tts5703.tts_engine | event=higgs_worker_stderr message=2026-09-23 07:59:31,737 [WARNING] sglang_omni.models.higgs_tts.audio_codec: Higgs codec decode CUDA graph miss for frame count 237; using eager decode
2026-09-23 07:59:31 | DEBUG    | tts5703.tts_engine | event=higgs_worker_stderr message=INFO:     127.0.0.1:34372 - "POST /v1/audio/speech HTTP/1.1" 200 OK
2026-09-23 07:59:31 | DEBUG    | tts5703.tts_engine | event=prepared_turn_tts_complete engine=higgs ordinal=9 output=turn_009.wav bytes=455084
2026-09-23 07:59:31 | DEBUG    | tts5703.tts_engine | event=prepared_turn_tts_start engine=higgs ordinal=10 speaker=spk_001 rate=normal
2026-09-23 07:59:31 | DEBUG    | tts5703.tts_engine | event=higgs_worker_stderr message=2026-09-23 07:59:31,813 [INFO] sglang_omni.pipeline.coordinator: Coordinator submitted req=speech-1c14db53-3e8f-4501-bf79-3bd64258ec9f to preprocessing at ipc:///tmp/sglang_omni/home-li-yanyupingsheng-5703tts-models-higgs-tts-3-4-4q3d28wl/stage_preprocessing.sock
2026-09-23 07:59:31 | DEBUG    | tts5703.tts_engine | event=higgs_worker_stderr message=2026-09-23 07:59:31,866 [INFO] sglang.srt.managers.scheduler_components.metrics_reporter: Prefill batch, #new-seq: 1, #new-token: 84, #cached-token: 136, token usage: 0.00, #running-req: 0, #queue-req: 0, #pending-token: 0, cuda graph: False, input throughput (token/s): 10.56
2026-09-23 07:59:33 | DEBUG    | tts5703.tts_engine | event=higgs_worker_stderr message=2026-09-23 07:59:33,053 [INFO] sglang.srt.managers.scheduler_components.metrics_reporter: Decode batch, #running-req: 1, #token: 257, token usage: 0.00, cuda graph: True, gen throughput (token/s): 28.23, #queue-req: 0
2026-09-23 07:59:34 | DEBUG    | tts5703.tts_engine | event=higgs_worker_stderr message=2026-09-23 07:59:34,336 [INFO] sglang.srt.managers.scheduler_components.metrics_reporter: Decode batch, #running-req: 1, #token: 297, token usage: 0.00, cuda graph: True, gen throughput (token/s): 31.18, #queue-req: 0
2026-09-23 07:59:35 | DEBUG    | tts5703.tts_engine | event=higgs_worker_stderr message=2026-09-23 07:59:35,627 [INFO] sglang.srt.managers.scheduler_components.metrics_reporter: Decode batch, #running-req: 1, #token: 337, token usage: 0.00, cuda graph: True, gen throughput (token/s): 30.98, #queue-req: 0
2026-09-23 07:59:36 | DEBUG    | tts5703.tts_engine | event=higgs_worker_stderr message=2026-09-23 07:59:36,918 [INFO] sglang.srt.managers.scheduler_components.metrics_reporter: Decode batch, #running-req: 1, #token: 377, token usage: 0.00, cuda graph: True, gen throughput (token/s): 30.98, #queue-req: 0
2026-09-23 07:59:38 | DEBUG    | tts5703.tts_engine | event=higgs_worker_stderr message=2026-09-23 07:59:38,208 [INFO] sglang.srt.managers.scheduler_components.metrics_reporter: Decode batch, #running-req: 1, #token: 417, token usage: 0.01, cuda graph: True, gen throughput (token/s): 31.01, #queue-req: 0
2026-09-23 07:59:39 | DEBUG    | tts5703.tts_engine | event=higgs_worker_stderr message=2026-09-23 07:59:39,502 [INFO] sglang.srt.managers.scheduler_components.metrics_reporter: Decode batch, #running-req: 1, #token: 457, token usage: 0.01, cuda graph: True, gen throughput (token/s): 30.92, #queue-req: 0
2026-09-23 07:59:40 | DEBUG    | tts5703.tts_engine | event=higgs_worker_stderr message=2026-09-23 07:59:40,794 [INFO] sglang.srt.managers.scheduler_components.metrics_reporter: Decode batch, #running-req: 1, #token: 497, token usage: 0.01, cuda graph: True, gen throughput (token/s): 30.94, #queue-req: 0
2026-09-23 07:59:42 | DEBUG    | tts5703.tts_engine | event=higgs_worker_stderr message=2026-09-23 07:59:42,087 [INFO] sglang.srt.managers.scheduler_components.metrics_reporter: Decode batch, #running-req: 1, #token: 537, token usage: 0.01, cuda graph: True, gen throughput (token/s): 30.93, #queue-req: 0
2026-09-23 07:59:43 | DEBUG    | tts5703.tts_engine | event=higgs_worker_stderr message=2026-09-23 07:59:43,381 [INFO] sglang.srt.managers.scheduler_components.metrics_reporter: Decode batch, #running-req: 1, #token: 577, token usage: 0.01, cuda graph: True, gen throughput (token/s): 30.93, #queue-req: 0
2026-09-23 07:59:44 | DEBUG    | tts5703.tts_engine | event=higgs_worker_stderr message=2026-09-23 07:59:44,679 [INFO] sglang.srt.managers.scheduler_components.metrics_reporter: Decode batch, #running-req: 1, #token: 617, token usage: 0.01, cuda graph: True, gen throughput (token/s): 30.81, #queue-req: 0
2026-09-23 07:59:45 | DEBUG    | tts5703.tts_engine | event=higgs_worker_stderr message=2026-09-23 07:59:45,978 [INFO] sglang.srt.managers.scheduler_components.metrics_reporter: Decode batch, #running-req: 1, #token: 657, token usage: 0.01, cuda graph: True, gen throughput (token/s): 30.79, #queue-req: 0
2026-09-23 07:59:47 | DEBUG    | tts5703.tts_engine | event=higgs_worker_stderr message=2026-09-23 07:59:47,278 [INFO] sglang.srt.managers.scheduler_components.metrics_reporter: Decode batch, #running-req: 1, #token: 697, token usage: 0.01, cuda graph: True, gen throughput (token/s): 30.78, #queue-req: 0
2026-09-23 07:59:48 | DEBUG    | tts5703.tts_engine | event=higgs_worker_stderr message=2026-09-23 07:59:48,579 [INFO] sglang.srt.managers.scheduler_components.metrics_reporter: Decode batch, #running-req: 1, #token: 737, token usage: 0.01, cuda graph: True, gen throughput (token/s): 30.74, #queue-req: 0
2026-09-23 07:59:49 | DEBUG    | tts5703.tts_engine | event=higgs_worker_stderr message=2026-09-23 07:59:49,879 [INFO] sglang.srt.managers.scheduler_components.metrics_reporter: Decode batch, #running-req: 1, #token: 777, token usage: 0.01, cuda graph: True, gen throughput (token/s): 30.78, #queue-req: 0
2026-09-23 07:59:50 | DEBUG    | tts5703.tts_engine | event=higgs_worker_stderr message=2026-09-23 07:59:50,923 [WARNING] sglang_omni.models.higgs_tts.audio_codec: Higgs codec decode CUDA graph miss for frame count 583; using eager decode
2026-09-23 07:59:51 | DEBUG    | tts5703.tts_engine | event=higgs_worker_stderr message=INFO:     127.0.0.1:45666 - "POST /v1/audio/speech HTTP/1.1" 200 OK
2026-09-23 07:59:51 | DEBUG    | tts5703.tts_engine | event=prepared_turn_tts_complete engine=higgs ordinal=10 output=turn_010.wav bytes=1119404
2026-09-23 07:59:51 | DEBUG    | tts5703.tts_engine | event=prepared_turn_tts_start engine=higgs ordinal=11 speaker=spk_012 rate=normal
2026-09-23 07:59:51 | DEBUG    | tts5703.tts_engine | event=higgs_worker_stderr message=2026-09-23 07:59:51,012 [INFO] sglang_omni.pipeline.coordinator: Coordinator submitted req=speech-b8af107f-7446-41d5-9e1b-ff7a4c6c148e to preprocessing at ipc:///tmp/sglang_omni/home-li-yanyupingsheng-5703tts-models-higgs-tts-3-4-4q3d28wl/stage_preprocessing.sock
2026-09-23 07:59:51 | DEBUG    | tts5703.tts_engine | event=higgs_worker_stderr message=2026-09-23 07:59:51,062 [INFO] sglang.srt.managers.scheduler_components.metrics_reporter: Prefill batch, #new-seq: 1, #new-token: 22, #cached-token: 137, token usage: 0.00, #running-req: 0, #queue-req: 0, #pending-token: 0, cuda graph: False, input throughput (token/s): 1.15
2026-09-23 07:59:51 | DEBUG    | tts5703.tts_engine | event=higgs_worker_stderr message=2026-09-23 07:59:51,320 [INFO] sglang.srt.managers.scheduler_components.metrics_reporter: Decode batch, #running-req: 1, #token: 167, token usage: 0.00, cuda graph: True, gen throughput (token/s): 27.74, #queue-req: 0
2026-09-23 07:59:52 | DEBUG    | tts5703.tts_engine | event=higgs_worker_stderr message=2026-09-23 07:59:52,610 [INFO] sglang.srt.managers.scheduler_components.metrics_reporter: Decode batch, #running-req: 1, #token: 207, token usage: 0.00, cuda graph: True, gen throughput (token/s): 31.01, #queue-req: 0
2026-09-23 07:59:53 | DEBUG    | tts5703.tts_engine | event=higgs_worker_stderr message=2026-09-23 07:59:53,901 [INFO] sglang.srt.managers.scheduler_components.metrics_reporter: Decode batch, #running-req: 1, #token: 247, token usage: 0.00, cuda graph: True, gen throughput (token/s): 30.99, #queue-req: 0
2026-09-23 07:59:55 | DEBUG    | tts5703.tts_engine | event=higgs_worker_stderr message=INFO:     127.0.0.1:57546 - "POST /v1/audio/speech HTTP/1.1" 200 OK
2026-09-23 07:59:55 | DEBUG    | tts5703.tts_engine | event=prepared_turn_tts_complete engine=higgs ordinal=11 output=turn_011.wav bytes=226604
2026-09-23 07:59:55 | DEBUG    | tts5703.tts_engine | event=prepared_turn_tts_start engine=higgs ordinal=12 speaker=spk_001 rate=normal
2026-09-23 07:59:55 | DEBUG    | tts5703.tts_engine | event=higgs_worker_stderr message=2026-09-23 07:59:55,087 [INFO] sglang_omni.pipeline.coordinator: Coordinator submitted req=speech-024b9078-aa5f-46f8-82bd-8e93aa30e2be to preprocessing at ipc:///tmp/sglang_omni/home-li-yanyupingsheng-5703tts-models-higgs-tts-3-4-4q3d28wl/stage_preprocessing.sock
2026-09-23 07:59:55 | DEBUG    | tts5703.tts_engine | event=higgs_worker_stderr message=2026-09-23 07:59:55,141 [INFO] sglang.srt.managers.scheduler_components.metrics_reporter: Prefill batch, #new-seq: 1, #new-token: 76, #cached-token: 135, token usage: 0.00, #running-req: 0, #queue-req: 0, #pending-token: 0, cuda graph: False, input throughput (token/s): 18.64
2026-09-23 07:59:55 | DEBUG    | tts5703.tts_engine | event=higgs_worker_stderr message=2026-09-23 07:59:55,271 [INFO] sglang.srt.managers.scheduler_components.metrics_reporter: Decode batch, #running-req: 1, #token: 215, token usage: 0.00, cuda graph: True, gen throughput (token/s): 29.21, #queue-req: 0
2026-09-23 07:59:56 | DEBUG    | tts5703.tts_engine | event=higgs_worker_stderr message=2026-09-23 07:59:56,552 [INFO] sglang.srt.managers.scheduler_components.metrics_reporter: Decode batch, #running-req: 1, #token: 255, token usage: 0.00, cuda graph: True, gen throughput (token/s): 31.21, #queue-req: 0
2026-09-23 07:59:57 | DEBUG    | tts5703.tts_engine | event=higgs_worker_stderr message=2026-09-23 07:59:57,836 [INFO] sglang.srt.managers.scheduler_components.metrics_reporter: Decode batch, #running-req: 1, #token: 295, token usage: 0.00, cuda graph: True, gen throughput (token/s): 31.16, #queue-req: 0
2026-09-23 07:59:59 | DEBUG    | tts5703.tts_engine | event=higgs_worker_stderr message=2026-09-23 07:59:59,127 [INFO] sglang.srt.managers.scheduler_components.metrics_reporter: Decode batch, #running-req: 1, #token: 335, token usage: 0.00, cuda graph: True, gen throughput (token/s): 30.99, #queue-req: 0
2026-09-23 08:00:00 | DEBUG    | tts5703.tts_engine | event=higgs_worker_stderr message=2026-09-23 08:00:00,430 [INFO] sglang.srt.managers.scheduler_components.metrics_reporter: Decode batch, #running-req: 1, #token: 375, token usage: 0.00, cuda graph: True, gen throughput (token/s): 30.70, #queue-req: 0
2026-09-23 08:00:01 | DEBUG    | tts5703.tts_engine | event=higgs_worker_stderr message=2026-09-23 08:00:01,721 [INFO] sglang.srt.managers.scheduler_components.metrics_reporter: Decode batch, #running-req: 1, #token: 415, token usage: 0.01, cuda graph: True, gen throughput (token/s): 30.96, #queue-req: 0
2026-09-23 08:00:03 | DEBUG    | tts5703.tts_engine | event=higgs_worker_stderr message=2026-09-23 08:00:03,013 [INFO] sglang.srt.managers.scheduler_components.metrics_reporter: Decode batch, #running-req: 1, #token: 455, token usage: 0.01, cuda graph: True, gen throughput (token/s): 30.97, #queue-req: 0
2026-09-23 08:00:04 | DEBUG    | tts5703.tts_engine | event=higgs_worker_stderr message=2026-09-23 08:00:04,306 [INFO] sglang.srt.managers.scheduler_components.metrics_reporter: Decode batch, #running-req: 1, #token: 495, token usage: 0.01, cuda graph: True, gen throughput (token/s): 30.94, #queue-req: 0
2026-09-23 08:00:05 | DEBUG    | tts5703.tts_engine | event=higgs_worker_stderr message=2026-09-23 08:00:05,603 [INFO] sglang.srt.managers.scheduler_components.metrics_reporter: Decode batch, #running-req: 1, #token: 535, token usage: 0.01, cuda graph: True, gen throughput (token/s): 30.83, #queue-req: 0
2026-09-23 08:00:06 | DEBUG    | tts5703.tts_engine | event=higgs_worker_stderr message=2026-09-23 08:00:06,897 [INFO] sglang.srt.managers.scheduler_components.metrics_reporter: Decode batch, #running-req: 1, #token: 575, token usage: 0.01, cuda graph: True, gen throughput (token/s): 30.92, #queue-req: 0
2026-09-23 08:00:08 | DEBUG    | tts5703.tts_engine | event=higgs_worker_stderr message=2026-09-23 08:00:08,191 [INFO] sglang.srt.managers.scheduler_components.metrics_reporter: Decode batch, #running-req: 1, #token: 615, token usage: 0.01, cuda graph: True, gen throughput (token/s): 30.90, #queue-req: 0
2026-09-23 08:00:09 | DEBUG    | tts5703.tts_engine | event=higgs_worker_stderr message=2026-09-23 08:00:09,489 [INFO] sglang.srt.managers.scheduler_components.metrics_reporter: Decode batch, #running-req: 1, #token: 655, token usage: 0.01, cuda graph: True, gen throughput (token/s): 30.83, #queue-req: 0
2026-09-23 08:00:10 | DEBUG    | tts5703.tts_engine | event=higgs_worker_stderr message=2026-09-23 08:00:10,787 [INFO] sglang.srt.managers.scheduler_components.metrics_reporter: Decode batch, #running-req: 1, #token: 695, token usage: 0.01, cuda graph: True, gen throughput (token/s): 30.81, #queue-req: 0
2026-09-23 08:00:11 | DEBUG    | tts5703.tts_engine | event=higgs_worker_stderr message=2026-09-23 08:00:11,179 [WARNING] sglang_omni.models.higgs_tts.audio_codec: Higgs codec decode CUDA graph miss for frame count 490; using eager decode
2026-09-23 08:00:11 | DEBUG    | tts5703.tts_engine | event=higgs_worker_stderr message=INFO:     127.0.0.1:57558 - "POST /v1/audio/speech HTTP/1.1" 200 OK
2026-09-23 08:00:11 | DEBUG    | tts5703.tts_engine | event=prepared_turn_tts_complete engine=higgs ordinal=12 output=turn_012.wav bytes=940844
2026-09-23 08:00:11 | DEBUG    | tts5703.tts_engine | event=prepared_turn_tts_start engine=higgs ordinal=13 speaker=spk_012 rate=normal
2026-09-23 08:00:11 | DEBUG    | tts5703.tts_engine | event=higgs_worker_stderr message=2026-09-23 08:00:11,264 [INFO] sglang_omni.pipeline.coordinator: Coordinator submitted req=speech-667bfae1-1cbb-4da9-99c2-18b45eb270a3 to preprocessing at ipc:///tmp/sglang_omni/home-li-yanyupingsheng-5703tts-models-higgs-tts-3-4-4q3d28wl/stage_preprocessing.sock
2026-09-23 08:00:11 | DEBUG    | tts5703.tts_engine | event=higgs_worker_stderr message=2026-09-23 08:00:11,265 [INFO] sglang_omni.scheduling.reference_encoder: Higgs ref cache reference encode stats: {'hits': 72, 'misses': 5, 'merged': 0, 'entries': 5, 'bytes': 21248, 'evictions': 0, 'failed': 0, 'uncacheable': 0, 'batches': 0, 'batched_items': 0}
2026-09-23 08:00:11 | DEBUG    | tts5703.tts_engine | event=higgs_worker_stderr message=2026-09-23 08:00:11,315 [INFO] sglang.srt.managers.scheduler_components.metrics_reporter: Prefill batch, #new-seq: 1, #new-token: 31, #cached-token: 138, token usage: 0.00, #running-req: 0, #queue-req: 0, #pending-token: 0, cuda graph: False, input throughput (token/s): 1.92
2026-09-23 08:00:12 | DEBUG    | tts5703.tts_engine | event=higgs_worker_stderr message=2026-09-23 08:00:12,210 [INFO] sglang.srt.managers.scheduler_components.metrics_reporter: Decode batch, #running-req: 1, #token: 197, token usage: 0.00, cuda graph: True, gen throughput (token/s): 28.11, #queue-req: 0
2026-09-23 08:00:13 | DEBUG    | tts5703.tts_engine | event=higgs_worker_stderr message=2026-09-23 08:00:13,492 [INFO] sglang.srt.managers.scheduler_components.metrics_reporter: Decode batch, #running-req: 1, #token: 237, token usage: 0.00, cuda graph: True, gen throughput (token/s): 31.20, #queue-req: 0
2026-09-23 08:00:14 | DEBUG    | tts5703.tts_engine | event=higgs_worker_stderr message=2026-09-23 08:00:14,777 [INFO] sglang.srt.managers.scheduler_components.metrics_reporter: Decode batch, #running-req: 1, #token: 277, token usage: 0.00, cuda graph: True, gen throughput (token/s): 31.12, #queue-req: 0
2026-09-23 08:00:16 | DEBUG    | tts5703.tts_engine | event=higgs_worker_stderr message=2026-09-23 08:00:16,066 [INFO] sglang.srt.managers.scheduler_components.metrics_reporter: Decode batch, #running-req: 1, #token: 317, token usage: 0.00, cuda graph: True, gen throughput (token/s): 31.04, #queue-req: 0
2026-09-23 08:00:17 | DEBUG    | tts5703.tts_engine | event=higgs_worker_stderr message=INFO:     127.0.0.1:52436 - "POST /v1/audio/speech HTTP/1.1" 200 OK
2026-09-23 08:00:17 | DEBUG    | tts5703.tts_engine | event=prepared_turn_tts_complete engine=higgs ordinal=13 output=turn_013.wav bytes=328364
2026-09-23 08:00:17 | DEBUG    | tts5703.tts_engine | event=prepared_turn_tts_start engine=higgs ordinal=14 speaker=spk_001 rate=normal
2026-09-23 08:00:17 | DEBUG    | tts5703.tts_engine | event=higgs_worker_stderr message=2026-09-23 08:00:17,021 [INFO] sglang_omni.pipeline.coordinator: Coordinator submitted req=speech-0acb122b-a4b5-4b85-addf-b4863579aeb9 to preprocessing at ipc:///tmp/sglang_omni/home-li-yanyupingsheng-5703tts-models-higgs-tts-3-4-4q3d28wl/stage_preprocessing.sock
2026-09-23 08:00:17 | DEBUG    | tts5703.tts_engine | event=higgs_worker_stderr message=2026-09-23 08:00:17,073 [INFO] sglang.srt.managers.scheduler_components.metrics_reporter: Prefill batch, #new-seq: 1, #new-token: 58, #cached-token: 136, token usage: 0.00, #running-req: 0, #queue-req: 0, #pending-token: 0, cuda graph: False, input throughput (token/s): 10.07
2026-09-23 08:00:17 | DEBUG    | tts5703.tts_engine | event=higgs_worker_stderr message=2026-09-23 08:00:17,425 [INFO] sglang.srt.managers.scheduler_components.metrics_reporter: Decode batch, #running-req: 1, #token: 205, token usage: 0.00, cuda graph: True, gen throughput (token/s): 29.42, #queue-req: 0
2026-09-23 08:00:18 | DEBUG    | tts5703.tts_engine | event=higgs_worker_stderr message=2026-09-23 08:00:18,708 [INFO] sglang.srt.managers.scheduler_components.metrics_reporter: Decode batch, #running-req: 1, #token: 245, token usage: 0.00, cuda graph: True, gen throughput (token/s): 31.18, #queue-req: 0
2026-09-23 08:00:19 | DEBUG    | tts5703.tts_engine | event=higgs_worker_stderr message=2026-09-23 08:00:19,992 [INFO] sglang.srt.managers.scheduler_components.metrics_reporter: Decode batch, #running-req: 1, #token: 285, token usage: 0.00, cuda graph: True, gen throughput (token/s): 31.17, #queue-req: 0
2026-09-23 08:00:21 | DEBUG    | tts5703.tts_engine | event=higgs_worker_stderr message=2026-09-23 08:00:21,280 [INFO] sglang.srt.managers.scheduler_components.metrics_reporter: Decode batch, #running-req: 1, #token: 325, token usage: 0.00, cuda graph: True, gen throughput (token/s): 31.05, #queue-req: 0
2026-09-23 08:00:22 | DEBUG    | tts5703.tts_engine | event=higgs_worker_stderr message=2026-09-23 08:00:22,570 [INFO] sglang.srt.managers.scheduler_components.metrics_reporter: Decode batch, #running-req: 1, #token: 365, token usage: 0.00, cuda graph: True, gen throughput (token/s): 31.00, #queue-req: 0
2026-09-23 08:00:23 | DEBUG    | tts5703.tts_engine | event=higgs_worker_stderr message=2026-09-23 08:00:23,858 [INFO] sglang.srt.managers.scheduler_components.metrics_reporter: Decode batch, #running-req: 1, #token: 405, token usage: 0.01, cuda graph: True, gen throughput (token/s): 31.06, #queue-req: 0
2026-09-23 08:00:25 | DEBUG    | tts5703.tts_engine | event=higgs_worker_stderr message=2026-09-23 08:00:25,148 [INFO] sglang.srt.managers.scheduler_components.metrics_reporter: Decode batch, #running-req: 1, #token: 445, token usage: 0.01, cuda graph: True, gen throughput (token/s): 31.00, #queue-req: 0
2026-09-23 08:00:26 | DEBUG    | tts5703.tts_engine | event=higgs_worker_stderr message=2026-09-23 08:00:26,440 [INFO] sglang.srt.managers.scheduler_components.metrics_reporter: Decode batch, #running-req: 1, #token: 485, token usage: 0.01, cuda graph: True, gen throughput (token/s): 30.96, #queue-req: 0
2026-09-23 08:00:27 | DEBUG    | tts5703.tts_engine | event=higgs_worker_stderr message=2026-09-23 08:00:27,732 [INFO] sglang.srt.managers.scheduler_components.metrics_reporter: Decode batch, #running-req: 1, #token: 525, token usage: 0.01, cuda graph: True, gen throughput (token/s): 30.96, #queue-req: 0
2026-09-23 08:00:29 | DEBUG    | tts5703.tts_engine | event=higgs_worker_stderr message=2026-09-23 08:00:29,025 [INFO] sglang.srt.managers.scheduler_components.metrics_reporter: Decode batch, #running-req: 1, #token: 565, token usage: 0.01, cuda graph: True, gen throughput (token/s): 30.95, #queue-req: 0
2026-09-23 08:00:30 | DEBUG    | tts5703.tts_engine | event=higgs_worker_stderr message=2026-09-23 08:00:30,318 [INFO] sglang.srt.managers.scheduler_components.metrics_reporter: Decode batch, #running-req: 1, #token: 605, token usage: 0.01, cuda graph: True, gen throughput (token/s): 30.92, #queue-req: 0
2026-09-23 08:00:30 | DEBUG    | tts5703.tts_engine | event=higgs_worker_stderr message=2026-09-23 08:00:30,452 [WARNING] sglang_omni.models.higgs_tts.audio_codec: Higgs codec decode CUDA graph miss for frame count 409; using eager decode
2026-09-23 08:00:30 | DEBUG    | tts5703.tts_engine | event=higgs_worker_stderr message=INFO:     127.0.0.1:34262 - "POST /v1/audio/speech HTTP/1.1" 200 OK
2026-09-23 08:00:30 | DEBUG    | tts5703.tts_engine | event=prepared_turn_tts_complete engine=higgs ordinal=14 output=turn_014.wav bytes=785324
2026-09-23 08:00:30 | DEBUG    | tts5703.tts_engine | event=prepared_turn_tts_start engine=higgs ordinal=15 speaker=spk_012 rate=normal
2026-09-23 08:00:30 | DEBUG    | tts5703.tts_engine | event=higgs_worker_stderr message=2026-09-23 08:00:30,530 [INFO] sglang_omni.pipeline.coordinator: Coordinator submitted req=speech-3a65aa68-9aeb-4f21-b540-0a1d06c41f6b to preprocessing at ipc:///tmp/sglang_omni/home-li-yanyupingsheng-5703tts-models-higgs-tts-3-4-4q3d28wl/stage_preprocessing.sock
2026-09-23 08:00:30 | DEBUG    | tts5703.tts_engine | event=higgs_worker_stderr message=2026-09-23 08:00:30,581 [INFO] sglang.srt.managers.scheduler_components.metrics_reporter: Prefill batch, #new-seq: 1, #new-token: 41, #cached-token: 135, token usage: 0.00, #running-req: 0, #queue-req: 0, #pending-token: 0, cuda graph: False, input throughput (token/s): 3.04
2026-09-23 08:00:31 | DEBUG    | tts5703.tts_engine | event=higgs_worker_stderr message=2026-09-23 08:00:31,734 [INFO] sglang.srt.managers.scheduler_components.metrics_reporter: Decode batch, #running-req: 1, #token: 212, token usage: 0.00, cuda graph: True, gen throughput (token/s): 28.26, #queue-req: 0
2026-09-23 08:00:33 | DEBUG    | tts5703.tts_engine | event=higgs_worker_stderr message=2026-09-23 08:00:33,014 [INFO] sglang.srt.managers.scheduler_components.metrics_reporter: Decode batch, #running-req: 1, #token: 252, token usage: 0.00, cuda graph: True, gen throughput (token/s): 31.23, #queue-req: 0
2026-09-23 08:00:34 | DEBUG    | tts5703.tts_engine | event=higgs_worker_stderr message=2026-09-23 08:00:34,298 [INFO] sglang.srt.managers.scheduler_components.metrics_reporter: Decode batch, #running-req: 1, #token: 292, token usage: 0.00, cuda graph: True, gen throughput (token/s): 31.17, #queue-req: 0
2026-09-23 08:00:35 | DEBUG    | tts5703.tts_engine | event=higgs_worker_stderr message=2026-09-23 08:00:35,584 [INFO] sglang.srt.managers.scheduler_components.metrics_reporter: Decode batch, #running-req: 1, #token: 332, token usage: 0.00, cuda graph: True, gen throughput (token/s): 31.09, #queue-req: 0
2026-09-23 08:00:36 | DEBUG    | tts5703.tts_engine | event=higgs_worker_stderr message=2026-09-23 08:00:36,875 [INFO] sglang.srt.managers.scheduler_components.metrics_reporter: Decode batch, #running-req: 1, #token: 372, token usage: 0.00, cuda graph: True, gen throughput (token/s): 30.99, #queue-req: 0
2026-09-23 08:00:38 | DEBUG    | tts5703.tts_engine | event=higgs_worker_stderr message=2026-09-23 08:00:38,167 [INFO] sglang.srt.managers.scheduler_components.metrics_reporter: Decode batch, #running-req: 1, #token: 412, token usage: 0.01, cuda graph: True, gen throughput (token/s): 30.95, #queue-req: 0
2026-09-23 08:00:38 | DEBUG    | tts5703.tts_engine | event=higgs_worker_stderr message=2026-09-23 08:00:38,913 [WARNING] sglang_omni.models.higgs_tts.audio_codec: Higgs codec decode CUDA graph miss for frame count 253; using eager decode
2026-09-23 08:00:38 | DEBUG    | tts5703.tts_engine | event=higgs_worker_stderr message=INFO:     127.0.0.1:49228 - "POST /v1/audio/speech HTTP/1.1" 200 OK
2026-09-23 08:00:38 | DEBUG    | tts5703.tts_engine | event=prepared_turn_tts_complete engine=higgs ordinal=15 output=turn_015.wav bytes=485804
2026-09-23 08:00:38 | DEBUG    | tts5703.tts_engine | event=prepared_turn_tts_start engine=higgs ordinal=16 speaker=spk_001 rate=normal
2026-09-23 08:00:38 | DEBUG    | tts5703.tts_engine | event=higgs_worker_stderr message=2026-09-23 08:00:38,989 [INFO] sglang_omni.pipeline.coordinator: Coordinator submitted req=speech-425d5d23-e786-486a-9bc2-efe34b0a644a to preprocessing at ipc:///tmp/sglang_omni/home-li-yanyupingsheng-5703tts-models-higgs-tts-3-4-4q3d28wl/stage_preprocessing.sock
2026-09-23 08:00:39 | DEBUG    | tts5703.tts_engine | event=higgs_worker_stderr message=2026-09-23 08:00:39,041 [INFO] sglang.srt.managers.scheduler_components.metrics_reporter: Prefill batch, #new-seq: 1, #new-token: 68, #cached-token: 136, token usage: 0.00, #running-req: 0, #queue-req: 0, #pending-token: 0, cuda graph: False, input throughput (token/s): 8.04
2026-09-23 08:00:39 | DEBUG    | tts5703.tts_engine | event=higgs_worker_stderr message=2026-09-23 08:00:39,585 [INFO] sglang.srt.managers.scheduler_components.metrics_reporter: Decode batch, #running-req: 1, #token: 221, token usage: 0.00, cuda graph: True, gen throughput (token/s): 28.21, #queue-req: 0
2026-09-23 08:00:40 | DEBUG    | tts5703.tts_engine | event=higgs_worker_stderr message=2026-09-23 08:00:40,867 [INFO] sglang.srt.managers.scheduler_components.metrics_reporter: Decode batch, #running-req: 1, #token: 261, token usage: 0.00, cuda graph: True, gen throughput (token/s): 31.20, #queue-req: 0
2026-09-23 08:00:42 | DEBUG    | tts5703.tts_engine | event=higgs_worker_stderr message=2026-09-23 08:00:42,154 [INFO] sglang.srt.managers.scheduler_components.metrics_reporter: Decode batch, #running-req: 1, #token: 301, token usage: 0.00, cuda graph: True, gen throughput (token/s): 31.09, #queue-req: 0
2026-09-23 08:00:43 | DEBUG    | tts5703.tts_engine | event=higgs_worker_stderr message=2026-09-23 08:00:43,439 [INFO] sglang.srt.managers.scheduler_components.metrics_reporter: Decode batch, #running-req: 1, #token: 341, token usage: 0.00, cuda graph: True, gen throughput (token/s): 31.11, #queue-req: 0
2026-09-23 08:00:44 | DEBUG    | tts5703.tts_engine | event=higgs_worker_stderr message=2026-09-23 08:00:44,729 [INFO] sglang.srt.managers.scheduler_components.metrics_reporter: Decode batch, #running-req: 1, #token: 381, token usage: 0.00, cuda graph: True, gen throughput (token/s): 31.02, #queue-req: 0
2026-09-23 08:00:46 | DEBUG    | tts5703.tts_engine | event=higgs_worker_stderr message=2026-09-23 08:00:46,019 [INFO] sglang.srt.managers.scheduler_components.metrics_reporter: Decode batch, #running-req: 1, #token: 421, token usage: 0.01, cuda graph: True, gen throughput (token/s): 31.00, #queue-req: 0
2026-09-23 08:00:47 | DEBUG    | tts5703.tts_engine | event=higgs_worker_stderr message=2026-09-23 08:00:47,311 [INFO] sglang.srt.managers.scheduler_components.metrics_reporter: Decode batch, #running-req: 1, #token: 461, token usage: 0.01, cuda graph: True, gen throughput (token/s): 30.97, #queue-req: 0
2026-09-23 08:00:48 | DEBUG    | tts5703.tts_engine | event=higgs_worker_stderr message=2026-09-23 08:00:48,604 [INFO] sglang.srt.managers.scheduler_components.metrics_reporter: Decode batch, #running-req: 1, #token: 501, token usage: 0.01, cuda graph: True, gen throughput (token/s): 30.92, #queue-req: 0
2026-09-23 08:00:49 | DEBUG    | tts5703.tts_engine | event=higgs_worker_stderr message=2026-09-23 08:00:49,897 [INFO] sglang.srt.managers.scheduler_components.metrics_reporter: Decode batch, #running-req: 1, #token: 541, token usage: 0.01, cuda graph: True, gen throughput (token/s): 30.95, #queue-req: 0
2026-09-23 08:00:51 | DEBUG    | tts5703.tts_engine | event=higgs_worker_stderr message=2026-09-23 08:00:51,190 [INFO] sglang.srt.managers.scheduler_components.metrics_reporter: Decode batch, #running-req: 1, #token: 581, token usage: 0.01, cuda graph: True, gen throughput (token/s): 30.92, #queue-req: 0
2026-09-23 08:00:52 | DEBUG    | tts5703.tts_engine | event=higgs_worker_stderr message=2026-09-23 08:00:52,485 [INFO] sglang.srt.managers.scheduler_components.metrics_reporter: Decode batch, #running-req: 1, #token: 621, token usage: 0.01, cuda graph: True, gen throughput (token/s): 30.89, #queue-req: 0
2026-09-23 08:00:53 | DEBUG    | tts5703.tts_engine | event=higgs_worker_stderr message=2026-09-23 08:00:53,779 [INFO] sglang.srt.managers.scheduler_components.metrics_reporter: Decode batch, #running-req: 1, #token: 661, token usage: 0.01, cuda graph: True, gen throughput (token/s): 30.91, #queue-req: 0
2026-09-23 08:00:55 | DEBUG    | tts5703.tts_engine | event=higgs_worker_stderr message=2026-09-23 08:00:55,076 [INFO] sglang.srt.managers.scheduler_components.metrics_reporter: Decode batch, #running-req: 1, #token: 701, token usage: 0.01, cuda graph: True, gen throughput (token/s): 30.85, #queue-req: 0
2026-09-23 08:00:55 | DEBUG    | tts5703.tts_engine | event=higgs_worker_stderr message=2026-09-23 08:00:55,566 [WARNING] sglang_omni.models.higgs_tts.audio_codec: Higgs codec decode CUDA graph miss for frame count 506; using eager decode
2026-09-23 08:00:55 | DEBUG    | tts5703.tts_engine | event=higgs_worker_stderr message=INFO:     127.0.0.1:43922 - "POST /v1/audio/speech HTTP/1.1" 200 OK
2026-09-23 08:00:55 | DEBUG    | tts5703.tts_engine | event=prepared_turn_tts_complete engine=higgs ordinal=16 output=turn_016.wav bytes=971564
2026-09-23 08:00:55 | DEBUG    | tts5703.tts_engine | event=prepared_turn_tts_start engine=higgs ordinal=17 speaker=spk_012 rate=normal
2026-09-23 08:00:55 | DEBUG    | tts5703.tts_engine | event=higgs_worker_stderr message=2026-09-23 08:00:55,648 [INFO] sglang_omni.pipeline.coordinator: Coordinator submitted req=speech-2a892d31-2021-4802-9681-4688faadcc47 to preprocessing at ipc:///tmp/sglang_omni/home-li-yanyupingsheng-5703tts-models-higgs-tts-3-4-4q3d28wl/stage_preprocessing.sock
2026-09-23 08:00:55 | DEBUG    | tts5703.tts_engine | event=higgs_worker_stderr message=2026-09-23 08:00:55,698 [INFO] sglang.srt.managers.scheduler_components.metrics_reporter: Prefill batch, #new-seq: 1, #new-token: 37, #cached-token: 135, token usage: 0.00, #running-req: 0, #queue-req: 0, #pending-token: 0, cuda graph: False, input throughput (token/s): 2.22
2026-09-23 08:00:56 | DEBUG    | tts5703.tts_engine | event=higgs_worker_stderr message=2026-09-23 08:00:56,498 [INFO] sglang.srt.managers.scheduler_components.metrics_reporter: Decode batch, #running-req: 1, #token: 197, token usage: 0.00, cuda graph: True, gen throughput (token/s): 28.12, #queue-req: 0
2026-09-23 08:00:57 | DEBUG    | tts5703.tts_engine | event=higgs_worker_stderr message=2026-09-23 08:00:57,781 [INFO] sglang.srt.managers.scheduler_components.metrics_reporter: Decode batch, #running-req: 1, #token: 237, token usage: 0.00, cuda graph: True, gen throughput (token/s): 31.19, #queue-req: 0
2026-09-23 08:00:59 | DEBUG    | tts5703.tts_engine | event=higgs_worker_stderr message=2026-09-23 08:00:59,063 [INFO] sglang.srt.managers.scheduler_components.metrics_reporter: Decode batch, #running-req: 1, #token: 277, token usage: 0.00, cuda graph: True, gen throughput (token/s): 31.19, #queue-req: 0
2026-09-23 08:01:00 | DEBUG    | tts5703.tts_engine | event=higgs_worker_stderr message=2026-09-23 08:01:00,349 [INFO] sglang.srt.managers.scheduler_components.metrics_reporter: Decode batch, #running-req: 1, #token: 317, token usage: 0.00, cuda graph: True, gen throughput (token/s): 31.11, #queue-req: 0
2026-09-23 08:01:01 | DEBUG    | tts5703.tts_engine | event=higgs_worker_stderr message=2026-09-23 08:01:01,642 [INFO] sglang.srt.managers.scheduler_components.metrics_reporter: Decode batch, #running-req: 1, #token: 357, token usage: 0.00, cuda graph: True, gen throughput (token/s): 30.93, #queue-req: 0
2026-09-23 08:01:02 | DEBUG    | tts5703.tts_engine | event=higgs_worker_stderr message=INFO:     127.0.0.1:59390 - "POST /v1/audio/speech HTTP/1.1" 200 OK
2026-09-23 08:01:02 | DEBUG    | tts5703.tts_engine | event=prepared_turn_tts_complete engine=higgs ordinal=17 output=turn_017.wav bytes=407084
2026-09-23 08:01:05 | INFO     | tts5703.pipeline | event=final_dialogue_pipeline_complete dialogue=corpus_v1_000621 passed=True elapsed_sec=169.60
2026-09-23 08:01:05 | INFO     | tts5703.cli | event=final_batch_complete status=success rendered=5 resumed=25 excluded=0 failed=0 elapsed_sec=772.95 manifest=data/output/higgs_pilot30/batch_result.json
2026-09-23 08:01:05 | DEBUG    | tts5703.tts_engine | event=higgs_worker_stderr message=INFO:     Shutting down
2026-09-23 08:01:05 | DEBUG    | tts5703.tts_engine | event=higgs_worker_stderr message=INFO:     Waiting for application shutdown.
2026-09-23 08:01:05 | DEBUG    | tts5703.tts_engine | event=higgs_worker_stderr message=INFO:     Application shutdown complete.
2026-09-23 08:01:05 | DEBUG    | tts5703.tts_engine | event=higgs_worker_stderr message=INFO:     Finished server process [8195]
2026-09-23 08:01:05 | DEBUG    | tts5703.tts_engine | event=higgs_worker_stderr message=2026-09-23 08:01:05,271 [INFO] sglang_omni.serve.launcher: Shutting down pipeline …
2026-09-23 08:01:05 | DEBUG    | tts5703.tts_engine | event=higgs_worker_stderr message=2026-09-23 08:01:05,272 [INFO] sglang_omni.pipeline.coordinator: Sent shutdown to stage: preprocessing
2026-09-23 08:01:05 | DEBUG    | tts5703.tts_engine | event=higgs_worker_stderr message=2026-09-23 08:01:05,272 [INFO] sglang_omni.pipeline.coordinator: Sent shutdown to stage: audio_encoder
2026-09-23 08:01:05 | DEBUG    | tts5703.tts_engine | event=higgs_worker_stderr message=2026-09-23 08:01:05,272 [INFO] sglang_omni.pipeline.coordinator: Sent shutdown to stage: tts_engine
2026-09-23 08:01:05 | DEBUG    | tts5703.tts_engine | event=higgs_worker_stderr message=2026-09-23 08:01:05,273 [INFO] sglang_omni.pipeline.coordinator: Sent shutdown to stage: vocoder
2026-09-23 08:01:05 | DEBUG    | tts5703.tts_engine | event=higgs_worker_stderr message=2026-09-23 08:01:05,428 [INFO] sglang_omni.pipeline.coordinator: Coordinator completion loop cancelled
2026-09-23 08:01:05 | DEBUG    | tts5703.tts_engine | event=higgs_worker_stderr message=2026-09-23 08:01:05,428 [INFO] sglang_omni.pipeline.coordinator: Coordinator stopped
2026-09-23 08:01:05 | DEBUG    | tts5703.tts_engine | event=higgs_worker_stderr message=2026-09-23 08:01:05,429 [INFO] sglang_omni.serve.launcher: Pipeline stopped.
2026-09-23 08:01:06 | DEBUG    | tts5703.tts_engine | event=higgs_worker_stderr message=/home/li_yanyupingsheng/.local/share/uv/python/cpython-3.12.14-linux-x86_64-gnu/lib/python3.12/multiprocessing/resource_tracker.py:279: UserWarning: resource_tracker: There appear to be 2 leaked semaphore objects to clean up at shutdown
2026-09-23 08:01:06 | DEBUG    | tts5703.tts_engine | event=higgs_worker_stderr message=  warnings.warn('resource_tracker: There appear to be %d '
