timestamp, name, memory.total [MiB], memory.used [MiB], memory.free [MiB], utilization.gpu [%]
2026/09/24 08:49:56.460, NVIDIA L4, 23034 MiB, 0 MiB, 22646 MiB, 0 %
2026/09/24 08:49:57.465, NVIDIA L4, 23034 MiB, 3 MiB, 22643 MiB, 0 %
2026/09/24 08:49:58.465, NVIDIA L4, 23034 MiB, 3 MiB, 22643 MiB, 0 %
2026/09/24 08:49:59.467, NVIDIA L4, 23034 MiB, 3 MiB, 22643 MiB, 0 %
2026/09/24 08:50:00.468, NVIDIA L4, 23034 MiB, 3 MiB, 22643 MiB, 0 %
2026/09/24 08:50:01.468, NVIDIA L4, 23034 MiB, 3 MiB, 22643 MiB, 0 %
2026/09/24 08:50:02.468, NVIDIA L4, 23034 MiB, 3 MiB, 22643 MiB, 0 %
2026/09/24 08:50:03.469, NVIDIA L4, 23034 MiB, 3 MiB, 22643 MiB, 0 %
2026/09/24 08:50:04.469, NVIDIA L4, 23034 MiB, 3 MiB, 22643 MiB, 0 %
2026/09/24 08:50:05.469, NVIDIA L4, 23034 MiB, 3 MiB, 22643 MiB, 0 %
2026/09/24 08:50:06.470, NVIDIA L4, 23034 MiB, 3 MiB, 22643 MiB, 0 %
2026/09/24 08:50:07.470, NVIDIA L4, 23034 MiB, 3 MiB, 22643 MiB, 0 %
2026/09/24 08:50:08.470, NVIDIA L4, 23034 MiB, 194 MiB, 22452 MiB, 0 %
2026/09/24 08:50:09.470, NVIDIA L4, 23034 MiB, 386 MiB, 22261 MiB, 0 %
2026/09/24 08:50:10.471, NVIDIA L4, 23034 MiB, 386 MiB, 22261 MiB, 0 %
2026/09/24 08:50:11.471, NVIDIA L4, 23034 MiB, 386 MiB, 22261 MiB, 0 %
2026/09/24 08:50:12.472, NVIDIA L4, 23034 MiB, 386 MiB, 22261 MiB, 0 %
2026/09/24 08:50:13.472, NVIDIA L4, 23034 MiB, 386 MiB, 22261 MiB, 0 %
2026/09/24 08:50:14.472, NVIDIA L4, 23034 MiB, 386 MiB, 22261 MiB, 0 %
2026/09/24 08:50:15.473, NVIDIA L4, 23034 MiB, 386 MiB, 22261 MiB, 0 %
2026/09/24 08:50:16.473, NVIDIA L4, 23034 MiB, 8224 MiB, 14423 MiB, 29 %
2026/09/24 08:50:17.473, NVIDIA L4, 23034 MiB, 8224 MiB, 14423 MiB, 29 %
2026/09/24 08:50:18.473, NVIDIA L4, 23034 MiB, 8224 MiB, 14423 MiB, 31 %
2026/09/24 08:50:19.474, NVIDIA L4, 23034 MiB, 18932 MiB, 3715 MiB, 0 %
2026/09/24 08:50:20.474, NVIDIA L4, 23034 MiB, 18932 MiB, 3715 MiB, 0 %
2026/09/24 08:50:21.474, NVIDIA L4, 23034 MiB, 18934 MiB, 3713 MiB, 0 %
2026/09/24 08:50:22.474, NVIDIA L4, 23034 MiB, 18938 MiB, 3709 MiB, 1 %
2026/09/24 08:50:23.475, NVIDIA L4, 23034 MiB, 18944 MiB, 3703 MiB, 0 %
2026/09/24 08:50:24.476, NVIDIA L4, 23034 MiB, 18944 MiB, 3703 MiB, 0 %
2026/09/24 08:50:25.476, NVIDIA L4, 23034 MiB, 18944 MiB, 3703 MiB, 0 %
2026/09/24 08:50:26.476, NVIDIA L4, 23034 MiB, 18944 MiB, 3703 MiB, 0 %
2026/09/24 08:50:27.477, NVIDIA L4, 23034 MiB, 18944 MiB, 3703 MiB, 0 %
2026/09/24 08:50:28.477, NVIDIA L4, 23034 MiB, 19354 MiB, 3293 MiB, 0 %
2026/09/24 08:50:29.477, NVIDIA L4, 23034 MiB, 19426 MiB, 3221 MiB, 0 %
2026/09/24 08:50:30.478, NVIDIA L4, 23034 MiB, 19426 MiB, 3221 MiB, 0 %
2026/09/24 08:50:31.478, NVIDIA L4, 23034 MiB, 19426 MiB, 3221 MiB, 0 %
2026/09/24 08:50:32.478, NVIDIA L4, 23034 MiB, 19426 MiB, 3221 MiB, 0 %
2026/09/24 08:50:33.479, NVIDIA L4, 23034 MiB, 19426 MiB, 3221 MiB, 0 %
2026/09/24 08:50:34.479, NVIDIA L4, 23034 MiB, 19458 MiB, 3189 MiB, 0 %
2026/09/24 08:50:35.479, NVIDIA L4, 23034 MiB, 19458 MiB, 3189 MiB, 0 %
2026/09/24 08:50:36.480, NVIDIA L4, 23034 MiB, 19458 MiB, 3189 MiB, 0 %
2026/09/24 08:50:37.480, NVIDIA L4, 23034 MiB, 19458 MiB, 3189 MiB, 0 %
2026/09/24 08:50:38.480, NVIDIA L4, 23034 MiB, 19862 MiB, 2785 MiB, 7 %
2026/09/24 08:50:39.480, NVIDIA L4, 23034 MiB, 19864 MiB, 2783 MiB, 7 %
2026/09/24 08:50:40.481, NVIDIA L4, 23034 MiB, 19864 MiB, 2783 MiB, 7 %
2026/09/24 08:50:41.481, NVIDIA L4, 23034 MiB, 19864 MiB, 2783 MiB, 6 %
2026/09/24 08:50:42.481, NVIDIA L4, 23034 MiB, 19864 MiB, 2783 MiB, 5 %
2026/09/24 08:50:43.481, NVIDIA L4, 23034 MiB, 19864 MiB, 2783 MiB, 5 %
2026/09/24 08:50:44.482, NVIDIA L4, 23034 MiB, 19864 MiB, 2783 MiB, 4 %
2026/09/24 08:50:45.482, NVIDIA L4, 23034 MiB, 19866 MiB, 2781 MiB, 3 %
2026/09/24 08:50:46.482, NVIDIA L4, 23034 MiB, 19866 MiB, 2781 MiB, 3 %
2026/09/24 08:50:47.482, NVIDIA L4, 23034 MiB, 19866 MiB, 2781 MiB, 3 %
2026/09/24 08:50:48.483, NVIDIA L4, 23034 MiB, 20098 MiB, 2549 MiB, 0 %
2026/09/24 08:50:49.483, NVIDIA L4, 23034 MiB, 20538 MiB, 2109 MiB, 0 %
2026/09/24 08:50:50.483, NVIDIA L4, 23034 MiB, 20688 MiB, 1959 MiB, 92 %
2026/09/24 08:50:51.484, NVIDIA L4, 23034 MiB, 20688 MiB, 1959 MiB, 94 %
2026/09/24 08:50:52.484, NVIDIA L4, 23034 MiB, 20688 MiB, 1959 MiB, 94 %
2026/09/24 08:50:53.484, NVIDIA L4, 23034 MiB, 20688 MiB, 1959 MiB, 94 %
2026/09/24 08:50:54.484, NVIDIA L4, 23034 MiB, 20688 MiB, 1959 MiB, 94 %
2026/09/24 08:50:55.485, NVIDIA L4, 23034 MiB, 20688 MiB, 1959 MiB, 94 %
2026/09/24 08:50:56.485, NVIDIA L4, 23034 MiB, 20688 MiB, 1959 MiB, 94 %
2026/09/24 08:50:57.485, NVIDIA L4, 23034 MiB, 20688 MiB, 1959 MiB, 94 %
2026/09/24 08:50:58.485, NVIDIA L4, 23034 MiB, 20828 MiB, 1819 MiB, 94 %
2026/09/24 08:50:59.486, NVIDIA L4, 23034 MiB, 20828 MiB, 1819 MiB, 94 %
2026/09/24 08:51:00.486, NVIDIA L4, 23034 MiB, 20828 MiB, 1819 MiB, 94 %
2026/09/24 08:51:01.486, NVIDIA L4, 23034 MiB, 20828 MiB, 1819 MiB, 94 %
2026/09/24 08:51:02.487, NVIDIA L4, 23034 MiB, 20828 MiB, 1819 MiB, 94 %
2026/09/24 08:51:03.487, NVIDIA L4, 23034 MiB, 20828 MiB, 1819 MiB, 95 %
2026/09/24 08:51:04.487, NVIDIA L4, 23034 MiB, 20828 MiB, 1819 MiB, 94 %
2026/09/24 08:51:05.487, NVIDIA L4, 23034 MiB, 20828 MiB, 1819 MiB, 94 %
2026/09/24 08:51:06.488, NVIDIA L4, 23034 MiB, 20828 MiB, 1819 MiB, 94 %
2026/09/24 08:51:07.488, NVIDIA L4, 23034 MiB, 20828 MiB, 1819 MiB, 94 %
2026/09/24 08:51:08.488, NVIDIA L4, 23034 MiB, 20828 MiB, 1819 MiB, 94 %
2026/09/24 08:51:09.489, NVIDIA L4, 23034 MiB, 20828 MiB, 1819 MiB, 94 %
2026/09/24 08:51:10.489, NVIDIA L4, 23034 MiB, 20828 MiB, 1819 MiB, 94 %
2026/09/24 08:51:11.489, NVIDIA L4, 23034 MiB, 20828 MiB, 1819 MiB, 94 %
2026/09/24 08:51:12.489, NVIDIA L4, 23034 MiB, 20828 MiB, 1819 MiB, 94 %
2026/09/24 08:51:13.490, NVIDIA L4, 23034 MiB, 20828 MiB, 1819 MiB, 94 %
2026/09/24 08:51:14.490, NVIDIA L4, 23034 MiB, 20828 MiB, 1819 MiB, 94 %
2026/09/24 08:51:15.490, NVIDIA L4, 23034 MiB, 20828 MiB, 1819 MiB, 93 %
2026/09/24 08:51:16.490, NVIDIA L4, 23034 MiB, 20828 MiB, 1819 MiB, 93 %
2026/09/24 08:51:17.491, NVIDIA L4, 23034 MiB, 20828 MiB, 1819 MiB, 53 %
2026/09/24 08:51:18.491, NVIDIA L4, 23034 MiB, 20828 MiB, 1819 MiB, 94 %
2026/09/24 08:51:19.491, NVIDIA L4, 23034 MiB, 20828 MiB, 1819 MiB, 94 %
2026/09/24 08:51:20.492, NVIDIA L4, 23034 MiB, 20828 MiB, 1819 MiB, 94 %
2026/09/24 08:51:21.492, NVIDIA L4, 23034 MiB, 20828 MiB, 1819 MiB, 94 %
2026/09/24 08:51:22.492, NVIDIA L4, 23034 MiB, 20828 MiB, 1819 MiB, 94 %
2026/09/24 08:51:23.492, NVIDIA L4, 23034 MiB, 20828 MiB, 1819 MiB, 95 %
2026/09/24 08:51:24.493, NVIDIA L4, 23034 MiB, 20828 MiB, 1819 MiB, 94 %
2026/09/24 08:51:25.493, NVIDIA L4, 23034 MiB, 20828 MiB, 1819 MiB, 95 %
2026/09/24 08:51:26.493, NVIDIA L4, 23034 MiB, 20862 MiB, 1785 MiB, 94 %
2026/09/24 08:51:27.493, NVIDIA L4, 23034 MiB, 20862 MiB, 1785 MiB, 92 %
2026/09/24 08:51:28.494, NVIDIA L4, 23034 MiB, 20862 MiB, 1785 MiB, 94 %
2026/09/24 08:51:29.494, NVIDIA L4, 23034 MiB, 20862 MiB, 1785 MiB, 94 %
2026/09/24 08:51:30.494, NVIDIA L4, 23034 MiB, 20862 MiB, 1785 MiB, 94 %
2026/09/24 08:51:31.495, NVIDIA L4, 23034 MiB, 20862 MiB, 1785 MiB, 93 %
2026/09/24 08:51:32.495, NVIDIA L4, 23034 MiB, 20862 MiB, 1785 MiB, 93 %
2026/09/24 08:51:33.495, NVIDIA L4, 23034 MiB, 20862 MiB, 1785 MiB, 78 %
2026/09/24 08:51:34.495, NVIDIA L4, 23034 MiB, 20862 MiB, 1785 MiB, 94 %
2026/09/24 08:51:35.496, NVIDIA L4, 23034 MiB, 20862 MiB, 1785 MiB, 94 %
2026/09/24 08:51:36.496, NVIDIA L4, 23034 MiB, 20862 MiB, 1785 MiB, 94 %
2026/09/24 08:51:37.496, NVIDIA L4, 23034 MiB, 20862 MiB, 1785 MiB, 94 %
2026/09/24 08:51:38.497, NVIDIA L4, 23034 MiB, 20862 MiB, 1785 MiB, 94 %
2026/09/24 08:51:39.497, NVIDIA L4, 23034 MiB, 20862 MiB, 1785 MiB, 94 %
2026/09/24 08:51:40.497, NVIDIA L4, 23034 MiB, 20862 MiB, 1785 MiB, 94 %
2026/09/24 08:51:41.497, NVIDIA L4, 23034 MiB, 20862 MiB, 1785 MiB, 94 %
2026/09/24 08:51:42.498, NVIDIA L4, 23034 MiB, 20862 MiB, 1785 MiB, 94 %
2026/09/24 08:51:43.498, NVIDIA L4, 23034 MiB, 20862 MiB, 1785 MiB, 94 %
2026/09/24 08:51:44.498, NVIDIA L4, 23034 MiB, 20862 MiB, 1785 MiB, 93 %
2026/09/24 08:51:45.499, NVIDIA L4, 23034 MiB, 20862 MiB, 1785 MiB, 92 %
2026/09/24 08:51:46.499, NVIDIA L4, 23034 MiB, 20862 MiB, 1785 MiB, 93 %
2026/09/24 08:51:47.499, NVIDIA L4, 23034 MiB, 20862 MiB, 1785 MiB, 94 %
2026/09/24 08:51:48.499, NVIDIA L4, 23034 MiB, 20862 MiB, 1785 MiB, 94 %
2026/09/24 08:51:49.500, NVIDIA L4, 23034 MiB, 20862 MiB, 1785 MiB, 94 %
2026/09/24 08:51:50.500, NVIDIA L4, 23034 MiB, 20862 MiB, 1785 MiB, 94 %
2026/09/24 08:51:51.500, NVIDIA L4, 23034 MiB, 20862 MiB, 1785 MiB, 93 %
2026/09/24 08:51:52.500, NVIDIA L4, 23034 MiB, 20862 MiB, 1785 MiB, 94 %
2026/09/24 08:51:53.501, NVIDIA L4, 23034 MiB, 20900 MiB, 1747 MiB, 91 %
2026/09/24 08:51:54.501, NVIDIA L4, 23034 MiB, 20900 MiB, 1747 MiB, 94 %
2026/09/24 08:51:55.501, NVIDIA L4, 23034 MiB, 20900 MiB, 1747 MiB, 94 %
2026/09/24 08:51:56.501, NVIDIA L4, 23034 MiB, 20900 MiB, 1747 MiB, 94 %
2026/09/24 08:51:57.502, NVIDIA L4, 23034 MiB, 20900 MiB, 1747 MiB, 94 %
2026/09/24 08:51:58.502, NVIDIA L4, 23034 MiB, 20900 MiB, 1747 MiB, 94 %
2026/09/24 08:51:59.502, NVIDIA L4, 23034 MiB, 20900 MiB, 1747 MiB, 95 %
2026/09/24 08:52:00.503, NVIDIA L4, 23034 MiB, 20900 MiB, 1747 MiB, 91 %
2026/09/24 08:52:01.503, NVIDIA L4, 23034 MiB, 20900 MiB, 1747 MiB, 93 %
2026/09/24 08:52:02.503, NVIDIA L4, 23034 MiB, 20900 MiB, 1747 MiB, 94 %
2026/09/24 08:52:03.504, NVIDIA L4, 23034 MiB, 20900 MiB, 1747 MiB, 93 %
2026/09/24 08:52:04.504, NVIDIA L4, 23034 MiB, 20900 MiB, 1747 MiB, 94 %
2026/09/24 08:52:05.504, NVIDIA L4, 23034 MiB, 20900 MiB, 1747 MiB, 92 %
2026/09/24 08:52:06.505, NVIDIA L4, 23034 MiB, 20900 MiB, 1747 MiB, 92 %
2026/09/24 08:52:07.505, NVIDIA L4, 23034 MiB, 20900 MiB, 1747 MiB, 94 %
2026/09/24 08:52:08.505, NVIDIA L4, 23034 MiB, 20900 MiB, 1747 MiB, 94 %
2026/09/24 08:52:09.506, NVIDIA L4, 23034 MiB, 20900 MiB, 1747 MiB, 94 %
2026/09/24 08:52:10.506, NVIDIA L4, 23034 MiB, 20900 MiB, 1747 MiB, 94 %
2026/09/24 08:52:11.506, NVIDIA L4, 23034 MiB, 20900 MiB, 1747 MiB, 93 %
2026/09/24 08:52:12.507, NVIDIA L4, 23034 MiB, 20900 MiB, 1747 MiB, 94 %
2026/09/24 08:52:13.507, NVIDIA L4, 23034 MiB, 20900 MiB, 1747 MiB, 94 %
2026/09/24 08:52:14.507, NVIDIA L4, 23034 MiB, 20900 MiB, 1747 MiB, 94 %
2026/09/24 08:52:15.508, NVIDIA L4, 23034 MiB, 20900 MiB, 1747 MiB, 94 %
2026/09/24 08:52:16.508, NVIDIA L4, 23034 MiB, 20900 MiB, 1747 MiB, 94 %
2026/09/24 08:52:17.508, NVIDIA L4, 23034 MiB, 20900 MiB, 1747 MiB, 94 %
2026/09/24 08:52:18.508, NVIDIA L4, 23034 MiB, 20900 MiB, 1747 MiB, 93 %
2026/09/24 08:52:19.509, NVIDIA L4, 23034 MiB, 20900 MiB, 1747 MiB, 94 %
2026/09/24 08:52:20.509, NVIDIA L4, 23034 MiB, 20900 MiB, 1747 MiB, 95 %
2026/09/24 08:52:21.509, NVIDIA L4, 23034 MiB, 20900 MiB, 1747 MiB, 94 %
2026/09/24 08:52:22.510, NVIDIA L4, 23034 MiB, 20900 MiB, 1747 MiB, 94 %
2026/09/24 08:52:23.510, NVIDIA L4, 23034 MiB, 20900 MiB, 1747 MiB, 94 %
2026/09/24 08:52:24.510, NVIDIA L4, 23034 MiB, 20900 MiB, 1747 MiB, 95 %
2026/09/24 08:52:25.510, NVIDIA L4, 23034 MiB, 20900 MiB, 1747 MiB, 94 %
2026/09/24 08:52:26.511, NVIDIA L4, 23034 MiB, 20900 MiB, 1747 MiB, 95 %
2026/09/24 08:52:27.511, NVIDIA L4, 23034 MiB, 20900 MiB, 1747 MiB, 94 %
2026/09/24 08:52:28.511, NVIDIA L4, 23034 MiB, 20900 MiB, 1747 MiB, 93 %
2026/09/24 08:52:29.512, NVIDIA L4, 23034 MiB, 20900 MiB, 1747 MiB, 94 %
2026/09/24 08:52:30.512, NVIDIA L4, 23034 MiB, 20944 MiB, 1703 MiB, 95 %
2026/09/24 08:52:31.512, NVIDIA L4, 23034 MiB, 20944 MiB, 1703 MiB, 94 %
2026/09/24 08:52:32.512, NVIDIA L4, 23034 MiB, 20944 MiB, 1703 MiB, 93 %
2026/09/24 08:52:33.513, NVIDIA L4, 23034 MiB, 20944 MiB, 1703 MiB, 95 %
2026/09/24 08:52:34.513, NVIDIA L4, 23034 MiB, 20944 MiB, 1703 MiB, 94 %
2026/09/24 08:52:35.513, NVIDIA L4, 23034 MiB, 20944 MiB, 1703 MiB, 94 %
2026/09/24 08:52:36.514, NVIDIA L4, 23034 MiB, 20944 MiB, 1703 MiB, 94 %
2026/09/24 08:52:37.514, NVIDIA L4, 23034 MiB, 20944 MiB, 1703 MiB, 94 %
2026/09/24 08:52:38.514, NVIDIA L4, 23034 MiB, 20944 MiB, 1703 MiB, 93 %
2026/09/24 08:52:39.514, NVIDIA L4, 23034 MiB, 20944 MiB, 1703 MiB, 94 %
2026/09/24 08:52:40.515, NVIDIA L4, 23034 MiB, 20944 MiB, 1703 MiB, 93 %
2026/09/24 08:52:41.515, NVIDIA L4, 23034 MiB, 20944 MiB, 1703 MiB, 94 %
2026/09/24 08:52:42.515, NVIDIA L4, 23034 MiB, 20944 MiB, 1703 MiB, 94 %
2026/09/24 08:52:43.516, NVIDIA L4, 23034 MiB, 20944 MiB, 1703 MiB, 94 %
2026/09/24 08:52:44.516, NVIDIA L4, 23034 MiB, 20944 MiB, 1703 MiB, 94 %
2026/09/24 08:52:45.516, NVIDIA L4, 23034 MiB, 20944 MiB, 1703 MiB, 94 %
2026/09/24 08:52:46.517, NVIDIA L4, 23034 MiB, 20944 MiB, 1703 MiB, 92 %
2026/09/24 08:52:47.518, NVIDIA L4, 23034 MiB, 20944 MiB, 1703 MiB, 94 %
2026/09/24 08:52:48.518, NVIDIA L4, 23034 MiB, 20944 MiB, 1703 MiB, 94 %
2026/09/24 08:52:49.518, NVIDIA L4, 23034 MiB, 20944 MiB, 1703 MiB, 94 %
2026/09/24 08:52:50.519, NVIDIA L4, 23034 MiB, 20944 MiB, 1703 MiB, 94 %
2026/09/24 08:52:51.519, NVIDIA L4, 23034 MiB, 20992 MiB, 1655 MiB, 62 %
2026/09/24 08:52:52.519, NVIDIA L4, 23034 MiB, 20992 MiB, 1655 MiB, 94 %
2026/09/24 08:52:53.519, NVIDIA L4, 23034 MiB, 20992 MiB, 1655 MiB, 94 %
2026/09/24 08:52:54.520, NVIDIA L4, 23034 MiB, 20992 MiB, 1655 MiB, 94 %
2026/09/24 08:52:55.520, NVIDIA L4, 23034 MiB, 20992 MiB, 1655 MiB, 94 %
2026/09/24 08:52:56.520, NVIDIA L4, 23034 MiB, 20992 MiB, 1655 MiB, 94 %
2026/09/24 08:52:57.521, NVIDIA L4, 23034 MiB, 20992 MiB, 1655 MiB, 94 %
2026/09/24 08:52:58.521, NVIDIA L4, 23034 MiB, 20992 MiB, 1655 MiB, 95 %
2026/09/24 08:52:59.521, NVIDIA L4, 23034 MiB, 20992 MiB, 1655 MiB, 0 %
2026/09/24 08:53:00.522, NVIDIA L4, 23034 MiB, 20992 MiB, 1655 MiB, 5 %
2026/09/24 08:53:01.522, NVIDIA L4, 23034 MiB, 20992 MiB, 1655 MiB, 94 %
2026/09/24 08:53:02.522, NVIDIA L4, 23034 MiB, 20992 MiB, 1655 MiB, 94 %
2026/09/24 08:53:03.523, NVIDIA L4, 23034 MiB, 20992 MiB, 1655 MiB, 94 %
2026/09/24 08:53:04.523, NVIDIA L4, 23034 MiB, 20992 MiB, 1655 MiB, 94 %
2026/09/24 08:53:05.523, NVIDIA L4, 23034 MiB, 20992 MiB, 1655 MiB, 94 %
2026/09/24 08:53:06.523, NVIDIA L4, 23034 MiB, 20992 MiB, 1655 MiB, 94 %
2026/09/24 08:53:07.524, NVIDIA L4, 23034 MiB, 20992 MiB, 1655 MiB, 94 %
2026/09/24 08:53:08.524, NVIDIA L4, 23034 MiB, 21024 MiB, 1623 MiB, 11 %
2026/09/24 08:53:09.524, NVIDIA L4, 23034 MiB, 21024 MiB, 1623 MiB, 94 %
2026/09/24 08:53:10.524, NVIDIA L4, 23034 MiB, 21024 MiB, 1623 MiB, 94 %
2026/09/24 08:53:11.525, NVIDIA L4, 23034 MiB, 21024 MiB, 1623 MiB, 93 %
2026/09/24 08:53:12.525, NVIDIA L4, 23034 MiB, 21024 MiB, 1623 MiB, 93 %
2026/09/24 08:53:13.525, NVIDIA L4, 23034 MiB, 21024 MiB, 1623 MiB, 95 %
2026/09/24 08:53:14.526, NVIDIA L4, 23034 MiB, 21024 MiB, 1623 MiB, 94 %
2026/09/24 08:53:15.526, NVIDIA L4, 23034 MiB, 21024 MiB, 1623 MiB, 94 %
2026/09/24 08:53:16.526, NVIDIA L4, 23034 MiB, 21024 MiB, 1623 MiB, 93 %
2026/09/24 08:53:17.526, NVIDIA L4, 23034 MiB, 21024 MiB, 1623 MiB, 93 %
2026/09/24 08:53:18.527, NVIDIA L4, 23034 MiB, 21024 MiB, 1623 MiB, 92 %
2026/09/24 08:53:19.527, NVIDIA L4, 23034 MiB, 21024 MiB, 1623 MiB, 92 %
2026/09/24 08:53:20.527, NVIDIA L4, 23034 MiB, 21024 MiB, 1623 MiB, 92 %
2026/09/24 08:53:21.528, NVIDIA L4, 23034 MiB, 21024 MiB, 1623 MiB, 92 %
2026/09/24 08:53:22.528, NVIDIA L4, 23034 MiB, 21024 MiB, 1623 MiB, 91 %
2026/09/24 08:53:23.528, NVIDIA L4, 23034 MiB, 21024 MiB, 1623 MiB, 94 %
2026/09/24 08:53:24.528, NVIDIA L4, 23034 MiB, 21024 MiB, 1623 MiB, 94 %
2026/09/24 08:53:25.529, NVIDIA L4, 23034 MiB, 21024 MiB, 1623 MiB, 94 %
2026/09/24 08:53:26.529, NVIDIA L4, 23034 MiB, 21024 MiB, 1623 MiB, 94 %
2026/09/24 08:53:27.529, NVIDIA L4, 23034 MiB, 21024 MiB, 1623 MiB, 94 %
2026/09/24 08:53:28.529, NVIDIA L4, 23034 MiB, 21024 MiB, 1623 MiB, 93 %
2026/09/24 08:53:29.530, NVIDIA L4, 23034 MiB, 21024 MiB, 1623 MiB, 94 %
2026/09/24 08:53:30.530, NVIDIA L4, 23034 MiB, 21024 MiB, 1623 MiB, 93 %
2026/09/24 08:53:31.530, NVIDIA L4, 23034 MiB, 21024 MiB, 1623 MiB, 94 %
2026/09/24 08:53:32.531, NVIDIA L4, 23034 MiB, 21024 MiB, 1623 MiB, 94 %
2026/09/24 08:53:33.531, NVIDIA L4, 23034 MiB, 21024 MiB, 1623 MiB, 94 %
2026/09/24 08:53:34.531, NVIDIA L4, 23034 MiB, 21024 MiB, 1623 MiB, 94 %
2026/09/24 08:53:35.532, NVIDIA L4, 23034 MiB, 21024 MiB, 1623 MiB, 94 %
2026/09/24 08:53:36.532, NVIDIA L4, 23034 MiB, 21024 MiB, 1623 MiB, 94 %
2026/09/24 08:53:37.532, NVIDIA L4, 23034 MiB, 21024 MiB, 1623 MiB, 94 %
2026/09/24 08:53:38.532, NVIDIA L4, 23034 MiB, 21024 MiB, 1623 MiB, 94 %
2026/09/24 08:53:39.533, NVIDIA L4, 23034 MiB, 21024 MiB, 1623 MiB, 92 %
2026/09/24 08:53:40.533, NVIDIA L4, 23034 MiB, 21024 MiB, 1623 MiB, 94 %
2026/09/24 08:53:41.533, NVIDIA L4, 23034 MiB, 21024 MiB, 1623 MiB, 94 %
2026/09/24 08:53:42.533, NVIDIA L4, 23034 MiB, 21024 MiB, 1623 MiB, 92 %
2026/09/24 08:53:43.534, NVIDIA L4, 23034 MiB, 21024 MiB, 1623 MiB, 93 %
2026/09/24 08:53:44.534, NVIDIA L4, 23034 MiB, 21024 MiB, 1623 MiB, 93 %
2026/09/24 08:53:45.534, NVIDIA L4, 23034 MiB, 21024 MiB, 1623 MiB, 94 %
2026/09/24 08:53:46.534, NVIDIA L4, 23034 MiB, 21076 MiB, 1571 MiB, 91 %
2026/09/24 08:53:47.535, NVIDIA L4, 23034 MiB, 21076 MiB, 1571 MiB, 94 %
2026/09/24 08:53:48.535, NVIDIA L4, 23034 MiB, 21076 MiB, 1571 MiB, 93 %
2026/09/24 08:53:49.535, NVIDIA L4, 23034 MiB, 21076 MiB, 1571 MiB, 94 %
2026/09/24 08:53:50.536, NVIDIA L4, 23034 MiB, 21076 MiB, 1571 MiB, 94 %
2026/09/24 08:53:51.536, NVIDIA L4, 23034 MiB, 21076 MiB, 1571 MiB, 93 %
2026/09/24 08:53:52.536, NVIDIA L4, 23034 MiB, 21076 MiB, 1571 MiB, 93 %
2026/09/24 08:53:53.537, NVIDIA L4, 23034 MiB, 21076 MiB, 1571 MiB, 93 %
2026/09/24 08:53:54.537, NVIDIA L4, 23034 MiB, 21076 MiB, 1571 MiB, 93 %
2026/09/24 08:53:55.537, NVIDIA L4, 23034 MiB, 21076 MiB, 1571 MiB, 93 %
2026/09/24 08:53:56.537, NVIDIA L4, 23034 MiB, 21076 MiB, 1571 MiB, 94 %
2026/09/24 08:53:57.538, NVIDIA L4, 23034 MiB, 21076 MiB, 1571 MiB, 94 %
2026/09/24 08:53:58.538, NVIDIA L4, 23034 MiB, 21076 MiB, 1571 MiB, 94 %
2026/09/24 08:53:59.538, NVIDIA L4, 23034 MiB, 21076 MiB, 1571 MiB, 92 %
2026/09/24 08:54:00.539, NVIDIA L4, 23034 MiB, 21076 MiB, 1571 MiB, 94 %
2026/09/24 08:54:01.539, NVIDIA L4, 23034 MiB, 21076 MiB, 1571 MiB, 93 %
2026/09/24 08:54:02.539, NVIDIA L4, 23034 MiB, 21076 MiB, 1571 MiB, 93 %
2026/09/24 08:54:03.539, NVIDIA L4, 23034 MiB, 21076 MiB, 1571 MiB, 93 %
2026/09/24 08:54:04.540, NVIDIA L4, 23034 MiB, 21076 MiB, 1571 MiB, 94 %
2026/09/24 08:54:05.540, NVIDIA L4, 23034 MiB, 21076 MiB, 1571 MiB, 94 %
2026/09/24 08:54:06.540, NVIDIA L4, 23034 MiB, 21076 MiB, 1571 MiB, 94 %
2026/09/24 08:54:07.541, NVIDIA L4, 23034 MiB, 21076 MiB, 1571 MiB, 94 %
2026/09/24 08:54:08.541, NVIDIA L4, 23034 MiB, 21076 MiB, 1571 MiB, 94 %
2026/09/24 08:54:09.541, NVIDIA L4, 23034 MiB, 21076 MiB, 1571 MiB, 94 %
2026/09/24 08:54:10.541, NVIDIA L4, 23034 MiB, 21076 MiB, 1571 MiB, 94 %
2026/09/24 08:54:11.542, NVIDIA L4, 23034 MiB, 21076 MiB, 1571 MiB, 93 %
2026/09/24 08:54:12.542, NVIDIA L4, 23034 MiB, 21076 MiB, 1571 MiB, 93 %
2026/09/24 08:54:13.542, NVIDIA L4, 23034 MiB, 21076 MiB, 1571 MiB, 94 %
2026/09/24 08:54:14.543, NVIDIA L4, 23034 MiB, 21076 MiB, 1571 MiB, 94 %
2026/09/24 08:54:15.543, NVIDIA L4, 23034 MiB, 21076 MiB, 1571 MiB, 94 %
2026/09/24 08:54:16.543, NVIDIA L4, 23034 MiB, 21076 MiB, 1571 MiB, 94 %
2026/09/24 08:54:17.543, NVIDIA L4, 23034 MiB, 21076 MiB, 1571 MiB, 93 %
2026/09/24 08:54:18.544, NVIDIA L4, 23034 MiB, 21076 MiB, 1571 MiB, 94 %
2026/09/24 08:54:19.544, NVIDIA L4, 23034 MiB, 21076 MiB, 1571 MiB, 94 %
2026/09/24 08:54:20.544, NVIDIA L4, 23034 MiB, 21076 MiB, 1571 MiB, 94 %
2026/09/24 08:54:21.544, NVIDIA L4, 23034 MiB, 21076 MiB, 1571 MiB, 35 %
2026/09/24 08:54:22.545, NVIDIA L4, 23034 MiB, 21076 MiB, 1571 MiB, 92 %
2026/09/24 08:54:23.545, NVIDIA L4, 23034 MiB, 21076 MiB, 1571 MiB, 94 %
2026/09/24 08:54:24.545, NVIDIA L4, 23034 MiB, 21076 MiB, 1571 MiB, 94 %
2026/09/24 08:54:25.546, NVIDIA L4, 23034 MiB, 21076 MiB, 1571 MiB, 94 %
2026/09/24 08:54:26.546, NVIDIA L4, 23034 MiB, 21076 MiB, 1571 MiB, 94 %
2026/09/24 08:54:27.546, NVIDIA L4, 23034 MiB, 21076 MiB, 1571 MiB, 94 %
2026/09/24 08:54:28.546, NVIDIA L4, 23034 MiB, 21076 MiB, 1571 MiB, 93 %
2026/09/24 08:54:29.548, NVIDIA L4, 23034 MiB, 21076 MiB, 1571 MiB, 93 %
2026/09/24 08:54:30.548, NVIDIA L4, 23034 MiB, 21076 MiB, 1571 MiB, 93 %
2026/09/24 08:54:31.548, NVIDIA L4, 23034 MiB, 21076 MiB, 1571 MiB, 94 %
2026/09/24 08:54:32.549, NVIDIA L4, 23034 MiB, 21076 MiB, 1571 MiB, 94 %
2026/09/24 08:54:33.549, NVIDIA L4, 23034 MiB, 21076 MiB, 1571 MiB, 92 %
2026/09/24 08:54:34.549, NVIDIA L4, 23034 MiB, 21076 MiB, 1571 MiB, 94 %
2026/09/24 08:54:35.550, NVIDIA L4, 23034 MiB, 21076 MiB, 1571 MiB, 93 %
2026/09/24 08:54:36.550, NVIDIA L4, 23034 MiB, 21076 MiB, 1571 MiB, 94 %
2026/09/24 08:54:37.551, NVIDIA L4, 23034 MiB, 21076 MiB, 1571 MiB, 94 %
2026/09/24 08:54:38.551, NVIDIA L4, 23034 MiB, 21076 MiB, 1571 MiB, 93 %
2026/09/24 08:54:39.551, NVIDIA L4, 23034 MiB, 21076 MiB, 1571 MiB, 94 %
2026/09/24 08:54:40.552, NVIDIA L4, 23034 MiB, 21076 MiB, 1571 MiB, 94 %
2026/09/24 08:54:41.552, NVIDIA L4, 23034 MiB, 21076 MiB, 1571 MiB, 94 %
2026/09/24 08:54:42.552, NVIDIA L4, 23034 MiB, 21076 MiB, 1571 MiB, 94 %
2026/09/24 08:54:43.552, NVIDIA L4, 23034 MiB, 21076 MiB, 1571 MiB, 93 %
2026/09/24 08:54:44.553, NVIDIA L4, 23034 MiB, 21076 MiB, 1571 MiB, 92 %
2026/09/24 08:54:45.553, NVIDIA L4, 23034 MiB, 21076 MiB, 1571 MiB, 93 %
2026/09/24 08:54:46.553, NVIDIA L4, 23034 MiB, 21132 MiB, 1515 MiB, 24 %
2026/09/24 08:54:47.553, NVIDIA L4, 23034 MiB, 21132 MiB, 1515 MiB, 93 %
2026/09/24 08:54:48.554, NVIDIA L4, 23034 MiB, 21132 MiB, 1515 MiB, 93 %
2026/09/24 08:54:49.554, NVIDIA L4, 23034 MiB, 21132 MiB, 1515 MiB, 94 %
2026/09/24 08:54:50.554, NVIDIA L4, 23034 MiB, 21132 MiB, 1515 MiB, 93 %
2026/09/24 08:54:51.555, NVIDIA L4, 23034 MiB, 21132 MiB, 1515 MiB, 93 %
2026/09/24 08:54:52.555, NVIDIA L4, 23034 MiB, 21132 MiB, 1515 MiB, 94 %
2026/09/24 08:54:53.555, NVIDIA L4, 23034 MiB, 21132 MiB, 1515 MiB, 94 %
2026/09/24 08:54:54.555, NVIDIA L4, 23034 MiB, 21132 MiB, 1515 MiB, 93 %
2026/09/24 08:54:55.556, NVIDIA L4, 23034 MiB, 21132 MiB, 1515 MiB, 93 %
2026/09/24 08:54:56.556, NVIDIA L4, 23034 MiB, 21132 MiB, 1515 MiB, 93 %
2026/09/24 08:54:57.556, NVIDIA L4, 23034 MiB, 21132 MiB, 1515 MiB, 93 %
2026/09/24 08:54:58.557, NVIDIA L4, 23034 MiB, 21132 MiB, 1515 MiB, 94 %
2026/09/24 08:54:59.558, NVIDIA L4, 23034 MiB, 21132 MiB, 1515 MiB, 93 %
2026/09/24 08:55:00.558, NVIDIA L4, 23034 MiB, 21132 MiB, 1515 MiB, 93 %
2026/09/24 08:55:01.558, NVIDIA L4, 23034 MiB, 21132 MiB, 1515 MiB, 93 %
2026/09/24 08:55:02.559, NVIDIA L4, 23034 MiB, 21132 MiB, 1515 MiB, 94 %
2026/09/24 08:55:03.559, NVIDIA L4, 23034 MiB, 21132 MiB, 1515 MiB, 94 %
2026/09/24 08:55:04.559, NVIDIA L4, 23034 MiB, 21132 MiB, 1515 MiB, 93 %
2026/09/24 08:55:05.559, NVIDIA L4, 23034 MiB, 21132 MiB, 1515 MiB, 94 %
2026/09/24 08:55:06.560, NVIDIA L4, 23034 MiB, 21132 MiB, 1515 MiB, 93 %
2026/09/24 08:55:07.560, NVIDIA L4, 23034 MiB, 21132 MiB, 1515 MiB, 91 %
2026/09/24 08:55:08.560, NVIDIA L4, 23034 MiB, 21132 MiB, 1515 MiB, 94 %
2026/09/24 08:55:09.560, NVIDIA L4, 23034 MiB, 21132 MiB, 1515 MiB, 93 %
2026/09/24 08:55:10.561, NVIDIA L4, 23034 MiB, 21132 MiB, 1515 MiB, 93 %
2026/09/24 08:55:11.561, NVIDIA L4, 23034 MiB, 21132 MiB, 1515 MiB, 94 %
2026/09/24 08:55:12.561, NVIDIA L4, 23034 MiB, 21132 MiB, 1515 MiB, 94 %
2026/09/24 08:55:13.562, NVIDIA L4, 23034 MiB, 21132 MiB, 1515 MiB, 93 %
2026/09/24 08:55:14.562, NVIDIA L4, 23034 MiB, 21132 MiB, 1515 MiB, 94 %
2026/09/24 08:55:15.562, NVIDIA L4, 23034 MiB, 21132 MiB, 1515 MiB, 94 %
2026/09/24 08:55:16.562, NVIDIA L4, 23034 MiB, 21132 MiB, 1515 MiB, 93 %
2026/09/24 08:55:17.563, NVIDIA L4, 23034 MiB, 21132 MiB, 1515 MiB, 94 %
2026/09/24 08:55:18.563, NVIDIA L4, 23034 MiB, 21132 MiB, 1515 MiB, 93 %
2026/09/24 08:55:19.563, NVIDIA L4, 23034 MiB, 21132 MiB, 1515 MiB, 94 %
2026/09/24 08:55:20.564, NVIDIA L4, 23034 MiB, 21132 MiB, 1515 MiB, 94 %
2026/09/24 08:55:21.564, NVIDIA L4, 23034 MiB, 21132 MiB, 1515 MiB, 93 %
2026/09/24 08:55:22.564, NVIDIA L4, 23034 MiB, 21132 MiB, 1515 MiB, 92 %
2026/09/24 08:55:23.564, NVIDIA L4, 23034 MiB, 21132 MiB, 1515 MiB, 94 %
2026/09/24 08:55:24.565, NVIDIA L4, 23034 MiB, 21132 MiB, 1515 MiB, 94 %
2026/09/24 08:55:25.565, NVIDIA L4, 23034 MiB, 21132 MiB, 1515 MiB, 94 %
2026/09/24 08:55:26.565, NVIDIA L4, 23034 MiB, 21132 MiB, 1515 MiB, 94 %
2026/09/24 08:55:27.566, NVIDIA L4, 23034 MiB, 21132 MiB, 1515 MiB, 94 %
2026/09/24 08:55:28.566, NVIDIA L4, 23034 MiB, 21132 MiB, 1515 MiB, 94 %
2026/09/24 08:55:29.566, NVIDIA L4, 23034 MiB, 21132 MiB, 1515 MiB, 94 %
2026/09/24 08:55:30.566, NVIDIA L4, 23034 MiB, 21132 MiB, 1515 MiB, 94 %
2026/09/24 08:55:31.567, NVIDIA L4, 23034 MiB, 21132 MiB, 1515 MiB, 94 %
2026/09/24 08:55:32.567, NVIDIA L4, 23034 MiB, 21132 MiB, 1515 MiB, 94 %
2026/09/24 08:55:33.567, NVIDIA L4, 23034 MiB, 21132 MiB, 1515 MiB, 94 %
2026/09/24 08:55:34.568, NVIDIA L4, 23034 MiB, 21132 MiB, 1515 MiB, 94 %
2026/09/24 08:55:35.568, NVIDIA L4, 23034 MiB, 21132 MiB, 1515 MiB, 93 %
2026/09/24 08:55:36.568, NVIDIA L4, 23034 MiB, 21132 MiB, 1515 MiB, 0 %
2026/09/24 08:55:37.569, NVIDIA L4, 23034 MiB, 21132 MiB, 1515 MiB, 0 %
2026/09/24 08:55:38.569, NVIDIA L4, 23034 MiB, 21132 MiB, 1515 MiB, 92 %
2026/09/24 08:55:39.569, NVIDIA L4, 23034 MiB, 21132 MiB, 1515 MiB, 93 %
2026/09/24 08:55:40.569, NVIDIA L4, 23034 MiB, 21132 MiB, 1515 MiB, 92 %
2026/09/24 08:55:41.570, NVIDIA L4, 23034 MiB, 21132 MiB, 1515 MiB, 94 %
2026/09/24 08:55:42.570, NVIDIA L4, 23034 MiB, 21132 MiB, 1515 MiB, 94 %
2026/09/24 08:55:43.570, NVIDIA L4, 23034 MiB, 21132 MiB, 1515 MiB, 94 %
2026/09/24 08:55:44.571, NVIDIA L4, 23034 MiB, 21132 MiB, 1515 MiB, 93 %
2026/09/24 08:55:45.571, NVIDIA L4, 23034 MiB, 21132 MiB, 1515 MiB, 94 %
2026/09/24 08:55:46.571, NVIDIA L4, 23034 MiB, 21132 MiB, 1515 MiB, 94 %
2026/09/24 08:55:47.572, NVIDIA L4, 23034 MiB, 21132 MiB, 1515 MiB, 93 %
2026/09/24 08:55:48.572, NVIDIA L4, 23034 MiB, 21132 MiB, 1515 MiB, 92 %
2026/09/24 08:55:49.572, NVIDIA L4, 23034 MiB, 21132 MiB, 1515 MiB, 94 %
2026/09/24 08:55:50.572, NVIDIA L4, 23034 MiB, 21132 MiB, 1515 MiB, 94 %
2026/09/24 08:55:51.573, NVIDIA L4, 23034 MiB, 21132 MiB, 1515 MiB, 94 %
2026/09/24 08:55:52.573, NVIDIA L4, 23034 MiB, 21132 MiB, 1515 MiB, 94 %
2026/09/24 08:55:53.573, NVIDIA L4, 23034 MiB, 21132 MiB, 1515 MiB, 94 %
2026/09/24 08:55:54.573, NVIDIA L4, 23034 MiB, 21132 MiB, 1515 MiB, 94 %
2026/09/24 08:55:55.574, NVIDIA L4, 23034 MiB, 21132 MiB, 1515 MiB, 94 %
2026/09/24 08:55:56.574, NVIDIA L4, 23034 MiB, 21132 MiB, 1515 MiB, 94 %
2026/09/24 08:55:57.574, NVIDIA L4, 23034 MiB, 21132 MiB, 1515 MiB, 94 %
2026/09/24 08:55:58.575, NVIDIA L4, 23034 MiB, 21132 MiB, 1515 MiB, 92 %
2026/09/24 08:55:59.575, NVIDIA L4, 23034 MiB, 21132 MiB, 1515 MiB, 92 %
2026/09/24 08:56:00.575, NVIDIA L4, 23034 MiB, 21132 MiB, 1515 MiB, 94 %
2026/09/24 08:56:01.576, NVIDIA L4, 23034 MiB, 21132 MiB, 1515 MiB, 93 %
2026/09/24 08:56:02.576, NVIDIA L4, 23034 MiB, 21132 MiB, 1515 MiB, 94 %
2026/09/24 08:56:03.576, NVIDIA L4, 23034 MiB, 21132 MiB, 1515 MiB, 94 %
2026/09/24 08:56:04.576, NVIDIA L4, 23034 MiB, 21132 MiB, 1515 MiB, 92 %
2026/09/24 08:56:05.577, NVIDIA L4, 23034 MiB, 21132 MiB, 1515 MiB, 94 %
2026/09/24 08:56:06.577, NVIDIA L4, 23034 MiB, 21132 MiB, 1515 MiB, 1 %
2026/09/24 08:56:07.577, NVIDIA L4, 23034 MiB, 21132 MiB, 1515 MiB, 94 %
2026/09/24 08:56:08.578, NVIDIA L4, 23034 MiB, 21132 MiB, 1515 MiB, 92 %
2026/09/24 08:56:09.578, NVIDIA L4, 23034 MiB, 21132 MiB, 1515 MiB, 93 %
2026/09/24 08:56:10.578, NVIDIA L4, 23034 MiB, 21132 MiB, 1515 MiB, 93 %
2026/09/24 08:56:11.579, NVIDIA L4, 23034 MiB, 21132 MiB, 1515 MiB, 93 %
2026/09/24 08:56:12.579, NVIDIA L4, 23034 MiB, 21132 MiB, 1515 MiB, 93 %
2026/09/24 08:56:13.579, NVIDIA L4, 23034 MiB, 21132 MiB, 1515 MiB, 94 %
2026/09/24 08:56:14.579, NVIDIA L4, 23034 MiB, 21132 MiB, 1515 MiB, 94 %
2026/09/24 08:56:15.580, NVIDIA L4, 23034 MiB, 21132 MiB, 1515 MiB, 92 %
2026/09/24 08:56:16.580, NVIDIA L4, 23034 MiB, 21132 MiB, 1515 MiB, 93 %
2026/09/24 08:56:17.580, NVIDIA L4, 23034 MiB, 21132 MiB, 1515 MiB, 92 %
2026/09/24 08:56:18.581, NVIDIA L4, 23034 MiB, 21132 MiB, 1515 MiB, 94 %
2026/09/24 08:56:19.581, NVIDIA L4, 23034 MiB, 21132 MiB, 1515 MiB, 93 %
2026/09/24 08:56:20.581, NVIDIA L4, 23034 MiB, 21132 MiB, 1515 MiB, 94 %
2026/09/24 08:56:21.582, NVIDIA L4, 23034 MiB, 21132 MiB, 1515 MiB, 92 %
2026/09/24 08:56:22.582, NVIDIA L4, 23034 MiB, 21132 MiB, 1515 MiB, 94 %
2026/09/24 08:56:23.582, NVIDIA L4, 23034 MiB, 21132 MiB, 1515 MiB, 94 %
2026/09/24 08:56:24.583, NVIDIA L4, 23034 MiB, 21132 MiB, 1515 MiB, 94 %
2026/09/24 08:56:25.583, NVIDIA L4, 23034 MiB, 21132 MiB, 1515 MiB, 94 %
2026/09/24 08:56:26.583, NVIDIA L4, 23034 MiB, 21132 MiB, 1515 MiB, 94 %
2026/09/24 08:56:27.583, NVIDIA L4, 23034 MiB, 21132 MiB, 1515 MiB, 94 %
2026/09/24 08:56:28.584, NVIDIA L4, 23034 MiB, 21132 MiB, 1515 MiB, 77 %
2026/09/24 08:56:29.584, NVIDIA L4, 23034 MiB, 21132 MiB, 1515 MiB, 94 %
2026/09/24 08:56:30.584, NVIDIA L4, 23034 MiB, 21132 MiB, 1515 MiB, 94 %
2026/09/24 08:56:31.585, NVIDIA L4, 23034 MiB, 21132 MiB, 1515 MiB, 94 %
2026/09/24 08:56:32.585, NVIDIA L4, 23034 MiB, 21132 MiB, 1515 MiB, 92 %
2026/09/24 08:56:33.585, NVIDIA L4, 23034 MiB, 21132 MiB, 1515 MiB, 94 %
2026/09/24 08:56:34.585, NVIDIA L4, 23034 MiB, 21132 MiB, 1515 MiB, 94 %
2026/09/24 08:56:35.586, NVIDIA L4, 23034 MiB, 21132 MiB, 1515 MiB, 53 %
2026/09/24 08:56:36.586, NVIDIA L4, 23034 MiB, 21132 MiB, 1515 MiB, 93 %
2026/09/24 08:56:37.586, NVIDIA L4, 23034 MiB, 21132 MiB, 1515 MiB, 92 %
2026/09/24 08:56:38.587, NVIDIA L4, 23034 MiB, 21132 MiB, 1515 MiB, 94 %
2026/09/24 08:56:39.587, NVIDIA L4, 23034 MiB, 21132 MiB, 1515 MiB, 94 %
2026/09/24 08:56:40.588, NVIDIA L4, 23034 MiB, 21132 MiB, 1515 MiB, 94 %
2026/09/24 08:56:41.588, NVIDIA L4, 23034 MiB, 21132 MiB, 1515 MiB, 94 %
2026/09/24 08:56:42.588, NVIDIA L4, 23034 MiB, 21132 MiB, 1515 MiB, 94 %
2026/09/24 08:56:43.589, NVIDIA L4, 23034 MiB, 21132 MiB, 1515 MiB, 94 %
2026/09/24 08:56:44.589, NVIDIA L4, 23034 MiB, 21132 MiB, 1515 MiB, 94 %
2026/09/24 08:56:45.589, NVIDIA L4, 23034 MiB, 21132 MiB, 1515 MiB, 93 %
2026/09/24 08:56:46.590, NVIDIA L4, 23034 MiB, 21132 MiB, 1515 MiB, 94 %
2026/09/24 08:56:47.590, NVIDIA L4, 23034 MiB, 21132 MiB, 1515 MiB, 93 %
2026/09/24 08:56:48.590, NVIDIA L4, 23034 MiB, 21132 MiB, 1515 MiB, 94 %
2026/09/24 08:56:49.591, NVIDIA L4, 23034 MiB, 21132 MiB, 1515 MiB, 81 %
2026/09/24 08:56:50.591, NVIDIA L4, 23034 MiB, 21132 MiB, 1515 MiB, 94 %
2026/09/24 08:56:51.591, NVIDIA L4, 23034 MiB, 21132 MiB, 1515 MiB, 94 %
2026/09/24 08:56:52.592, NVIDIA L4, 23034 MiB, 21132 MiB, 1515 MiB, 94 %
2026/09/24 08:56:53.592, NVIDIA L4, 23034 MiB, 21132 MiB, 1515 MiB, 93 %
2026/09/24 08:56:54.592, NVIDIA L4, 23034 MiB, 21132 MiB, 1515 MiB, 92 %
2026/09/24 08:56:55.593, NVIDIA L4, 23034 MiB, 21132 MiB, 1515 MiB, 94 %
2026/09/24 08:56:56.593, NVIDIA L4, 23034 MiB, 21132 MiB, 1515 MiB, 19 %
2026/09/24 08:56:57.593, NVIDIA L4, 23034 MiB, 21132 MiB, 1515 MiB, 94 %
2026/09/24 08:56:58.594, NVIDIA L4, 23034 MiB, 21132 MiB, 1515 MiB, 94 %
2026/09/24 08:56:59.594, NVIDIA L4, 23034 MiB, 21132 MiB, 1515 MiB, 0 %
2026/09/24 08:57:00.594, NVIDIA L4, 23034 MiB, 21132 MiB, 1515 MiB, 94 %
2026/09/24 08:57:01.594, NVIDIA L4, 23034 MiB, 21132 MiB, 1515 MiB, 94 %
2026/09/24 08:57:02.595, NVIDIA L4, 23034 MiB, 21132 MiB, 1515 MiB, 93 %
2026/09/24 08:57:03.595, NVIDIA L4, 23034 MiB, 21132 MiB, 1515 MiB, 94 %
2026/09/24 08:57:04.595, NVIDIA L4, 23034 MiB, 21132 MiB, 1515 MiB, 93 %
2026/09/24 08:57:05.596, NVIDIA L4, 23034 MiB, 21132 MiB, 1515 MiB, 94 %
2026/09/24 08:57:06.596, NVIDIA L4, 23034 MiB, 21132 MiB, 1515 MiB, 94 %
2026/09/24 08:57:07.596, NVIDIA L4, 23034 MiB, 21132 MiB, 1515 MiB, 94 %
2026/09/24 08:57:08.596, NVIDIA L4, 23034 MiB, 21132 MiB, 1515 MiB, 94 %
2026/09/24 08:57:09.597, NVIDIA L4, 23034 MiB, 21132 MiB, 1515 MiB, 94 %
2026/09/24 08:57:10.597, NVIDIA L4, 23034 MiB, 21132 MiB, 1515 MiB, 94 %
2026/09/24 08:57:11.597, NVIDIA L4, 23034 MiB, 21132 MiB, 1515 MiB, 95 %
2026/09/24 08:57:12.598, NVIDIA L4, 23034 MiB, 21132 MiB, 1515 MiB, 94 %
2026/09/24 08:57:13.598, NVIDIA L4, 23034 MiB, 21132 MiB, 1515 MiB, 94 %
2026/09/24 08:57:14.598, NVIDIA L4, 23034 MiB, 21132 MiB, 1515 MiB, 94 %
2026/09/24 08:57:15.599, NVIDIA L4, 23034 MiB, 21132 MiB, 1515 MiB, 93 %
2026/09/24 08:57:16.599, NVIDIA L4, 23034 MiB, 21132 MiB, 1515 MiB, 94 %
2026/09/24 08:57:17.599, NVIDIA L4, 23034 MiB, 21132 MiB, 1515 MiB, 94 %
2026/09/24 08:57:18.600, NVIDIA L4, 23034 MiB, 21132 MiB, 1515 MiB, 94 %
2026/09/24 08:57:19.600, NVIDIA L4, 23034 MiB, 21132 MiB, 1515 MiB, 94 %
2026/09/24 08:57:20.600, NVIDIA L4, 23034 MiB, 21132 MiB, 1515 MiB, 94 %
2026/09/24 08:57:21.601, NVIDIA L4, 23034 MiB, 21132 MiB, 1515 MiB, 91 %
2026/09/24 08:57:22.601, NVIDIA L4, 23034 MiB, 21132 MiB, 1515 MiB, 94 %
2026/09/24 08:57:23.601, NVIDIA L4, 23034 MiB, 21132 MiB, 1515 MiB, 94 %
2026/09/24 08:57:24.602, NVIDIA L4, 23034 MiB, 21132 MiB, 1515 MiB, 94 %
2026/09/24 08:57:25.602, NVIDIA L4, 23034 MiB, 21132 MiB, 1515 MiB, 94 %
2026/09/24 08:57:26.602, NVIDIA L4, 23034 MiB, 21132 MiB, 1515 MiB, 94 %
2026/09/24 08:57:27.603, NVIDIA L4, 23034 MiB, 21132 MiB, 1515 MiB, 94 %
2026/09/24 08:57:28.603, NVIDIA L4, 23034 MiB, 21132 MiB, 1515 MiB, 94 %
2026/09/24 08:57:29.603, NVIDIA L4, 23034 MiB, 21132 MiB, 1515 MiB, 94 %
2026/09/24 08:57:30.604, NVIDIA L4, 23034 MiB, 21132 MiB, 1515 MiB, 94 %
2026/09/24 08:57:31.604, NVIDIA L4, 23034 MiB, 21132 MiB, 1515 MiB, 93 %
2026/09/24 08:57:32.604, NVIDIA L4, 23034 MiB, 21132 MiB, 1515 MiB, 94 %
2026/09/24 08:57:33.605, NVIDIA L4, 23034 MiB, 21132 MiB, 1515 MiB, 94 %
2026/09/24 08:57:34.605, NVIDIA L4, 23034 MiB, 21132 MiB, 1515 MiB, 93 %
2026/09/24 08:57:35.606, NVIDIA L4, 23034 MiB, 21132 MiB, 1515 MiB, 93 %
2026/09/24 08:57:36.606, NVIDIA L4, 23034 MiB, 21132 MiB, 1515 MiB, 92 %
2026/09/24 08:57:37.606, NVIDIA L4, 23034 MiB, 21132 MiB, 1515 MiB, 94 %
2026/09/24 08:57:38.607, NVIDIA L4, 23034 MiB, 21132 MiB, 1515 MiB, 94 %
2026/09/24 08:57:39.607, NVIDIA L4, 23034 MiB, 21132 MiB, 1515 MiB, 93 %
2026/09/24 08:57:40.607, NVIDIA L4, 23034 MiB, 21132 MiB, 1515 MiB, 93 %
2026/09/24 08:57:41.608, NVIDIA L4, 23034 MiB, 21132 MiB, 1515 MiB, 94 %
2026/09/24 08:57:42.608, NVIDIA L4, 23034 MiB, 21132 MiB, 1515 MiB, 94 %
2026/09/24 08:57:43.608, NVIDIA L4, 23034 MiB, 21132 MiB, 1515 MiB, 94 %
2026/09/24 08:57:44.609, NVIDIA L4, 23034 MiB, 21132 MiB, 1515 MiB, 93 %
2026/09/24 08:57:45.609, NVIDIA L4, 23034 MiB, 21132 MiB, 1515 MiB, 94 %
2026/09/24 08:57:46.609, NVIDIA L4, 23034 MiB, 21132 MiB, 1515 MiB, 93 %
2026/09/24 08:57:47.610, NVIDIA L4, 23034 MiB, 21132 MiB, 1515 MiB, 94 %
2026/09/24 08:57:48.610, NVIDIA L4, 23034 MiB, 21132 MiB, 1515 MiB, 94 %
2026/09/24 08:57:49.610, NVIDIA L4, 23034 MiB, 21132 MiB, 1515 MiB, 94 %
2026/09/24 08:57:50.611, NVIDIA L4, 23034 MiB, 21132 MiB, 1515 MiB, 92 %
2026/09/24 08:57:51.611, NVIDIA L4, 23034 MiB, 21132 MiB, 1515 MiB, 94 %
2026/09/24 08:57:52.611, NVIDIA L4, 23034 MiB, 21132 MiB, 1515 MiB, 94 %
2026/09/24 08:57:53.612, NVIDIA L4, 23034 MiB, 21132 MiB, 1515 MiB, 94 %
2026/09/24 08:57:54.612, NVIDIA L4, 23034 MiB, 21196 MiB, 1451 MiB, 94 %
2026/09/24 08:57:55.612, NVIDIA L4, 23034 MiB, 21196 MiB, 1451 MiB, 94 %
2026/09/24 08:57:56.613, NVIDIA L4, 23034 MiB, 21196 MiB, 1451 MiB, 94 %
2026/09/24 08:57:57.613, NVIDIA L4, 23034 MiB, 21196 MiB, 1451 MiB, 93 %
2026/09/24 08:57:58.613, NVIDIA L4, 23034 MiB, 21196 MiB, 1451 MiB, 94 %
2026/09/24 08:57:59.614, NVIDIA L4, 23034 MiB, 21196 MiB, 1451 MiB, 75 %
2026/09/24 08:58:00.614, NVIDIA L4, 23034 MiB, 21196 MiB, 1451 MiB, 94 %
2026/09/24 08:58:01.614, NVIDIA L4, 23034 MiB, 21196 MiB, 1451 MiB, 94 %
2026/09/24 08:58:02.615, NVIDIA L4, 23034 MiB, 21196 MiB, 1451 MiB, 92 %
2026/09/24 08:58:03.615, NVIDIA L4, 23034 MiB, 21196 MiB, 1451 MiB, 94 %
2026/09/24 08:58:04.615, NVIDIA L4, 23034 MiB, 21196 MiB, 1451 MiB, 93 %
2026/09/24 08:58:05.615, NVIDIA L4, 23034 MiB, 21196 MiB, 1451 MiB, 94 %
2026/09/24 08:58:06.616, NVIDIA L4, 23034 MiB, 21196 MiB, 1451 MiB, 94 %
2026/09/24 08:58:07.616, NVIDIA L4, 23034 MiB, 21196 MiB, 1451 MiB, 93 %
2026/09/24 08:58:08.616, NVIDIA L4, 23034 MiB, 21196 MiB, 1451 MiB, 94 %
2026/09/24 08:58:09.616, NVIDIA L4, 23034 MiB, 21196 MiB, 1451 MiB, 94 %
2026/09/24 08:58:10.617, NVIDIA L4, 23034 MiB, 21196 MiB, 1451 MiB, 94 %
2026/09/24 08:58:11.617, NVIDIA L4, 23034 MiB, 21196 MiB, 1451 MiB, 94 %
2026/09/24 08:58:12.617, NVIDIA L4, 23034 MiB, 21196 MiB, 1451 MiB, 93 %
2026/09/24 08:58:13.618, NVIDIA L4, 23034 MiB, 21196 MiB, 1451 MiB, 94 %
2026/09/24 08:58:14.618, NVIDIA L4, 23034 MiB, 21196 MiB, 1451 MiB, 94 %
2026/09/24 08:58:15.618, NVIDIA L4, 23034 MiB, 21196 MiB, 1451 MiB, 93 %
2026/09/24 08:58:16.619, NVIDIA L4, 23034 MiB, 21198 MiB, 1449 MiB, 93 %
2026/09/24 08:58:17.619, NVIDIA L4, 23034 MiB, 21198 MiB, 1449 MiB, 94 %
2026/09/24 08:58:18.619, NVIDIA L4, 23034 MiB, 21198 MiB, 1449 MiB, 93 %
2026/09/24 08:58:19.620, NVIDIA L4, 23034 MiB, 21198 MiB, 1449 MiB, 94 %
2026/09/24 08:58:20.620, NVIDIA L4, 23034 MiB, 21198 MiB, 1449 MiB, 93 %
2026/09/24 08:58:21.620, NVIDIA L4, 23034 MiB, 21198 MiB, 1449 MiB, 94 %
2026/09/24 08:58:22.621, NVIDIA L4, 23034 MiB, 21198 MiB, 1449 MiB, 94 %
2026/09/24 08:58:23.621, NVIDIA L4, 23034 MiB, 21198 MiB, 1449 MiB, 93 %
2026/09/24 08:58:24.621, NVIDIA L4, 23034 MiB, 21198 MiB, 1449 MiB, 94 %
2026/09/24 08:58:25.622, NVIDIA L4, 23034 MiB, 21198 MiB, 1449 MiB, 93 %
2026/09/24 08:58:26.622, NVIDIA L4, 23034 MiB, 21198 MiB, 1449 MiB, 94 %
2026/09/24 08:58:27.623, NVIDIA L4, 23034 MiB, 21198 MiB, 1449 MiB, 94 %
2026/09/24 08:58:28.623, NVIDIA L4, 23034 MiB, 21198 MiB, 1449 MiB, 92 %
2026/09/24 08:58:29.623, NVIDIA L4, 23034 MiB, 21198 MiB, 1449 MiB, 94 %
2026/09/24 08:58:30.623, NVIDIA L4, 23034 MiB, 21198 MiB, 1449 MiB, 93 %
2026/09/24 08:58:31.624, NVIDIA L4, 23034 MiB, 21198 MiB, 1449 MiB, 94 %
2026/09/24 08:58:32.624, NVIDIA L4, 23034 MiB, 21198 MiB, 1449 MiB, 94 %
2026/09/24 08:58:33.624, NVIDIA L4, 23034 MiB, 21198 MiB, 1449 MiB, 94 %
2026/09/24 08:58:34.625, NVIDIA L4, 23034 MiB, 21198 MiB, 1449 MiB, 94 %
2026/09/24 08:58:35.625, NVIDIA L4, 23034 MiB, 21198 MiB, 1449 MiB, 94 %
2026/09/24 08:58:36.625, NVIDIA L4, 23034 MiB, 21198 MiB, 1449 MiB, 93 %
2026/09/24 08:58:37.625, NVIDIA L4, 23034 MiB, 21198 MiB, 1449 MiB, 94 %
2026/09/24 08:58:38.626, NVIDIA L4, 23034 MiB, 21198 MiB, 1449 MiB, 94 %
2026/09/24 08:58:39.626, NVIDIA L4, 23034 MiB, 21198 MiB, 1449 MiB, 94 %
2026/09/24 08:58:40.626, NVIDIA L4, 23034 MiB, 21198 MiB, 1449 MiB, 94 %
2026/09/24 08:58:41.627, NVIDIA L4, 23034 MiB, 21198 MiB, 1449 MiB, 93 %
2026/09/24 08:58:42.627, NVIDIA L4, 23034 MiB, 21198 MiB, 1449 MiB, 94 %
2026/09/24 08:58:43.627, NVIDIA L4, 23034 MiB, 21198 MiB, 1449 MiB, 94 %
2026/09/24 08:58:44.628, NVIDIA L4, 23034 MiB, 21198 MiB, 1449 MiB, 93 %
2026/09/24 08:58:45.628, NVIDIA L4, 23034 MiB, 21198 MiB, 1449 MiB, 94 %
2026/09/24 08:58:46.628, NVIDIA L4, 23034 MiB, 21198 MiB, 1449 MiB, 94 %
2026/09/24 08:58:47.628, NVIDIA L4, 23034 MiB, 21198 MiB, 1449 MiB, 94 %
2026/09/24 08:58:48.629, NVIDIA L4, 23034 MiB, 21198 MiB, 1449 MiB, 94 %
2026/09/24 08:58:49.629, NVIDIA L4, 23034 MiB, 21198 MiB, 1449 MiB, 94 %
2026/09/24 08:58:50.629, NVIDIA L4, 23034 MiB, 21198 MiB, 1449 MiB, 95 %
2026/09/24 08:58:51.629, NVIDIA L4, 23034 MiB, 21198 MiB, 1449 MiB, 94 %
2026/09/24 08:58:52.630, NVIDIA L4, 23034 MiB, 21198 MiB, 1449 MiB, 94 %
2026/09/24 08:58:53.630, NVIDIA L4, 23034 MiB, 21198 MiB, 1449 MiB, 94 %
2026/09/24 08:58:54.630, NVIDIA L4, 23034 MiB, 21198 MiB, 1449 MiB, 94 %
2026/09/24 08:58:55.631, NVIDIA L4, 23034 MiB, 21198 MiB, 1449 MiB, 94 %
2026/09/24 08:58:56.631, NVIDIA L4, 23034 MiB, 21198 MiB, 1449 MiB, 94 %
2026/09/24 08:58:57.631, NVIDIA L4, 23034 MiB, 21198 MiB, 1449 MiB, 94 %
2026/09/24 08:58:58.631, NVIDIA L4, 23034 MiB, 21198 MiB, 1449 MiB, 94 %
2026/09/24 08:58:59.632, NVIDIA L4, 23034 MiB, 21198 MiB, 1449 MiB, 94 %
2026/09/24 08:59:00.632, NVIDIA L4, 23034 MiB, 21198 MiB, 1449 MiB, 94 %
2026/09/24 08:59:01.632, NVIDIA L4, 23034 MiB, 21198 MiB, 1449 MiB, 94 %
2026/09/24 08:59:02.633, NVIDIA L4, 23034 MiB, 21198 MiB, 1449 MiB, 94 %
2026/09/24 08:59:03.633, NVIDIA L4, 23034 MiB, 21198 MiB, 1449 MiB, 94 %
2026/09/24 08:59:04.633, NVIDIA L4, 23034 MiB, 21198 MiB, 1449 MiB, 94 %
2026/09/24 08:59:05.633, NVIDIA L4, 23034 MiB, 21198 MiB, 1449 MiB, 94 %
2026/09/24 08:59:06.634, NVIDIA L4, 23034 MiB, 21198 MiB, 1449 MiB, 95 %
2026/09/24 08:59:07.634, NVIDIA L4, 23034 MiB, 21198 MiB, 1449 MiB, 94 %
2026/09/24 08:59:08.634, NVIDIA L4, 23034 MiB, 21198 MiB, 1449 MiB, 0 %
2026/09/24 08:59:09.636, NVIDIA L4, 23034 MiB, 21198 MiB, 1449 MiB, 11 %
2026/09/24 08:59:10.636, NVIDIA L4, 23034 MiB, 21198 MiB, 1449 MiB, 93 %
2026/09/24 08:59:11.636, NVIDIA L4, 23034 MiB, 21198 MiB, 1449 MiB, 94 %
2026/09/24 08:59:12.636, NVIDIA L4, 23034 MiB, 21198 MiB, 1449 MiB, 93 %
2026/09/24 08:59:13.637, NVIDIA L4, 23034 MiB, 21198 MiB, 1449 MiB, 92 %
2026/09/24 08:59:14.637, NVIDIA L4, 23034 MiB, 21198 MiB, 1449 MiB, 94 %
2026/09/24 08:59:15.637, NVIDIA L4, 23034 MiB, 21198 MiB, 1449 MiB, 94 %
2026/09/24 08:59:16.638, NVIDIA L4, 23034 MiB, 21198 MiB, 1449 MiB, 94 %
2026/09/24 08:59:17.638, NVIDIA L4, 23034 MiB, 21198 MiB, 1449 MiB, 94 %
2026/09/24 08:59:18.638, NVIDIA L4, 23034 MiB, 21198 MiB, 1449 MiB, 94 %
2026/09/24 08:59:19.638, NVIDIA L4, 23034 MiB, 21198 MiB, 1449 MiB, 94 %
2026/09/24 08:59:20.639, NVIDIA L4, 23034 MiB, 21198 MiB, 1449 MiB, 93 %
2026/09/24 08:59:21.639, NVIDIA L4, 23034 MiB, 21198 MiB, 1449 MiB, 92 %
2026/09/24 08:59:22.639, NVIDIA L4, 23034 MiB, 21198 MiB, 1449 MiB, 92 %
2026/09/24 08:59:23.639, NVIDIA L4, 23034 MiB, 21198 MiB, 1449 MiB, 92 %
2026/09/24 08:59:24.640, NVIDIA L4, 23034 MiB, 21198 MiB, 1449 MiB, 94 %
2026/09/24 08:59:25.640, NVIDIA L4, 23034 MiB, 21198 MiB, 1449 MiB, 12 %
2026/09/24 08:59:26.640, NVIDIA L4, 23034 MiB, 21198 MiB, 1449 MiB, 94 %
2026/09/24 08:59:27.641, NVIDIA L4, 23034 MiB, 21198 MiB, 1449 MiB, 94 %
2026/09/24 08:59:28.641, NVIDIA L4, 23034 MiB, 21198 MiB, 1449 MiB, 94 %
2026/09/24 08:59:29.641, NVIDIA L4, 23034 MiB, 21198 MiB, 1449 MiB, 94 %
2026/09/24 08:59:30.641, NVIDIA L4, 23034 MiB, 21198 MiB, 1449 MiB, 94 %
2026/09/24 08:59:31.642, NVIDIA L4, 23034 MiB, 21198 MiB, 1449 MiB, 94 %
2026/09/24 08:59:32.642, NVIDIA L4, 23034 MiB, 21198 MiB, 1449 MiB, 94 %
2026/09/24 08:59:33.642, NVIDIA L4, 23034 MiB, 21198 MiB, 1449 MiB, 94 %
2026/09/24 08:59:34.642, NVIDIA L4, 23034 MiB, 21198 MiB, 1449 MiB, 94 %
2026/09/24 08:59:35.644, NVIDIA L4, 23034 MiB, 21198 MiB, 1449 MiB, 94 %
2026/09/24 08:59:36.644, NVIDIA L4, 23034 MiB, 21198 MiB, 1449 MiB, 94 %
2026/09/24 08:59:37.645, NVIDIA L4, 23034 MiB, 21198 MiB, 1449 MiB, 94 %
2026/09/24 08:59:38.645, NVIDIA L4, 23034 MiB, 21198 MiB, 1449 MiB, 93 %
2026/09/24 08:59:39.645, NVIDIA L4, 23034 MiB, 21198 MiB, 1449 MiB, 94 %
2026/09/24 08:59:40.645, NVIDIA L4, 23034 MiB, 21198 MiB, 1449 MiB, 94 %
2026/09/24 08:59:41.646, NVIDIA L4, 23034 MiB, 21198 MiB, 1449 MiB, 94 %
2026/09/24 08:59:42.646, NVIDIA L4, 23034 MiB, 21198 MiB, 1449 MiB, 94 %
2026/09/24 08:59:43.646, NVIDIA L4, 23034 MiB, 21198 MiB, 1449 MiB, 93 %
2026/09/24 08:59:44.647, NVIDIA L4, 23034 MiB, 21198 MiB, 1449 MiB, 94 %
2026/09/24 08:59:45.647, NVIDIA L4, 23034 MiB, 21198 MiB, 1449 MiB, 94 %
2026/09/24 08:59:46.647, NVIDIA L4, 23034 MiB, 21198 MiB, 1449 MiB, 94 %
2026/09/24 08:59:47.648, NVIDIA L4, 23034 MiB, 21198 MiB, 1449 MiB, 93 %
2026/09/24 08:59:48.648, NVIDIA L4, 23034 MiB, 21198 MiB, 1449 MiB, 94 %
2026/09/24 08:59:49.648, NVIDIA L4, 23034 MiB, 21198 MiB, 1449 MiB, 94 %
2026/09/24 08:59:50.648, NVIDIA L4, 23034 MiB, 21198 MiB, 1449 MiB, 93 %
2026/09/24 08:59:51.649, NVIDIA L4, 23034 MiB, 21198 MiB, 1449 MiB, 93 %
2026/09/24 08:59:52.649, NVIDIA L4, 23034 MiB, 21198 MiB, 1449 MiB, 94 %
2026/09/24 08:59:53.649, NVIDIA L4, 23034 MiB, 21198 MiB, 1449 MiB, 92 %
2026/09/24 08:59:54.649, NVIDIA L4, 23034 MiB, 21198 MiB, 1449 MiB, 94 %
2026/09/24 08:59:55.650, NVIDIA L4, 23034 MiB, 21198 MiB, 1449 MiB, 94 %
2026/09/24 08:59:56.650, NVIDIA L4, 23034 MiB, 21198 MiB, 1449 MiB, 94 %
2026/09/24 08:59:57.650, NVIDIA L4, 23034 MiB, 21198 MiB, 1449 MiB, 94 %
2026/09/24 08:59:58.650, NVIDIA L4, 23034 MiB, 21198 MiB, 1449 MiB, 94 %
2026/09/24 08:59:59.651, NVIDIA L4, 23034 MiB, 21198 MiB, 1449 MiB, 94 %
2026/09/24 09:00:00.651, NVIDIA L4, 23034 MiB, 21198 MiB, 1449 MiB, 93 %
2026/09/24 09:00:01.651, NVIDIA L4, 23034 MiB, 21198 MiB, 1449 MiB, 94 %
2026/09/24 09:00:02.652, NVIDIA L4, 23034 MiB, 21198 MiB, 1449 MiB, 94 %
2026/09/24 09:00:03.652, NVIDIA L4, 23034 MiB, 21198 MiB, 1449 MiB, 94 %
2026/09/24 09:00:04.652, NVIDIA L4, 23034 MiB, 21198 MiB, 1449 MiB, 94 %
2026/09/24 09:00:05.652, NVIDIA L4, 23034 MiB, 21198 MiB, 1449 MiB, 93 %
2026/09/24 09:00:06.653, NVIDIA L4, 23034 MiB, 21198 MiB, 1449 MiB, 94 %
2026/09/24 09:00:07.653, NVIDIA L4, 23034 MiB, 21198 MiB, 1449 MiB, 94 %
2026/09/24 09:00:08.653, NVIDIA L4, 23034 MiB, 21198 MiB, 1449 MiB, 94 %
2026/09/24 09:00:09.653, NVIDIA L4, 23034 MiB, 21198 MiB, 1449 MiB, 94 %
2026/09/24 09:00:10.654, NVIDIA L4, 23034 MiB, 21198 MiB, 1449 MiB, 94 %
2026/09/24 09:00:11.654, NVIDIA L4, 23034 MiB, 21198 MiB, 1449 MiB, 94 %
2026/09/24 09:00:12.654, NVIDIA L4, 23034 MiB, 21198 MiB, 1449 MiB, 94 %
2026/09/24 09:00:13.655, NVIDIA L4, 23034 MiB, 21198 MiB, 1449 MiB, 94 %
2026/09/24 09:00:14.655, NVIDIA L4, 23034 MiB, 21198 MiB, 1449 MiB, 94 %
2026/09/24 09:00:15.655, NVIDIA L4, 23034 MiB, 21198 MiB, 1449 MiB, 93 %
2026/09/24 09:00:16.655, NVIDIA L4, 23034 MiB, 21198 MiB, 1449 MiB, 93 %
2026/09/24 09:00:17.656, NVIDIA L4, 23034 MiB, 21198 MiB, 1449 MiB, 93 %
2026/09/24 09:00:18.656, NVIDIA L4, 23034 MiB, 21198 MiB, 1449 MiB, 94 %
2026/09/24 09:00:19.656, NVIDIA L4, 23034 MiB, 21198 MiB, 1449 MiB, 94 %
2026/09/24 09:00:20.656, NVIDIA L4, 23034 MiB, 21198 MiB, 1449 MiB, 94 %
2026/09/24 09:00:21.657, NVIDIA L4, 23034 MiB, 21198 MiB, 1449 MiB, 94 %
2026/09/24 09:00:22.657, NVIDIA L4, 23034 MiB, 21198 MiB, 1449 MiB, 92 %
2026/09/24 09:00:23.657, NVIDIA L4, 23034 MiB, 21198 MiB, 1449 MiB, 92 %
2026/09/24 09:00:24.658, NVIDIA L4, 23034 MiB, 21198 MiB, 1449 MiB, 92 %
2026/09/24 09:00:25.658, NVIDIA L4, 23034 MiB, 21198 MiB, 1449 MiB, 92 %
2026/09/24 09:00:26.658, NVIDIA L4, 23034 MiB, 21198 MiB, 1449 MiB, 94 %
2026/09/24 09:00:27.658, NVIDIA L4, 23034 MiB, 21198 MiB, 1449 MiB, 94 %
2026/09/24 09:00:28.659, NVIDIA L4, 23034 MiB, 21198 MiB, 1449 MiB, 94 %
2026/09/24 09:00:29.659, NVIDIA L4, 23034 MiB, 21198 MiB, 1449 MiB, 93 %
2026/09/24 09:00:30.659, NVIDIA L4, 23034 MiB, 21198 MiB, 1449 MiB, 94 %
2026/09/24 09:00:31.660, NVIDIA L4, 23034 MiB, 21198 MiB, 1449 MiB, 94 %
2026/09/24 09:00:32.660, NVIDIA L4, 23034 MiB, 21198 MiB, 1449 MiB, 93 %
2026/09/24 09:00:33.660, NVIDIA L4, 23034 MiB, 21198 MiB, 1449 MiB, 94 %
2026/09/24 09:00:34.660, NVIDIA L4, 23034 MiB, 21198 MiB, 1449 MiB, 94 %
2026/09/24 09:00:35.661, NVIDIA L4, 23034 MiB, 21198 MiB, 1449 MiB, 94 %
2026/09/24 09:00:36.661, NVIDIA L4, 23034 MiB, 21198 MiB, 1449 MiB, 94 %
2026/09/24 09:00:37.661, NVIDIA L4, 23034 MiB, 21198 MiB, 1449 MiB, 94 %
2026/09/24 09:00:38.662, NVIDIA L4, 23034 MiB, 21198 MiB, 1449 MiB, 94 %
2026/09/24 09:00:39.662, NVIDIA L4, 23034 MiB, 21198 MiB, 1449 MiB, 93 %
2026/09/24 09:00:40.662, NVIDIA L4, 23034 MiB, 21198 MiB, 1449 MiB, 93 %
2026/09/24 09:00:41.662, NVIDIA L4, 23034 MiB, 21198 MiB, 1449 MiB, 94 %
2026/09/24 09:00:42.663, NVIDIA L4, 23034 MiB, 21198 MiB, 1449 MiB, 94 %
2026/09/24 09:00:43.663, NVIDIA L4, 23034 MiB, 21198 MiB, 1449 MiB, 93 %
2026/09/24 09:00:44.664, NVIDIA L4, 23034 MiB, 21198 MiB, 1449 MiB, 94 %
2026/09/24 09:00:45.664, NVIDIA L4, 23034 MiB, 21198 MiB, 1449 MiB, 92 %
2026/09/24 09:00:46.664, NVIDIA L4, 23034 MiB, 21198 MiB, 1449 MiB, 94 %
2026/09/24 09:00:47.664, NVIDIA L4, 23034 MiB, 21198 MiB, 1449 MiB, 94 %
2026/09/24 09:00:48.665, NVIDIA L4, 23034 MiB, 21198 MiB, 1449 MiB, 94 %
2026/09/24 09:00:49.665, NVIDIA L4, 23034 MiB, 21198 MiB, 1449 MiB, 94 %
2026/09/24 09:00:50.665, NVIDIA L4, 23034 MiB, 21198 MiB, 1449 MiB, 14 %
2026/09/24 09:00:51.665, NVIDIA L4, 23034 MiB, 21198 MiB, 1449 MiB, 94 %
2026/09/24 09:00:52.666, NVIDIA L4, 23034 MiB, 21198 MiB, 1449 MiB, 94 %
2026/09/24 09:00:53.666, NVIDIA L4, 23034 MiB, 21198 MiB, 1449 MiB, 94 %
2026/09/24 09:00:54.666, NVIDIA L4, 23034 MiB, 21198 MiB, 1449 MiB, 94 %
2026/09/24 09:00:55.667, NVIDIA L4, 23034 MiB, 21198 MiB, 1449 MiB, 94 %
2026/09/24 09:00:56.667, NVIDIA L4, 23034 MiB, 21198 MiB, 1449 MiB, 94 %
2026/09/24 09:00:57.667, NVIDIA L4, 23034 MiB, 21198 MiB, 1449 MiB, 93 %
2026/09/24 09:00:58.667, NVIDIA L4, 23034 MiB, 21198 MiB, 1449 MiB, 94 %
2026/09/24 09:00:59.668, NVIDIA L4, 23034 MiB, 21198 MiB, 1449 MiB, 94 %
2026/09/24 09:01:00.668, NVIDIA L4, 23034 MiB, 21198 MiB, 1449 MiB, 93 %
2026/09/24 09:01:01.668, NVIDIA L4, 23034 MiB, 21198 MiB, 1449 MiB, 94 %
2026/09/24 09:01:02.669, NVIDIA L4, 23034 MiB, 21198 MiB, 1449 MiB, 94 %
2026/09/24 09:01:03.670, NVIDIA L4, 23034 MiB, 21198 MiB, 1449 MiB, 92 %
2026/09/24 09:01:04.670, NVIDIA L4, 23034 MiB, 21198 MiB, 1449 MiB, 92 %
2026/09/24 09:01:05.670, NVIDIA L4, 23034 MiB, 21198 MiB, 1449 MiB, 94 %
2026/09/24 09:01:06.671, NVIDIA L4, 23034 MiB, 21198 MiB, 1449 MiB, 94 %
2026/09/24 09:01:07.671, NVIDIA L4, 23034 MiB, 21198 MiB, 1449 MiB, 94 %
2026/09/24 09:01:08.671, NVIDIA L4, 23034 MiB, 21198 MiB, 1449 MiB, 94 %
2026/09/24 09:01:09.672, NVIDIA L4, 23034 MiB, 21198 MiB, 1449 MiB, 94 %
2026/09/24 09:01:10.672, NVIDIA L4, 23034 MiB, 21198 MiB, 1449 MiB, 94 %
2026/09/24 09:01:11.672, NVIDIA L4, 23034 MiB, 21198 MiB, 1449 MiB, 94 %
2026/09/24 09:01:12.673, NVIDIA L4, 23034 MiB, 21198 MiB, 1449 MiB, 94 %
2026/09/24 09:01:13.673, NVIDIA L4, 23034 MiB, 21198 MiB, 1449 MiB, 93 %
2026/09/24 09:01:14.673, NVIDIA L4, 23034 MiB, 21198 MiB, 1449 MiB, 94 %
2026/09/24 09:01:15.674, NVIDIA L4, 23034 MiB, 21198 MiB, 1449 MiB, 94 %
2026/09/24 09:01:16.674, NVIDIA L4, 23034 MiB, 21198 MiB, 1449 MiB, 94 %
2026/09/24 09:01:17.674, NVIDIA L4, 23034 MiB, 21198 MiB, 1449 MiB, 94 %
2026/09/24 09:01:18.675, NVIDIA L4, 23034 MiB, 21198 MiB, 1449 MiB, 94 %
2026/09/24 09:01:19.675, NVIDIA L4, 23034 MiB, 21198 MiB, 1449 MiB, 0 %
2026/09/24 09:01:20.675, NVIDIA L4, 23034 MiB, 21198 MiB, 1449 MiB, 0 %
2026/09/24 09:01:21.676, NVIDIA L4, 23034 MiB, 21198 MiB, 1449 MiB, 94 %
2026/09/24 09:01:22.676, NVIDIA L4, 23034 MiB, 21198 MiB, 1449 MiB, 94 %
2026/09/24 09:01:23.676, NVIDIA L4, 23034 MiB, 21198 MiB, 1449 MiB, 94 %
2026/09/24 09:01:24.676, NVIDIA L4, 23034 MiB, 21198 MiB, 1449 MiB, 94 %
2026/09/24 09:01:25.677, NVIDIA L4, 23034 MiB, 21198 MiB, 1449 MiB, 94 %
2026/09/24 09:01:26.677, NVIDIA L4, 23034 MiB, 21198 MiB, 1449 MiB, 25 %
2026/09/24 09:01:27.677, NVIDIA L4, 23034 MiB, 21198 MiB, 1449 MiB, 94 %
2026/09/24 09:01:28.677, NVIDIA L4, 23034 MiB, 21198 MiB, 1449 MiB, 93 %
2026/09/24 09:01:29.678, NVIDIA L4, 23034 MiB, 21198 MiB, 1449 MiB, 93 %
2026/09/24 09:01:30.678, NVIDIA L4, 23034 MiB, 21198 MiB, 1449 MiB, 92 %
2026/09/24 09:01:31.678, NVIDIA L4, 23034 MiB, 21198 MiB, 1449 MiB, 93 %
2026/09/24 09:01:32.678, NVIDIA L4, 23034 MiB, 21198 MiB, 1449 MiB, 94 %
2026/09/24 09:01:33.679, NVIDIA L4, 23034 MiB, 21198 MiB, 1449 MiB, 93 %
2026/09/24 09:01:34.679, NVIDIA L4, 23034 MiB, 21198 MiB, 1449 MiB, 94 %
2026/09/24 09:01:35.679, NVIDIA L4, 23034 MiB, 21198 MiB, 1449 MiB, 94 %
2026/09/24 09:01:36.680, NVIDIA L4, 23034 MiB, 21198 MiB, 1449 MiB, 94 %
2026/09/24 09:01:37.680, NVIDIA L4, 23034 MiB, 21198 MiB, 1449 MiB, 94 %
2026/09/24 09:01:38.680, NVIDIA L4, 23034 MiB, 21198 MiB, 1449 MiB, 93 %
2026/09/24 09:01:39.680, NVIDIA L4, 23034 MiB, 21198 MiB, 1449 MiB, 94 %
2026/09/24 09:01:40.681, NVIDIA L4, 23034 MiB, 21198 MiB, 1449 MiB, 94 %
2026/09/24 09:01:41.681, NVIDIA L4, 23034 MiB, 21198 MiB, 1449 MiB, 94 %
2026/09/24 09:01:42.681, NVIDIA L4, 23034 MiB, 21198 MiB, 1449 MiB, 94 %
2026/09/24 09:01:43.681, NVIDIA L4, 23034 MiB, 21198 MiB, 1449 MiB, 94 %
2026/09/24 09:01:44.682, NVIDIA L4, 23034 MiB, 21198 MiB, 1449 MiB, 94 %
2026/09/24 09:01:45.682, NVIDIA L4, 23034 MiB, 21198 MiB, 1449 MiB, 94 %
2026/09/24 09:01:46.682, NVIDIA L4, 23034 MiB, 21198 MiB, 1449 MiB, 94 %
2026/09/24 09:01:47.683, NVIDIA L4, 23034 MiB, 21198 MiB, 1449 MiB, 93 %
2026/09/24 09:01:48.683, NVIDIA L4, 23034 MiB, 21198 MiB, 1449 MiB, 94 %
2026/09/24 09:01:49.683, NVIDIA L4, 23034 MiB, 21198 MiB, 1449 MiB, 94 %
2026/09/24 09:01:50.684, NVIDIA L4, 23034 MiB, 21198 MiB, 1449 MiB, 93 %
2026/09/24 09:01:51.684, NVIDIA L4, 23034 MiB, 21198 MiB, 1449 MiB, 94 %
2026/09/24 09:01:52.684, NVIDIA L4, 23034 MiB, 21198 MiB, 1449 MiB, 93 %
2026/09/24 09:01:53.684, NVIDIA L4, 23034 MiB, 21198 MiB, 1449 MiB, 94 %
2026/09/24 09:01:54.685, NVIDIA L4, 23034 MiB, 21198 MiB, 1449 MiB, 93 %
2026/09/24 09:01:55.685, NVIDIA L4, 23034 MiB, 21198 MiB, 1449 MiB, 91 %
2026/09/24 09:01:56.685, NVIDIA L4, 23034 MiB, 21198 MiB, 1449 MiB, 94 %
2026/09/24 09:01:57.685, NVIDIA L4, 23034 MiB, 21198 MiB, 1449 MiB, 94 %
2026/09/24 09:01:58.686, NVIDIA L4, 23034 MiB, 21198 MiB, 1449 MiB, 94 %
2026/09/24 09:01:59.686, NVIDIA L4, 23034 MiB, 21198 MiB, 1449 MiB, 93 %
2026/09/24 09:02:00.686, NVIDIA L4, 23034 MiB, 21198 MiB, 1449 MiB, 94 %
2026/09/24 09:02:01.687, NVIDIA L4, 23034 MiB, 21198 MiB, 1449 MiB, 94 %
2026/09/24 09:02:02.687, NVIDIA L4, 23034 MiB, 21198 MiB, 1449 MiB, 93 %
2026/09/24 09:02:03.687, NVIDIA L4, 23034 MiB, 21198 MiB, 1449 MiB, 94 %
2026/09/24 09:02:04.687, NVIDIA L4, 23034 MiB, 21198 MiB, 1449 MiB, 94 %
2026/09/24 09:02:05.688, NVIDIA L4, 23034 MiB, 21198 MiB, 1449 MiB, 93 %
2026/09/24 09:02:06.688, NVIDIA L4, 23034 MiB, 21198 MiB, 1449 MiB, 93 %
2026/09/24 09:02:07.688, NVIDIA L4, 23034 MiB, 21198 MiB, 1449 MiB, 94 %
2026/09/24 09:02:08.688, NVIDIA L4, 23034 MiB, 21198 MiB, 1449 MiB, 94 %
2026/09/24 09:02:09.689, NVIDIA L4, 23034 MiB, 21198 MiB, 1449 MiB, 94 %
2026/09/24 09:02:10.689, NVIDIA L4, 23034 MiB, 21198 MiB, 1449 MiB, 94 %
2026/09/24 09:02:11.689, NVIDIA L4, 23034 MiB, 21198 MiB, 1449 MiB, 94 %
2026/09/24 09:02:12.689, NVIDIA L4, 23034 MiB, 21198 MiB, 1449 MiB, 94 %
2026/09/24 09:02:13.690, NVIDIA L4, 23034 MiB, 21198 MiB, 1449 MiB, 94 %
2026/09/24 09:02:14.690, NVIDIA L4, 23034 MiB, 21198 MiB, 1449 MiB, 94 %
2026/09/24 09:02:15.690, NVIDIA L4, 23034 MiB, 21198 MiB, 1449 MiB, 93 %
2026/09/24 09:02:16.691, NVIDIA L4, 23034 MiB, 21198 MiB, 1449 MiB, 93 %
2026/09/24 09:02:17.691, NVIDIA L4, 23034 MiB, 21198 MiB, 1449 MiB, 93 %
2026/09/24 09:02:18.691, NVIDIA L4, 23034 MiB, 21198 MiB, 1449 MiB, 94 %
2026/09/24 09:02:19.692, NVIDIA L4, 23034 MiB, 21198 MiB, 1449 MiB, 94 %
2026/09/24 09:02:20.692, NVIDIA L4, 23034 MiB, 21198 MiB, 1449 MiB, 94 %
2026/09/24 09:02:21.692, NVIDIA L4, 23034 MiB, 21198 MiB, 1449 MiB, 94 %
2026/09/24 09:02:22.693, NVIDIA L4, 23034 MiB, 21198 MiB, 1449 MiB, 93 %
2026/09/24 09:02:23.693, NVIDIA L4, 23034 MiB, 21198 MiB, 1449 MiB, 93 %
2026/09/24 09:02:24.693, NVIDIA L4, 23034 MiB, 21198 MiB, 1449 MiB, 94 %
2026/09/24 09:02:25.694, NVIDIA L4, 23034 MiB, 21198 MiB, 1449 MiB, 94 %
2026/09/24 09:02:26.694, NVIDIA L4, 23034 MiB, 21198 MiB, 1449 MiB, 94 %
2026/09/24 09:02:27.694, NVIDIA L4, 23034 MiB, 21198 MiB, 1449 MiB, 94 %
2026/09/24 09:02:28.694, NVIDIA L4, 23034 MiB, 21198 MiB, 1449 MiB, 93 %
2026/09/24 09:02:29.695, NVIDIA L4, 23034 MiB, 21198 MiB, 1449 MiB, 92 %
2026/09/24 09:02:30.695, NVIDIA L4, 23034 MiB, 21198 MiB, 1449 MiB, 95 %
2026/09/24 09:02:31.695, NVIDIA L4, 23034 MiB, 21198 MiB, 1449 MiB, 94 %
2026/09/24 09:02:32.695, NVIDIA L4, 23034 MiB, 21198 MiB, 1449 MiB, 93 %
2026/09/24 09:02:33.696, NVIDIA L4, 23034 MiB, 21198 MiB, 1449 MiB, 94 %
2026/09/24 09:02:34.696, NVIDIA L4, 23034 MiB, 21198 MiB, 1449 MiB, 94 %
2026/09/24 09:02:35.696, NVIDIA L4, 23034 MiB, 21198 MiB, 1449 MiB, 94 %
2026/09/24 09:02:36.697, NVIDIA L4, 23034 MiB, 21198 MiB, 1449 MiB, 93 %
2026/09/24 09:02:37.697, NVIDIA L4, 23034 MiB, 21198 MiB, 1449 MiB, 94 %
2026/09/24 09:02:38.697, NVIDIA L4, 23034 MiB, 21198 MiB, 1449 MiB, 94 %
2026/09/24 09:02:39.697, NVIDIA L4, 23034 MiB, 21198 MiB, 1449 MiB, 94 %
2026/09/24 09:02:40.698, NVIDIA L4, 23034 MiB, 21198 MiB, 1449 MiB, 94 %
2026/09/24 09:02:41.698, NVIDIA L4, 23034 MiB, 21198 MiB, 1449 MiB, 94 %
2026/09/24 09:02:42.698, NVIDIA L4, 23034 MiB, 21198 MiB, 1449 MiB, 94 %
2026/09/24 09:02:43.699, NVIDIA L4, 23034 MiB, 21198 MiB, 1449 MiB, 94 %
2026/09/24 09:02:44.699, NVIDIA L4, 23034 MiB, 21198 MiB, 1449 MiB, 94 %
2026/09/24 09:02:45.699, NVIDIA L4, 23034 MiB, 21198 MiB, 1449 MiB, 94 %
2026/09/24 09:02:46.700, NVIDIA L4, 23034 MiB, 21198 MiB, 1449 MiB, 92 %
2026/09/24 09:02:47.700, NVIDIA L4, 23034 MiB, 21198 MiB, 1449 MiB, 93 %
2026/09/24 09:02:48.700, NVIDIA L4, 23034 MiB, 21198 MiB, 1449 MiB, 94 %
2026/09/24 09:02:49.701, NVIDIA L4, 23034 MiB, 21198 MiB, 1449 MiB, 94 %
2026/09/24 09:02:50.702, NVIDIA L4, 23034 MiB, 21198 MiB, 1449 MiB, 94 %
2026/09/24 09:02:51.702, NVIDIA L4, 23034 MiB, 21198 MiB, 1449 MiB, 94 %
2026/09/24 09:02:52.702, NVIDIA L4, 23034 MiB, 21198 MiB, 1449 MiB, 94 %
2026/09/24 09:02:53.703, NVIDIA L4, 23034 MiB, 21198 MiB, 1449 MiB, 94 %
2026/09/24 09:02:54.703, NVIDIA L4, 23034 MiB, 21198 MiB, 1449 MiB, 94 %
2026/09/24 09:02:55.703, NVIDIA L4, 23034 MiB, 21198 MiB, 1449 MiB, 73 %
2026/09/24 09:02:56.703, NVIDIA L4, 23034 MiB, 21198 MiB, 1449 MiB, 94 %
2026/09/24 09:02:57.704, NVIDIA L4, 23034 MiB, 21198 MiB, 1449 MiB, 94 %
2026/09/24 09:02:58.704, NVIDIA L4, 23034 MiB, 21198 MiB, 1449 MiB, 94 %
2026/09/24 09:02:59.704, NVIDIA L4, 23034 MiB, 21198 MiB, 1449 MiB, 94 %
2026/09/24 09:03:00.705, NVIDIA L4, 23034 MiB, 21198 MiB, 1449 MiB, 94 %
2026/09/24 09:03:01.705, NVIDIA L4, 23034 MiB, 21198 MiB, 1449 MiB, 94 %
2026/09/24 09:03:02.705, NVIDIA L4, 23034 MiB, 21198 MiB, 1449 MiB, 92 %
2026/09/24 09:03:03.705, NVIDIA L4, 23034 MiB, 21198 MiB, 1449 MiB, 94 %
2026/09/24 09:03:04.706, NVIDIA L4, 23034 MiB, 21198 MiB, 1449 MiB, 94 %
2026/09/24 09:03:05.706, NVIDIA L4, 23034 MiB, 21198 MiB, 1449 MiB, 94 %
2026/09/24 09:03:06.706, NVIDIA L4, 23034 MiB, 21198 MiB, 1449 MiB, 94 %
2026/09/24 09:03:07.707, NVIDIA L4, 23034 MiB, 21198 MiB, 1449 MiB, 93 %
2026/09/24 09:03:08.707, NVIDIA L4, 23034 MiB, 21198 MiB, 1449 MiB, 94 %
2026/09/24 09:03:09.707, NVIDIA L4, 23034 MiB, 21198 MiB, 1449 MiB, 0 %
2026/09/24 09:03:10.707, NVIDIA L4, 23034 MiB, 21198 MiB, 1449 MiB, 86 %
2026/09/24 09:03:11.708, NVIDIA L4, 23034 MiB, 21198 MiB, 1449 MiB, 94 %
2026/09/24 09:03:12.708, NVIDIA L4, 23034 MiB, 21198 MiB, 1449 MiB, 94 %
2026/09/24 09:03:13.708, NVIDIA L4, 23034 MiB, 21198 MiB, 1449 MiB, 93 %
2026/09/24 09:03:14.709, NVIDIA L4, 23034 MiB, 21198 MiB, 1449 MiB, 94 %
2026/09/24 09:03:15.709, NVIDIA L4, 23034 MiB, 21198 MiB, 1449 MiB, 93 %
2026/09/24 09:03:16.709, NVIDIA L4, 23034 MiB, 21198 MiB, 1449 MiB, 93 %
2026/09/24 09:03:17.709, NVIDIA L4, 23034 MiB, 21198 MiB, 1449 MiB, 93 %
2026/09/24 09:03:18.710, NVIDIA L4, 23034 MiB, 21198 MiB, 1449 MiB, 94 %
2026/09/24 09:03:19.710, NVIDIA L4, 23034 MiB, 21198 MiB, 1449 MiB, 94 %
2026/09/24 09:03:20.710, NVIDIA L4, 23034 MiB, 21198 MiB, 1449 MiB, 94 %
2026/09/24 09:03:21.710, NVIDIA L4, 23034 MiB, 21198 MiB, 1449 MiB, 94 %
2026/09/24 09:03:22.711, NVIDIA L4, 23034 MiB, 21198 MiB, 1449 MiB, 94 %
2026/09/24 09:03:23.711, NVIDIA L4, 23034 MiB, 21198 MiB, 1449 MiB, 94 %
2026/09/24 09:03:24.711, NVIDIA L4, 23034 MiB, 21198 MiB, 1449 MiB, 94 %
2026/09/24 09:03:25.712, NVIDIA L4, 23034 MiB, 21198 MiB, 1449 MiB, 45 %
2026/09/24 09:03:26.712, NVIDIA L4, 23034 MiB, 21198 MiB, 1449 MiB, 94 %
2026/09/24 09:03:27.712, NVIDIA L4, 23034 MiB, 21198 MiB, 1449 MiB, 94 %
2026/09/24 09:03:28.713, NVIDIA L4, 23034 MiB, 21198 MiB, 1449 MiB, 94 %
2026/09/24 09:03:29.713, NVIDIA L4, 23034 MiB, 21198 MiB, 1449 MiB, 94 %
2026/09/24 09:03:30.713, NVIDIA L4, 23034 MiB, 21198 MiB, 1449 MiB, 94 %
2026/09/24 09:03:31.713, NVIDIA L4, 23034 MiB, 21198 MiB, 1449 MiB, 94 %
2026/09/24 09:03:32.714, NVIDIA L4, 23034 MiB, 21198 MiB, 1449 MiB, 92 %
2026/09/24 09:03:33.714, NVIDIA L4, 23034 MiB, 21198 MiB, 1449 MiB, 94 %
2026/09/24 09:03:34.714, NVIDIA L4, 23034 MiB, 21198 MiB, 1449 MiB, 94 %
2026/09/24 09:03:35.714, NVIDIA L4, 23034 MiB, 21198 MiB, 1449 MiB, 93 %
2026/09/24 09:03:36.715, NVIDIA L4, 23034 MiB, 21198 MiB, 1449 MiB, 94 %
2026/09/24 09:03:37.715, NVIDIA L4, 23034 MiB, 21198 MiB, 1449 MiB, 94 %
2026/09/24 09:03:38.715, NVIDIA L4, 23034 MiB, 21198 MiB, 1449 MiB, 94 %
2026/09/24 09:03:39.716, NVIDIA L4, 23034 MiB, 21198 MiB, 1449 MiB, 93 %
2026/09/24 09:03:40.716, NVIDIA L4, 23034 MiB, 21198 MiB, 1449 MiB, 94 %
2026/09/24 09:03:41.716, NVIDIA L4, 23034 MiB, 21198 MiB, 1449 MiB, 93 %
2026/09/24 09:03:42.716, NVIDIA L4, 23034 MiB, 21198 MiB, 1449 MiB, 94 %
2026/09/24 09:03:43.717, NVIDIA L4, 23034 MiB, 21198 MiB, 1449 MiB, 94 %
2026/09/24 09:03:44.717, NVIDIA L4, 23034 MiB, 21198 MiB, 1449 MiB, 94 %
2026/09/24 09:03:45.717, NVIDIA L4, 23034 MiB, 21198 MiB, 1449 MiB, 93 %
2026/09/24 09:03:46.718, NVIDIA L4, 23034 MiB, 21198 MiB, 1449 MiB, 90 %
2026/09/24 09:03:47.718, NVIDIA L4, 23034 MiB, 21198 MiB, 1449 MiB, 92 %
2026/09/24 09:03:48.718, NVIDIA L4, 23034 MiB, 21198 MiB, 1449 MiB, 94 %
2026/09/24 09:03:49.719, NVIDIA L4, 23034 MiB, 21198 MiB, 1449 MiB, 94 %
2026/09/24 09:03:50.719, NVIDIA L4, 23034 MiB, 21198 MiB, 1449 MiB, 94 %
2026/09/24 09:03:51.719, NVIDIA L4, 23034 MiB, 21198 MiB, 1449 MiB, 94 %
2026/09/24 09:03:52.719, NVIDIA L4, 23034 MiB, 21198 MiB, 1449 MiB, 93 %
2026/09/24 09:03:53.720, NVIDIA L4, 23034 MiB, 21198 MiB, 1449 MiB, 93 %
2026/09/24 09:03:54.720, NVIDIA L4, 23034 MiB, 21198 MiB, 1449 MiB, 93 %
2026/09/24 09:03:55.720, NVIDIA L4, 23034 MiB, 21198 MiB, 1449 MiB, 93 %
2026/09/24 09:03:56.720, NVIDIA L4, 23034 MiB, 21198 MiB, 1449 MiB, 94 %
2026/09/24 09:03:57.721, NVIDIA L4, 23034 MiB, 21198 MiB, 1449 MiB, 93 %
2026/09/24 09:03:58.721, NVIDIA L4, 23034 MiB, 21198 MiB, 1449 MiB, 93 %
2026/09/24 09:03:59.721, NVIDIA L4, 23034 MiB, 21198 MiB, 1449 MiB, 94 %
2026/09/24 09:04:00.722, NVIDIA L4, 23034 MiB, 21198 MiB, 1449 MiB, 94 %
2026/09/24 09:04:01.722, NVIDIA L4, 23034 MiB, 21198 MiB, 1449 MiB, 94 %
2026/09/24 09:04:02.722, NVIDIA L4, 23034 MiB, 21198 MiB, 1449 MiB, 94 %
2026/09/24 09:04:03.722, NVIDIA L4, 23034 MiB, 21198 MiB, 1449 MiB, 93 %
2026/09/24 09:04:04.723, NVIDIA L4, 23034 MiB, 21198 MiB, 1449 MiB, 92 %
2026/09/24 09:04:05.723, NVIDIA L4, 23034 MiB, 21198 MiB, 1449 MiB, 94 %
2026/09/24 09:04:06.723, NVIDIA L4, 23034 MiB, 21198 MiB, 1449 MiB, 94 %
2026/09/24 09:04:07.723, NVIDIA L4, 23034 MiB, 21198 MiB, 1449 MiB, 94 %
2026/09/24 09:04:08.724, NVIDIA L4, 23034 MiB, 21198 MiB, 1449 MiB, 94 %
2026/09/24 09:04:09.724, NVIDIA L4, 23034 MiB, 21198 MiB, 1449 MiB, 94 %
2026/09/24 09:04:10.724, NVIDIA L4, 23034 MiB, 21198 MiB, 1449 MiB, 93 %
2026/09/24 09:04:11.724, NVIDIA L4, 23034 MiB, 21198 MiB, 1449 MiB, 94 %
2026/09/24 09:04:12.725, NVIDIA L4, 23034 MiB, 21198 MiB, 1449 MiB, 92 %
2026/09/24 09:04:13.725, NVIDIA L4, 23034 MiB, 21198 MiB, 1449 MiB, 94 %
2026/09/24 09:04:14.725, NVIDIA L4, 23034 MiB, 21198 MiB, 1449 MiB, 94 %
2026/09/24 09:04:15.726, NVIDIA L4, 23034 MiB, 21198 MiB, 1449 MiB, 38 %
2026/09/24 09:04:16.726, NVIDIA L4, 23034 MiB, 21198 MiB, 1449 MiB, 94 %
2026/09/24 09:04:17.726, NVIDIA L4, 23034 MiB, 21198 MiB, 1449 MiB, 94 %
2026/09/24 09:04:18.726, NVIDIA L4, 23034 MiB, 21198 MiB, 1449 MiB, 94 %
2026/09/24 09:04:19.727, NVIDIA L4, 23034 MiB, 21198 MiB, 1449 MiB, 94 %
2026/09/24 09:04:20.727, NVIDIA L4, 23034 MiB, 21198 MiB, 1449 MiB, 94 %
2026/09/24 09:04:21.727, NVIDIA L4, 23034 MiB, 21198 MiB, 1449 MiB, 94 %
2026/09/24 09:04:22.727, NVIDIA L4, 23034 MiB, 21198 MiB, 1449 MiB, 94 %
2026/09/24 09:04:23.728, NVIDIA L4, 23034 MiB, 21198 MiB, 1449 MiB, 94 %
2026/09/24 09:04:24.728, NVIDIA L4, 23034 MiB, 21198 MiB, 1449 MiB, 94 %
2026/09/24 09:04:25.728, NVIDIA L4, 23034 MiB, 21198 MiB, 1449 MiB, 93 %
2026/09/24 09:04:26.729, NVIDIA L4, 23034 MiB, 21198 MiB, 1449 MiB, 94 %
2026/09/24 09:04:27.729, NVIDIA L4, 23034 MiB, 21198 MiB, 1449 MiB, 94 %
2026/09/24 09:04:28.729, NVIDIA L4, 23034 MiB, 21198 MiB, 1449 MiB, 94 %
2026/09/24 09:04:29.729, NVIDIA L4, 23034 MiB, 21198 MiB, 1449 MiB, 93 %
2026/09/24 09:04:30.730, NVIDIA L4, 23034 MiB, 21198 MiB, 1449 MiB, 94 %
2026/09/24 09:04:31.730, NVIDIA L4, 23034 MiB, 21198 MiB, 1449 MiB, 94 %
2026/09/24 09:04:32.730, NVIDIA L4, 23034 MiB, 21198 MiB, 1449 MiB, 94 %
2026/09/24 09:04:33.731, NVIDIA L4, 23034 MiB, 21198 MiB, 1449 MiB, 94 %
2026/09/24 09:04:34.732, NVIDIA L4, 23034 MiB, 21198 MiB, 1449 MiB, 94 %
2026/09/24 09:04:35.732, NVIDIA L4, 23034 MiB, 21198 MiB, 1449 MiB, 94 %
2026/09/24 09:04:36.732, NVIDIA L4, 23034 MiB, 21198 MiB, 1449 MiB, 94 %
2026/09/24 09:04:37.733, NVIDIA L4, 23034 MiB, 21198 MiB, 1449 MiB, 94 %
2026/09/24 09:04:38.733, NVIDIA L4, 23034 MiB, 21198 MiB, 1449 MiB, 94 %
2026/09/24 09:04:39.733, NVIDIA L4, 23034 MiB, 21198 MiB, 1449 MiB, 94 %
2026/09/24 09:04:40.733, NVIDIA L4, 23034 MiB, 21198 MiB, 1449 MiB, 93 %
2026/09/24 09:04:41.734, NVIDIA L4, 23034 MiB, 21198 MiB, 1449 MiB, 94 %
2026/09/24 09:04:42.734, NVIDIA L4, 23034 MiB, 21198 MiB, 1449 MiB, 94 %
2026/09/24 09:04:43.734, NVIDIA L4, 23034 MiB, 21198 MiB, 1449 MiB, 94 %
2026/09/24 09:04:44.735, NVIDIA L4, 23034 MiB, 21198 MiB, 1449 MiB, 94 %
2026/09/24 09:04:45.735, NVIDIA L4, 23034 MiB, 21198 MiB, 1449 MiB, 92 %
2026/09/24 09:04:46.735, NVIDIA L4, 23034 MiB, 21198 MiB, 1449 MiB, 94 %
2026/09/24 09:04:47.735, NVIDIA L4, 23034 MiB, 21198 MiB, 1449 MiB, 93 %
2026/09/24 09:04:48.736, NVIDIA L4, 23034 MiB, 21198 MiB, 1449 MiB, 94 %
2026/09/24 09:04:49.736, NVIDIA L4, 23034 MiB, 21198 MiB, 1449 MiB, 94 %
2026/09/24 09:04:50.736, NVIDIA L4, 23034 MiB, 21198 MiB, 1449 MiB, 93 %
2026/09/24 09:04:51.737, NVIDIA L4, 23034 MiB, 21198 MiB, 1449 MiB, 65 %
2026/09/24 09:04:52.737, NVIDIA L4, 23034 MiB, 21198 MiB, 1449 MiB, 94 %
2026/09/24 09:04:53.737, NVIDIA L4, 23034 MiB, 21198 MiB, 1449 MiB, 94 %
2026/09/24 09:04:54.737, NVIDIA L4, 23034 MiB, 21198 MiB, 1449 MiB, 94 %
2026/09/24 09:04:55.738, NVIDIA L4, 23034 MiB, 21198 MiB, 1449 MiB, 94 %
2026/09/24 09:04:56.738, NVIDIA L4, 23034 MiB, 21198 MiB, 1449 MiB, 94 %
2026/09/24 09:04:57.738, NVIDIA L4, 23034 MiB, 21198 MiB, 1449 MiB, 94 %
2026/09/24 09:04:58.738, NVIDIA L4, 23034 MiB, 21198 MiB, 1449 MiB, 94 %
2026/09/24 09:04:59.739, NVIDIA L4, 23034 MiB, 21198 MiB, 1449 MiB, 94 %
2026/09/24 09:05:00.739, NVIDIA L4, 23034 MiB, 21198 MiB, 1449 MiB, 92 %
2026/09/24 09:05:01.739, NVIDIA L4, 23034 MiB, 21198 MiB, 1449 MiB, 94 %
2026/09/24 09:05:02.740, NVIDIA L4, 23034 MiB, 21198 MiB, 1449 MiB, 94 %
2026/09/24 09:05:03.740, NVIDIA L4, 23034 MiB, 21198 MiB, 1449 MiB, 94 %
2026/09/24 09:05:04.740, NVIDIA L4, 23034 MiB, 21198 MiB, 1449 MiB, 0 %
2026/09/24 09:05:05.740, NVIDIA L4, 23034 MiB, 21198 MiB, 1449 MiB, 94 %
2026/09/24 09:05:06.741, NVIDIA L4, 23034 MiB, 21198 MiB, 1449 MiB, 94 %
2026/09/24 09:05:07.741, NVIDIA L4, 23034 MiB, 21198 MiB, 1449 MiB, 94 %
2026/09/24 09:05:08.741, NVIDIA L4, 23034 MiB, 21198 MiB, 1449 MiB, 94 %
2026/09/24 09:05:09.742, NVIDIA L4, 23034 MiB, 21198 MiB, 1449 MiB, 92 %
2026/09/24 09:05:10.742, NVIDIA L4, 23034 MiB, 21198 MiB, 1449 MiB, 94 %
2026/09/24 09:05:11.742, NVIDIA L4, 23034 MiB, 21198 MiB, 1449 MiB, 94 %
2026/09/24 09:05:12.743, NVIDIA L4, 23034 MiB, 21198 MiB, 1449 MiB, 94 %
2026/09/24 09:05:13.743, NVIDIA L4, 23034 MiB, 21198 MiB, 1449 MiB, 94 %
2026/09/24 09:05:14.743, NVIDIA L4, 23034 MiB, 21198 MiB, 1449 MiB, 94 %
2026/09/24 09:05:15.744, NVIDIA L4, 23034 MiB, 21198 MiB, 1449 MiB, 24 %
2026/09/24 09:05:16.744, NVIDIA L4, 23034 MiB, 21198 MiB, 1449 MiB, 94 %
2026/09/24 09:05:17.744, NVIDIA L4, 23034 MiB, 21198 MiB, 1449 MiB, 92 %
2026/09/24 09:05:18.745, NVIDIA L4, 23034 MiB, 21198 MiB, 1449 MiB, 93 %
2026/09/24 09:05:19.745, NVIDIA L4, 23034 MiB, 21198 MiB, 1449 MiB, 94 %
2026/09/24 09:05:20.745, NVIDIA L4, 23034 MiB, 21198 MiB, 1449 MiB, 94 %
2026/09/24 09:05:21.746, NVIDIA L4, 23034 MiB, 21198 MiB, 1449 MiB, 37 %
2026/09/24 09:05:22.747, NVIDIA L4, 23034 MiB, 21198 MiB, 1449 MiB, 92 %
2026/09/24 09:05:23.747, NVIDIA L4, 23034 MiB, 21198 MiB, 1449 MiB, 92 %
2026/09/24 09:05:24.747, NVIDIA L4, 23034 MiB, 21198 MiB, 1449 MiB, 94 %
2026/09/24 09:05:25.748, NVIDIA L4, 23034 MiB, 21198 MiB, 1449 MiB, 94 %
2026/09/24 09:05:26.748, NVIDIA L4, 23034 MiB, 21198 MiB, 1449 MiB, 94 %
2026/09/24 09:05:27.748, NVIDIA L4, 23034 MiB, 21198 MiB, 1449 MiB, 94 %
2026/09/24 09:05:28.749, NVIDIA L4, 23034 MiB, 21198 MiB, 1449 MiB, 94 %
2026/09/24 09:05:29.749, NVIDIA L4, 23034 MiB, 21198 MiB, 1449 MiB, 93 %
2026/09/24 09:05:30.749, NVIDIA L4, 23034 MiB, 21198 MiB, 1449 MiB, 94 %
2026/09/24 09:05:31.749, NVIDIA L4, 23034 MiB, 21198 MiB, 1449 MiB, 93 %
2026/09/24 09:05:32.750, NVIDIA L4, 23034 MiB, 21198 MiB, 1449 MiB, 94 %
2026/09/24 09:05:33.750, NVIDIA L4, 23034 MiB, 21198 MiB, 1449 MiB, 94 %
2026/09/24 09:05:34.750, NVIDIA L4, 23034 MiB, 21198 MiB, 1449 MiB, 94 %
2026/09/24 09:05:35.750, NVIDIA L4, 23034 MiB, 21198 MiB, 1449 MiB, 93 %
2026/09/24 09:05:36.751, NVIDIA L4, 23034 MiB, 21198 MiB, 1449 MiB, 94 %
2026/09/24 09:05:37.751, NVIDIA L4, 23034 MiB, 21198 MiB, 1449 MiB, 93 %
2026/09/24 09:05:38.751, NVIDIA L4, 23034 MiB, 21198 MiB, 1449 MiB, 94 %
2026/09/24 09:05:39.752, NVIDIA L4, 23034 MiB, 21198 MiB, 1449 MiB, 92 %
2026/09/24 09:05:40.752, NVIDIA L4, 23034 MiB, 21198 MiB, 1449 MiB, 94 %
2026/09/24 09:05:41.752, NVIDIA L4, 23034 MiB, 21198 MiB, 1449 MiB, 94 %
2026/09/24 09:05:42.752, NVIDIA L4, 23034 MiB, 21198 MiB, 1449 MiB, 93 %
2026/09/24 09:05:43.753, NVIDIA L4, 23034 MiB, 21198 MiB, 1449 MiB, 94 %
2026/09/24 09:05:44.753, NVIDIA L4, 23034 MiB, 21198 MiB, 1449 MiB, 93 %
2026/09/24 09:05:45.753, NVIDIA L4, 23034 MiB, 21198 MiB, 1449 MiB, 93 %
2026/09/24 09:05:46.754, NVIDIA L4, 23034 MiB, 21198 MiB, 1449 MiB, 93 %
2026/09/24 09:05:47.754, NVIDIA L4, 23034 MiB, 21198 MiB, 1449 MiB, 93 %
2026/09/24 09:05:48.754, NVIDIA L4, 23034 MiB, 21198 MiB, 1449 MiB, 94 %
2026/09/24 09:05:49.754, NVIDIA L4, 23034 MiB, 21198 MiB, 1449 MiB, 93 %
2026/09/24 09:05:50.755, NVIDIA L4, 23034 MiB, 21198 MiB, 1449 MiB, 93 %
2026/09/24 09:05:51.755, NVIDIA L4, 23034 MiB, 21198 MiB, 1449 MiB, 94 %
2026/09/24 09:05:52.756, NVIDIA L4, 23034 MiB, 21198 MiB, 1449 MiB, 93 %
2026/09/24 09:05:53.756, NVIDIA L4, 23034 MiB, 21198 MiB, 1449 MiB, 94 %
2026/09/24 09:05:54.756, NVIDIA L4, 23034 MiB, 21198 MiB, 1449 MiB, 91 %
2026/09/24 09:05:55.757, NVIDIA L4, 23034 MiB, 21198 MiB, 1449 MiB, 93 %
2026/09/24 09:05:56.757, NVIDIA L4, 23034 MiB, 21198 MiB, 1449 MiB, 94 %
2026/09/24 09:05:57.757, NVIDIA L4, 23034 MiB, 21198 MiB, 1449 MiB, 94 %
2026/09/24 09:05:58.757, NVIDIA L4, 23034 MiB, 21198 MiB, 1449 MiB, 94 %
2026/09/24 09:05:59.758, NVIDIA L4, 23034 MiB, 21198 MiB, 1449 MiB, 94 %
2026/09/24 09:06:00.758, NVIDIA L4, 23034 MiB, 21198 MiB, 1449 MiB, 94 %
2026/09/24 09:06:01.758, NVIDIA L4, 23034 MiB, 21198 MiB, 1449 MiB, 93 %
2026/09/24 09:06:02.759, NVIDIA L4, 23034 MiB, 21198 MiB, 1449 MiB, 93 %
2026/09/24 09:06:03.759, NVIDIA L4, 23034 MiB, 21198 MiB, 1449 MiB, 94 %
2026/09/24 09:06:04.759, NVIDIA L4, 23034 MiB, 21198 MiB, 1449 MiB, 93 %
2026/09/24 09:06:05.759, NVIDIA L4, 23034 MiB, 21198 MiB, 1449 MiB, 94 %
2026/09/24 09:06:06.760, NVIDIA L4, 23034 MiB, 21198 MiB, 1449 MiB, 94 %
2026/09/24 09:06:07.760, NVIDIA L4, 23034 MiB, 21198 MiB, 1449 MiB, 94 %
2026/09/24 09:06:08.760, NVIDIA L4, 23034 MiB, 21198 MiB, 1449 MiB, 94 %
2026/09/24 09:06:09.760, NVIDIA L4, 23034 MiB, 21198 MiB, 1449 MiB, 93 %
2026/09/24 09:06:10.761, NVIDIA L4, 23034 MiB, 21198 MiB, 1449 MiB, 94 %
2026/09/24 09:06:11.761, NVIDIA L4, 23034 MiB, 21198 MiB, 1449 MiB, 94 %
2026/09/24 09:06:12.761, NVIDIA L4, 23034 MiB, 21198 MiB, 1449 MiB, 94 %
2026/09/24 09:06:13.761, NVIDIA L4, 23034 MiB, 21198 MiB, 1449 MiB, 94 %
2026/09/24 09:06:14.762, NVIDIA L4, 23034 MiB, 21198 MiB, 1449 MiB, 94 %
2026/09/24 09:06:15.762, NVIDIA L4, 23034 MiB, 21198 MiB, 1449 MiB, 94 %
2026/09/24 09:06:16.762, NVIDIA L4, 23034 MiB, 21198 MiB, 1449 MiB, 94 %
2026/09/24 09:06:17.763, NVIDIA L4, 23034 MiB, 21198 MiB, 1449 MiB, 94 %
2026/09/24 09:06:18.763, NVIDIA L4, 23034 MiB, 21198 MiB, 1449 MiB, 94 %
2026/09/24 09:06:19.763, NVIDIA L4, 23034 MiB, 21198 MiB, 1449 MiB, 94 %
2026/09/24 09:06:20.764, NVIDIA L4, 23034 MiB, 21198 MiB, 1449 MiB, 94 %
2026/09/24 09:06:21.764, NVIDIA L4, 23034 MiB, 21272 MiB, 1375 MiB, 94 %
2026/09/24 09:06:22.764, NVIDIA L4, 23034 MiB, 21272 MiB, 1375 MiB, 94 %
2026/09/24 09:06:23.764, NVIDIA L4, 23034 MiB, 21272 MiB, 1375 MiB, 92 %
2026/09/24 09:06:24.765, NVIDIA L4, 23034 MiB, 21272 MiB, 1375 MiB, 94 %
2026/09/24 09:06:25.765, NVIDIA L4, 23034 MiB, 21272 MiB, 1375 MiB, 94 %
2026/09/24 09:06:26.765, NVIDIA L4, 23034 MiB, 21272 MiB, 1375 MiB, 94 %
2026/09/24 09:06:27.766, NVIDIA L4, 23034 MiB, 21272 MiB, 1375 MiB, 94 %
2026/09/24 09:06:28.766, NVIDIA L4, 23034 MiB, 21272 MiB, 1375 MiB, 94 %
2026/09/24 09:06:29.766, NVIDIA L4, 23034 MiB, 21272 MiB, 1375 MiB, 90 %
2026/09/24 09:06:30.767, NVIDIA L4, 23034 MiB, 21272 MiB, 1375 MiB, 94 %
2026/09/24 09:06:31.768, NVIDIA L4, 23034 MiB, 21272 MiB, 1375 MiB, 94 %
2026/09/24 09:06:32.768, NVIDIA L4, 23034 MiB, 21272 MiB, 1375 MiB, 94 %
2026/09/24 09:06:33.768, NVIDIA L4, 23034 MiB, 21272 MiB, 1375 MiB, 94 %
2026/09/24 09:06:34.769, NVIDIA L4, 23034 MiB, 21272 MiB, 1375 MiB, 93 %
2026/09/24 09:06:35.769, NVIDIA L4, 23034 MiB, 21272 MiB, 1375 MiB, 94 %
2026/09/24 09:06:36.769, NVIDIA L4, 23034 MiB, 21272 MiB, 1375 MiB, 94 %
2026/09/24 09:06:37.769, NVIDIA L4, 23034 MiB, 21272 MiB, 1375 MiB, 94 %
2026/09/24 09:06:38.770, NVIDIA L4, 23034 MiB, 21272 MiB, 1375 MiB, 94 %
2026/09/24 09:06:39.770, NVIDIA L4, 23034 MiB, 21272 MiB, 1375 MiB, 94 %
2026/09/24 09:06:40.770, NVIDIA L4, 23034 MiB, 21272 MiB, 1375 MiB, 94 %
2026/09/24 09:06:41.771, NVIDIA L4, 23034 MiB, 21272 MiB, 1375 MiB, 93 %
2026/09/24 09:06:42.771, NVIDIA L4, 23034 MiB, 21272 MiB, 1375 MiB, 94 %
2026/09/24 09:06:43.771, NVIDIA L4, 23034 MiB, 21272 MiB, 1375 MiB, 94 %
2026/09/24 09:06:44.771, NVIDIA L4, 23034 MiB, 21272 MiB, 1375 MiB, 92 %
2026/09/24 09:06:45.772, NVIDIA L4, 23034 MiB, 21272 MiB, 1375 MiB, 86 %
2026/09/24 09:06:46.772, NVIDIA L4, 23034 MiB, 21272 MiB, 1375 MiB, 94 %
2026/09/24 09:06:47.772, NVIDIA L4, 23034 MiB, 21272 MiB, 1375 MiB, 93 %
2026/09/24 09:06:48.773, NVIDIA L4, 23034 MiB, 21272 MiB, 1375 MiB, 94 %
2026/09/24 09:06:49.773, NVIDIA L4, 23034 MiB, 21272 MiB, 1375 MiB, 94 %
2026/09/24 09:06:50.773, NVIDIA L4, 23034 MiB, 21272 MiB, 1375 MiB, 94 %
2026/09/24 09:06:51.774, NVIDIA L4, 23034 MiB, 21272 MiB, 1375 MiB, 94 %
2026/09/24 09:06:52.774, NVIDIA L4, 23034 MiB, 21272 MiB, 1375 MiB, 92 %
2026/09/24 09:06:53.774, NVIDIA L4, 23034 MiB, 21272 MiB, 1375 MiB, 94 %
2026/09/24 09:06:54.774, NVIDIA L4, 23034 MiB, 21272 MiB, 1375 MiB, 93 %
2026/09/24 09:06:55.775, NVIDIA L4, 23034 MiB, 21272 MiB, 1375 MiB, 93 %
2026/09/24 09:06:56.775, NVIDIA L4, 23034 MiB, 21272 MiB, 1375 MiB, 93 %
2026/09/24 09:06:57.775, NVIDIA L4, 23034 MiB, 21272 MiB, 1375 MiB, 94 %
2026/09/24 09:06:58.776, NVIDIA L4, 23034 MiB, 21272 MiB, 1375 MiB, 93 %
2026/09/24 09:06:59.776, NVIDIA L4, 23034 MiB, 21272 MiB, 1375 MiB, 83 %
2026/09/24 09:07:00.776, NVIDIA L4, 23034 MiB, 21272 MiB, 1375 MiB, 94 %
2026/09/24 09:07:01.776, NVIDIA L4, 23034 MiB, 21272 MiB, 1375 MiB, 93 %
2026/09/24 09:07:02.777, NVIDIA L4, 23034 MiB, 21272 MiB, 1375 MiB, 93 %
2026/09/24 09:07:03.777, NVIDIA L4, 23034 MiB, 21272 MiB, 1375 MiB, 92 %
2026/09/24 09:07:04.777, NVIDIA L4, 23034 MiB, 21272 MiB, 1375 MiB, 90 %
2026/09/24 09:07:05.778, NVIDIA L4, 23034 MiB, 21272 MiB, 1375 MiB, 93 %
2026/09/24 09:07:06.778, NVIDIA L4, 23034 MiB, 21272 MiB, 1375 MiB, 0 %
2026/09/24 09:07:07.778, NVIDIA L4, 23034 MiB, 21272 MiB, 1375 MiB, 0 %
2026/09/24 09:07:08.778, NVIDIA L4, 23034 MiB, 21272 MiB, 1375 MiB, 94 %
2026/09/24 09:07:09.779, NVIDIA L4, 23034 MiB, 21272 MiB, 1375 MiB, 93 %
2026/09/24 09:07:10.779, NVIDIA L4, 23034 MiB, 21272 MiB, 1375 MiB, 94 %
2026/09/24 09:07:11.779, NVIDIA L4, 23034 MiB, 21272 MiB, 1375 MiB, 93 %
2026/09/24 09:07:12.780, NVIDIA L4, 23034 MiB, 21272 MiB, 1375 MiB, 85 %
2026/09/24 09:07:13.780, NVIDIA L4, 23034 MiB, 21272 MiB, 1375 MiB, 94 %
2026/09/24 09:07:14.780, NVIDIA L4, 23034 MiB, 21272 MiB, 1375 MiB, 94 %
2026/09/24 09:07:15.780, NVIDIA L4, 23034 MiB, 21272 MiB, 1375 MiB, 94 %
2026/09/24 09:07:16.781, NVIDIA L4, 23034 MiB, 21272 MiB, 1375 MiB, 94 %
2026/09/24 09:07:17.781, NVIDIA L4, 23034 MiB, 21272 MiB, 1375 MiB, 93 %
2026/09/24 09:07:18.781, NVIDIA L4, 23034 MiB, 21272 MiB, 1375 MiB, 92 %
2026/09/24 09:07:19.781, NVIDIA L4, 23034 MiB, 21272 MiB, 1375 MiB, 94 %
2026/09/24 09:07:20.782, NVIDIA L4, 23034 MiB, 21272 MiB, 1375 MiB, 94 %
2026/09/24 09:07:21.782, NVIDIA L4, 23034 MiB, 21272 MiB, 1375 MiB, 93 %
2026/09/24 09:07:22.782, NVIDIA L4, 23034 MiB, 21272 MiB, 1375 MiB, 92 %
2026/09/24 09:07:23.783, NVIDIA L4, 23034 MiB, 21272 MiB, 1375 MiB, 94 %
2026/09/24 09:07:24.783, NVIDIA L4, 23034 MiB, 21272 MiB, 1375 MiB, 94 %
2026/09/24 09:07:25.783, NVIDIA L4, 23034 MiB, 21272 MiB, 1375 MiB, 93 %
2026/09/24 09:07:26.783, NVIDIA L4, 23034 MiB, 21272 MiB, 1375 MiB, 93 %
2026/09/24 09:07:27.784, NVIDIA L4, 23034 MiB, 21272 MiB, 1375 MiB, 93 %
2026/09/24 09:07:28.784, NVIDIA L4, 23034 MiB, 21272 MiB, 1375 MiB, 94 %
2026/09/24 09:07:29.784, NVIDIA L4, 23034 MiB, 21272 MiB, 1375 MiB, 91 %
2026/09/24 09:07:30.785, NVIDIA L4, 23034 MiB, 21272 MiB, 1375 MiB, 94 %
2026/09/24 09:07:31.786, NVIDIA L4, 23034 MiB, 21272 MiB, 1375 MiB, 94 %
2026/09/24 09:07:32.786, NVIDIA L4, 23034 MiB, 21272 MiB, 1375 MiB, 94 %
2026/09/24 09:07:33.786, NVIDIA L4, 23034 MiB, 21272 MiB, 1375 MiB, 94 %
2026/09/24 09:07:34.787, NVIDIA L4, 23034 MiB, 21272 MiB, 1375 MiB, 94 %
2026/09/24 09:07:35.787, NVIDIA L4, 23034 MiB, 21272 MiB, 1375 MiB, 93 %
2026/09/24 09:07:36.787, NVIDIA L4, 23034 MiB, 21272 MiB, 1375 MiB, 94 %
2026/09/24 09:07:37.787, NVIDIA L4, 23034 MiB, 21272 MiB, 1375 MiB, 94 %
2026/09/24 09:07:38.788, NVIDIA L4, 23034 MiB, 21272 MiB, 1375 MiB, 84 %
2026/09/24 09:07:39.788, NVIDIA L4, 23034 MiB, 21272 MiB, 1375 MiB, 94 %
2026/09/24 09:07:40.788, NVIDIA L4, 23034 MiB, 21272 MiB, 1375 MiB, 94 %
2026/09/24 09:07:41.789, NVIDIA L4, 23034 MiB, 21272 MiB, 1375 MiB, 94 %
2026/09/24 09:07:42.789, NVIDIA L4, 23034 MiB, 21272 MiB, 1375 MiB, 94 %
2026/09/24 09:07:43.789, NVIDIA L4, 23034 MiB, 21272 MiB, 1375 MiB, 94 %
2026/09/24 09:07:44.789, NVIDIA L4, 23034 MiB, 21272 MiB, 1375 MiB, 94 %
2026/09/24 09:07:45.790, NVIDIA L4, 23034 MiB, 21272 MiB, 1375 MiB, 93 %
2026/09/24 09:07:46.790, NVIDIA L4, 23034 MiB, 21272 MiB, 1375 MiB, 93 %
2026/09/24 09:07:47.790, NVIDIA L4, 23034 MiB, 21272 MiB, 1375 MiB, 94 %
2026/09/24 09:07:48.790, NVIDIA L4, 23034 MiB, 21272 MiB, 1375 MiB, 94 %
2026/09/24 09:07:49.791, NVIDIA L4, 23034 MiB, 21272 MiB, 1375 MiB, 93 %
2026/09/24 09:07:50.791, NVIDIA L4, 23034 MiB, 21272 MiB, 1375 MiB, 94 %
2026/09/24 09:07:51.791, NVIDIA L4, 23034 MiB, 21272 MiB, 1375 MiB, 94 %
2026/09/24 09:07:52.792, NVIDIA L4, 23034 MiB, 21272 MiB, 1375 MiB, 94 %
2026/09/24 09:07:53.792, NVIDIA L4, 23034 MiB, 21272 MiB, 1375 MiB, 93 %
2026/09/24 09:07:54.792, NVIDIA L4, 23034 MiB, 21272 MiB, 1375 MiB, 95 %
2026/09/24 09:07:55.793, NVIDIA L4, 23034 MiB, 21272 MiB, 1375 MiB, 93 %
2026/09/24 09:07:56.793, NVIDIA L4, 23034 MiB, 21272 MiB, 1375 MiB, 94 %
2026/09/24 09:07:57.793, NVIDIA L4, 23034 MiB, 21272 MiB, 1375 MiB, 94 %
2026/09/24 09:07:58.793, NVIDIA L4, 23034 MiB, 21272 MiB, 1375 MiB, 94 %
2026/09/24 09:07:59.794, NVIDIA L4, 23034 MiB, 21272 MiB, 1375 MiB, 94 %
2026/09/24 09:08:00.794, NVIDIA L4, 23034 MiB, 21272 MiB, 1375 MiB, 92 %
2026/09/24 09:08:01.794, NVIDIA L4, 23034 MiB, 21272 MiB, 1375 MiB, 93 %
2026/09/24 09:08:02.795, NVIDIA L4, 23034 MiB, 21272 MiB, 1375 MiB, 93 %
2026/09/24 09:08:03.795, NVIDIA L4, 23034 MiB, 21272 MiB, 1375 MiB, 93 %
2026/09/24 09:08:04.795, NVIDIA L4, 23034 MiB, 21272 MiB, 1375 MiB, 94 %
2026/09/24 09:08:05.795, NVIDIA L4, 23034 MiB, 21272 MiB, 1375 MiB, 93 %
2026/09/24 09:08:06.796, NVIDIA L4, 23034 MiB, 21272 MiB, 1375 MiB, 94 %
2026/09/24 09:08:07.796, NVIDIA L4, 23034 MiB, 21272 MiB, 1375 MiB, 94 %
2026/09/24 09:08:08.796, NVIDIA L4, 23034 MiB, 21272 MiB, 1375 MiB, 92 %
2026/09/24 09:08:09.796, NVIDIA L4, 23034 MiB, 21272 MiB, 1375 MiB, 94 %
2026/09/24 09:08:10.797, NVIDIA L4, 23034 MiB, 21272 MiB, 1375 MiB, 93 %
2026/09/24 09:08:11.797, NVIDIA L4, 23034 MiB, 21272 MiB, 1375 MiB, 94 %
2026/09/24 09:08:12.797, NVIDIA L4, 23034 MiB, 21272 MiB, 1375 MiB, 94 %
2026/09/24 09:08:13.798, NVIDIA L4, 23034 MiB, 21272 MiB, 1375 MiB, 93 %
2026/09/24 09:08:14.798, NVIDIA L4, 23034 MiB, 21272 MiB, 1375 MiB, 94 %
2026/09/24 09:08:15.798, NVIDIA L4, 23034 MiB, 21272 MiB, 1375 MiB, 93 %
2026/09/24 09:08:16.798, NVIDIA L4, 23034 MiB, 21272 MiB, 1375 MiB, 13 %
2026/09/24 09:08:17.799, NVIDIA L4, 23034 MiB, 21272 MiB, 1375 MiB, 93 %
2026/09/24 09:08:18.799, NVIDIA L4, 23034 MiB, 21272 MiB, 1375 MiB, 94 %
2026/09/24 09:08:19.799, NVIDIA L4, 23034 MiB, 21272 MiB, 1375 MiB, 94 %
2026/09/24 09:08:20.799, NVIDIA L4, 23034 MiB, 21272 MiB, 1375 MiB, 94 %
2026/09/24 09:08:21.800, NVIDIA L4, 23034 MiB, 21272 MiB, 1375 MiB, 94 %
2026/09/24 09:08:22.800, NVIDIA L4, 23034 MiB, 21272 MiB, 1375 MiB, 94 %
2026/09/24 09:08:23.800, NVIDIA L4, 23034 MiB, 21272 MiB, 1375 MiB, 94 %
2026/09/24 09:08:24.801, NVIDIA L4, 23034 MiB, 21272 MiB, 1375 MiB, 94 %
2026/09/24 09:08:25.801, NVIDIA L4, 23034 MiB, 21272 MiB, 1375 MiB, 93 %
2026/09/24 09:08:26.801, NVIDIA L4, 23034 MiB, 21272 MiB, 1375 MiB, 94 %
2026/09/24 09:08:27.801, NVIDIA L4, 23034 MiB, 21272 MiB, 1375 MiB, 94 %
2026/09/24 09:08:28.802, NVIDIA L4, 23034 MiB, 21272 MiB, 1375 MiB, 94 %
2026/09/24 09:08:29.802, NVIDIA L4, 23034 MiB, 21272 MiB, 1375 MiB, 94 %
2026/09/24 09:08:30.802, NVIDIA L4, 23034 MiB, 21272 MiB, 1375 MiB, 93 %
2026/09/24 09:08:31.803, NVIDIA L4, 23034 MiB, 21272 MiB, 1375 MiB, 94 %
2026/09/24 09:08:32.803, NVIDIA L4, 23034 MiB, 21272 MiB, 1375 MiB, 94 %
2026/09/24 09:08:33.803, NVIDIA L4, 23034 MiB, 21272 MiB, 1375 MiB, 94 %
2026/09/24 09:08:34.803, NVIDIA L4, 23034 MiB, 21272 MiB, 1375 MiB, 93 %
2026/09/24 09:08:35.804, NVIDIA L4, 23034 MiB, 21272 MiB, 1375 MiB, 93 %
2026/09/24 09:08:36.804, NVIDIA L4, 23034 MiB, 21272 MiB, 1375 MiB, 94 %
2026/09/24 09:08:37.804, NVIDIA L4, 23034 MiB, 21272 MiB, 1375 MiB, 94 %
2026/09/24 09:08:38.805, NVIDIA L4, 23034 MiB, 21272 MiB, 1375 MiB, 94 %
2026/09/24 09:08:39.805, NVIDIA L4, 23034 MiB, 21272 MiB, 1375 MiB, 93 %
2026/09/24 09:08:40.805, NVIDIA L4, 23034 MiB, 21272 MiB, 1375 MiB, 94 %
2026/09/24 09:08:41.805, NVIDIA L4, 23034 MiB, 21272 MiB, 1375 MiB, 94 %
2026/09/24 09:08:42.806, NVIDIA L4, 23034 MiB, 21272 MiB, 1375 MiB, 94 %
2026/09/24 09:08:43.806, NVIDIA L4, 23034 MiB, 21272 MiB, 1375 MiB, 93 %
2026/09/24 09:08:44.806, NVIDIA L4, 23034 MiB, 21272 MiB, 1375 MiB, 94 %
2026/09/24 09:08:45.807, NVIDIA L4, 23034 MiB, 21272 MiB, 1375 MiB, 93 %
2026/09/24 09:08:46.807, NVIDIA L4, 23034 MiB, 21272 MiB, 1375 MiB, 94 %
2026/09/24 09:08:47.807, NVIDIA L4, 23034 MiB, 21272 MiB, 1375 MiB, 94 %
2026/09/24 09:08:48.807, NVIDIA L4, 23034 MiB, 21272 MiB, 1375 MiB, 94 %
2026/09/24 09:08:49.808, NVIDIA L4, 23034 MiB, 21272 MiB, 1375 MiB, 94 %
2026/09/24 09:08:50.808, NVIDIA L4, 23034 MiB, 21272 MiB, 1375 MiB, 94 %
2026/09/24 09:08:51.808, NVIDIA L4, 23034 MiB, 21272 MiB, 1375 MiB, 94 %
2026/09/24 09:08:52.809, NVIDIA L4, 23034 MiB, 21272 MiB, 1375 MiB, 94 %
2026/09/24 09:08:53.809, NVIDIA L4, 23034 MiB, 21272 MiB, 1375 MiB, 94 %
2026/09/24 09:08:54.809, NVIDIA L4, 23034 MiB, 21272 MiB, 1375 MiB, 94 %
2026/09/24 09:08:55.809, NVIDIA L4, 23034 MiB, 21272 MiB, 1375 MiB, 0 %
2026/09/24 09:08:56.810, NVIDIA L4, 23034 MiB, 21272 MiB, 1375 MiB, 0 %
2026/09/24 09:08:57.810, NVIDIA L4, 23034 MiB, 21272 MiB, 1375 MiB, 94 %
2026/09/24 09:08:58.810, NVIDIA L4, 23034 MiB, 21272 MiB, 1375 MiB, 94 %
2026/09/24 09:08:59.811, NVIDIA L4, 23034 MiB, 21272 MiB, 1375 MiB, 94 %
2026/09/24 09:09:00.811, NVIDIA L4, 23034 MiB, 21272 MiB, 1375 MiB, 94 %
2026/09/24 09:09:01.811, NVIDIA L4, 23034 MiB, 21272 MiB, 1375 MiB, 94 %
2026/09/24 09:09:02.811, NVIDIA L4, 23034 MiB, 21272 MiB, 1375 MiB, 94 %
2026/09/24 09:09:03.812, NVIDIA L4, 23034 MiB, 21272 MiB, 1375 MiB, 94 %
2026/09/24 09:09:04.812, NVIDIA L4, 23034 MiB, 21272 MiB, 1375 MiB, 94 %
2026/09/24 09:09:05.812, NVIDIA L4, 23034 MiB, 21272 MiB, 1375 MiB, 94 %
2026/09/24 09:09:06.813, NVIDIA L4, 23034 MiB, 21272 MiB, 1375 MiB, 94 %
2026/09/24 09:09:07.813, NVIDIA L4, 23034 MiB, 21272 MiB, 1375 MiB, 93 %
2026/09/24 09:09:08.813, NVIDIA L4, 23034 MiB, 21272 MiB, 1375 MiB, 94 %
2026/09/24 09:09:09.813, NVIDIA L4, 23034 MiB, 21272 MiB, 1375 MiB, 94 %
2026/09/24 09:09:10.814, NVIDIA L4, 23034 MiB, 21272 MiB, 1375 MiB, 94 %
2026/09/24 09:09:11.814, NVIDIA L4, 23034 MiB, 21272 MiB, 1375 MiB, 94 %
2026/09/24 09:09:12.814, NVIDIA L4, 23034 MiB, 21272 MiB, 1375 MiB, 91 %
2026/09/24 09:09:13.814, NVIDIA L4, 23034 MiB, 21272 MiB, 1375 MiB, 94 %
2026/09/24 09:09:14.815, NVIDIA L4, 23034 MiB, 21272 MiB, 1375 MiB, 94 %
2026/09/24 09:09:15.815, NVIDIA L4, 23034 MiB, 21272 MiB, 1375 MiB, 94 %
2026/09/24 09:09:16.815, NVIDIA L4, 23034 MiB, 21272 MiB, 1375 MiB, 93 %
2026/09/24 09:09:17.816, NVIDIA L4, 23034 MiB, 21272 MiB, 1375 MiB, 94 %
2026/09/24 09:09:18.816, NVIDIA L4, 23034 MiB, 21272 MiB, 1375 MiB, 93 %
2026/09/24 09:09:19.816, NVIDIA L4, 23034 MiB, 21272 MiB, 1375 MiB, 92 %
2026/09/24 09:09:20.816, NVIDIA L4, 23034 MiB, 21272 MiB, 1375 MiB, 93 %
2026/09/24 09:09:21.817, NVIDIA L4, 23034 MiB, 21272 MiB, 1375 MiB, 94 %
2026/09/24 09:09:22.817, NVIDIA L4, 23034 MiB, 21272 MiB, 1375 MiB, 94 %
2026/09/24 09:09:23.817, NVIDIA L4, 23034 MiB, 21272 MiB, 1375 MiB, 94 %
2026/09/24 09:09:24.818, NVIDIA L4, 23034 MiB, 21272 MiB, 1375 MiB, 94 %
2026/09/24 09:09:25.818, NVIDIA L4, 23034 MiB, 21272 MiB, 1375 MiB, 94 %
2026/09/24 09:09:26.818, NVIDIA L4, 23034 MiB, 21272 MiB, 1375 MiB, 94 %
2026/09/24 09:09:27.818, NVIDIA L4, 23034 MiB, 21272 MiB, 1375 MiB, 94 %
2026/09/24 09:09:28.819, NVIDIA L4, 23034 MiB, 21272 MiB, 1375 MiB, 94 %
2026/09/24 09:09:29.819, NVIDIA L4, 23034 MiB, 21272 MiB, 1375 MiB, 93 %
2026/09/24 09:09:30.819, NVIDIA L4, 23034 MiB, 21272 MiB, 1375 MiB, 94 %
2026/09/24 09:09:31.819, NVIDIA L4, 23034 MiB, 21272 MiB, 1375 MiB, 92 %
2026/09/24 09:09:32.820, NVIDIA L4, 23034 MiB, 21272 MiB, 1375 MiB, 93 %
2026/09/24 09:09:33.820, NVIDIA L4, 23034 MiB, 21272 MiB, 1375 MiB, 93 %
2026/09/24 09:09:34.820, NVIDIA L4, 23034 MiB, 21272 MiB, 1375 MiB, 92 %
2026/09/24 09:09:35.821, NVIDIA L4, 23034 MiB, 21272 MiB, 1375 MiB, 94 %
2026/09/24 09:09:36.821, NVIDIA L4, 23034 MiB, 21272 MiB, 1375 MiB, 94 %
2026/09/24 09:09:37.821, NVIDIA L4, 23034 MiB, 21272 MiB, 1375 MiB, 94 %
2026/09/24 09:09:38.821, NVIDIA L4, 23034 MiB, 21272 MiB, 1375 MiB, 19 %
2026/09/24 09:09:39.822, NVIDIA L4, 23034 MiB, 21272 MiB, 1375 MiB, 93 %
2026/09/24 09:09:40.822, NVIDIA L4, 23034 MiB, 21272 MiB, 1375 MiB, 94 %
2026/09/24 09:09:41.822, NVIDIA L4, 23034 MiB, 21272 MiB, 1375 MiB, 94 %
2026/09/24 09:09:42.823, NVIDIA L4, 23034 MiB, 21272 MiB, 1375 MiB, 94 %
2026/09/24 09:09:43.823, NVIDIA L4, 23034 MiB, 21272 MiB, 1375 MiB, 94 %
2026/09/24 09:09:44.823, NVIDIA L4, 23034 MiB, 21272 MiB, 1375 MiB, 94 %
2026/09/24 09:09:45.823, NVIDIA L4, 23034 MiB, 21272 MiB, 1375 MiB, 94 %
2026/09/24 09:09:46.824, NVIDIA L4, 23034 MiB, 21272 MiB, 1375 MiB, 94 %
2026/09/24 09:09:47.824, NVIDIA L4, 23034 MiB, 21272 MiB, 1375 MiB, 93 %
2026/09/24 09:09:48.824, NVIDIA L4, 23034 MiB, 21272 MiB, 1375 MiB, 94 %
2026/09/24 09:09:49.825, NVIDIA L4, 23034 MiB, 21272 MiB, 1375 MiB, 94 %
2026/09/24 09:09:50.825, NVIDIA L4, 23034 MiB, 21272 MiB, 1375 MiB, 94 %
2026/09/24 09:09:51.825, NVIDIA L4, 23034 MiB, 21272 MiB, 1375 MiB, 94 %
2026/09/24 09:09:52.825, NVIDIA L4, 23034 MiB, 21272 MiB, 1375 MiB, 93 %
2026/09/24 09:09:53.826, NVIDIA L4, 23034 MiB, 21272 MiB, 1375 MiB, 94 %
2026/09/24 09:09:54.826, NVIDIA L4, 23034 MiB, 21272 MiB, 1375 MiB, 94 %
2026/09/24 09:09:55.826, NVIDIA L4, 23034 MiB, 21272 MiB, 1375 MiB, 94 %
2026/09/24 09:09:56.827, NVIDIA L4, 23034 MiB, 21272 MiB, 1375 MiB, 92 %
2026/09/24 09:09:57.827, NVIDIA L4, 23034 MiB, 21272 MiB, 1375 MiB, 90 %
2026/09/24 09:09:58.827, NVIDIA L4, 23034 MiB, 21272 MiB, 1375 MiB, 93 %
2026/09/24 09:09:59.828, NVIDIA L4, 23034 MiB, 21272 MiB, 1375 MiB, 94 %
2026/09/24 09:10:00.828, NVIDIA L4, 23034 MiB, 21272 MiB, 1375 MiB, 93 %
2026/09/24 09:10:01.828, NVIDIA L4, 23034 MiB, 21272 MiB, 1375 MiB, 94 %
2026/09/24 09:10:02.828, NVIDIA L4, 23034 MiB, 21272 MiB, 1375 MiB, 94 %
2026/09/24 09:10:03.829, NVIDIA L4, 23034 MiB, 21272 MiB, 1375 MiB, 94 %
2026/09/24 09:10:04.829, NVIDIA L4, 23034 MiB, 21272 MiB, 1375 MiB, 94 %
2026/09/24 09:10:05.829, NVIDIA L4, 23034 MiB, 21272 MiB, 1375 MiB, 93 %
2026/09/24 09:10:06.830, NVIDIA L4, 23034 MiB, 21272 MiB, 1375 MiB, 94 %
2026/09/24 09:10:07.830, NVIDIA L4, 23034 MiB, 21272 MiB, 1375 MiB, 94 %
2026/09/24 09:10:08.830, NVIDIA L4, 23034 MiB, 21272 MiB, 1375 MiB, 94 %
2026/09/24 09:10:09.830, NVIDIA L4, 23034 MiB, 21272 MiB, 1375 MiB, 94 %
2026/09/24 09:10:10.831, NVIDIA L4, 23034 MiB, 21272 MiB, 1375 MiB, 94 %
2026/09/24 09:10:11.831, NVIDIA L4, 23034 MiB, 21272 MiB, 1375 MiB, 94 %
2026/09/24 09:10:12.831, NVIDIA L4, 23034 MiB, 21272 MiB, 1375 MiB, 92 %
2026/09/24 09:10:13.832, NVIDIA L4, 23034 MiB, 21272 MiB, 1375 MiB, 94 %
2026/09/24 09:10:14.832, NVIDIA L4, 23034 MiB, 21272 MiB, 1375 MiB, 79 %
2026/09/24 09:10:15.832, NVIDIA L4, 23034 MiB, 21272 MiB, 1375 MiB, 93 %
2026/09/24 09:10:16.833, NVIDIA L4, 23034 MiB, 21272 MiB, 1375 MiB, 93 %
2026/09/24 09:10:17.833, NVIDIA L4, 23034 MiB, 21272 MiB, 1375 MiB, 94 %
2026/09/24 09:10:18.833, NVIDIA L4, 23034 MiB, 21272 MiB, 1375 MiB, 94 %
2026/09/24 09:10:19.833, NVIDIA L4, 23034 MiB, 21272 MiB, 1375 MiB, 94 %
2026/09/24 09:10:20.834, NVIDIA L4, 23034 MiB, 21272 MiB, 1375 MiB, 94 %
2026/09/24 09:10:21.834, NVIDIA L4, 23034 MiB, 21272 MiB, 1375 MiB, 93 %
2026/09/24 09:10:22.834, NVIDIA L4, 23034 MiB, 21272 MiB, 1375 MiB, 94 %
2026/09/24 09:10:23.834, NVIDIA L4, 23034 MiB, 21272 MiB, 1375 MiB, 94 %
2026/09/24 09:10:24.835, NVIDIA L4, 23034 MiB, 21272 MiB, 1375 MiB, 94 %
2026/09/24 09:10:25.835, NVIDIA L4, 23034 MiB, 21272 MiB, 1375 MiB, 94 %
2026/09/24 09:10:26.835, NVIDIA L4, 23034 MiB, 21272 MiB, 1375 MiB, 92 %
2026/09/24 09:10:27.836, NVIDIA L4, 23034 MiB, 21272 MiB, 1375 MiB, 94 %
2026/09/24 09:10:28.836, NVIDIA L4, 23034 MiB, 21272 MiB, 1375 MiB, 94 %
2026/09/24 09:10:29.836, NVIDIA L4, 23034 MiB, 21272 MiB, 1375 MiB, 94 %
2026/09/24 09:10:30.837, NVIDIA L4, 23034 MiB, 21272 MiB, 1375 MiB, 94 %
2026/09/24 09:10:31.837, NVIDIA L4, 23034 MiB, 21272 MiB, 1375 MiB, 94 %
2026/09/24 09:10:32.837, NVIDIA L4, 23034 MiB, 21272 MiB, 1375 MiB, 94 %
2026/09/24 09:10:33.837, NVIDIA L4, 23034 MiB, 21272 MiB, 1375 MiB, 92 %
2026/09/24 09:10:34.838, NVIDIA L4, 23034 MiB, 21272 MiB, 1375 MiB, 94 %
2026/09/24 09:10:35.838, NVIDIA L4, 23034 MiB, 21272 MiB, 1375 MiB, 93 %
2026/09/24 09:10:36.838, NVIDIA L4, 23034 MiB, 21272 MiB, 1375 MiB, 93 %
2026/09/24 09:10:37.838, NVIDIA L4, 23034 MiB, 21272 MiB, 1375 MiB, 93 %
2026/09/24 09:10:38.839, NVIDIA L4, 23034 MiB, 21272 MiB, 1375 MiB, 94 %
2026/09/24 09:10:39.839, NVIDIA L4, 23034 MiB, 21272 MiB, 1375 MiB, 93 %
2026/09/24 09:10:40.839, NVIDIA L4, 23034 MiB, 21272 MiB, 1375 MiB, 94 %
2026/09/24 09:10:41.840, NVIDIA L4, 23034 MiB, 21272 MiB, 1375 MiB, 92 %
2026/09/24 09:10:42.840, NVIDIA L4, 23034 MiB, 21272 MiB, 1375 MiB, 93 %
2026/09/24 09:10:43.840, NVIDIA L4, 23034 MiB, 21272 MiB, 1375 MiB, 94 %
2026/09/24 09:10:44.840, NVIDIA L4, 23034 MiB, 21272 MiB, 1375 MiB, 92 %
2026/09/24 09:10:45.841, NVIDIA L4, 23034 MiB, 21272 MiB, 1375 MiB, 93 %
2026/09/24 09:10:46.841, NVIDIA L4, 23034 MiB, 21272 MiB, 1375 MiB, 94 %
2026/09/24 09:10:47.841, NVIDIA L4, 23034 MiB, 21272 MiB, 1375 MiB, 93 %
2026/09/24 09:10:48.842, NVIDIA L4, 23034 MiB, 21272 MiB, 1375 MiB, 94 %
2026/09/24 09:10:49.842, NVIDIA L4, 23034 MiB, 21272 MiB, 1375 MiB, 94 %
2026/09/24 09:10:50.842, NVIDIA L4, 23034 MiB, 21272 MiB, 1375 MiB, 94 %
2026/09/24 09:10:51.842, NVIDIA L4, 23034 MiB, 21272 MiB, 1375 MiB, 94 %
2026/09/24 09:10:52.843, NVIDIA L4, 23034 MiB, 21272 MiB, 1375 MiB, 91 %
2026/09/24 09:10:53.843, NVIDIA L4, 23034 MiB, 21272 MiB, 1375 MiB, 94 %
2026/09/24 09:10:54.843, NVIDIA L4, 23034 MiB, 21272 MiB, 1375 MiB, 94 %
2026/09/24 09:10:55.844, NVIDIA L4, 23034 MiB, 21272 MiB, 1375 MiB, 93 %
2026/09/24 09:10:56.844, NVIDIA L4, 23034 MiB, 21272 MiB, 1375 MiB, 94 %
2026/09/24 09:10:57.844, NVIDIA L4, 23034 MiB, 21272 MiB, 1375 MiB, 93 %
2026/09/24 09:10:58.844, NVIDIA L4, 23034 MiB, 21272 MiB, 1375 MiB, 94 %
2026/09/24 09:10:59.845, NVIDIA L4, 23034 MiB, 21272 MiB, 1375 MiB, 94 %
2026/09/24 09:11:00.845, NVIDIA L4, 23034 MiB, 21272 MiB, 1375 MiB, 94 %
2026/09/24 09:11:01.845, NVIDIA L4, 23034 MiB, 21272 MiB, 1375 MiB, 94 %
2026/09/24 09:11:02.846, NVIDIA L4, 23034 MiB, 21272 MiB, 1375 MiB, 94 %
2026/09/24 09:11:03.846, NVIDIA L4, 23034 MiB, 21272 MiB, 1375 MiB, 94 %
2026/09/24 09:11:04.846, NVIDIA L4, 23034 MiB, 21272 MiB, 1375 MiB, 94 %
2026/09/24 09:11:05.846, NVIDIA L4, 23034 MiB, 21272 MiB, 1375 MiB, 92 %
2026/09/24 09:11:06.847, NVIDIA L4, 23034 MiB, 21272 MiB, 1375 MiB, 94 %
2026/09/24 09:11:07.847, NVIDIA L4, 23034 MiB, 21272 MiB, 1375 MiB, 93 %
2026/09/24 09:11:08.847, NVIDIA L4, 23034 MiB, 21272 MiB, 1375 MiB, 92 %
2026/09/24 09:11:09.848, NVIDIA L4, 23034 MiB, 21272 MiB, 1375 MiB, 93 %
2026/09/24 09:11:10.848, NVIDIA L4, 23034 MiB, 21272 MiB, 1375 MiB, 94 %
2026/09/24 09:11:11.848, NVIDIA L4, 23034 MiB, 21272 MiB, 1375 MiB, 93 %
2026/09/24 09:11:12.848, NVIDIA L4, 23034 MiB, 21272 MiB, 1375 MiB, 93 %
2026/09/24 09:11:13.849, NVIDIA L4, 23034 MiB, 21272 MiB, 1375 MiB, 0 %
2026/09/24 09:11:14.849, NVIDIA L4, 23034 MiB, 21272 MiB, 1375 MiB, 0 %
2026/09/24 09:11:15.849, NVIDIA L4, 23034 MiB, 21272 MiB, 1375 MiB, 92 %
2026/09/24 09:11:16.850, NVIDIA L4, 23034 MiB, 21272 MiB, 1375 MiB, 93 %
2026/09/24 09:11:17.850, NVIDIA L4, 23034 MiB, 21272 MiB, 1375 MiB, 94 %
2026/09/24 09:11:18.850, NVIDIA L4, 23034 MiB, 21272 MiB, 1375 MiB, 93 %
2026/09/24 09:11:19.851, NVIDIA L4, 23034 MiB, 21272 MiB, 1375 MiB, 93 %
2026/09/24 09:11:20.851, NVIDIA L4, 23034 MiB, 21272 MiB, 1375 MiB, 93 %
2026/09/24 09:11:21.851, NVIDIA L4, 23034 MiB, 21272 MiB, 1375 MiB, 80 %
2026/09/24 09:11:22.851, NVIDIA L4, 23034 MiB, 21272 MiB, 1375 MiB, 93 %
2026/09/24 09:11:23.852, NVIDIA L4, 23034 MiB, 21272 MiB, 1375 MiB, 91 %
2026/09/24 09:11:24.852, NVIDIA L4, 23034 MiB, 21272 MiB, 1375 MiB, 93 %
2026/09/24 09:11:25.852, NVIDIA L4, 23034 MiB, 21272 MiB, 1375 MiB, 93 %
2026/09/24 09:11:26.853, NVIDIA L4, 23034 MiB, 21272 MiB, 1375 MiB, 90 %
2026/09/24 09:11:27.853, NVIDIA L4, 23034 MiB, 21272 MiB, 1375 MiB, 93 %
2026/09/24 09:11:28.853, NVIDIA L4, 23034 MiB, 21272 MiB, 1375 MiB, 92 %
2026/09/24 09:11:29.853, NVIDIA L4, 23034 MiB, 21272 MiB, 1375 MiB, 93 %
2026/09/24 09:11:30.854, NVIDIA L4, 23034 MiB, 21272 MiB, 1375 MiB, 93 %
2026/09/24 09:11:31.854, NVIDIA L4, 23034 MiB, 21272 MiB, 1375 MiB, 93 %
2026/09/24 09:11:32.854, NVIDIA L4, 23034 MiB, 21272 MiB, 1375 MiB, 94 %
2026/09/24 09:11:33.855, NVIDIA L4, 23034 MiB, 21272 MiB, 1375 MiB, 93 %
2026/09/24 09:11:34.855, NVIDIA L4, 23034 MiB, 21272 MiB, 1375 MiB, 93 %
2026/09/24 09:11:35.855, NVIDIA L4, 23034 MiB, 21272 MiB, 1375 MiB, 94 %
2026/09/24 09:11:36.855, NVIDIA L4, 23034 MiB, 21272 MiB, 1375 MiB, 94 %
2026/09/24 09:11:37.856, NVIDIA L4, 23034 MiB, 21272 MiB, 1375 MiB, 94 %
2026/09/24 09:11:38.856, NVIDIA L4, 23034 MiB, 21272 MiB, 1375 MiB, 93 %
2026/09/24 09:11:39.856, NVIDIA L4, 23034 MiB, 21272 MiB, 1375 MiB, 94 %
2026/09/24 09:11:40.856, NVIDIA L4, 23034 MiB, 21272 MiB, 1375 MiB, 94 %
2026/09/24 09:11:41.857, NVIDIA L4, 23034 MiB, 21272 MiB, 1375 MiB, 93 %
2026/09/24 09:11:42.857, NVIDIA L4, 23034 MiB, 21272 MiB, 1375 MiB, 92 %
2026/09/24 09:11:43.857, NVIDIA L4, 23034 MiB, 21272 MiB, 1375 MiB, 94 %
2026/09/24 09:11:44.858, NVIDIA L4, 23034 MiB, 21272 MiB, 1375 MiB, 93 %
2026/09/24 09:11:45.858, NVIDIA L4, 23034 MiB, 21272 MiB, 1375 MiB, 91 %
2026/09/24 09:11:46.858, NVIDIA L4, 23034 MiB, 21272 MiB, 1375 MiB, 93 %
2026/09/24 09:11:47.858, NVIDIA L4, 23034 MiB, 21272 MiB, 1375 MiB, 93 %
2026/09/24 09:11:48.859, NVIDIA L4, 23034 MiB, 21272 MiB, 1375 MiB, 94 %
2026/09/24 09:11:49.859, NVIDIA L4, 23034 MiB, 21272 MiB, 1375 MiB, 93 %
2026/09/24 09:11:50.859, NVIDIA L4, 23034 MiB, 21272 MiB, 1375 MiB, 80 %
2026/09/24 09:11:51.860, NVIDIA L4, 23034 MiB, 21272 MiB, 1375 MiB, 93 %
2026/09/24 09:11:52.860, NVIDIA L4, 23034 MiB, 21272 MiB, 1375 MiB, 94 %
2026/09/24 09:11:53.860, NVIDIA L4, 23034 MiB, 21272 MiB, 1375 MiB, 94 %
2026/09/24 09:11:54.860, NVIDIA L4, 23034 MiB, 21272 MiB, 1375 MiB, 94 %
2026/09/24 09:11:55.861, NVIDIA L4, 23034 MiB, 21272 MiB, 1375 MiB, 91 %
2026/09/24 09:11:56.861, NVIDIA L4, 23034 MiB, 21272 MiB, 1375 MiB, 93 %
2026/09/24 09:11:57.861, NVIDIA L4, 23034 MiB, 21272 MiB, 1375 MiB, 93 %
2026/09/24 09:11:58.862, NVIDIA L4, 23034 MiB, 21272 MiB, 1375 MiB, 93 %
2026/09/24 09:11:59.862, NVIDIA L4, 23034 MiB, 21272 MiB, 1375 MiB, 94 %
2026/09/24 09:12:00.862, NVIDIA L4, 23034 MiB, 21272 MiB, 1375 MiB, 93 %
2026/09/24 09:12:01.862, NVIDIA L4, 23034 MiB, 21272 MiB, 1375 MiB, 93 %
2026/09/24 09:12:02.863, NVIDIA L4, 23034 MiB, 21272 MiB, 1375 MiB, 93 %
2026/09/24 09:12:03.863, NVIDIA L4, 23034 MiB, 21272 MiB, 1375 MiB, 93 %
2026/09/24 09:12:04.863, NVIDIA L4, 23034 MiB, 21272 MiB, 1375 MiB, 93 %
2026/09/24 09:12:05.864, NVIDIA L4, 23034 MiB, 21272 MiB, 1375 MiB, 93 %
2026/09/24 09:12:06.864, NVIDIA L4, 23034 MiB, 21272 MiB, 1375 MiB, 93 %
2026/09/24 09:12:07.864, NVIDIA L4, 23034 MiB, 21272 MiB, 1375 MiB, 93 %
2026/09/24 09:12:08.865, NVIDIA L4, 23034 MiB, 21272 MiB, 1375 MiB, 94 %
2026/09/24 09:12:09.865, NVIDIA L4, 23034 MiB, 21272 MiB, 1375 MiB, 93 %
2026/09/24 09:12:10.865, NVIDIA L4, 23034 MiB, 21272 MiB, 1375 MiB, 94 %
2026/09/24 09:12:11.866, NVIDIA L4, 23034 MiB, 21272 MiB, 1375 MiB, 93 %
2026/09/24 09:12:12.866, NVIDIA L4, 23034 MiB, 21272 MiB, 1375 MiB, 93 %
2026/09/24 09:12:13.866, NVIDIA L4, 23034 MiB, 21272 MiB, 1375 MiB, 93 %
2026/09/24 09:12:14.866, NVIDIA L4, 23034 MiB, 21272 MiB, 1375 MiB, 91 %
2026/09/24 09:12:15.867, NVIDIA L4, 23034 MiB, 21272 MiB, 1375 MiB, 93 %
2026/09/24 09:12:16.867, NVIDIA L4, 23034 MiB, 21272 MiB, 1375 MiB, 93 %
2026/09/24 09:12:17.867, NVIDIA L4, 23034 MiB, 21272 MiB, 1375 MiB, 93 %
2026/09/24 09:12:18.868, NVIDIA L4, 23034 MiB, 21272 MiB, 1375 MiB, 93 %
2026/09/24 09:12:19.868, NVIDIA L4, 23034 MiB, 21272 MiB, 1375 MiB, 93 %
2026/09/24 09:12:20.868, NVIDIA L4, 23034 MiB, 21272 MiB, 1375 MiB, 94 %
2026/09/24 09:12:21.868, NVIDIA L4, 23034 MiB, 21272 MiB, 1375 MiB, 94 %
2026/09/24 09:12:22.869, NVIDIA L4, 23034 MiB, 21272 MiB, 1375 MiB, 93 %
2026/09/24 09:12:23.869, NVIDIA L4, 23034 MiB, 21272 MiB, 1375 MiB, 93 %
2026/09/24 09:12:24.869, NVIDIA L4, 23034 MiB, 21272 MiB, 1375 MiB, 93 %
2026/09/24 09:12:25.870, NVIDIA L4, 23034 MiB, 21272 MiB, 1375 MiB, 93 %
2026/09/24 09:12:26.870, NVIDIA L4, 23034 MiB, 21272 MiB, 1375 MiB, 93 %
2026/09/24 09:12:27.870, NVIDIA L4, 23034 MiB, 21272 MiB, 1375 MiB, 45 %
2026/09/24 09:12:28.870, NVIDIA L4, 23034 MiB, 21272 MiB, 1375 MiB, 93 %
2026/09/24 09:12:29.871, NVIDIA L4, 23034 MiB, 21272 MiB, 1375 MiB, 91 %
2026/09/24 09:12:30.871, NVIDIA L4, 23034 MiB, 21272 MiB, 1375 MiB, 92 %
2026/09/24 09:12:31.871, NVIDIA L4, 23034 MiB, 21272 MiB, 1375 MiB, 94 %
2026/09/24 09:12:32.872, NVIDIA L4, 23034 MiB, 21272 MiB, 1375 MiB, 93 %
2026/09/24 09:12:33.872, NVIDIA L4, 23034 MiB, 21272 MiB, 1375 MiB, 94 %
2026/09/24 09:12:34.872, NVIDIA L4, 23034 MiB, 21272 MiB, 1375 MiB, 94 %
2026/09/24 09:12:35.873, NVIDIA L4, 23034 MiB, 21272 MiB, 1375 MiB, 93 %
2026/09/24 09:12:36.873, NVIDIA L4, 23034 MiB, 21272 MiB, 1375 MiB, 93 %
2026/09/24 09:12:37.873, NVIDIA L4, 23034 MiB, 21272 MiB, 1375 MiB, 93 %
2026/09/24 09:12:38.873, NVIDIA L4, 23034 MiB, 21272 MiB, 1375 MiB, 94 %
2026/09/24 09:12:39.874, NVIDIA L4, 23034 MiB, 21272 MiB, 1375 MiB, 93 %
2026/09/24 09:12:40.874, NVIDIA L4, 23034 MiB, 21272 MiB, 1375 MiB, 37 %
2026/09/24 09:12:41.874, NVIDIA L4, 23034 MiB, 21272 MiB, 1375 MiB, 93 %
2026/09/24 09:12:42.875, NVIDIA L4, 23034 MiB, 21272 MiB, 1375 MiB, 92 %
2026/09/24 09:12:43.875, NVIDIA L4, 23034 MiB, 21272 MiB, 1375 MiB, 93 %
2026/09/24 09:12:44.875, NVIDIA L4, 23034 MiB, 21272 MiB, 1375 MiB, 93 %
2026/09/24 09:12:45.875, NVIDIA L4, 23034 MiB, 21272 MiB, 1375 MiB, 93 %
2026/09/24 09:12:46.876, NVIDIA L4, 23034 MiB, 21272 MiB, 1375 MiB, 93 %
2026/09/24 09:12:47.876, NVIDIA L4, 23034 MiB, 21272 MiB, 1375 MiB, 93 %
2026/09/24 09:12:48.876, NVIDIA L4, 23034 MiB, 21272 MiB, 1375 MiB, 91 %
2026/09/24 09:12:49.877, NVIDIA L4, 23034 MiB, 21272 MiB, 1375 MiB, 93 %
2026/09/24 09:12:50.877, NVIDIA L4, 23034 MiB, 21272 MiB, 1375 MiB, 93 %
2026/09/24 09:12:51.877, NVIDIA L4, 23034 MiB, 21272 MiB, 1375 MiB, 93 %
2026/09/24 09:12:52.877, NVIDIA L4, 23034 MiB, 21272 MiB, 1375 MiB, 93 %
2026/09/24 09:12:53.878, NVIDIA L4, 23034 MiB, 21272 MiB, 1375 MiB, 93 %
2026/09/24 09:12:54.878, NVIDIA L4, 23034 MiB, 21272 MiB, 1375 MiB, 94 %
2026/09/24 09:12:55.878, NVIDIA L4, 23034 MiB, 21272 MiB, 1375 MiB, 93 %
2026/09/24 09:12:56.879, NVIDIA L4, 23034 MiB, 21272 MiB, 1375 MiB, 93 %
2026/09/24 09:12:57.879, NVIDIA L4, 23034 MiB, 21272 MiB, 1375 MiB, 93 %
2026/09/24 09:12:58.879, NVIDIA L4, 23034 MiB, 21272 MiB, 1375 MiB, 93 %
2026/09/24 09:12:59.879, NVIDIA L4, 23034 MiB, 21272 MiB, 1375 MiB, 0 %
2026/09/24 09:13:00.880, NVIDIA L4, 23034 MiB, 21272 MiB, 1375 MiB, 87 %
2026/09/24 09:13:01.880, NVIDIA L4, 23034 MiB, 21272 MiB, 1375 MiB, 92 %
2026/09/24 09:13:02.881, NVIDIA L4, 23034 MiB, 21272 MiB, 1375 MiB, 94 %
2026/09/24 09:13:03.881, NVIDIA L4, 23034 MiB, 21272 MiB, 1375 MiB, 94 %
2026/09/24 09:13:04.881, NVIDIA L4, 23034 MiB, 21272 MiB, 1375 MiB, 93 %
2026/09/24 09:13:05.881, NVIDIA L4, 23034 MiB, 21272 MiB, 1375 MiB, 94 %
2026/09/24 09:13:06.882, NVIDIA L4, 23034 MiB, 21272 MiB, 1375 MiB, 94 %
2026/09/24 09:13:07.882, NVIDIA L4, 23034 MiB, 21272 MiB, 1375 MiB, 93 %
2026/09/24 09:13:08.882, NVIDIA L4, 23034 MiB, 21272 MiB, 1375 MiB, 94 %
2026/09/24 09:13:09.883, NVIDIA L4, 23034 MiB, 21272 MiB, 1375 MiB, 94 %
2026/09/24 09:13:10.883, NVIDIA L4, 23034 MiB, 21272 MiB, 1375 MiB, 94 %
2026/09/24 09:13:11.883, NVIDIA L4, 23034 MiB, 21272 MiB, 1375 MiB, 91 %
2026/09/24 09:13:12.883, NVIDIA L4, 23034 MiB, 21272 MiB, 1375 MiB, 93 %
2026/09/24 09:13:13.884, NVIDIA L4, 23034 MiB, 21272 MiB, 1375 MiB, 93 %
2026/09/24 09:13:14.884, NVIDIA L4, 23034 MiB, 21272 MiB, 1375 MiB, 93 %
2026/09/24 09:13:15.884, NVIDIA L4, 23034 MiB, 21272 MiB, 1375 MiB, 92 %
2026/09/24 09:13:16.885, NVIDIA L4, 23034 MiB, 21272 MiB, 1375 MiB, 93 %
2026/09/24 09:13:17.885, NVIDIA L4, 23034 MiB, 21272 MiB, 1375 MiB, 94 %
2026/09/24 09:13:18.885, NVIDIA L4, 23034 MiB, 21272 MiB, 1375 MiB, 91 %
2026/09/24 09:13:19.886, NVIDIA L4, 23034 MiB, 21272 MiB, 1375 MiB, 93 %
2026/09/24 09:13:20.886, NVIDIA L4, 23034 MiB, 21272 MiB, 1375 MiB, 92 %
2026/09/24 09:13:21.886, NVIDIA L4, 23034 MiB, 21272 MiB, 1375 MiB, 93 %
2026/09/24 09:13:22.886, NVIDIA L4, 23034 MiB, 21272 MiB, 1375 MiB, 74 %
2026/09/24 09:13:23.887, NVIDIA L4, 23034 MiB, 21272 MiB, 1375 MiB, 92 %
2026/09/24 09:13:24.887, NVIDIA L4, 23034 MiB, 21272 MiB, 1375 MiB, 93 %
2026/09/24 09:13:25.887, NVIDIA L4, 23034 MiB, 21272 MiB, 1375 MiB, 93 %
2026/09/24 09:13:26.888, NVIDIA L4, 23034 MiB, 21272 MiB, 1375 MiB, 93 %
2026/09/24 09:13:27.888, NVIDIA L4, 23034 MiB, 21272 MiB, 1375 MiB, 93 %
2026/09/24 09:13:28.888, NVIDIA L4, 23034 MiB, 21272 MiB, 1375 MiB, 93 %
2026/09/24 09:13:29.889, NVIDIA L4, 23034 MiB, 21272 MiB, 1375 MiB, 93 %
2026/09/24 09:13:30.889, NVIDIA L4, 23034 MiB, 21272 MiB, 1375 MiB, 93 %
2026/09/24 09:13:31.889, NVIDIA L4, 23034 MiB, 21272 MiB, 1375 MiB, 93 %
2026/09/24 09:13:32.889, NVIDIA L4, 23034 MiB, 21272 MiB, 1375 MiB, 93 %
2026/09/24 09:13:33.890, NVIDIA L4, 23034 MiB, 21272 MiB, 1375 MiB, 91 %
2026/09/24 09:13:34.890, NVIDIA L4, 23034 MiB, 21272 MiB, 1375 MiB, 94 %
2026/09/24 09:13:35.890, NVIDIA L4, 23034 MiB, 21272 MiB, 1375 MiB, 93 %
2026/09/24 09:13:36.891, NVIDIA L4, 23034 MiB, 21272 MiB, 1375 MiB, 94 %
2026/09/24 09:13:37.891, NVIDIA L4, 23034 MiB, 21272 MiB, 1375 MiB, 94 %
2026/09/24 09:13:38.891, NVIDIA L4, 23034 MiB, 21272 MiB, 1375 MiB, 93 %
2026/09/24 09:13:39.891, NVIDIA L4, 23034 MiB, 21272 MiB, 1375 MiB, 94 %
2026/09/24 09:13:40.892, NVIDIA L4, 23034 MiB, 21272 MiB, 1375 MiB, 94 %
2026/09/24 09:13:41.892, NVIDIA L4, 23034 MiB, 21272 MiB, 1375 MiB, 93 %
2026/09/24 09:13:42.892, NVIDIA L4, 23034 MiB, 21272 MiB, 1375 MiB, 94 %
2026/09/24 09:13:43.893, NVIDIA L4, 23034 MiB, 21272 MiB, 1375 MiB, 94 %
2026/09/24 09:13:44.893, NVIDIA L4, 23034 MiB, 21272 MiB, 1375 MiB, 94 %
2026/09/24 09:13:45.893, NVIDIA L4, 23034 MiB, 21272 MiB, 1375 MiB, 94 %
2026/09/24 09:13:46.893, NVIDIA L4, 23034 MiB, 21272 MiB, 1375 MiB, 93 %
2026/09/24 09:13:47.894, NVIDIA L4, 23034 MiB, 21272 MiB, 1375 MiB, 94 %
2026/09/24 09:13:48.894, NVIDIA L4, 23034 MiB, 21272 MiB, 1375 MiB, 94 %
2026/09/24 09:13:49.894, NVIDIA L4, 23034 MiB, 21272 MiB, 1375 MiB, 94 %
2026/09/24 09:13:50.895, NVIDIA L4, 23034 MiB, 21272 MiB, 1375 MiB, 93 %
2026/09/24 09:13:51.895, NVIDIA L4, 23034 MiB, 21272 MiB, 1375 MiB, 93 %
2026/09/24 09:13:52.895, NVIDIA L4, 23034 MiB, 21272 MiB, 1375 MiB, 94 %
2026/09/24 09:13:53.895, NVIDIA L4, 23034 MiB, 21272 MiB, 1375 MiB, 93 %
2026/09/24 09:13:54.896, NVIDIA L4, 23034 MiB, 21272 MiB, 1375 MiB, 94 %
2026/09/24 09:13:55.896, NVIDIA L4, 23034 MiB, 21272 MiB, 1375 MiB, 93 %
2026/09/24 09:13:56.896, NVIDIA L4, 23034 MiB, 21272 MiB, 1375 MiB, 94 %
2026/09/24 09:13:57.896, NVIDIA L4, 23034 MiB, 21272 MiB, 1375 MiB, 93 %
2026/09/24 09:13:58.897, NVIDIA L4, 23034 MiB, 21272 MiB, 1375 MiB, 92 %
2026/09/24 09:13:59.897, NVIDIA L4, 23034 MiB, 21272 MiB, 1375 MiB, 92 %
2026/09/24 09:14:00.897, NVIDIA L4, 23034 MiB, 21272 MiB, 1375 MiB, 94 %
2026/09/24 09:14:01.898, NVIDIA L4, 23034 MiB, 21272 MiB, 1375 MiB, 93 %
2026/09/24 09:14:02.898, NVIDIA L4, 23034 MiB, 21272 MiB, 1375 MiB, 94 %
2026/09/24 09:14:03.898, NVIDIA L4, 23034 MiB, 21272 MiB, 1375 MiB, 92 %
2026/09/24 09:14:04.899, NVIDIA L4, 23034 MiB, 21272 MiB, 1375 MiB, 94 %
2026/09/24 09:14:05.899, NVIDIA L4, 23034 MiB, 21272 MiB, 1375 MiB, 93 %
2026/09/24 09:14:06.899, NVIDIA L4, 23034 MiB, 21272 MiB, 1375 MiB, 93 %
2026/09/24 09:14:07.899, NVIDIA L4, 23034 MiB, 21272 MiB, 1375 MiB, 94 %
2026/09/24 09:14:08.900, NVIDIA L4, 23034 MiB, 21272 MiB, 1375 MiB, 94 %
2026/09/24 09:14:09.900, NVIDIA L4, 23034 MiB, 21272 MiB, 1375 MiB, 94 %
2026/09/24 09:14:10.900, NVIDIA L4, 23034 MiB, 21272 MiB, 1375 MiB, 94 %
2026/09/24 09:14:11.900, NVIDIA L4, 23034 MiB, 21272 MiB, 1375 MiB, 94 %
2026/09/24 09:14:12.901, NVIDIA L4, 23034 MiB, 21272 MiB, 1375 MiB, 94 %
2026/09/24 09:14:13.901, NVIDIA L4, 23034 MiB, 21272 MiB, 1375 MiB, 92 %
2026/09/24 09:14:14.901, NVIDIA L4, 23034 MiB, 21272 MiB, 1375 MiB, 94 %
2026/09/24 09:14:15.902, NVIDIA L4, 23034 MiB, 21272 MiB, 1375 MiB, 94 %
2026/09/24 09:14:16.902, NVIDIA L4, 23034 MiB, 21272 MiB, 1375 MiB, 94 %
2026/09/24 09:14:17.902, NVIDIA L4, 23034 MiB, 21272 MiB, 1375 MiB, 94 %
2026/09/24 09:14:18.902, NVIDIA L4, 23034 MiB, 21272 MiB, 1375 MiB, 94 %
2026/09/24 09:14:19.903, NVIDIA L4, 23034 MiB, 21272 MiB, 1375 MiB, 93 %
2026/09/24 09:14:20.903, NVIDIA L4, 23034 MiB, 21272 MiB, 1375 MiB, 94 %
2026/09/24 09:14:21.903, NVIDIA L4, 23034 MiB, 21272 MiB, 1375 MiB, 94 %
2026/09/24 09:14:22.904, NVIDIA L4, 23034 MiB, 21272 MiB, 1375 MiB, 94 %
2026/09/24 09:14:23.904, NVIDIA L4, 23034 MiB, 21272 MiB, 1375 MiB, 94 %
2026/09/24 09:14:24.904, NVIDIA L4, 23034 MiB, 21272 MiB, 1375 MiB, 94 %
2026/09/24 09:14:25.904, NVIDIA L4, 23034 MiB, 21272 MiB, 1375 MiB, 94 %
2026/09/24 09:14:26.905, NVIDIA L4, 23034 MiB, 21272 MiB, 1375 MiB, 92 %
2026/09/24 09:14:27.905, NVIDIA L4, 23034 MiB, 21272 MiB, 1375 MiB, 92 %
2026/09/24 09:14:28.905, NVIDIA L4, 23034 MiB, 21272 MiB, 1375 MiB, 92 %
2026/09/24 09:14:29.905, NVIDIA L4, 23034 MiB, 21272 MiB, 1375 MiB, 92 %
2026/09/24 09:14:30.906, NVIDIA L4, 23034 MiB, 21272 MiB, 1375 MiB, 94 %
2026/09/24 09:14:31.906, NVIDIA L4, 23034 MiB, 21272 MiB, 1375 MiB, 94 %
2026/09/24 09:14:32.906, NVIDIA L4, 23034 MiB, 21272 MiB, 1375 MiB, 94 %
2026/09/24 09:14:33.907, NVIDIA L4, 23034 MiB, 21272 MiB, 1375 MiB, 94 %
2026/09/24 09:14:34.907, NVIDIA L4, 23034 MiB, 21272 MiB, 1375 MiB, 94 %
2026/09/24 09:14:35.907, NVIDIA L4, 23034 MiB, 21272 MiB, 1375 MiB, 94 %
2026/09/24 09:14:36.907, NVIDIA L4, 23034 MiB, 21272 MiB, 1375 MiB, 93 %
2026/09/24 09:14:37.908, NVIDIA L4, 23034 MiB, 21272 MiB, 1375 MiB, 94 %
2026/09/24 09:14:38.908, NVIDIA L4, 23034 MiB, 21272 MiB, 1375 MiB, 94 %
2026/09/24 09:14:39.908, NVIDIA L4, 23034 MiB, 21272 MiB, 1375 MiB, 93 %
2026/09/24 09:14:40.909, NVIDIA L4, 23034 MiB, 21272 MiB, 1375 MiB, 94 %
2026/09/24 09:14:41.909, NVIDIA L4, 23034 MiB, 21272 MiB, 1375 MiB, 93 %
2026/09/24 09:14:42.909, NVIDIA L4, 23034 MiB, 21272 MiB, 1375 MiB, 94 %
2026/09/24 09:14:43.909, NVIDIA L4, 23034 MiB, 21272 MiB, 1375 MiB, 94 %
2026/09/24 09:14:44.910, NVIDIA L4, 23034 MiB, 21272 MiB, 1375 MiB, 93 %
2026/09/24 09:14:45.910, NVIDIA L4, 23034 MiB, 21272 MiB, 1375 MiB, 93 %
2026/09/24 09:14:46.910, NVIDIA L4, 23034 MiB, 21272 MiB, 1375 MiB, 94 %
2026/09/24 09:14:47.911, NVIDIA L4, 23034 MiB, 21272 MiB, 1375 MiB, 94 %
2026/09/24 09:14:48.911, NVIDIA L4, 23034 MiB, 21272 MiB, 1375 MiB, 93 %
2026/09/24 09:14:49.911, NVIDIA L4, 23034 MiB, 21272 MiB, 1375 MiB, 93 %
2026/09/24 09:14:50.911, NVIDIA L4, 23034 MiB, 21272 MiB, 1375 MiB, 94 %
2026/09/24 09:14:51.912, NVIDIA L4, 23034 MiB, 21272 MiB, 1375 MiB, 93 %
2026/09/24 09:14:52.912, NVIDIA L4, 23034 MiB, 21272 MiB, 1375 MiB, 94 %
2026/09/24 09:14:53.912, NVIDIA L4, 23034 MiB, 21272 MiB, 1375 MiB, 93 %
2026/09/24 09:14:54.913, NVIDIA L4, 23034 MiB, 21272 MiB, 1375 MiB, 0 %
2026/09/24 09:14:55.913, NVIDIA L4, 23034 MiB, 21272 MiB, 1375 MiB, 0 %
2026/09/24 09:14:56.913, NVIDIA L4, 23034 MiB, 21272 MiB, 1375 MiB, 94 %
2026/09/24 09:14:57.913, NVIDIA L4, 23034 MiB, 21272 MiB, 1375 MiB, 93 %
2026/09/24 09:14:58.914, NVIDIA L4, 23034 MiB, 21272 MiB, 1375 MiB, 93 %
2026/09/24 09:14:59.914, NVIDIA L4, 23034 MiB, 21272 MiB, 1375 MiB, 94 %
2026/09/24 09:15:00.914, NVIDIA L4, 23034 MiB, 21272 MiB, 1375 MiB, 94 %
2026/09/24 09:15:01.915, NVIDIA L4, 23034 MiB, 21272 MiB, 1375 MiB, 93 %
2026/09/24 09:15:02.915, NVIDIA L4, 23034 MiB, 21272 MiB, 1375 MiB, 93 %
2026/09/24 09:15:03.915, NVIDIA L4, 23034 MiB, 21272 MiB, 1375 MiB, 91 %
2026/09/24 09:15:04.916, NVIDIA L4, 23034 MiB, 21272 MiB, 1375 MiB, 94 %
2026/09/24 09:15:05.916, NVIDIA L4, 23034 MiB, 21272 MiB, 1375 MiB, 92 %
2026/09/24 09:15:06.916, NVIDIA L4, 23034 MiB, 21272 MiB, 1375 MiB, 93 %
2026/09/24 09:15:07.917, NVIDIA L4, 23034 MiB, 21272 MiB, 1375 MiB, 94 %
2026/09/24 09:15:08.917, NVIDIA L4, 23034 MiB, 21272 MiB, 1375 MiB, 94 %
2026/09/24 09:15:09.917, NVIDIA L4, 23034 MiB, 21272 MiB, 1375 MiB, 91 %
2026/09/24 09:15:10.917, NVIDIA L4, 23034 MiB, 21272 MiB, 1375 MiB, 93 %
2026/09/24 09:15:11.918, NVIDIA L4, 23034 MiB, 21272 MiB, 1375 MiB, 93 %
2026/09/24 09:15:12.918, NVIDIA L4, 23034 MiB, 21272 MiB, 1375 MiB, 94 %
2026/09/24 09:15:13.918, NVIDIA L4, 23034 MiB, 21272 MiB, 1375 MiB, 92 %
2026/09/24 09:15:14.919, NVIDIA L4, 23034 MiB, 21272 MiB, 1375 MiB, 93 %
2026/09/24 09:15:15.919, NVIDIA L4, 23034 MiB, 21272 MiB, 1375 MiB, 93 %
2026/09/24 09:15:16.919, NVIDIA L4, 23034 MiB, 21272 MiB, 1375 MiB, 92 %
2026/09/24 09:15:17.919, NVIDIA L4, 23034 MiB, 21272 MiB, 1375 MiB, 92 %
2026/09/24 09:15:18.920, NVIDIA L4, 23034 MiB, 21272 MiB, 1375 MiB, 93 %
2026/09/24 09:15:19.920, NVIDIA L4, 23034 MiB, 21272 MiB, 1375 MiB, 93 %
2026/09/24 09:15:20.920, NVIDIA L4, 23034 MiB, 21272 MiB, 1375 MiB, 92 %
2026/09/24 09:15:21.920, NVIDIA L4, 23034 MiB, 21272 MiB, 1375 MiB, 94 %
2026/09/24 09:15:22.921, NVIDIA L4, 23034 MiB, 21272 MiB, 1375 MiB, 93 %
2026/09/24 09:15:23.921, NVIDIA L4, 23034 MiB, 21272 MiB, 1375 MiB, 94 %
2026/09/24 09:15:24.921, NVIDIA L4, 23034 MiB, 21272 MiB, 1375 MiB, 94 %
2026/09/24 09:15:25.922, NVIDIA L4, 23034 MiB, 21272 MiB, 1375 MiB, 93 %
2026/09/24 09:15:26.922, NVIDIA L4, 23034 MiB, 21272 MiB, 1375 MiB, 94 %
2026/09/24 09:15:27.922, NVIDIA L4, 23034 MiB, 21272 MiB, 1375 MiB, 73 %
2026/09/24 09:15:28.922, NVIDIA L4, 23034 MiB, 21272 MiB, 1375 MiB, 94 %
2026/09/24 09:15:29.923, NVIDIA L4, 23034 MiB, 21272 MiB, 1375 MiB, 94 %
2026/09/24 09:15:30.923, NVIDIA L4, 23034 MiB, 21272 MiB, 1375 MiB, 93 %
2026/09/24 09:15:31.923, NVIDIA L4, 23034 MiB, 21272 MiB, 1375 MiB, 94 %
2026/09/24 09:15:32.923, NVIDIA L4, 23034 MiB, 21272 MiB, 1375 MiB, 94 %
2026/09/24 09:15:33.924, NVIDIA L4, 23034 MiB, 21272 MiB, 1375 MiB, 94 %
2026/09/24 09:15:34.924, NVIDIA L4, 23034 MiB, 21272 MiB, 1375 MiB, 94 %
2026/09/24 09:15:35.924, NVIDIA L4, 23034 MiB, 21272 MiB, 1375 MiB, 93 %
2026/09/24 09:15:36.925, NVIDIA L4, 23034 MiB, 21272 MiB, 1375 MiB, 94 %
2026/09/24 09:15:37.925, NVIDIA L4, 23034 MiB, 21272 MiB, 1375 MiB, 94 %
2026/09/24 09:15:38.925, NVIDIA L4, 23034 MiB, 21272 MiB, 1375 MiB, 94 %
2026/09/24 09:15:39.925, NVIDIA L4, 23034 MiB, 21272 MiB, 1375 MiB, 93 %
2026/09/24 09:15:40.926, NVIDIA L4, 23034 MiB, 21272 MiB, 1375 MiB, 94 %
2026/09/24 09:15:41.926, NVIDIA L4, 23034 MiB, 21272 MiB, 1375 MiB, 94 %
2026/09/24 09:15:42.926, NVIDIA L4, 23034 MiB, 21272 MiB, 1375 MiB, 93 %
2026/09/24 09:15:43.927, NVIDIA L4, 23034 MiB, 21272 MiB, 1375 MiB, 94 %
2026/09/24 09:15:44.927, NVIDIA L4, 23034 MiB, 21272 MiB, 1375 MiB, 93 %
2026/09/24 09:15:45.927, NVIDIA L4, 23034 MiB, 21272 MiB, 1375 MiB, 93 %
2026/09/24 09:15:46.927, NVIDIA L4, 23034 MiB, 21272 MiB, 1375 MiB, 94 %
2026/09/24 09:15:47.928, NVIDIA L4, 23034 MiB, 21272 MiB, 1375 MiB, 94 %
2026/09/24 09:15:48.928, NVIDIA L4, 23034 MiB, 21272 MiB, 1375 MiB, 94 %
2026/09/24 09:15:49.928, NVIDIA L4, 23034 MiB, 21272 MiB, 1375 MiB, 94 %
2026/09/24 09:15:50.929, NVIDIA L4, 23034 MiB, 21272 MiB, 1375 MiB, 93 %
2026/09/24 09:15:51.929, NVIDIA L4, 23034 MiB, 21272 MiB, 1375 MiB, 94 %
2026/09/24 09:15:52.929, NVIDIA L4, 23034 MiB, 21272 MiB, 1375 MiB, 94 %
2026/09/24 09:15:53.930, NVIDIA L4, 23034 MiB, 21272 MiB, 1375 MiB, 94 %
2026/09/24 09:15:54.930, NVIDIA L4, 23034 MiB, 21272 MiB, 1375 MiB, 94 %
2026/09/24 09:15:55.930, NVIDIA L4, 23034 MiB, 21272 MiB, 1375 MiB, 93 %
2026/09/24 09:15:56.930, NVIDIA L4, 23034 MiB, 21272 MiB, 1375 MiB, 94 %
2026/09/24 09:15:57.931, NVIDIA L4, 23034 MiB, 21272 MiB, 1375 MiB, 94 %
2026/09/24 09:15:58.931, NVIDIA L4, 23034 MiB, 21272 MiB, 1375 MiB, 93 %
2026/09/24 09:15:59.931, NVIDIA L4, 23034 MiB, 21272 MiB, 1375 MiB, 92 %
2026/09/24 09:16:00.932, NVIDIA L4, 23034 MiB, 21272 MiB, 1375 MiB, 92 %
2026/09/24 09:16:01.932, NVIDIA L4, 23034 MiB, 21272 MiB, 1375 MiB, 93 %
2026/09/24 09:16:02.932, NVIDIA L4, 23034 MiB, 21272 MiB, 1375 MiB, 93 %
2026/09/24 09:16:03.933, NVIDIA L4, 23034 MiB, 21272 MiB, 1375 MiB, 94 %
2026/09/24 09:16:04.933, NVIDIA L4, 23034 MiB, 21272 MiB, 1375 MiB, 94 %
2026/09/24 09:16:05.933, NVIDIA L4, 23034 MiB, 21272 MiB, 1375 MiB, 89 %
2026/09/24 09:16:06.933, NVIDIA L4, 23034 MiB, 21272 MiB, 1375 MiB, 92 %
2026/09/24 09:16:07.934, NVIDIA L4, 23034 MiB, 21272 MiB, 1375 MiB, 94 %
2026/09/24 09:16:08.934, NVIDIA L4, 23034 MiB, 21272 MiB, 1375 MiB, 93 %
2026/09/24 09:16:09.934, NVIDIA L4, 23034 MiB, 21272 MiB, 1375 MiB, 91 %
2026/09/24 09:16:10.935, NVIDIA L4, 23034 MiB, 21272 MiB, 1375 MiB, 94 %
2026/09/24 09:16:11.935, NVIDIA L4, 23034 MiB, 21272 MiB, 1375 MiB, 94 %
2026/09/24 09:16:12.935, NVIDIA L4, 23034 MiB, 21272 MiB, 1375 MiB, 94 %
2026/09/24 09:16:13.935, NVIDIA L4, 23034 MiB, 21272 MiB, 1375 MiB, 94 %
2026/09/24 09:16:14.936, NVIDIA L4, 23034 MiB, 21272 MiB, 1375 MiB, 94 %
2026/09/24 09:16:15.936, NVIDIA L4, 23034 MiB, 21272 MiB, 1375 MiB, 92 %
2026/09/24 09:16:16.936, NVIDIA L4, 23034 MiB, 21272 MiB, 1375 MiB, 93 %
2026/09/24 09:16:17.937, NVIDIA L4, 23034 MiB, 21272 MiB, 1375 MiB, 93 %
2026/09/24 09:16:18.937, NVIDIA L4, 23034 MiB, 21272 MiB, 1375 MiB, 93 %
2026/09/24 09:16:19.937, NVIDIA L4, 23034 MiB, 21272 MiB, 1375 MiB, 94 %
2026/09/24 09:16:20.937, NVIDIA L4, 23034 MiB, 21272 MiB, 1375 MiB, 94 %
2026/09/24 09:16:21.938, NVIDIA L4, 23034 MiB, 21272 MiB, 1375 MiB, 93 %
2026/09/24 09:16:22.938, NVIDIA L4, 23034 MiB, 21272 MiB, 1375 MiB, 93 %
2026/09/24 09:16:23.938, NVIDIA L4, 23034 MiB, 21272 MiB, 1375 MiB, 94 %
2026/09/24 09:16:24.938, NVIDIA L4, 23034 MiB, 21272 MiB, 1375 MiB, 92 %
2026/09/24 09:16:25.939, NVIDIA L4, 23034 MiB, 21272 MiB, 1375 MiB, 93 %
2026/09/24 09:16:26.939, NVIDIA L4, 23034 MiB, 21272 MiB, 1375 MiB, 93 %
2026/09/24 09:16:27.939, NVIDIA L4, 23034 MiB, 21272 MiB, 1375 MiB, 93 %
2026/09/24 09:16:28.940, NVIDIA L4, 23034 MiB, 21272 MiB, 1375 MiB, 94 %
2026/09/24 09:16:29.940, NVIDIA L4, 23034 MiB, 21272 MiB, 1375 MiB, 94 %
2026/09/24 09:16:30.940, NVIDIA L4, 23034 MiB, 21272 MiB, 1375 MiB, 94 %
2026/09/24 09:16:31.940, NVIDIA L4, 23034 MiB, 21272 MiB, 1375 MiB, 93 %
2026/09/24 09:16:32.941, NVIDIA L4, 23034 MiB, 21272 MiB, 1375 MiB, 94 %
2026/09/24 09:16:33.941, NVIDIA L4, 23034 MiB, 21272 MiB, 1375 MiB, 93 %
2026/09/24 09:16:34.941, NVIDIA L4, 23034 MiB, 21272 MiB, 1375 MiB, 92 %
2026/09/24 09:16:35.942, NVIDIA L4, 23034 MiB, 21272 MiB, 1375 MiB, 94 %
2026/09/24 09:16:36.942, NVIDIA L4, 23034 MiB, 21272 MiB, 1375 MiB, 94 %
2026/09/24 09:16:37.942, NVIDIA L4, 23034 MiB, 21272 MiB, 1375 MiB, 93 %
2026/09/24 09:16:38.942, NVIDIA L4, 23034 MiB, 21272 MiB, 1375 MiB, 93 %
2026/09/24 09:16:39.943, NVIDIA L4, 23034 MiB, 21272 MiB, 1375 MiB, 93 %
2026/09/24 09:16:40.943, NVIDIA L4, 23034 MiB, 21272 MiB, 1375 MiB, 94 %
2026/09/24 09:16:41.943, NVIDIA L4, 23034 MiB, 21272 MiB, 1375 MiB, 93 %
2026/09/24 09:16:42.944, NVIDIA L4, 23034 MiB, 21272 MiB, 1375 MiB, 94 %
2026/09/24 09:16:43.944, NVIDIA L4, 23034 MiB, 21272 MiB, 1375 MiB, 93 %
2026/09/24 09:16:44.944, NVIDIA L4, 23034 MiB, 21272 MiB, 1375 MiB, 93 %
2026/09/24 09:16:45.945, NVIDIA L4, 23034 MiB, 21272 MiB, 1375 MiB, 93 %
2026/09/24 09:16:46.945, NVIDIA L4, 23034 MiB, 21272 MiB, 1375 MiB, 93 %
2026/09/24 09:16:47.945, NVIDIA L4, 23034 MiB, 21272 MiB, 1375 MiB, 93 %
2026/09/24 09:16:48.946, NVIDIA L4, 23034 MiB, 21272 MiB, 1375 MiB, 94 %
2026/09/24 09:16:49.946, NVIDIA L4, 23034 MiB, 21272 MiB, 1375 MiB, 93 %
2026/09/24 09:16:50.946, NVIDIA L4, 23034 MiB, 21272 MiB, 1375 MiB, 94 %
2026/09/24 09:16:51.947, NVIDIA L4, 23034 MiB, 21272 MiB, 1375 MiB, 93 %
2026/09/24 09:16:52.947, NVIDIA L4, 23034 MiB, 21272 MiB, 1375 MiB, 94 %
2026/09/24 09:16:53.947, NVIDIA L4, 23034 MiB, 21272 MiB, 1375 MiB, 93 %
2026/09/24 09:16:54.948, NVIDIA L4, 23034 MiB, 21272 MiB, 1375 MiB, 92 %
2026/09/24 09:16:55.948, NVIDIA L4, 23034 MiB, 21272 MiB, 1375 MiB, 94 %
2026/09/24 09:16:56.948, NVIDIA L4, 23034 MiB, 21272 MiB, 1375 MiB, 91 %
2026/09/24 09:16:57.949, NVIDIA L4, 23034 MiB, 21272 MiB, 1375 MiB, 94 %
2026/09/24 09:16:58.949, NVIDIA L4, 23034 MiB, 21272 MiB, 1375 MiB, 94 %
2026/09/24 09:16:59.949, NVIDIA L4, 23034 MiB, 21272 MiB, 1375 MiB, 94 %
2026/09/24 09:17:00.950, NVIDIA L4, 23034 MiB, 21272 MiB, 1375 MiB, 93 %
2026/09/24 09:17:01.950, NVIDIA L4, 23034 MiB, 21272 MiB, 1375 MiB, 93 %
2026/09/24 09:17:02.950, NVIDIA L4, 23034 MiB, 21272 MiB, 1375 MiB, 92 %
2026/09/24 09:17:03.951, NVIDIA L4, 23034 MiB, 21272 MiB, 1375 MiB, 92 %
2026/09/24 09:17:04.951, NVIDIA L4, 23034 MiB, 21272 MiB, 1375 MiB, 93 %
2026/09/24 09:17:05.951, NVIDIA L4, 23034 MiB, 21272 MiB, 1375 MiB, 93 %
2026/09/24 09:17:06.951, NVIDIA L4, 23034 MiB, 21272 MiB, 1375 MiB, 94 %
2026/09/24 09:17:07.952, NVIDIA L4, 23034 MiB, 21272 MiB, 1375 MiB, 93 %
2026/09/24 09:17:08.952, NVIDIA L4, 23034 MiB, 21272 MiB, 1375 MiB, 94 %
2026/09/24 09:17:09.952, NVIDIA L4, 23034 MiB, 21272 MiB, 1375 MiB, 93 %
2026/09/24 09:17:10.953, NVIDIA L4, 23034 MiB, 21272 MiB, 1375 MiB, 94 %
2026/09/24 09:17:11.953, NVIDIA L4, 23034 MiB, 21272 MiB, 1375 MiB, 93 %
2026/09/24 09:17:12.953, NVIDIA L4, 23034 MiB, 21272 MiB, 1375 MiB, 94 %
2026/09/24 09:17:13.953, NVIDIA L4, 23034 MiB, 21272 MiB, 1375 MiB, 93 %
2026/09/24 09:17:14.954, NVIDIA L4, 23034 MiB, 21272 MiB, 1375 MiB, 94 %
2026/09/24 09:17:15.954, NVIDIA L4, 23034 MiB, 21272 MiB, 1375 MiB, 93 %
2026/09/24 09:17:16.954, NVIDIA L4, 23034 MiB, 21272 MiB, 1375 MiB, 94 %
2026/09/24 09:17:17.955, NVIDIA L4, 23034 MiB, 21272 MiB, 1375 MiB, 94 %
2026/09/24 09:17:18.955, NVIDIA L4, 23034 MiB, 21272 MiB, 1375 MiB, 93 %
2026/09/24 09:17:19.955, NVIDIA L4, 23034 MiB, 21272 MiB, 1375 MiB, 94 %
2026/09/24 09:17:20.955, NVIDIA L4, 23034 MiB, 21272 MiB, 1375 MiB, 93 %
2026/09/24 09:17:21.956, NVIDIA L4, 23034 MiB, 21272 MiB, 1375 MiB, 94 %
2026/09/24 09:17:22.956, NVIDIA L4, 23034 MiB, 21272 MiB, 1375 MiB, 93 %
2026/09/24 09:17:23.956, NVIDIA L4, 23034 MiB, 21272 MiB, 1375 MiB, 92 %
2026/09/24 09:17:24.957, NVIDIA L4, 23034 MiB, 21272 MiB, 1375 MiB, 93 %
2026/09/24 09:17:25.957, NVIDIA L4, 23034 MiB, 21272 MiB, 1375 MiB, 91 %
2026/09/24 09:17:26.957, NVIDIA L4, 23034 MiB, 21272 MiB, 1375 MiB, 93 %
2026/09/24 09:17:27.957, NVIDIA L4, 23034 MiB, 21272 MiB, 1375 MiB, 93 %
2026/09/24 09:17:28.958, NVIDIA L4, 23034 MiB, 21272 MiB, 1375 MiB, 94 %
2026/09/24 09:17:29.958, NVIDIA L4, 23034 MiB, 21272 MiB, 1375 MiB, 94 %
2026/09/24 09:17:30.958, NVIDIA L4, 23034 MiB, 21272 MiB, 1375 MiB, 94 %
2026/09/24 09:17:31.959, NVIDIA L4, 23034 MiB, 21272 MiB, 1375 MiB, 93 %
2026/09/24 09:17:32.959, NVIDIA L4, 23034 MiB, 21272 MiB, 1375 MiB, 93 %
2026/09/24 09:17:33.959, NVIDIA L4, 23034 MiB, 21272 MiB, 1375 MiB, 94 %
2026/09/24 09:17:34.959, NVIDIA L4, 23034 MiB, 21272 MiB, 1375 MiB, 94 %
2026/09/24 09:17:35.960, NVIDIA L4, 23034 MiB, 21272 MiB, 1375 MiB, 94 %
2026/09/24 09:17:36.960, NVIDIA L4, 23034 MiB, 21272 MiB, 1375 MiB, 94 %
2026/09/24 09:17:37.960, NVIDIA L4, 23034 MiB, 21272 MiB, 1375 MiB, 94 %
2026/09/24 09:17:38.961, NVIDIA L4, 23034 MiB, 21272 MiB, 1375 MiB, 94 %
2026/09/24 09:17:39.961, NVIDIA L4, 23034 MiB, 21272 MiB, 1375 MiB, 93 %
2026/09/24 09:17:40.961, NVIDIA L4, 23034 MiB, 21272 MiB, 1375 MiB, 94 %
2026/09/24 09:17:41.961, NVIDIA L4, 23034 MiB, 21272 MiB, 1375 MiB, 94 %
2026/09/24 09:17:42.962, NVIDIA L4, 23034 MiB, 21272 MiB, 1375 MiB, 94 %
2026/09/24 09:17:43.962, NVIDIA L4, 23034 MiB, 21272 MiB, 1375 MiB, 94 %
2026/09/24 09:17:44.962, NVIDIA L4, 23034 MiB, 21272 MiB, 1375 MiB, 94 %
2026/09/24 09:17:45.963, NVIDIA L4, 23034 MiB, 21272 MiB, 1375 MiB, 2 %
2026/09/24 09:17:46.964, NVIDIA L4, 23034 MiB, 21272 MiB, 1375 MiB, 0 %
2026/09/24 09:17:47.964, NVIDIA L4, 23034 MiB, 21272 MiB, 1375 MiB, 94 %
2026/09/24 09:17:48.964, NVIDIA L4, 23034 MiB, 21272 MiB, 1375 MiB, 94 %
2026/09/24 09:17:49.965, NVIDIA L4, 23034 MiB, 21272 MiB, 1375 MiB, 94 %
2026/09/24 09:17:50.965, NVIDIA L4, 23034 MiB, 21272 MiB, 1375 MiB, 94 %
2026/09/24 09:17:51.965, NVIDIA L4, 23034 MiB, 21272 MiB, 1375 MiB, 94 %
2026/09/24 09:17:52.966, NVIDIA L4, 23034 MiB, 21272 MiB, 1375 MiB, 94 %
2026/09/24 09:17:53.966, NVIDIA L4, 23034 MiB, 21272 MiB, 1375 MiB, 94 %
2026/09/24 09:17:54.966, NVIDIA L4, 23034 MiB, 21272 MiB, 1375 MiB, 93 %
2026/09/24 09:17:55.966, NVIDIA L4, 23034 MiB, 21272 MiB, 1375 MiB, 94 %
2026/09/24 09:17:56.967, NVIDIA L4, 23034 MiB, 21272 MiB, 1375 MiB, 94 %
2026/09/24 09:17:57.967, NVIDIA L4, 23034 MiB, 21272 MiB, 1375 MiB, 94 %
2026/09/24 09:17:58.967, NVIDIA L4, 23034 MiB, 21272 MiB, 1375 MiB, 93 %
2026/09/24 09:17:59.967, NVIDIA L4, 23034 MiB, 21272 MiB, 1375 MiB, 93 %
2026/09/24 09:18:00.968, NVIDIA L4, 23034 MiB, 21272 MiB, 1375 MiB, 93 %
2026/09/24 09:18:01.968, NVIDIA L4, 23034 MiB, 21272 MiB, 1375 MiB, 71 %
2026/09/24 09:18:02.968, NVIDIA L4, 23034 MiB, 21272 MiB, 1375 MiB, 93 %
2026/09/24 09:18:03.969, NVIDIA L4, 23034 MiB, 21272 MiB, 1375 MiB, 93 %
2026/09/24 09:18:04.969, NVIDIA L4, 23034 MiB, 21272 MiB, 1375 MiB, 94 %
2026/09/24 09:18:05.969, NVIDIA L4, 23034 MiB, 21272 MiB, 1375 MiB, 94 %
2026/09/24 09:18:06.969, NVIDIA L4, 23034 MiB, 21272 MiB, 1375 MiB, 94 %
2026/09/24 09:18:07.970, NVIDIA L4, 23034 MiB, 21272 MiB, 1375 MiB, 94 %
2026/09/24 09:18:08.970, NVIDIA L4, 23034 MiB, 21272 MiB, 1375 MiB, 94 %
2026/09/24 09:18:09.970, NVIDIA L4, 23034 MiB, 21272 MiB, 1375 MiB, 93 %
2026/09/24 09:18:10.971, NVIDIA L4, 23034 MiB, 21272 MiB, 1375 MiB, 94 %
2026/09/24 09:18:11.971, NVIDIA L4, 23034 MiB, 21272 MiB, 1375 MiB, 93 %
2026/09/24 09:18:12.971, NVIDIA L4, 23034 MiB, 21272 MiB, 1375 MiB, 94 %
2026/09/24 09:18:13.971, NVIDIA L4, 23034 MiB, 21272 MiB, 1375 MiB, 94 %
2026/09/24 09:18:14.972, NVIDIA L4, 23034 MiB, 21272 MiB, 1375 MiB, 93 %
2026/09/24 09:18:15.972, NVIDIA L4, 23034 MiB, 21272 MiB, 1375 MiB, 94 %
2026/09/24 09:18:16.972, NVIDIA L4, 23034 MiB, 21272 MiB, 1375 MiB, 94 %
2026/09/24 09:18:17.973, NVIDIA L4, 23034 MiB, 21272 MiB, 1375 MiB, 92 %
2026/09/24 09:18:18.973, NVIDIA L4, 23034 MiB, 21272 MiB, 1375 MiB, 93 %
2026/09/24 09:18:19.973, NVIDIA L4, 23034 MiB, 21272 MiB, 1375 MiB, 93 %
2026/09/24 09:18:20.973, NVIDIA L4, 23034 MiB, 21272 MiB, 1375 MiB, 93 %
2026/09/24 09:18:21.974, NVIDIA L4, 23034 MiB, 21272 MiB, 1375 MiB, 93 %
2026/09/24 09:18:22.974, NVIDIA L4, 23034 MiB, 21272 MiB, 1375 MiB, 94 %
2026/09/24 09:18:23.974, NVIDIA L4, 23034 MiB, 21272 MiB, 1375 MiB, 94 %
2026/09/24 09:18:24.975, NVIDIA L4, 23034 MiB, 21272 MiB, 1375 MiB, 65 %
2026/09/24 09:18:25.975, NVIDIA L4, 23034 MiB, 21272 MiB, 1375 MiB, 93 %
2026/09/24 09:18:26.975, NVIDIA L4, 23034 MiB, 21272 MiB, 1375 MiB, 93 %
2026/09/24 09:18:27.975, NVIDIA L4, 23034 MiB, 21272 MiB, 1375 MiB, 94 %
2026/09/24 09:18:28.976, NVIDIA L4, 23034 MiB, 21272 MiB, 1375 MiB, 94 %
2026/09/24 09:18:29.976, NVIDIA L4, 23034 MiB, 21272 MiB, 1375 MiB, 94 %
2026/09/24 09:18:30.976, NVIDIA L4, 23034 MiB, 21272 MiB, 1375 MiB, 94 %
2026/09/24 09:18:31.976, NVIDIA L4, 23034 MiB, 21272 MiB, 1375 MiB, 94 %
2026/09/24 09:18:32.977, NVIDIA L4, 23034 MiB, 21272 MiB, 1375 MiB, 94 %
2026/09/24 09:18:33.977, NVIDIA L4, 23034 MiB, 21272 MiB, 1375 MiB, 93 %
2026/09/24 09:18:34.977, NVIDIA L4, 23034 MiB, 21272 MiB, 1375 MiB, 93 %
2026/09/24 09:18:35.977, NVIDIA L4, 23034 MiB, 21272 MiB, 1375 MiB, 93 %
2026/09/24 09:18:36.978, NVIDIA L4, 23034 MiB, 21272 MiB, 1375 MiB, 94 %
2026/09/24 09:18:37.978, NVIDIA L4, 23034 MiB, 21272 MiB, 1375 MiB, 93 %
2026/09/24 09:18:38.978, NVIDIA L4, 23034 MiB, 21272 MiB, 1375 MiB, 94 %
2026/09/24 09:18:39.979, NVIDIA L4, 23034 MiB, 21272 MiB, 1375 MiB, 92 %
2026/09/24 09:18:40.979, NVIDIA L4, 23034 MiB, 21272 MiB, 1375 MiB, 92 %
2026/09/24 09:18:41.979, NVIDIA L4, 23034 MiB, 21272 MiB, 1375 MiB, 93 %
2026/09/24 09:18:42.979, NVIDIA L4, 23034 MiB, 21272 MiB, 1375 MiB, 92 %
2026/09/24 09:18:43.980, NVIDIA L4, 23034 MiB, 21272 MiB, 1375 MiB, 94 %
2026/09/24 09:18:44.980, NVIDIA L4, 23034 MiB, 21272 MiB, 1375 MiB, 93 %
2026/09/24 09:18:45.980, NVIDIA L4, 23034 MiB, 21272 MiB, 1375 MiB, 94 %
2026/09/24 09:18:46.981, NVIDIA L4, 23034 MiB, 21272 MiB, 1375 MiB, 94 %
2026/09/24 09:18:47.981, NVIDIA L4, 23034 MiB, 21272 MiB, 1375 MiB, 94 %
2026/09/24 09:18:48.981, NVIDIA L4, 23034 MiB, 21272 MiB, 1375 MiB, 94 %
2026/09/24 09:18:49.981, NVIDIA L4, 23034 MiB, 21272 MiB, 1375 MiB, 94 %
2026/09/24 09:18:50.982, NVIDIA L4, 23034 MiB, 21272 MiB, 1375 MiB, 94 %
2026/09/24 09:18:51.982, NVIDIA L4, 23034 MiB, 21272 MiB, 1375 MiB, 94 %
2026/09/24 09:18:52.982, NVIDIA L4, 23034 MiB, 21272 MiB, 1375 MiB, 94 %
2026/09/24 09:18:53.983, NVIDIA L4, 23034 MiB, 21272 MiB, 1375 MiB, 94 %
2026/09/24 09:18:54.983, NVIDIA L4, 23034 MiB, 21272 MiB, 1375 MiB, 94 %
2026/09/24 09:18:55.983, NVIDIA L4, 23034 MiB, 21272 MiB, 1375 MiB, 94 %
2026/09/24 09:18:56.983, NVIDIA L4, 23034 MiB, 21272 MiB, 1375 MiB, 93 %
2026/09/24 09:18:57.984, NVIDIA L4, 23034 MiB, 21272 MiB, 1375 MiB, 94 %
2026/09/24 09:18:58.984, NVIDIA L4, 23034 MiB, 21272 MiB, 1375 MiB, 94 %
2026/09/24 09:18:59.984, NVIDIA L4, 23034 MiB, 21272 MiB, 1375 MiB, 93 %
2026/09/24 09:19:00.984, NVIDIA L4, 23034 MiB, 21272 MiB, 1375 MiB, 90 %
2026/09/24 09:19:01.985, NVIDIA L4, 23034 MiB, 21272 MiB, 1375 MiB, 93 %
2026/09/24 09:19:02.985, NVIDIA L4, 23034 MiB, 21272 MiB, 1375 MiB, 93 %
2026/09/24 09:19:03.985, NVIDIA L4, 23034 MiB, 21272 MiB, 1375 MiB, 94 %
2026/09/24 09:19:04.985, NVIDIA L4, 23034 MiB, 21272 MiB, 1375 MiB, 94 %
2026/09/24 09:19:05.986, NVIDIA L4, 23034 MiB, 21272 MiB, 1375 MiB, 94 %
2026/09/24 09:19:06.986, NVIDIA L4, 23034 MiB, 21272 MiB, 1375 MiB, 94 %
2026/09/24 09:19:07.986, NVIDIA L4, 23034 MiB, 21272 MiB, 1375 MiB, 84 %
2026/09/24 09:19:08.986, NVIDIA L4, 23034 MiB, 21272 MiB, 1375 MiB, 93 %
2026/09/24 09:19:09.987, NVIDIA L4, 23034 MiB, 21272 MiB, 1375 MiB, 93 %
2026/09/24 09:19:10.987, NVIDIA L4, 23034 MiB, 21272 MiB, 1375 MiB, 94 %
2026/09/24 09:19:11.987, NVIDIA L4, 23034 MiB, 21272 MiB, 1375 MiB, 94 %
2026/09/24 09:19:12.988, NVIDIA L4, 23034 MiB, 21272 MiB, 1375 MiB, 94 %
2026/09/24 09:19:13.988, NVIDIA L4, 23034 MiB, 21272 MiB, 1375 MiB, 94 %
2026/09/24 09:19:14.988, NVIDIA L4, 23034 MiB, 21272 MiB, 1375 MiB, 94 %
2026/09/24 09:19:15.988, NVIDIA L4, 23034 MiB, 21272 MiB, 1375 MiB, 93 %
2026/09/24 09:19:16.989, NVIDIA L4, 23034 MiB, 21272 MiB, 1375 MiB, 93 %
2026/09/24 09:19:17.989, NVIDIA L4, 23034 MiB, 21272 MiB, 1375 MiB, 93 %
2026/09/24 09:19:18.989, NVIDIA L4, 23034 MiB, 21272 MiB, 1375 MiB, 94 %
2026/09/24 09:19:19.990, NVIDIA L4, 23034 MiB, 21272 MiB, 1375 MiB, 93 %
2026/09/24 09:19:20.990, NVIDIA L4, 23034 MiB, 21272 MiB, 1375 MiB, 94 %
2026/09/24 09:19:21.990, NVIDIA L4, 23034 MiB, 21272 MiB, 1375 MiB, 93 %
2026/09/24 09:19:22.990, NVIDIA L4, 23034 MiB, 21272 MiB, 1375 MiB, 94 %
2026/09/24 09:19:23.991, NVIDIA L4, 23034 MiB, 21272 MiB, 1375 MiB, 94 %
2026/09/24 09:19:24.991, NVIDIA L4, 23034 MiB, 21272 MiB, 1375 MiB, 94 %
2026/09/24 09:19:25.991, NVIDIA L4, 23034 MiB, 21272 MiB, 1375 MiB, 93 %
2026/09/24 09:19:26.992, NVIDIA L4, 23034 MiB, 21272 MiB, 1375 MiB, 94 %
2026/09/24 09:19:27.992, NVIDIA L4, 23034 MiB, 21272 MiB, 1375 MiB, 94 %
2026/09/24 09:19:28.992, NVIDIA L4, 23034 MiB, 21272 MiB, 1375 MiB, 94 %
2026/09/24 09:19:29.992, NVIDIA L4, 23034 MiB, 21272 MiB, 1375 MiB, 93 %
2026/09/24 09:19:30.993, NVIDIA L4, 23034 MiB, 21272 MiB, 1375 MiB, 94 %
2026/09/24 09:19:31.993, NVIDIA L4, 23034 MiB, 21272 MiB, 1375 MiB, 93 %
2026/09/24 09:19:32.993, NVIDIA L4, 23034 MiB, 21272 MiB, 1375 MiB, 93 %
2026/09/24 09:19:33.993, NVIDIA L4, 23034 MiB, 21272 MiB, 1375 MiB, 94 %
2026/09/24 09:19:34.994, NVIDIA L4, 23034 MiB, 21272 MiB, 1375 MiB, 93 %
2026/09/24 09:19:35.994, NVIDIA L4, 23034 MiB, 21272 MiB, 1375 MiB, 92 %
2026/09/24 09:19:36.994, NVIDIA L4, 23034 MiB, 21272 MiB, 1375 MiB, 94 %
2026/09/24 09:19:37.994, NVIDIA L4, 23034 MiB, 21272 MiB, 1375 MiB, 94 %
2026/09/24 09:19:38.995, NVIDIA L4, 23034 MiB, 21272 MiB, 1375 MiB, 94 %
2026/09/24 09:19:39.995, NVIDIA L4, 23034 MiB, 21272 MiB, 1375 MiB, 94 %
2026/09/24 09:19:40.995, NVIDIA L4, 23034 MiB, 21272 MiB, 1375 MiB, 93 %
2026/09/24 09:19:41.996, NVIDIA L4, 23034 MiB, 21272 MiB, 1375 MiB, 93 %
2026/09/24 09:19:42.996, NVIDIA L4, 23034 MiB, 21272 MiB, 1375 MiB, 93 %
2026/09/24 09:19:43.996, NVIDIA L4, 23034 MiB, 21272 MiB, 1375 MiB, 93 %
2026/09/24 09:19:44.996, NVIDIA L4, 23034 MiB, 21272 MiB, 1375 MiB, 92 %
2026/09/24 09:19:45.997, NVIDIA L4, 23034 MiB, 21272 MiB, 1375 MiB, 93 %
2026/09/24 09:19:46.997, NVIDIA L4, 23034 MiB, 21272 MiB, 1375 MiB, 93 %
2026/09/24 09:19:47.997, NVIDIA L4, 23034 MiB, 21272 MiB, 1375 MiB, 93 %
2026/09/24 09:19:48.998, NVIDIA L4, 23034 MiB, 21272 MiB, 1375 MiB, 92 %
2026/09/24 09:19:49.998, NVIDIA L4, 23034 MiB, 21272 MiB, 1375 MiB, 93 %
2026/09/24 09:19:50.998, NVIDIA L4, 23034 MiB, 21272 MiB, 1375 MiB, 93 %
2026/09/24 09:19:51.998, NVIDIA L4, 23034 MiB, 21272 MiB, 1375 MiB, 93 %
2026/09/24 09:19:52.999, NVIDIA L4, 23034 MiB, 21272 MiB, 1375 MiB, 94 %
2026/09/24 09:19:53.999, NVIDIA L4, 23034 MiB, 21272 MiB, 1375 MiB, 94 %
2026/09/24 09:19:54.999, NVIDIA L4, 23034 MiB, 21272 MiB, 1375 MiB, 94 %
2026/09/24 09:19:56.000, NVIDIA L4, 23034 MiB, 21272 MiB, 1375 MiB, 94 %
2026/09/24 09:19:57.000, NVIDIA L4, 23034 MiB, 21272 MiB, 1375 MiB, 94 %
2026/09/24 09:19:58.000, NVIDIA L4, 23034 MiB, 21272 MiB, 1375 MiB, 94 %
2026/09/24 09:19:59.000, NVIDIA L4, 23034 MiB, 21272 MiB, 1375 MiB, 92 %
2026/09/24 09:20:00.001, NVIDIA L4, 23034 MiB, 21272 MiB, 1375 MiB, 93 %
2026/09/24 09:20:01.001, NVIDIA L4, 23034 MiB, 21272 MiB, 1375 MiB, 94 %
2026/09/24 09:20:02.001, NVIDIA L4, 23034 MiB, 21272 MiB, 1375 MiB, 93 %
2026/09/24 09:20:03.001, NVIDIA L4, 23034 MiB, 21272 MiB, 1375 MiB, 93 %
2026/09/24 09:20:04.002, NVIDIA L4, 23034 MiB, 21272 MiB, 1375 MiB, 94 %
2026/09/24 09:20:05.002, NVIDIA L4, 23034 MiB, 21272 MiB, 1375 MiB, 94 %
2026/09/24 09:20:06.002, NVIDIA L4, 23034 MiB, 21272 MiB, 1375 MiB, 93 %
2026/09/24 09:20:07.002, NVIDIA L4, 23034 MiB, 21272 MiB, 1375 MiB, 93 %
2026/09/24 09:20:08.003, NVIDIA L4, 23034 MiB, 21272 MiB, 1375 MiB, 93 %
2026/09/24 09:20:09.003, NVIDIA L4, 23034 MiB, 21272 MiB, 1375 MiB, 94 %
2026/09/24 09:20:10.003, NVIDIA L4, 23034 MiB, 21272 MiB, 1375 MiB, 94 %
2026/09/24 09:20:11.004, NVIDIA L4, 23034 MiB, 21272 MiB, 1375 MiB, 92 %
2026/09/24 09:20:12.004, NVIDIA L4, 23034 MiB, 21272 MiB, 1375 MiB, 93 %
2026/09/24 09:20:13.004, NVIDIA L4, 23034 MiB, 21272 MiB, 1375 MiB, 93 %
2026/09/24 09:20:14.005, NVIDIA L4, 23034 MiB, 21272 MiB, 1375 MiB, 93 %
2026/09/24 09:20:15.005, NVIDIA L4, 23034 MiB, 21350 MiB, 1297 MiB, 93 %
2026/09/24 09:20:16.005, NVIDIA L4, 23034 MiB, 21350 MiB, 1297 MiB, 94 %
2026/09/24 09:20:17.005, NVIDIA L4, 23034 MiB, 21350 MiB, 1297 MiB, 94 %
2026/09/24 09:20:18.006, NVIDIA L4, 23034 MiB, 21350 MiB, 1297 MiB, 94 %
2026/09/24 09:20:19.006, NVIDIA L4, 23034 MiB, 21350 MiB, 1297 MiB, 93 %
2026/09/24 09:20:20.006, NVIDIA L4, 23034 MiB, 21350 MiB, 1297 MiB, 34 %
2026/09/24 09:20:21.007, NVIDIA L4, 23034 MiB, 21350 MiB, 1297 MiB, 94 %
2026/09/24 09:20:22.007, NVIDIA L4, 23034 MiB, 21350 MiB, 1297 MiB, 94 %
2026/09/24 09:20:23.007, NVIDIA L4, 23034 MiB, 21350 MiB, 1297 MiB, 93 %
2026/09/24 09:20:24.007, NVIDIA L4, 23034 MiB, 21350 MiB, 1297 MiB, 93 %
2026/09/24 09:20:25.008, NVIDIA L4, 23034 MiB, 21350 MiB, 1297 MiB, 94 %
2026/09/24 09:20:26.008, NVIDIA L4, 23034 MiB, 21350 MiB, 1297 MiB, 94 %
2026/09/24 09:20:27.008, NVIDIA L4, 23034 MiB, 21350 MiB, 1297 MiB, 94 %
2026/09/24 09:20:28.008, NVIDIA L4, 23034 MiB, 21350 MiB, 1297 MiB, 94 %
2026/09/24 09:20:29.009, NVIDIA L4, 23034 MiB, 21350 MiB, 1297 MiB, 94 %
2026/09/24 09:20:30.009, NVIDIA L4, 23034 MiB, 21350 MiB, 1297 MiB, 94 %
2026/09/24 09:20:31.009, NVIDIA L4, 23034 MiB, 21350 MiB, 1297 MiB, 94 %
2026/09/24 09:20:32.010, NVIDIA L4, 23034 MiB, 21350 MiB, 1297 MiB, 94 %
2026/09/24 09:20:33.010, NVIDIA L4, 23034 MiB, 21350 MiB, 1297 MiB, 95 %
2026/09/24 09:20:34.010, NVIDIA L4, 23034 MiB, 21350 MiB, 1297 MiB, 93 %
2026/09/24 09:20:35.010, NVIDIA L4, 23034 MiB, 21350 MiB, 1297 MiB, 95 %
2026/09/24 09:20:36.011, NVIDIA L4, 23034 MiB, 21350 MiB, 1297 MiB, 94 %
2026/09/24 09:20:37.011, NVIDIA L4, 23034 MiB, 21350 MiB, 1297 MiB, 94 %
2026/09/24 09:20:38.011, NVIDIA L4, 23034 MiB, 21350 MiB, 1297 MiB, 94 %
2026/09/24 09:20:39.011, NVIDIA L4, 23034 MiB, 21350 MiB, 1297 MiB, 93 %
2026/09/24 09:20:40.012, NVIDIA L4, 23034 MiB, 21350 MiB, 1297 MiB, 94 %
2026/09/24 09:20:41.012, NVIDIA L4, 23034 MiB, 21350 MiB, 1297 MiB, 94 %
2026/09/24 09:20:42.012, NVIDIA L4, 23034 MiB, 21350 MiB, 1297 MiB, 94 %
2026/09/24 09:20:43.012, NVIDIA L4, 23034 MiB, 21350 MiB, 1297 MiB, 94 %
2026/09/24 09:20:44.013, NVIDIA L4, 23034 MiB, 21350 MiB, 1297 MiB, 93 %
2026/09/24 09:20:45.013, NVIDIA L4, 23034 MiB, 21350 MiB, 1297 MiB, 92 %
2026/09/24 09:20:46.013, NVIDIA L4, 23034 MiB, 21350 MiB, 1297 MiB, 94 %
2026/09/24 09:20:47.014, NVIDIA L4, 23034 MiB, 21350 MiB, 1297 MiB, 94 %
2026/09/24 09:20:48.014, NVIDIA L4, 23034 MiB, 21350 MiB, 1297 MiB, 94 %
2026/09/24 09:20:49.014, NVIDIA L4, 23034 MiB, 21350 MiB, 1297 MiB, 94 %
2026/09/24 09:20:50.015, NVIDIA L4, 23034 MiB, 21350 MiB, 1297 MiB, 93 %
2026/09/24 09:20:51.015, NVIDIA L4, 23034 MiB, 21350 MiB, 1297 MiB, 94 %
2026/09/24 09:20:52.015, NVIDIA L4, 23034 MiB, 21350 MiB, 1297 MiB, 93 %
2026/09/24 09:20:53.015, NVIDIA L4, 23034 MiB, 21350 MiB, 1297 MiB, 93 %
2026/09/24 09:20:54.016, NVIDIA L4, 23034 MiB, 21350 MiB, 1297 MiB, 93 %
2026/09/24 09:20:55.016, NVIDIA L4, 23034 MiB, 21350 MiB, 1297 MiB, 93 %
2026/09/24 09:20:56.016, NVIDIA L4, 23034 MiB, 21350 MiB, 1297 MiB, 94 %
2026/09/24 09:20:57.017, NVIDIA L4, 23034 MiB, 21350 MiB, 1297 MiB, 93 %
2026/09/24 09:20:58.017, NVIDIA L4, 23034 MiB, 21350 MiB, 1297 MiB, 94 %
2026/09/24 09:20:59.017, NVIDIA L4, 23034 MiB, 21350 MiB, 1297 MiB, 93 %
2026/09/24 09:21:00.018, NVIDIA L4, 23034 MiB, 21350 MiB, 1297 MiB, 93 %
2026/09/24 09:21:01.018, NVIDIA L4, 23034 MiB, 21350 MiB, 1297 MiB, 92 %
2026/09/24 09:21:02.018, NVIDIA L4, 23034 MiB, 21350 MiB, 1297 MiB, 93 %
2026/09/24 09:21:03.019, NVIDIA L4, 23034 MiB, 21350 MiB, 1297 MiB, 93 %
2026/09/24 09:21:04.019, NVIDIA L4, 23034 MiB, 21350 MiB, 1297 MiB, 0 %
2026/09/24 09:21:05.019, NVIDIA L4, 23034 MiB, 21350 MiB, 1297 MiB, 0 %
2026/09/24 09:21:06.019, NVIDIA L4, 23034 MiB, 21350 MiB, 1297 MiB, 93 %
2026/09/24 09:21:07.020, NVIDIA L4, 23034 MiB, 21350 MiB, 1297 MiB, 93 %
2026/09/24 09:21:08.020, NVIDIA L4, 23034 MiB, 21350 MiB, 1297 MiB, 93 %
2026/09/24 09:21:09.020, NVIDIA L4, 23034 MiB, 21350 MiB, 1297 MiB, 94 %
2026/09/24 09:21:10.021, NVIDIA L4, 23034 MiB, 21350 MiB, 1297 MiB, 93 %
2026/09/24 09:21:11.021, NVIDIA L4, 23034 MiB, 21350 MiB, 1297 MiB, 93 %
2026/09/24 09:21:12.021, NVIDIA L4, 23034 MiB, 21350 MiB, 1297 MiB, 92 %
2026/09/24 09:21:13.021, NVIDIA L4, 23034 MiB, 21350 MiB, 1297 MiB, 94 %
2026/09/24 09:21:14.022, NVIDIA L4, 23034 MiB, 21350 MiB, 1297 MiB, 94 %
2026/09/24 09:21:15.022, NVIDIA L4, 23034 MiB, 21350 MiB, 1297 MiB, 94 %
2026/09/24 09:21:16.022, NVIDIA L4, 23034 MiB, 21350 MiB, 1297 MiB, 93 %
2026/09/24 09:21:17.023, NVIDIA L4, 23034 MiB, 21350 MiB, 1297 MiB, 93 %
2026/09/24 09:21:18.023, NVIDIA L4, 23034 MiB, 21350 MiB, 1297 MiB, 94 %
2026/09/24 09:21:19.023, NVIDIA L4, 23034 MiB, 21350 MiB, 1297 MiB, 93 %
2026/09/24 09:21:20.024, NVIDIA L4, 23034 MiB, 21350 MiB, 1297 MiB, 93 %
2026/09/24 09:21:21.024, NVIDIA L4, 23034 MiB, 21350 MiB, 1297 MiB, 69 %
2026/09/24 09:21:22.024, NVIDIA L4, 23034 MiB, 21350 MiB, 1297 MiB, 93 %
2026/09/24 09:21:23.024, NVIDIA L4, 23034 MiB, 21350 MiB, 1297 MiB, 94 %
2026/09/24 09:21:24.025, NVIDIA L4, 23034 MiB, 21350 MiB, 1297 MiB, 93 %
2026/09/24 09:21:25.025, NVIDIA L4, 23034 MiB, 21350 MiB, 1297 MiB, 93 %
2026/09/24 09:21:26.025, NVIDIA L4, 23034 MiB, 21350 MiB, 1297 MiB, 94 %
2026/09/24 09:21:27.026, NVIDIA L4, 23034 MiB, 21350 MiB, 1297 MiB, 92 %
2026/09/24 09:21:28.026, NVIDIA L4, 23034 MiB, 21350 MiB, 1297 MiB, 94 %
2026/09/24 09:21:29.026, NVIDIA L4, 23034 MiB, 21350 MiB, 1297 MiB, 94 %
2026/09/24 09:21:30.027, NVIDIA L4, 23034 MiB, 21350 MiB, 1297 MiB, 94 %
2026/09/24 09:21:31.027, NVIDIA L4, 23034 MiB, 21350 MiB, 1297 MiB, 94 %
2026/09/24 09:21:32.027, NVIDIA L4, 23034 MiB, 21350 MiB, 1297 MiB, 93 %
2026/09/24 09:21:33.027, NVIDIA L4, 23034 MiB, 21350 MiB, 1297 MiB, 93 %
2026/09/24 09:21:34.028, NVIDIA L4, 23034 MiB, 21350 MiB, 1297 MiB, 93 %
2026/09/24 09:21:35.028, NVIDIA L4, 23034 MiB, 21350 MiB, 1297 MiB, 94 %
2026/09/24 09:21:36.028, NVIDIA L4, 23034 MiB, 21350 MiB, 1297 MiB, 94 %
2026/09/24 09:21:37.029, NVIDIA L4, 23034 MiB, 21350 MiB, 1297 MiB, 93 %
2026/09/24 09:21:38.029, NVIDIA L4, 23034 MiB, 21350 MiB, 1297 MiB, 94 %
2026/09/24 09:21:39.029, NVIDIA L4, 23034 MiB, 21350 MiB, 1297 MiB, 94 %
2026/09/24 09:21:40.029, NVIDIA L4, 23034 MiB, 21350 MiB, 1297 MiB, 93 %
2026/09/24 09:21:41.030, NVIDIA L4, 23034 MiB, 21350 MiB, 1297 MiB, 94 %
2026/09/24 09:21:42.030, NVIDIA L4, 23034 MiB, 21350 MiB, 1297 MiB, 93 %
2026/09/24 09:21:43.030, NVIDIA L4, 23034 MiB, 21350 MiB, 1297 MiB, 94 %
2026/09/24 09:21:44.031, NVIDIA L4, 23034 MiB, 21350 MiB, 1297 MiB, 93 %
2026/09/24 09:21:45.031, NVIDIA L4, 23034 MiB, 21350 MiB, 1297 MiB, 93 %
2026/09/24 09:21:46.031, NVIDIA L4, 23034 MiB, 21350 MiB, 1297 MiB, 93 %
2026/09/24 09:21:47.031, NVIDIA L4, 23034 MiB, 21350 MiB, 1297 MiB, 94 %
2026/09/24 09:21:48.032, NVIDIA L4, 23034 MiB, 21350 MiB, 1297 MiB, 93 %
2026/09/24 09:21:49.032, NVIDIA L4, 23034 MiB, 21350 MiB, 1297 MiB, 94 %
2026/09/24 09:21:50.032, NVIDIA L4, 23034 MiB, 21350 MiB, 1297 MiB, 94 %
2026/09/24 09:21:51.033, NVIDIA L4, 23034 MiB, 21350 MiB, 1297 MiB, 92 %
2026/09/24 09:21:52.033, NVIDIA L4, 23034 MiB, 21350 MiB, 1297 MiB, 94 %
2026/09/24 09:21:53.033, NVIDIA L4, 23034 MiB, 21350 MiB, 1297 MiB, 94 %
2026/09/24 09:21:54.033, NVIDIA L4, 23034 MiB, 21350 MiB, 1297 MiB, 94 %
2026/09/24 09:21:55.034, NVIDIA L4, 23034 MiB, 21350 MiB, 1297 MiB, 94 %
2026/09/24 09:21:56.034, NVIDIA L4, 23034 MiB, 21350 MiB, 1297 MiB, 94 %
2026/09/24 09:21:57.034, NVIDIA L4, 23034 MiB, 21350 MiB, 1297 MiB, 94 %
2026/09/24 09:21:58.035, NVIDIA L4, 23034 MiB, 21350 MiB, 1297 MiB, 94 %
2026/09/24 09:21:59.035, NVIDIA L4, 23034 MiB, 21350 MiB, 1297 MiB, 93 %
2026/09/24 09:22:00.035, NVIDIA L4, 23034 MiB, 21350 MiB, 1297 MiB, 93 %
2026/09/24 09:22:01.036, NVIDIA L4, 23034 MiB, 21350 MiB, 1297 MiB, 94 %
2026/09/24 09:22:02.036, NVIDIA L4, 23034 MiB, 21350 MiB, 1297 MiB, 93 %
2026/09/24 09:22:03.036, NVIDIA L4, 23034 MiB, 21350 MiB, 1297 MiB, 94 %
2026/09/24 09:22:04.036, NVIDIA L4, 23034 MiB, 21350 MiB, 1297 MiB, 94 %
2026/09/24 09:22:05.037, NVIDIA L4, 23034 MiB, 21350 MiB, 1297 MiB, 93 %
2026/09/24 09:22:06.037, NVIDIA L4, 23034 MiB, 21350 MiB, 1297 MiB, 93 %
2026/09/24 09:22:07.038, NVIDIA L4, 23034 MiB, 21350 MiB, 1297 MiB, 94 %
2026/09/24 09:22:08.038, NVIDIA L4, 23034 MiB, 21350 MiB, 1297 MiB, 94 %
2026/09/24 09:22:09.038, NVIDIA L4, 23034 MiB, 21350 MiB, 1297 MiB, 94 %
2026/09/24 09:22:10.039, NVIDIA L4, 23034 MiB, 21350 MiB, 1297 MiB, 94 %
2026/09/24 09:22:11.039, NVIDIA L4, 23034 MiB, 21350 MiB, 1297 MiB, 94 %
2026/09/24 09:22:12.039, NVIDIA L4, 23034 MiB, 21350 MiB, 1297 MiB, 93 %
2026/09/24 09:22:13.039, NVIDIA L4, 23034 MiB, 21350 MiB, 1297 MiB, 94 %
2026/09/24 09:22:14.040, NVIDIA L4, 23034 MiB, 21350 MiB, 1297 MiB, 92 %
2026/09/24 09:22:15.040, NVIDIA L4, 23034 MiB, 21350 MiB, 1297 MiB, 94 %
2026/09/24 09:22:16.040, NVIDIA L4, 23034 MiB, 21350 MiB, 1297 MiB, 93 %
2026/09/24 09:22:17.041, NVIDIA L4, 23034 MiB, 21350 MiB, 1297 MiB, 94 %
2026/09/24 09:22:18.041, NVIDIA L4, 23034 MiB, 21350 MiB, 1297 MiB, 92 %
2026/09/24 09:22:19.041, NVIDIA L4, 23034 MiB, 21350 MiB, 1297 MiB, 92 %
2026/09/24 09:22:20.041, NVIDIA L4, 23034 MiB, 21350 MiB, 1297 MiB, 93 %
2026/09/24 09:22:21.042, NVIDIA L4, 23034 MiB, 21350 MiB, 1297 MiB, 93 %
2026/09/24 09:22:22.042, NVIDIA L4, 23034 MiB, 21350 MiB, 1297 MiB, 94 %
2026/09/24 09:22:23.042, NVIDIA L4, 23034 MiB, 21350 MiB, 1297 MiB, 94 %
2026/09/24 09:22:24.042, NVIDIA L4, 23034 MiB, 21350 MiB, 1297 MiB, 94 %
2026/09/24 09:22:25.043, NVIDIA L4, 23034 MiB, 21350 MiB, 1297 MiB, 94 %
2026/09/24 09:22:26.043, NVIDIA L4, 23034 MiB, 21350 MiB, 1297 MiB, 94 %
2026/09/24 09:22:27.043, NVIDIA L4, 23034 MiB, 21350 MiB, 1297 MiB, 94 %
2026/09/24 09:22:28.044, NVIDIA L4, 23034 MiB, 21350 MiB, 1297 MiB, 94 %
2026/09/24 09:22:29.044, NVIDIA L4, 23034 MiB, 21350 MiB, 1297 MiB, 95 %
2026/09/24 09:22:30.044, NVIDIA L4, 23034 MiB, 21350 MiB, 1297 MiB, 94 %
2026/09/24 09:22:31.045, NVIDIA L4, 23034 MiB, 21350 MiB, 1297 MiB, 93 %
2026/09/24 09:22:32.045, NVIDIA L4, 23034 MiB, 21350 MiB, 1297 MiB, 94 %
2026/09/24 09:22:33.045, NVIDIA L4, 23034 MiB, 21350 MiB, 1297 MiB, 94 %
2026/09/24 09:22:34.045, NVIDIA L4, 23034 MiB, 21350 MiB, 1297 MiB, 93 %
2026/09/24 09:22:35.046, NVIDIA L4, 23034 MiB, 21350 MiB, 1297 MiB, 94 %
2026/09/24 09:22:36.046, NVIDIA L4, 23034 MiB, 21350 MiB, 1297 MiB, 94 %
2026/09/24 09:22:37.046, NVIDIA L4, 23034 MiB, 21350 MiB, 1297 MiB, 94 %
2026/09/24 09:22:38.046, NVIDIA L4, 23034 MiB, 21350 MiB, 1297 MiB, 94 %
2026/09/24 09:22:39.047, NVIDIA L4, 23034 MiB, 21350 MiB, 1297 MiB, 92 %
2026/09/24 09:22:40.047, NVIDIA L4, 23034 MiB, 21350 MiB, 1297 MiB, 93 %
2026/09/24 09:22:41.047, NVIDIA L4, 23034 MiB, 21350 MiB, 1297 MiB, 94 %
2026/09/24 09:22:42.048, NVIDIA L4, 23034 MiB, 21350 MiB, 1297 MiB, 94 %
2026/09/24 09:22:43.048, NVIDIA L4, 23034 MiB, 21350 MiB, 1297 MiB, 94 %
2026/09/24 09:22:44.048, NVIDIA L4, 23034 MiB, 21350 MiB, 1297 MiB, 94 %
2026/09/24 09:22:45.048, NVIDIA L4, 23034 MiB, 21350 MiB, 1297 MiB, 93 %
2026/09/24 09:22:46.049, NVIDIA L4, 23034 MiB, 21350 MiB, 1297 MiB, 93 %
2026/09/24 09:22:47.049, NVIDIA L4, 23034 MiB, 21350 MiB, 1297 MiB, 94 %
2026/09/24 09:22:48.049, NVIDIA L4, 23034 MiB, 21350 MiB, 1297 MiB, 94 %
2026/09/24 09:22:49.049, NVIDIA L4, 23034 MiB, 21350 MiB, 1297 MiB, 94 %
2026/09/24 09:22:50.050, NVIDIA L4, 23034 MiB, 21350 MiB, 1297 MiB, 94 %
2026/09/24 09:22:51.050, NVIDIA L4, 23034 MiB, 21350 MiB, 1297 MiB, 94 %
2026/09/24 09:22:52.050, NVIDIA L4, 23034 MiB, 21350 MiB, 1297 MiB, 93 %
2026/09/24 09:22:53.051, NVIDIA L4, 23034 MiB, 21350 MiB, 1297 MiB, 94 %
2026/09/24 09:22:54.051, NVIDIA L4, 23034 MiB, 21350 MiB, 1297 MiB, 94 %
2026/09/24 09:22:55.051, NVIDIA L4, 23034 MiB, 21350 MiB, 1297 MiB, 94 %
2026/09/24 09:22:56.051, NVIDIA L4, 23034 MiB, 21350 MiB, 1297 MiB, 94 %
2026/09/24 09:22:57.052, NVIDIA L4, 23034 MiB, 21350 MiB, 1297 MiB, 94 %
2026/09/24 09:22:58.052, NVIDIA L4, 23034 MiB, 21350 MiB, 1297 MiB, 94 %
2026/09/24 09:22:59.052, NVIDIA L4, 23034 MiB, 21350 MiB, 1297 MiB, 94 %
2026/09/24 09:23:00.052, NVIDIA L4, 23034 MiB, 21350 MiB, 1297 MiB, 94 %
2026/09/24 09:23:01.053, NVIDIA L4, 23034 MiB, 21350 MiB, 1297 MiB, 94 %
2026/09/24 09:23:02.053, NVIDIA L4, 23034 MiB, 21350 MiB, 1297 MiB, 93 %
2026/09/24 09:23:03.053, NVIDIA L4, 23034 MiB, 21350 MiB, 1297 MiB, 93 %
2026/09/24 09:23:04.054, NVIDIA L4, 23034 MiB, 21350 MiB, 1297 MiB, 94 %
2026/09/24 09:23:05.054, NVIDIA L4, 23034 MiB, 21350 MiB, 1297 MiB, 94 %
2026/09/24 09:23:06.054, NVIDIA L4, 23034 MiB, 21350 MiB, 1297 MiB, 94 %
2026/09/24 09:23:07.054, NVIDIA L4, 23034 MiB, 21350 MiB, 1297 MiB, 94 %
2026/09/24 09:23:08.055, NVIDIA L4, 23034 MiB, 21350 MiB, 1297 MiB, 0 %
2026/09/24 09:23:09.055, NVIDIA L4, 23034 MiB, 21350 MiB, 1297 MiB, 84 %
2026/09/24 09:23:10.055, NVIDIA L4, 23034 MiB, 21350 MiB, 1297 MiB, 93 %
2026/09/24 09:23:11.055, NVIDIA L4, 23034 MiB, 21350 MiB, 1297 MiB, 94 %
2026/09/24 09:23:12.056, NVIDIA L4, 23034 MiB, 21350 MiB, 1297 MiB, 93 %
2026/09/24 09:23:13.056, NVIDIA L4, 23034 MiB, 21350 MiB, 1297 MiB, 94 %
2026/09/24 09:23:14.056, NVIDIA L4, 23034 MiB, 21350 MiB, 1297 MiB, 92 %
2026/09/24 09:23:15.057, NVIDIA L4, 23034 MiB, 21350 MiB, 1297 MiB, 91 %
2026/09/24 09:23:16.057, NVIDIA L4, 23034 MiB, 21350 MiB, 1297 MiB, 92 %
2026/09/24 09:23:17.057, NVIDIA L4, 23034 MiB, 21350 MiB, 1297 MiB, 93 %
2026/09/24 09:23:18.058, NVIDIA L4, 23034 MiB, 21350 MiB, 1297 MiB, 94 %
2026/09/24 09:23:19.058, NVIDIA L4, 23034 MiB, 21350 MiB, 1297 MiB, 94 %
2026/09/24 09:23:20.058, NVIDIA L4, 23034 MiB, 21350 MiB, 1297 MiB, 94 %
2026/09/24 09:23:21.058, NVIDIA L4, 23034 MiB, 21350 MiB, 1297 MiB, 94 %
2026/09/24 09:23:22.059, NVIDIA L4, 23034 MiB, 21350 MiB, 1297 MiB, 93 %
2026/09/24 09:23:23.059, NVIDIA L4, 23034 MiB, 21350 MiB, 1297 MiB, 94 %
2026/09/24 09:23:24.059, NVIDIA L4, 23034 MiB, 21350 MiB, 1297 MiB, 92 %
2026/09/24 09:23:25.060, NVIDIA L4, 23034 MiB, 21350 MiB, 1297 MiB, 94 %
2026/09/24 09:23:26.060, NVIDIA L4, 23034 MiB, 21350 MiB, 1297 MiB, 93 %
2026/09/24 09:23:27.060, NVIDIA L4, 23034 MiB, 21350 MiB, 1297 MiB, 92 %
2026/09/24 09:23:28.060, NVIDIA L4, 23034 MiB, 21350 MiB, 1297 MiB, 93 %
2026/09/24 09:23:29.061, NVIDIA L4, 23034 MiB, 21350 MiB, 1297 MiB, 92 %
2026/09/24 09:23:30.061, NVIDIA L4, 23034 MiB, 21350 MiB, 1297 MiB, 92 %
2026/09/24 09:23:31.061, NVIDIA L4, 23034 MiB, 21350 MiB, 1297 MiB, 92 %
2026/09/24 09:23:32.062, NVIDIA L4, 23034 MiB, 21350 MiB, 1297 MiB, 91 %
2026/09/24 09:23:33.062, NVIDIA L4, 23034 MiB, 21350 MiB, 1297 MiB, 94 %
2026/09/24 09:23:34.062, NVIDIA L4, 23034 MiB, 21350 MiB, 1297 MiB, 94 %
2026/09/24 09:23:35.062, NVIDIA L4, 23034 MiB, 21350 MiB, 1297 MiB, 94 %
2026/09/24 09:23:36.063, NVIDIA L4, 23034 MiB, 21350 MiB, 1297 MiB, 94 %
2026/09/24 09:23:37.063, NVIDIA L4, 23034 MiB, 21350 MiB, 1297 MiB, 94 %
2026/09/24 09:23:38.063, NVIDIA L4, 23034 MiB, 21350 MiB, 1297 MiB, 94 %
2026/09/24 09:23:39.064, NVIDIA L4, 23034 MiB, 21350 MiB, 1297 MiB, 94 %
2026/09/24 09:23:40.064, NVIDIA L4, 23034 MiB, 21350 MiB, 1297 MiB, 93 %
2026/09/24 09:23:41.064, NVIDIA L4, 23034 MiB, 21350 MiB, 1297 MiB, 93 %
2026/09/24 09:23:42.064, NVIDIA L4, 23034 MiB, 21350 MiB, 1297 MiB, 92 %
2026/09/24 09:23:43.065, NVIDIA L4, 23034 MiB, 21350 MiB, 1297 MiB, 94 %
2026/09/24 09:23:44.065, NVIDIA L4, 23034 MiB, 21350 MiB, 1297 MiB, 93 %
2026/09/24 09:23:45.065, NVIDIA L4, 23034 MiB, 21350 MiB, 1297 MiB, 20 %
2026/09/24 09:23:46.065, NVIDIA L4, 23034 MiB, 21350 MiB, 1297 MiB, 94 %
2026/09/24 09:23:47.066, NVIDIA L4, 23034 MiB, 21350 MiB, 1297 MiB, 94 %
2026/09/24 09:23:48.066, NVIDIA L4, 23034 MiB, 21350 MiB, 1297 MiB, 94 %
2026/09/24 09:23:49.066, NVIDIA L4, 23034 MiB, 21350 MiB, 1297 MiB, 94 %
2026/09/24 09:23:50.067, NVIDIA L4, 23034 MiB, 21350 MiB, 1297 MiB, 94 %
2026/09/24 09:23:51.067, NVIDIA L4, 23034 MiB, 21350 MiB, 1297 MiB, 93 %
2026/09/24 09:23:52.067, NVIDIA L4, 23034 MiB, 21350 MiB, 1297 MiB, 94 %
2026/09/24 09:23:53.067, NVIDIA L4, 23034 MiB, 21350 MiB, 1297 MiB, 94 %
2026/09/24 09:23:54.068, NVIDIA L4, 23034 MiB, 21350 MiB, 1297 MiB, 93 %
2026/09/24 09:23:55.068, NVIDIA L4, 23034 MiB, 21350 MiB, 1297 MiB, 94 %
2026/09/24 09:23:56.068, NVIDIA L4, 23034 MiB, 21350 MiB, 1297 MiB, 94 %
2026/09/24 09:23:57.069, NVIDIA L4, 23034 MiB, 21350 MiB, 1297 MiB, 93 %
2026/09/24 09:23:58.069, NVIDIA L4, 23034 MiB, 21350 MiB, 1297 MiB, 94 %
2026/09/24 09:23:59.069, NVIDIA L4, 23034 MiB, 21350 MiB, 1297 MiB, 94 %
2026/09/24 09:24:00.069, NVIDIA L4, 23034 MiB, 21350 MiB, 1297 MiB, 93 %
2026/09/24 09:24:01.070, NVIDIA L4, 23034 MiB, 21350 MiB, 1297 MiB, 93 %
2026/09/24 09:24:02.070, NVIDIA L4, 23034 MiB, 21350 MiB, 1297 MiB, 90 %
2026/09/24 09:24:03.070, NVIDIA L4, 23034 MiB, 21350 MiB, 1297 MiB, 93 %
2026/09/24 09:24:04.071, NVIDIA L4, 23034 MiB, 21350 MiB, 1297 MiB, 93 %
2026/09/24 09:24:05.071, NVIDIA L4, 23034 MiB, 21350 MiB, 1297 MiB, 94 %
2026/09/24 09:24:06.071, NVIDIA L4, 23034 MiB, 21350 MiB, 1297 MiB, 94 %
2026/09/24 09:24:07.071, NVIDIA L4, 23034 MiB, 21350 MiB, 1297 MiB, 94 %
2026/09/24 09:24:08.072, NVIDIA L4, 23034 MiB, 21350 MiB, 1297 MiB, 93 %
2026/09/24 09:24:09.072, NVIDIA L4, 23034 MiB, 21350 MiB, 1297 MiB, 94 %
2026/09/24 09:24:10.072, NVIDIA L4, 23034 MiB, 21350 MiB, 1297 MiB, 94 %
2026/09/24 09:24:11.073, NVIDIA L4, 23034 MiB, 21350 MiB, 1297 MiB, 94 %
2026/09/24 09:24:12.073, NVIDIA L4, 23034 MiB, 21350 MiB, 1297 MiB, 93 %
2026/09/24 09:24:13.073, NVIDIA L4, 23034 MiB, 21350 MiB, 1297 MiB, 94 %
2026/09/24 09:24:14.073, NVIDIA L4, 23034 MiB, 21350 MiB, 1297 MiB, 93 %
2026/09/24 09:24:15.074, NVIDIA L4, 23034 MiB, 21350 MiB, 1297 MiB, 94 %
2026/09/24 09:24:16.074, NVIDIA L4, 23034 MiB, 21350 MiB, 1297 MiB, 94 %
2026/09/24 09:24:17.074, NVIDIA L4, 23034 MiB, 21350 MiB, 1297 MiB, 93 %
2026/09/24 09:24:18.075, NVIDIA L4, 23034 MiB, 21350 MiB, 1297 MiB, 94 %
2026/09/24 09:24:19.075, NVIDIA L4, 23034 MiB, 21350 MiB, 1297 MiB, 93 %
2026/09/24 09:24:20.075, NVIDIA L4, 23034 MiB, 21350 MiB, 1297 MiB, 95 %
2026/09/24 09:24:21.076, NVIDIA L4, 23034 MiB, 21350 MiB, 1297 MiB, 94 %
2026/09/24 09:24:22.076, NVIDIA L4, 23034 MiB, 21350 MiB, 1297 MiB, 93 %
2026/09/24 09:24:23.076, NVIDIA L4, 23034 MiB, 21350 MiB, 1297 MiB, 92 %
2026/09/24 09:24:24.076, NVIDIA L4, 23034 MiB, 21350 MiB, 1297 MiB, 93 %
2026/09/24 09:24:25.077, NVIDIA L4, 23034 MiB, 21350 MiB, 1297 MiB, 93 %
2026/09/24 09:24:26.077, NVIDIA L4, 23034 MiB, 21350 MiB, 1297 MiB, 93 %
2026/09/24 09:24:27.077, NVIDIA L4, 23034 MiB, 21350 MiB, 1297 MiB, 93 %
2026/09/24 09:24:28.078, NVIDIA L4, 23034 MiB, 21350 MiB, 1297 MiB, 94 %
2026/09/24 09:24:29.078, NVIDIA L4, 23034 MiB, 21350 MiB, 1297 MiB, 94 %
2026/09/24 09:24:30.078, NVIDIA L4, 23034 MiB, 21350 MiB, 1297 MiB, 94 %
2026/09/24 09:24:31.078, NVIDIA L4, 23034 MiB, 21350 MiB, 1297 MiB, 93 %
2026/09/24 09:24:32.079, NVIDIA L4, 23034 MiB, 21350 MiB, 1297 MiB, 93 %
2026/09/24 09:24:33.079, NVIDIA L4, 23034 MiB, 21350 MiB, 1297 MiB, 94 %
2026/09/24 09:24:34.079, NVIDIA L4, 23034 MiB, 21350 MiB, 1297 MiB, 94 %
2026/09/24 09:24:35.080, NVIDIA L4, 23034 MiB, 21350 MiB, 1297 MiB, 94 %
2026/09/24 09:24:36.080, NVIDIA L4, 23034 MiB, 21350 MiB, 1297 MiB, 94 %
2026/09/24 09:24:37.080, NVIDIA L4, 23034 MiB, 21350 MiB, 1297 MiB, 94 %
2026/09/24 09:24:38.080, NVIDIA L4, 23034 MiB, 21350 MiB, 1297 MiB, 92 %
2026/09/24 09:24:39.081, NVIDIA L4, 23034 MiB, 21350 MiB, 1297 MiB, 93 %
2026/09/24 09:24:40.081, NVIDIA L4, 23034 MiB, 21350 MiB, 1297 MiB, 33 %
2026/09/24 09:24:41.081, NVIDIA L4, 23034 MiB, 21350 MiB, 1297 MiB, 93 %
2026/09/24 09:24:42.082, NVIDIA L4, 23034 MiB, 21350 MiB, 1297 MiB, 93 %
2026/09/24 09:24:43.082, NVIDIA L4, 23034 MiB, 21350 MiB, 1297 MiB, 93 %
2026/09/24 09:24:44.082, NVIDIA L4, 23034 MiB, 21350 MiB, 1297 MiB, 93 %
2026/09/24 09:24:45.082, NVIDIA L4, 23034 MiB, 21350 MiB, 1297 MiB, 93 %
2026/09/24 09:24:46.083, NVIDIA L4, 23034 MiB, 21350 MiB, 1297 MiB, 93 %
2026/09/24 09:24:47.083, NVIDIA L4, 23034 MiB, 21350 MiB, 1297 MiB, 94 %
2026/09/24 09:24:48.083, NVIDIA L4, 23034 MiB, 21350 MiB, 1297 MiB, 93 %
2026/09/24 09:24:49.083, NVIDIA L4, 23034 MiB, 21350 MiB, 1297 MiB, 94 %
2026/09/24 09:24:50.084, NVIDIA L4, 23034 MiB, 21350 MiB, 1297 MiB, 94 %
2026/09/24 09:24:51.084, NVIDIA L4, 23034 MiB, 21350 MiB, 1297 MiB, 94 %
2026/09/24 09:24:52.084, NVIDIA L4, 23034 MiB, 21350 MiB, 1297 MiB, 93 %
2026/09/24 09:24:53.085, NVIDIA L4, 23034 MiB, 21350 MiB, 1297 MiB, 94 %
2026/09/24 09:24:54.085, NVIDIA L4, 23034 MiB, 21350 MiB, 1297 MiB, 94 %
2026/09/24 09:24:55.085, NVIDIA L4, 23034 MiB, 21350 MiB, 1297 MiB, 94 %
2026/09/24 09:24:56.085, NVIDIA L4, 23034 MiB, 21350 MiB, 1297 MiB, 94 %
2026/09/24 09:24:57.086, NVIDIA L4, 23034 MiB, 21350 MiB, 1297 MiB, 94 %
2026/09/24 09:24:58.086, NVIDIA L4, 23034 MiB, 21350 MiB, 1297 MiB, 94 %
2026/09/24 09:24:59.086, NVIDIA L4, 23034 MiB, 21350 MiB, 1297 MiB, 0 %
2026/09/24 09:25:00.086, NVIDIA L4, 23034 MiB, 21350 MiB, 1297 MiB, 57 %
2026/09/24 09:25:01.087, NVIDIA L4, 23034 MiB, 21350 MiB, 1297 MiB, 94 %
2026/09/24 09:25:02.087, NVIDIA L4, 23034 MiB, 21350 MiB, 1297 MiB, 93 %
2026/09/24 09:25:03.087, NVIDIA L4, 23034 MiB, 21350 MiB, 1297 MiB, 94 %
2026/09/24 09:25:04.088, NVIDIA L4, 23034 MiB, 21350 MiB, 1297 MiB, 93 %
2026/09/24 09:25:05.088, NVIDIA L4, 23034 MiB, 21350 MiB, 1297 MiB, 94 %
2026/09/24 09:25:06.088, NVIDIA L4, 23034 MiB, 21350 MiB, 1297 MiB, 94 %
2026/09/24 09:25:07.088, NVIDIA L4, 23034 MiB, 21350 MiB, 1297 MiB, 94 %
2026/09/24 09:25:08.089, NVIDIA L4, 23034 MiB, 21350 MiB, 1297 MiB, 92 %
2026/09/24 09:25:09.089, NVIDIA L4, 23034 MiB, 21350 MiB, 1297 MiB, 94 %
2026/09/24 09:25:10.089, NVIDIA L4, 23034 MiB, 21350 MiB, 1297 MiB, 94 %
2026/09/24 09:25:11.090, NVIDIA L4, 23034 MiB, 21350 MiB, 1297 MiB, 93 %
2026/09/24 09:25:12.090, NVIDIA L4, 23034 MiB, 21350 MiB, 1297 MiB, 93 %
2026/09/24 09:25:13.090, NVIDIA L4, 23034 MiB, 21350 MiB, 1297 MiB, 94 %
2026/09/24 09:25:14.091, NVIDIA L4, 23034 MiB, 21350 MiB, 1297 MiB, 93 %
2026/09/24 09:25:15.091, NVIDIA L4, 23034 MiB, 21350 MiB, 1297 MiB, 93 %
2026/09/24 09:25:16.091, NVIDIA L4, 23034 MiB, 21350 MiB, 1297 MiB, 94 %
2026/09/24 09:25:17.092, NVIDIA L4, 23034 MiB, 21350 MiB, 1297 MiB, 93 %
2026/09/24 09:25:18.092, NVIDIA L4, 23034 MiB, 21350 MiB, 1297 MiB, 94 %
2026/09/24 09:25:19.092, NVIDIA L4, 23034 MiB, 21350 MiB, 1297 MiB, 94 %
2026/09/24 09:25:20.093, NVIDIA L4, 23034 MiB, 21350 MiB, 1297 MiB, 94 %
2026/09/24 09:25:21.093, NVIDIA L4, 23034 MiB, 21350 MiB, 1297 MiB, 94 %
2026/09/24 09:25:22.093, NVIDIA L4, 23034 MiB, 21350 MiB, 1297 MiB, 94 %
2026/09/24 09:25:23.094, NVIDIA L4, 23034 MiB, 21350 MiB, 1297 MiB, 93 %
2026/09/24 09:25:24.094, NVIDIA L4, 23034 MiB, 21350 MiB, 1297 MiB, 93 %
2026/09/24 09:25:25.094, NVIDIA L4, 23034 MiB, 21350 MiB, 1297 MiB, 94 %
2026/09/24 09:25:26.095, NVIDIA L4, 23034 MiB, 21350 MiB, 1297 MiB, 94 %
2026/09/24 09:25:27.095, NVIDIA L4, 23034 MiB, 21350 MiB, 1297 MiB, 94 %
2026/09/24 09:25:28.095, NVIDIA L4, 23034 MiB, 21350 MiB, 1297 MiB, 94 %
2026/09/24 09:25:29.095, NVIDIA L4, 23034 MiB, 21350 MiB, 1297 MiB, 94 %
2026/09/24 09:25:30.096, NVIDIA L4, 23034 MiB, 21350 MiB, 1297 MiB, 94 %
2026/09/24 09:25:31.096, NVIDIA L4, 23034 MiB, 21350 MiB, 1297 MiB, 94 %
2026/09/24 09:25:32.096, NVIDIA L4, 23034 MiB, 21350 MiB, 1297 MiB, 92 %
2026/09/24 09:25:33.096, NVIDIA L4, 23034 MiB, 21350 MiB, 1297 MiB, 94 %
2026/09/24 09:25:34.097, NVIDIA L4, 23034 MiB, 21350 MiB, 1297 MiB, 93 %
2026/09/24 09:25:35.097, NVIDIA L4, 23034 MiB, 21350 MiB, 1297 MiB, 94 %
2026/09/24 09:25:36.097, NVIDIA L4, 23034 MiB, 21350 MiB, 1297 MiB, 94 %
2026/09/24 09:25:37.098, NVIDIA L4, 23034 MiB, 21350 MiB, 1297 MiB, 94 %
2026/09/24 09:25:38.098, NVIDIA L4, 23034 MiB, 21350 MiB, 1297 MiB, 94 %
2026/09/24 09:25:39.098, NVIDIA L4, 23034 MiB, 21350 MiB, 1297 MiB, 94 %
2026/09/24 09:25:40.099, NVIDIA L4, 23034 MiB, 21350 MiB, 1297 MiB, 92 %
2026/09/24 09:25:41.099, NVIDIA L4, 23034 MiB, 21350 MiB, 1297 MiB, 94 %
2026/09/24 09:25:42.099, NVIDIA L4, 23034 MiB, 21350 MiB, 1297 MiB, 94 %
2026/09/24 09:25:43.099, NVIDIA L4, 23034 MiB, 21350 MiB, 1297 MiB, 94 %
2026/09/24 09:25:44.100, NVIDIA L4, 23034 MiB, 21350 MiB, 1297 MiB, 93 %
2026/09/24 09:25:45.100, NVIDIA L4, 23034 MiB, 21350 MiB, 1297 MiB, 91 %
2026/09/24 09:25:46.100, NVIDIA L4, 23034 MiB, 21350 MiB, 1297 MiB, 93 %
2026/09/24 09:25:47.100, NVIDIA L4, 23034 MiB, 21350 MiB, 1297 MiB, 93 %
2026/09/24 09:25:48.101, NVIDIA L4, 23034 MiB, 21350 MiB, 1297 MiB, 93 %
2026/09/24 09:25:49.101, NVIDIA L4, 23034 MiB, 21350 MiB, 1297 MiB, 93 %
2026/09/24 09:25:50.101, NVIDIA L4, 23034 MiB, 21350 MiB, 1297 MiB, 94 %
2026/09/24 09:25:51.102, NVIDIA L4, 23034 MiB, 21350 MiB, 1297 MiB, 91 %
2026/09/24 09:25:52.102, NVIDIA L4, 23034 MiB, 21350 MiB, 1297 MiB, 94 %
2026/09/24 09:25:53.102, NVIDIA L4, 23034 MiB, 21350 MiB, 1297 MiB, 94 %
2026/09/24 09:25:54.102, NVIDIA L4, 23034 MiB, 21350 MiB, 1297 MiB, 94 %
2026/09/24 09:25:55.103, NVIDIA L4, 23034 MiB, 21350 MiB, 1297 MiB, 94 %
2026/09/24 09:25:56.103, NVIDIA L4, 23034 MiB, 21350 MiB, 1297 MiB, 94 %
2026/09/24 09:25:57.103, NVIDIA L4, 23034 MiB, 21350 MiB, 1297 MiB, 94 %
2026/09/24 09:25:58.103, NVIDIA L4, 23034 MiB, 21350 MiB, 1297 MiB, 94 %
2026/09/24 09:25:59.104, NVIDIA L4, 23034 MiB, 21350 MiB, 1297 MiB, 94 %
2026/09/24 09:26:00.104, NVIDIA L4, 23034 MiB, 21350 MiB, 1297 MiB, 94 %
2026/09/24 09:26:01.104, NVIDIA L4, 23034 MiB, 21350 MiB, 1297 MiB, 94 %
2026/09/24 09:26:02.105, NVIDIA L4, 23034 MiB, 21350 MiB, 1297 MiB, 94 %
2026/09/24 09:26:03.105, NVIDIA L4, 23034 MiB, 21350 MiB, 1297 MiB, 94 %
2026/09/24 09:26:04.105, NVIDIA L4, 23034 MiB, 21350 MiB, 1297 MiB, 94 %
2026/09/24 09:26:05.105, NVIDIA L4, 23034 MiB, 21350 MiB, 1297 MiB, 93 %
2026/09/24 09:26:06.106, NVIDIA L4, 23034 MiB, 21350 MiB, 1297 MiB, 94 %
2026/09/24 09:26:07.106, NVIDIA L4, 23034 MiB, 21350 MiB, 1297 MiB, 94 %
2026/09/24 09:26:08.106, NVIDIA L4, 23034 MiB, 21350 MiB, 1297 MiB, 94 %
2026/09/24 09:26:09.107, NVIDIA L4, 23034 MiB, 21350 MiB, 1297 MiB, 94 %
2026/09/24 09:26:10.107, NVIDIA L4, 23034 MiB, 21350 MiB, 1297 MiB, 93 %
2026/09/24 09:26:11.107, NVIDIA L4, 23034 MiB, 21350 MiB, 1297 MiB, 92 %
2026/09/24 09:26:12.107, NVIDIA L4, 23034 MiB, 21350 MiB, 1297 MiB, 93 %
2026/09/24 09:26:13.108, NVIDIA L4, 23034 MiB, 21350 MiB, 1297 MiB, 94 %
2026/09/24 09:26:14.108, NVIDIA L4, 23034 MiB, 21350 MiB, 1297 MiB, 94 %
2026/09/24 09:26:15.108, NVIDIA L4, 23034 MiB, 21350 MiB, 1297 MiB, 92 %
2026/09/24 09:26:16.108, NVIDIA L4, 23034 MiB, 21350 MiB, 1297 MiB, 94 %
2026/09/24 09:26:17.109, NVIDIA L4, 23034 MiB, 21350 MiB, 1297 MiB, 94 %
2026/09/24 09:26:18.109, NVIDIA L4, 23034 MiB, 21350 MiB, 1297 MiB, 94 %
2026/09/24 09:26:19.109, NVIDIA L4, 23034 MiB, 21350 MiB, 1297 MiB, 93 %
2026/09/24 09:26:20.110, NVIDIA L4, 23034 MiB, 21350 MiB, 1297 MiB, 93 %
2026/09/24 09:26:21.110, NVIDIA L4, 23034 MiB, 21350 MiB, 1297 MiB, 94 %
2026/09/24 09:26:22.110, NVIDIA L4, 23034 MiB, 21350 MiB, 1297 MiB, 92 %
2026/09/24 09:26:23.111, NVIDIA L4, 23034 MiB, 21350 MiB, 1297 MiB, 94 %
2026/09/24 09:26:24.111, NVIDIA L4, 23034 MiB, 21350 MiB, 1297 MiB, 92 %
2026/09/24 09:26:25.111, NVIDIA L4, 23034 MiB, 21350 MiB, 1297 MiB, 94 %
2026/09/24 09:26:26.111, NVIDIA L4, 23034 MiB, 21350 MiB, 1297 MiB, 94 %
2026/09/24 09:26:27.112, NVIDIA L4, 23034 MiB, 21350 MiB, 1297 MiB, 93 %
2026/09/24 09:26:28.112, NVIDIA L4, 23034 MiB, 21350 MiB, 1297 MiB, 94 %
2026/09/24 09:26:29.112, NVIDIA L4, 23034 MiB, 21350 MiB, 1297 MiB, 94 %
2026/09/24 09:26:30.112, NVIDIA L4, 23034 MiB, 21350 MiB, 1297 MiB, 94 %
2026/09/24 09:26:31.113, NVIDIA L4, 23034 MiB, 21350 MiB, 1297 MiB, 94 %
2026/09/24 09:26:32.113, NVIDIA L4, 23034 MiB, 21350 MiB, 1297 MiB, 92 %
2026/09/24 09:26:33.113, NVIDIA L4, 23034 MiB, 21350 MiB, 1297 MiB, 94 %
2026/09/24 09:26:34.114, NVIDIA L4, 23034 MiB, 21350 MiB, 1297 MiB, 93 %
2026/09/24 09:26:35.114, NVIDIA L4, 23034 MiB, 21350 MiB, 1297 MiB, 93 %
2026/09/24 09:26:36.114, NVIDIA L4, 23034 MiB, 21350 MiB, 1297 MiB, 94 %
2026/09/24 09:26:37.114, NVIDIA L4, 23034 MiB, 21350 MiB, 1297 MiB, 94 %
2026/09/24 09:26:38.115, NVIDIA L4, 23034 MiB, 21350 MiB, 1297 MiB, 94 %
2026/09/24 09:26:39.115, NVIDIA L4, 23034 MiB, 21350 MiB, 1297 MiB, 93 %
2026/09/24 09:26:40.115, NVIDIA L4, 23034 MiB, 21350 MiB, 1297 MiB, 94 %
2026/09/24 09:26:41.116, NVIDIA L4, 23034 MiB, 21350 MiB, 1297 MiB, 93 %
2026/09/24 09:26:42.116, NVIDIA L4, 23034 MiB, 21350 MiB, 1297 MiB, 93 %
2026/09/24 09:26:43.116, NVIDIA L4, 23034 MiB, 21350 MiB, 1297 MiB, 92 %
2026/09/24 09:26:44.117, NVIDIA L4, 23034 MiB, 21350 MiB, 1297 MiB, 93 %
2026/09/24 09:26:45.117, NVIDIA L4, 23034 MiB, 21350 MiB, 1297 MiB, 94 %
2026/09/24 09:26:46.117, NVIDIA L4, 23034 MiB, 21350 MiB, 1297 MiB, 93 %
2026/09/24 09:26:47.117, NVIDIA L4, 23034 MiB, 21350 MiB, 1297 MiB, 94 %
2026/09/24 09:26:48.118, NVIDIA L4, 23034 MiB, 21350 MiB, 1297 MiB, 94 %
2026/09/24 09:26:49.118, NVIDIA L4, 23034 MiB, 21350 MiB, 1297 MiB, 94 %
2026/09/24 09:26:50.118, NVIDIA L4, 23034 MiB, 21350 MiB, 1297 MiB, 94 %
2026/09/24 09:26:51.118, NVIDIA L4, 23034 MiB, 21350 MiB, 1297 MiB, 94 %
2026/09/24 09:26:52.119, NVIDIA L4, 23034 MiB, 21350 MiB, 1297 MiB, 93 %
2026/09/24 09:26:53.119, NVIDIA L4, 23034 MiB, 21350 MiB, 1297 MiB, 94 %
2026/09/24 09:26:54.119, NVIDIA L4, 23034 MiB, 21350 MiB, 1297 MiB, 93 %
2026/09/24 09:26:55.120, NVIDIA L4, 23034 MiB, 21350 MiB, 1297 MiB, 94 %
2026/09/24 09:26:56.120, NVIDIA L4, 23034 MiB, 21350 MiB, 1297 MiB, 93 %
2026/09/24 09:26:57.120, NVIDIA L4, 23034 MiB, 21350 MiB, 1297 MiB, 94 %
2026/09/24 09:26:58.120, NVIDIA L4, 23034 MiB, 21350 MiB, 1297 MiB, 94 %
2026/09/24 09:26:59.121, NVIDIA L4, 23034 MiB, 21350 MiB, 1297 MiB, 93 %
2026/09/24 09:27:00.121, NVIDIA L4, 23034 MiB, 21350 MiB, 1297 MiB, 92 %
2026/09/24 09:27:01.121, NVIDIA L4, 23034 MiB, 21350 MiB, 1297 MiB, 74 %
2026/09/24 09:27:02.121, NVIDIA L4, 23034 MiB, 21350 MiB, 1297 MiB, 91 %
2026/09/24 09:27:03.122, NVIDIA L4, 23034 MiB, 21350 MiB, 1297 MiB, 93 %
2026/09/24 09:27:04.122, NVIDIA L4, 23034 MiB, 21350 MiB, 1297 MiB, 93 %
2026/09/24 09:27:05.122, NVIDIA L4, 23034 MiB, 21350 MiB, 1297 MiB, 92 %
2026/09/24 09:27:06.123, NVIDIA L4, 23034 MiB, 21350 MiB, 1297 MiB, 94 %
2026/09/24 09:27:07.123, NVIDIA L4, 23034 MiB, 21350 MiB, 1297 MiB, 94 %
2026/09/24 09:27:08.123, NVIDIA L4, 23034 MiB, 21350 MiB, 1297 MiB, 94 %
2026/09/24 09:27:09.123, NVIDIA L4, 23034 MiB, 21350 MiB, 1297 MiB, 94 %
2026/09/24 09:27:10.124, NVIDIA L4, 23034 MiB, 21350 MiB, 1297 MiB, 94 %
2026/09/24 09:27:11.124, NVIDIA L4, 23034 MiB, 21350 MiB, 1297 MiB, 93 %
2026/09/24 09:27:12.124, NVIDIA L4, 23034 MiB, 21350 MiB, 1297 MiB, 93 %
2026/09/24 09:27:13.125, NVIDIA L4, 23034 MiB, 21350 MiB, 1297 MiB, 0 %
2026/09/24 09:27:14.125, NVIDIA L4, 23034 MiB, 21350 MiB, 1297 MiB, 0 %
2026/09/24 09:27:15.125, NVIDIA L4, 23034 MiB, 21350 MiB, 1297 MiB, 91 %
2026/09/24 09:27:16.126, NVIDIA L4, 23034 MiB, 21350 MiB, 1297 MiB, 94 %
2026/09/24 09:27:17.126, NVIDIA L4, 23034 MiB, 21350 MiB, 1297 MiB, 94 %
2026/09/24 09:27:18.126, NVIDIA L4, 23034 MiB, 21350 MiB, 1297 MiB, 94 %
2026/09/24 09:27:19.126, NVIDIA L4, 23034 MiB, 21350 MiB, 1297 MiB, 94 %
2026/09/24 09:27:20.127, NVIDIA L4, 23034 MiB, 21350 MiB, 1297 MiB, 94 %
2026/09/24 09:27:21.127, NVIDIA L4, 23034 MiB, 21350 MiB, 1297 MiB, 93 %
2026/09/24 09:27:22.127, NVIDIA L4, 23034 MiB, 21350 MiB, 1297 MiB, 94 %
2026/09/24 09:27:23.128, NVIDIA L4, 23034 MiB, 21350 MiB, 1297 MiB, 94 %
2026/09/24 09:27:24.128, NVIDIA L4, 23034 MiB, 21350 MiB, 1297 MiB, 93 %
2026/09/24 09:27:25.128, NVIDIA L4, 23034 MiB, 21350 MiB, 1297 MiB, 93 %
2026/09/24 09:27:26.129, NVIDIA L4, 23034 MiB, 21350 MiB, 1297 MiB, 94 %
2026/09/24 09:27:27.129, NVIDIA L4, 23034 MiB, 21350 MiB, 1297 MiB, 92 %
2026/09/24 09:27:28.129, NVIDIA L4, 23034 MiB, 21350 MiB, 1297 MiB, 94 %
2026/09/24 09:27:29.130, NVIDIA L4, 23034 MiB, 21350 MiB, 1297 MiB, 94 %
2026/09/24 09:27:30.130, NVIDIA L4, 23034 MiB, 21350 MiB, 1297 MiB, 94 %
2026/09/24 09:27:31.130, NVIDIA L4, 23034 MiB, 21350 MiB, 1297 MiB, 94 %
2026/09/24 09:27:32.130, NVIDIA L4, 23034 MiB, 21350 MiB, 1297 MiB, 94 %
2026/09/24 09:27:33.131, NVIDIA L4, 23034 MiB, 21350 MiB, 1297 MiB, 94 %
2026/09/24 09:27:34.131, NVIDIA L4, 23034 MiB, 21350 MiB, 1297 MiB, 93 %
2026/09/24 09:27:35.131, NVIDIA L4, 23034 MiB, 21350 MiB, 1297 MiB, 94 %
2026/09/24 09:27:36.131, NVIDIA L4, 23034 MiB, 21350 MiB, 1297 MiB, 94 %
2026/09/24 09:27:37.132, NVIDIA L4, 23034 MiB, 21350 MiB, 1297 MiB, 93 %
2026/09/24 09:27:38.132, NVIDIA L4, 23034 MiB, 21350 MiB, 1297 MiB, 94 %
2026/09/24 09:27:39.132, NVIDIA L4, 23034 MiB, 21350 MiB, 1297 MiB, 94 %
2026/09/24 09:27:40.133, NVIDIA L4, 23034 MiB, 21350 MiB, 1297 MiB, 94 %
2026/09/24 09:27:41.133, NVIDIA L4, 23034 MiB, 21350 MiB, 1297 MiB, 94 %
2026/09/24 09:27:42.133, NVIDIA L4, 23034 MiB, 21350 MiB, 1297 MiB, 93 %
2026/09/24 09:27:43.133, NVIDIA L4, 23034 MiB, 21350 MiB, 1297 MiB, 94 %
2026/09/24 09:27:44.134, NVIDIA L4, 23034 MiB, 21350 MiB, 1297 MiB, 94 %
2026/09/24 09:27:45.134, NVIDIA L4, 23034 MiB, 21350 MiB, 1297 MiB, 93 %
2026/09/24 09:27:46.134, NVIDIA L4, 23034 MiB, 21350 MiB, 1297 MiB, 94 %
2026/09/24 09:27:47.135, NVIDIA L4, 23034 MiB, 21350 MiB, 1297 MiB, 93 %
2026/09/24 09:27:48.135, NVIDIA L4, 23034 MiB, 21350 MiB, 1297 MiB, 94 %
2026/09/24 09:27:49.135, NVIDIA L4, 23034 MiB, 21350 MiB, 1297 MiB, 94 %
2026/09/24 09:27:50.135, NVIDIA L4, 23034 MiB, 21350 MiB, 1297 MiB, 92 %
2026/09/24 09:27:51.136, NVIDIA L4, 23034 MiB, 21350 MiB, 1297 MiB, 94 %
2026/09/24 09:27:52.137, NVIDIA L4, 23034 MiB, 21350 MiB, 1297 MiB, 93 %
2026/09/24 09:27:53.138, NVIDIA L4, 23034 MiB, 21350 MiB, 1297 MiB, 94 %
2026/09/24 09:27:54.138, NVIDIA L4, 23034 MiB, 21350 MiB, 1297 MiB, 92 %
2026/09/24 09:27:55.138, NVIDIA L4, 23034 MiB, 21350 MiB, 1297 MiB, 94 %
2026/09/24 09:27:56.138, NVIDIA L4, 23034 MiB, 21350 MiB, 1297 MiB, 94 %
2026/09/24 09:27:57.139, NVIDIA L4, 23034 MiB, 21350 MiB, 1297 MiB, 94 %
2026/09/24 09:27:58.139, NVIDIA L4, 23034 MiB, 21350 MiB, 1297 MiB, 93 %
2026/09/24 09:27:59.139, NVIDIA L4, 23034 MiB, 21350 MiB, 1297 MiB, 93 %
2026/09/24 09:28:00.140, NVIDIA L4, 23034 MiB, 21350 MiB, 1297 MiB, 94 %
2026/09/24 09:28:01.140, NVIDIA L4, 23034 MiB, 21350 MiB, 1297 MiB, 94 %
2026/09/24 09:28:02.140, NVIDIA L4, 23034 MiB, 21350 MiB, 1297 MiB, 93 %
2026/09/24 09:28:03.140, NVIDIA L4, 23034 MiB, 21350 MiB, 1297 MiB, 94 %
2026/09/24 09:28:04.141, NVIDIA L4, 23034 MiB, 21350 MiB, 1297 MiB, 94 %
2026/09/24 09:28:05.141, NVIDIA L4, 23034 MiB, 21350 MiB, 1297 MiB, 91 %
2026/09/24 09:28:06.141, NVIDIA L4, 23034 MiB, 21350 MiB, 1297 MiB, 93 %
2026/09/24 09:28:07.141, NVIDIA L4, 23034 MiB, 21350 MiB, 1297 MiB, 92 %
2026/09/24 09:28:08.142, NVIDIA L4, 23034 MiB, 21350 MiB, 1297 MiB, 93 %
2026/09/24 09:28:09.142, NVIDIA L4, 23034 MiB, 21350 MiB, 1297 MiB, 93 %
2026/09/24 09:28:10.142, NVIDIA L4, 23034 MiB, 21350 MiB, 1297 MiB, 94 %
2026/09/24 09:28:11.143, NVIDIA L4, 23034 MiB, 21350 MiB, 1297 MiB, 93 %
2026/09/24 09:28:12.143, NVIDIA L4, 23034 MiB, 21350 MiB, 1297 MiB, 93 %
2026/09/24 09:28:13.143, NVIDIA L4, 23034 MiB, 21350 MiB, 1297 MiB, 90 %
2026/09/24 09:28:14.143, NVIDIA L4, 23034 MiB, 21350 MiB, 1297 MiB, 93 %
2026/09/24 09:28:15.144, NVIDIA L4, 23034 MiB, 21350 MiB, 1297 MiB, 93 %
2026/09/24 09:28:16.144, NVIDIA L4, 23034 MiB, 21350 MiB, 1297 MiB, 92 %
2026/09/24 09:28:17.144, NVIDIA L4, 23034 MiB, 21350 MiB, 1297 MiB, 93 %
2026/09/24 09:28:18.145, NVIDIA L4, 23034 MiB, 21350 MiB, 1297 MiB, 93 %
2026/09/24 09:28:19.145, NVIDIA L4, 23034 MiB, 21350 MiB, 1297 MiB, 94 %
2026/09/24 09:28:20.145, NVIDIA L4, 23034 MiB, 21350 MiB, 1297 MiB, 93 %
2026/09/24 09:28:21.145, NVIDIA L4, 23034 MiB, 21350 MiB, 1297 MiB, 94 %
2026/09/24 09:28:22.146, NVIDIA L4, 23034 MiB, 21350 MiB, 1297 MiB, 94 %
2026/09/24 09:28:23.146, NVIDIA L4, 23034 MiB, 21350 MiB, 1297 MiB, 94 %
2026/09/24 09:28:24.146, NVIDIA L4, 23034 MiB, 21350 MiB, 1297 MiB, 93 %
2026/09/24 09:28:25.147, NVIDIA L4, 23034 MiB, 21350 MiB, 1297 MiB, 94 %
2026/09/24 09:28:26.147, NVIDIA L4, 23034 MiB, 21350 MiB, 1297 MiB, 93 %
2026/09/24 09:28:27.147, NVIDIA L4, 23034 MiB, 21350 MiB, 1297 MiB, 93 %
2026/09/24 09:28:28.148, NVIDIA L4, 23034 MiB, 21350 MiB, 1297 MiB, 94 %
2026/09/24 09:28:29.148, NVIDIA L4, 23034 MiB, 21350 MiB, 1297 MiB, 94 %
2026/09/24 09:28:30.148, NVIDIA L4, 23034 MiB, 21350 MiB, 1297 MiB, 94 %
2026/09/24 09:28:31.148, NVIDIA L4, 23034 MiB, 21350 MiB, 1297 MiB, 94 %
2026/09/24 09:28:32.149, NVIDIA L4, 23034 MiB, 21350 MiB, 1297 MiB, 94 %
2026/09/24 09:28:33.149, NVIDIA L4, 23034 MiB, 21350 MiB, 1297 MiB, 94 %
2026/09/24 09:28:34.149, NVIDIA L4, 23034 MiB, 21350 MiB, 1297 MiB, 93 %
2026/09/24 09:28:35.150, NVIDIA L4, 23034 MiB, 21350 MiB, 1297 MiB, 93 %
2026/09/24 09:28:36.150, NVIDIA L4, 23034 MiB, 21350 MiB, 1297 MiB, 92 %
2026/09/24 09:28:37.150, NVIDIA L4, 23034 MiB, 21350 MiB, 1297 MiB, 94 %
2026/09/24 09:28:38.150, NVIDIA L4, 23034 MiB, 21350 MiB, 1297 MiB, 94 %
2026/09/24 09:28:39.151, NVIDIA L4, 23034 MiB, 21350 MiB, 1297 MiB, 91 %
2026/09/24 09:28:40.151, NVIDIA L4, 23034 MiB, 21350 MiB, 1297 MiB, 93 %
2026/09/24 09:28:41.151, NVIDIA L4, 23034 MiB, 21350 MiB, 1297 MiB, 94 %
2026/09/24 09:28:42.152, NVIDIA L4, 23034 MiB, 21350 MiB, 1297 MiB, 94 %
2026/09/24 09:28:43.152, NVIDIA L4, 23034 MiB, 21350 MiB, 1297 MiB, 94 %
2026/09/24 09:28:44.152, NVIDIA L4, 23034 MiB, 21350 MiB, 1297 MiB, 92 %
2026/09/24 09:28:45.152, NVIDIA L4, 23034 MiB, 21350 MiB, 1297 MiB, 94 %
2026/09/24 09:28:46.153, NVIDIA L4, 23034 MiB, 21350 MiB, 1297 MiB, 94 %
2026/09/24 09:28:47.153, NVIDIA L4, 23034 MiB, 21350 MiB, 1297 MiB, 94 %
2026/09/24 09:28:48.153, NVIDIA L4, 23034 MiB, 21350 MiB, 1297 MiB, 94 %
2026/09/24 09:28:49.154, NVIDIA L4, 23034 MiB, 21350 MiB, 1297 MiB, 94 %
2026/09/24 09:28:50.154, NVIDIA L4, 23034 MiB, 21350 MiB, 1297 MiB, 94 %
2026/09/24 09:28:51.154, NVIDIA L4, 23034 MiB, 21350 MiB, 1297 MiB, 94 %
2026/09/24 09:28:52.154, NVIDIA L4, 23034 MiB, 21350 MiB, 1297 MiB, 93 %
2026/09/24 09:28:53.155, NVIDIA L4, 23034 MiB, 21350 MiB, 1297 MiB, 93 %
2026/09/24 09:28:54.155, NVIDIA L4, 23034 MiB, 21350 MiB, 1297 MiB, 93 %
2026/09/24 09:28:55.155, NVIDIA L4, 23034 MiB, 21350 MiB, 1297 MiB, 94 %
2026/09/24 09:28:56.156, NVIDIA L4, 23034 MiB, 21350 MiB, 1297 MiB, 92 %
2026/09/24 09:28:57.156, NVIDIA L4, 23034 MiB, 21350 MiB, 1297 MiB, 94 %
2026/09/24 09:28:58.156, NVIDIA L4, 23034 MiB, 21350 MiB, 1297 MiB, 94 %
2026/09/24 09:28:59.156, NVIDIA L4, 23034 MiB, 21350 MiB, 1297 MiB, 94 %
2026/09/24 09:29:00.157, NVIDIA L4, 23034 MiB, 21350 MiB, 1297 MiB, 94 %
2026/09/24 09:29:01.157, NVIDIA L4, 23034 MiB, 21350 MiB, 1297 MiB, 94 %
2026/09/24 09:29:02.157, NVIDIA L4, 23034 MiB, 21350 MiB, 1297 MiB, 94 %
2026/09/24 09:29:03.158, NVIDIA L4, 23034 MiB, 21350 MiB, 1297 MiB, 93 %
2026/09/24 09:29:04.158, NVIDIA L4, 23034 MiB, 21350 MiB, 1297 MiB, 94 %
2026/09/24 09:29:05.158, NVIDIA L4, 23034 MiB, 21350 MiB, 1297 MiB, 93 %
2026/09/24 09:29:06.158, NVIDIA L4, 23034 MiB, 21350 MiB, 1297 MiB, 94 %
2026/09/24 09:29:07.159, NVIDIA L4, 23034 MiB, 21350 MiB, 1297 MiB, 94 %
2026/09/24 09:29:08.159, NVIDIA L4, 23034 MiB, 21350 MiB, 1297 MiB, 94 %
2026/09/24 09:29:09.159, NVIDIA L4, 23034 MiB, 21350 MiB, 1297 MiB, 94 %
2026/09/24 09:29:10.159, NVIDIA L4, 23034 MiB, 21350 MiB, 1297 MiB, 94 %
2026/09/24 09:29:11.160, NVIDIA L4, 23034 MiB, 21350 MiB, 1297 MiB, 94 %
2026/09/24 09:29:12.160, NVIDIA L4, 23034 MiB, 21350 MiB, 1297 MiB, 94 %
2026/09/24 09:29:13.160, NVIDIA L4, 23034 MiB, 21350 MiB, 1297 MiB, 94 %
2026/09/24 09:29:14.161, NVIDIA L4, 23034 MiB, 21350 MiB, 1297 MiB, 94 %
2026/09/24 09:29:15.161, NVIDIA L4, 23034 MiB, 21350 MiB, 1297 MiB, 94 %
2026/09/24 09:29:16.161, NVIDIA L4, 23034 MiB, 21350 MiB, 1297 MiB, 93 %
2026/09/24 09:29:17.161, NVIDIA L4, 23034 MiB, 21350 MiB, 1297 MiB, 93 %
2026/09/24 09:29:18.162, NVIDIA L4, 23034 MiB, 21350 MiB, 1297 MiB, 94 %
2026/09/24 09:29:19.162, NVIDIA L4, 23034 MiB, 21350 MiB, 1297 MiB, 95 %
2026/09/24 09:29:20.162, NVIDIA L4, 23034 MiB, 21350 MiB, 1297 MiB, 94 %
2026/09/24 09:29:21.163, NVIDIA L4, 23034 MiB, 21350 MiB, 1297 MiB, 94 %
2026/09/24 09:29:22.163, NVIDIA L4, 23034 MiB, 21350 MiB, 1297 MiB, 94 %
2026/09/24 09:29:23.163, NVIDIA L4, 23034 MiB, 21350 MiB, 1297 MiB, 94 %
2026/09/24 09:29:24.163, NVIDIA L4, 23034 MiB, 21350 MiB, 1297 MiB, 92 %
2026/09/24 09:29:25.164, NVIDIA L4, 23034 MiB, 21350 MiB, 1297 MiB, 94 %
2026/09/24 09:29:26.164, NVIDIA L4, 23034 MiB, 21350 MiB, 1297 MiB, 93 %
2026/09/24 09:29:27.164, NVIDIA L4, 23034 MiB, 21350 MiB, 1297 MiB, 94 %
2026/09/24 09:29:28.165, NVIDIA L4, 23034 MiB, 21350 MiB, 1297 MiB, 94 %
2026/09/24 09:29:29.165, NVIDIA L4, 23034 MiB, 21350 MiB, 1297 MiB, 94 %
2026/09/24 09:29:30.165, NVIDIA L4, 23034 MiB, 21350 MiB, 1297 MiB, 94 %
2026/09/24 09:29:31.165, NVIDIA L4, 23034 MiB, 21350 MiB, 1297 MiB, 93 %
2026/09/24 09:29:32.166, NVIDIA L4, 23034 MiB, 21350 MiB, 1297 MiB, 94 %
2026/09/24 09:29:33.166, NVIDIA L4, 23034 MiB, 21350 MiB, 1297 MiB, 94 %
2026/09/24 09:29:34.166, NVIDIA L4, 23034 MiB, 21350 MiB, 1297 MiB, 93 %
2026/09/24 09:29:35.167, NVIDIA L4, 23034 MiB, 21350 MiB, 1297 MiB, 93 %
2026/09/24 09:29:36.167, NVIDIA L4, 23034 MiB, 21350 MiB, 1297 MiB, 94 %
2026/09/24 09:29:37.167, NVIDIA L4, 23034 MiB, 21350 MiB, 1297 MiB, 94 %
2026/09/24 09:29:38.167, NVIDIA L4, 23034 MiB, 21350 MiB, 1297 MiB, 94 %
2026/09/24 09:29:39.168, NVIDIA L4, 23034 MiB, 21350 MiB, 1297 MiB, 94 %
2026/09/24 09:29:40.168, NVIDIA L4, 23034 MiB, 21350 MiB, 1297 MiB, 94 %
2026/09/24 09:29:41.168, NVIDIA L4, 23034 MiB, 21350 MiB, 1297 MiB, 94 %
2026/09/24 09:29:42.169, NVIDIA L4, 23034 MiB, 21350 MiB, 1297 MiB, 93 %
2026/09/24 09:29:43.169, NVIDIA L4, 23034 MiB, 21350 MiB, 1297 MiB, 94 %
2026/09/24 09:29:44.169, NVIDIA L4, 23034 MiB, 21350 MiB, 1297 MiB, 92 %
2026/09/24 09:29:45.169, NVIDIA L4, 23034 MiB, 21350 MiB, 1297 MiB, 94 %
2026/09/24 09:29:46.170, NVIDIA L4, 23034 MiB, 21350 MiB, 1297 MiB, 94 %
2026/09/24 09:29:47.170, NVIDIA L4, 23034 MiB, 21350 MiB, 1297 MiB, 93 %
2026/09/24 09:29:48.170, NVIDIA L4, 23034 MiB, 21350 MiB, 1297 MiB, 94 %
2026/09/24 09:29:49.171, NVIDIA L4, 23034 MiB, 21350 MiB, 1297 MiB, 92 %
2026/09/24 09:29:50.171, NVIDIA L4, 23034 MiB, 21350 MiB, 1297 MiB, 94 %
2026/09/24 09:29:51.171, NVIDIA L4, 23034 MiB, 21350 MiB, 1297 MiB, 94 %
2026/09/24 09:29:52.171, NVIDIA L4, 23034 MiB, 21350 MiB, 1297 MiB, 93 %
2026/09/24 09:29:53.172, NVIDIA L4, 23034 MiB, 21350 MiB, 1297 MiB, 94 %
2026/09/24 09:29:54.172, NVIDIA L4, 23034 MiB, 21350 MiB, 1297 MiB, 94 %
2026/09/24 09:29:55.172, NVIDIA L4, 23034 MiB, 21350 MiB, 1297 MiB, 93 %
2026/09/24 09:29:56.173, NVIDIA L4, 23034 MiB, 21350 MiB, 1297 MiB, 94 %
2026/09/24 09:29:57.173, NVIDIA L4, 23034 MiB, 21350 MiB, 1297 MiB, 94 %
2026/09/24 09:29:58.173, NVIDIA L4, 23034 MiB, 21350 MiB, 1297 MiB, 94 %
2026/09/24 09:29:59.173, NVIDIA L4, 23034 MiB, 21350 MiB, 1297 MiB, 93 %
2026/09/24 09:30:00.174, NVIDIA L4, 23034 MiB, 21350 MiB, 1297 MiB, 72 %
2026/09/24 09:30:01.174, NVIDIA L4, 23034 MiB, 21350 MiB, 1297 MiB, 94 %
2026/09/24 09:30:02.174, NVIDIA L4, 23034 MiB, 21350 MiB, 1297 MiB, 94 %
2026/09/24 09:30:03.175, NVIDIA L4, 23034 MiB, 21350 MiB, 1297 MiB, 94 %
2026/09/24 09:30:04.175, NVIDIA L4, 23034 MiB, 21350 MiB, 1297 MiB, 94 %
2026/09/24 09:30:05.175, NVIDIA L4, 23034 MiB, 21350 MiB, 1297 MiB, 94 %
2026/09/24 09:30:06.175, NVIDIA L4, 23034 MiB, 21350 MiB, 1297 MiB, 93 %
2026/09/24 09:30:07.176, NVIDIA L4, 23034 MiB, 21350 MiB, 1297 MiB, 92 %
2026/09/24 09:30:08.176, NVIDIA L4, 23034 MiB, 21350 MiB, 1297 MiB, 93 %
2026/09/24 09:30:09.176, NVIDIA L4, 23034 MiB, 21350 MiB, 1297 MiB, 93 %
2026/09/24 09:30:10.177, NVIDIA L4, 23034 MiB, 21350 MiB, 1297 MiB, 93 %
2026/09/24 09:30:11.177, NVIDIA L4, 23034 MiB, 21350 MiB, 1297 MiB, 94 %
2026/09/24 09:30:12.177, NVIDIA L4, 23034 MiB, 21350 MiB, 1297 MiB, 93 %
2026/09/24 09:30:13.177, NVIDIA L4, 23034 MiB, 21350 MiB, 1297 MiB, 94 %
2026/09/24 09:30:14.178, NVIDIA L4, 23034 MiB, 21350 MiB, 1297 MiB, 94 %
2026/09/24 09:30:15.178, NVIDIA L4, 23034 MiB, 21350 MiB, 1297 MiB, 0 %
2026/09/24 09:30:16.178, NVIDIA L4, 23034 MiB, 21350 MiB, 1297 MiB, 0 %
2026/09/24 09:30:17.178, NVIDIA L4, 23034 MiB, 21350 MiB, 1297 MiB, 0 %
2026/09/24 09:30:18.179, NVIDIA L4, 23034 MiB, 21350 MiB, 1297 MiB, 94 %
2026/09/24 09:30:19.179, NVIDIA L4, 23034 MiB, 21350 MiB, 1297 MiB, 93 %
2026/09/24 09:30:20.179, NVIDIA L4, 23034 MiB, 21350 MiB, 1297 MiB, 94 %
2026/09/24 09:30:21.180, NVIDIA L4, 23034 MiB, 21350 MiB, 1297 MiB, 94 %
2026/09/24 09:30:22.180, NVIDIA L4, 23034 MiB, 21350 MiB, 1297 MiB, 94 %
2026/09/24 09:30:23.180, NVIDIA L4, 23034 MiB, 21350 MiB, 1297 MiB, 94 %
2026/09/24 09:30:24.180, NVIDIA L4, 23034 MiB, 21350 MiB, 1297 MiB, 94 %
2026/09/24 09:30:25.181, NVIDIA L4, 23034 MiB, 21350 MiB, 1297 MiB, 94 %
2026/09/24 09:30:26.181, NVIDIA L4, 23034 MiB, 21350 MiB, 1297 MiB, 92 %
2026/09/24 09:30:27.181, NVIDIA L4, 23034 MiB, 21350 MiB, 1297 MiB, 94 %
2026/09/24 09:30:28.182, NVIDIA L4, 23034 MiB, 21350 MiB, 1297 MiB, 42 %
2026/09/24 09:30:29.182, NVIDIA L4, 23034 MiB, 21350 MiB, 1297 MiB, 94 %
2026/09/24 09:30:30.182, NVIDIA L4, 23034 MiB, 21350 MiB, 1297 MiB, 94 %
2026/09/24 09:30:31.182, NVIDIA L4, 23034 MiB, 21350 MiB, 1297 MiB, 94 %
2026/09/24 09:30:32.183, NVIDIA L4, 23034 MiB, 21350 MiB, 1297 MiB, 92 %
2026/09/24 09:30:33.183, NVIDIA L4, 23034 MiB, 21350 MiB, 1297 MiB, 93 %
2026/09/24 09:30:34.183, NVIDIA L4, 23034 MiB, 21350 MiB, 1297 MiB, 93 %
2026/09/24 09:30:35.184, NVIDIA L4, 23034 MiB, 21350 MiB, 1297 MiB, 94 %
2026/09/24 09:30:36.184, NVIDIA L4, 23034 MiB, 21350 MiB, 1297 MiB, 40 %
2026/09/24 09:30:37.184, NVIDIA L4, 23034 MiB, 21350 MiB, 1297 MiB, 94 %
2026/09/24 09:30:38.185, NVIDIA L4, 23034 MiB, 21350 MiB, 1297 MiB, 94 %
2026/09/24 09:30:39.185, NVIDIA L4, 23034 MiB, 21350 MiB, 1297 MiB, 94 %
2026/09/24 09:30:40.185, NVIDIA L4, 23034 MiB, 21350 MiB, 1297 MiB, 94 %
2026/09/24 09:30:41.185, NVIDIA L4, 23034 MiB, 21350 MiB, 1297 MiB, 93 %
2026/09/24 09:30:42.186, NVIDIA L4, 23034 MiB, 21350 MiB, 1297 MiB, 94 %
2026/09/24 09:30:43.186, NVIDIA L4, 23034 MiB, 21350 MiB, 1297 MiB, 94 %
2026/09/24 09:30:44.186, NVIDIA L4, 23034 MiB, 21350 MiB, 1297 MiB, 93 %
2026/09/24 09:30:45.187, NVIDIA L4, 23034 MiB, 21350 MiB, 1297 MiB, 94 %
2026/09/24 09:30:46.187, NVIDIA L4, 23034 MiB, 21350 MiB, 1297 MiB, 94 %
2026/09/24 09:30:47.187, NVIDIA L4, 23034 MiB, 21350 MiB, 1297 MiB, 92 %
2026/09/24 09:30:48.187, NVIDIA L4, 23034 MiB, 21350 MiB, 1297 MiB, 94 %
2026/09/24 09:30:49.188, NVIDIA L4, 23034 MiB, 21350 MiB, 1297 MiB, 94 %
2026/09/24 09:30:50.188, NVIDIA L4, 23034 MiB, 21350 MiB, 1297 MiB, 94 %
2026/09/24 09:30:51.188, NVIDIA L4, 23034 MiB, 21350 MiB, 1297 MiB, 93 %
2026/09/24 09:30:52.188, NVIDIA L4, 23034 MiB, 21350 MiB, 1297 MiB, 94 %
2026/09/24 09:30:53.189, NVIDIA L4, 23034 MiB, 21350 MiB, 1297 MiB, 94 %
2026/09/24 09:30:54.189, NVIDIA L4, 23034 MiB, 21350 MiB, 1297 MiB, 94 %
2026/09/24 09:30:55.189, NVIDIA L4, 23034 MiB, 21350 MiB, 1297 MiB, 94 %
2026/09/24 09:30:56.190, NVIDIA L4, 23034 MiB, 21350 MiB, 1297 MiB, 93 %
2026/09/24 09:30:57.190, NVIDIA L4, 23034 MiB, 21350 MiB, 1297 MiB, 94 %
2026/09/24 09:30:58.190, NVIDIA L4, 23034 MiB, 21350 MiB, 1297 MiB, 94 %
2026/09/24 09:30:59.190, NVIDIA L4, 23034 MiB, 21350 MiB, 1297 MiB, 93 %
2026/09/24 09:31:00.191, NVIDIA L4, 23034 MiB, 21350 MiB, 1297 MiB, 92 %
2026/09/24 09:31:01.191, NVIDIA L4, 23034 MiB, 21350 MiB, 1297 MiB, 91 %
2026/09/24 09:31:02.191, NVIDIA L4, 23034 MiB, 21350 MiB, 1297 MiB, 94 %
2026/09/24 09:31:03.192, NVIDIA L4, 23034 MiB, 21350 MiB, 1297 MiB, 94 %
2026/09/24 09:31:04.192, NVIDIA L4, 23034 MiB, 21350 MiB, 1297 MiB, 94 %
2026/09/24 09:31:05.192, NVIDIA L4, 23034 MiB, 21350 MiB, 1297 MiB, 92 %
2026/09/24 09:31:06.192, NVIDIA L4, 23034 MiB, 21350 MiB, 1297 MiB, 94 %
2026/09/24 09:31:07.193, NVIDIA L4, 23034 MiB, 21350 MiB, 1297 MiB, 94 %
2026/09/24 09:31:08.193, NVIDIA L4, 23034 MiB, 21350 MiB, 1297 MiB, 94 %
2026/09/24 09:31:09.193, NVIDIA L4, 23034 MiB, 21350 MiB, 1297 MiB, 94 %
2026/09/24 09:31:10.193, NVIDIA L4, 23034 MiB, 21350 MiB, 1297 MiB, 94 %
2026/09/24 09:31:11.194, NVIDIA L4, 23034 MiB, 21350 MiB, 1297 MiB, 94 %
2026/09/24 09:31:12.194, NVIDIA L4, 23034 MiB, 21350 MiB, 1297 MiB, 94 %
2026/09/24 09:31:13.194, NVIDIA L4, 23034 MiB, 21350 MiB, 1297 MiB, 94 %
2026/09/24 09:31:14.195, NVIDIA L4, 23034 MiB, 21350 MiB, 1297 MiB, 94 %
2026/09/24 09:31:15.195, NVIDIA L4, 23034 MiB, 21350 MiB, 1297 MiB, 93 %
2026/09/24 09:31:16.195, NVIDIA L4, 23034 MiB, 21350 MiB, 1297 MiB, 93 %
2026/09/24 09:31:17.195, NVIDIA L4, 23034 MiB, 21350 MiB, 1297 MiB, 93 %
2026/09/24 09:31:18.196, NVIDIA L4, 23034 MiB, 21350 MiB, 1297 MiB, 94 %
2026/09/24 09:31:19.196, NVIDIA L4, 23034 MiB, 21350 MiB, 1297 MiB, 93 %
2026/09/24 09:31:20.196, NVIDIA L4, 23034 MiB, 21350 MiB, 1297 MiB, 94 %
2026/09/24 09:31:21.196, NVIDIA L4, 23034 MiB, 21350 MiB, 1297 MiB, 94 %
2026/09/24 09:31:22.197, NVIDIA L4, 23034 MiB, 21350 MiB, 1297 MiB, 94 %
2026/09/24 09:31:23.197, NVIDIA L4, 23034 MiB, 21350 MiB, 1297 MiB, 94 %
2026/09/24 09:31:24.197, NVIDIA L4, 23034 MiB, 21350 MiB, 1297 MiB, 94 %
2026/09/24 09:31:25.197, NVIDIA L4, 23034 MiB, 21350 MiB, 1297 MiB, 94 %
2026/09/24 09:31:26.198, NVIDIA L4, 23034 MiB, 21350 MiB, 1297 MiB, 94 %
2026/09/24 09:31:27.198, NVIDIA L4, 23034 MiB, 21350 MiB, 1297 MiB, 94 %
2026/09/24 09:31:28.198, NVIDIA L4, 23034 MiB, 21350 MiB, 1297 MiB, 94 %
2026/09/24 09:31:29.199, NVIDIA L4, 23034 MiB, 21350 MiB, 1297 MiB, 94 %
2026/09/24 09:31:30.199, NVIDIA L4, 23034 MiB, 21350 MiB, 1297 MiB, 92 %
2026/09/24 09:31:31.199, NVIDIA L4, 23034 MiB, 21350 MiB, 1297 MiB, 93 %
2026/09/24 09:31:32.199, NVIDIA L4, 23034 MiB, 21350 MiB, 1297 MiB, 94 %
2026/09/24 09:31:33.200, NVIDIA L4, 23034 MiB, 21350 MiB, 1297 MiB, 94 %
2026/09/24 09:31:34.200, NVIDIA L4, 23034 MiB, 21350 MiB, 1297 MiB, 93 %
2026/09/24 09:31:35.200, NVIDIA L4, 23034 MiB, 21350 MiB, 1297 MiB, 94 %
2026/09/24 09:31:36.200, NVIDIA L4, 23034 MiB, 21350 MiB, 1297 MiB, 93 %
2026/09/24 09:31:37.201, NVIDIA L4, 23034 MiB, 21350 MiB, 1297 MiB, 92 %
2026/09/24 09:31:38.201, NVIDIA L4, 23034 MiB, 21350 MiB, 1297 MiB, 94 %
2026/09/24 09:31:39.201, NVIDIA L4, 23034 MiB, 21350 MiB, 1297 MiB, 94 %
2026/09/24 09:31:40.202, NVIDIA L4, 23034 MiB, 21350 MiB, 1297 MiB, 93 %
2026/09/24 09:31:41.202, NVIDIA L4, 23034 MiB, 21350 MiB, 1297 MiB, 94 %
2026/09/24 09:31:42.202, NVIDIA L4, 23034 MiB, 21350 MiB, 1297 MiB, 94 %
2026/09/24 09:31:43.203, NVIDIA L4, 23034 MiB, 21350 MiB, 1297 MiB, 94 %
2026/09/24 09:31:44.203, NVIDIA L4, 23034 MiB, 21350 MiB, 1297 MiB, 93 %
2026/09/24 09:31:45.203, NVIDIA L4, 23034 MiB, 21350 MiB, 1297 MiB, 94 %
2026/09/24 09:31:46.203, NVIDIA L4, 23034 MiB, 21350 MiB, 1297 MiB, 94 %
2026/09/24 09:31:47.204, NVIDIA L4, 23034 MiB, 21350 MiB, 1297 MiB, 94 %
2026/09/24 09:31:48.204, NVIDIA L4, 23034 MiB, 21350 MiB, 1297 MiB, 94 %
2026/09/24 09:31:49.204, NVIDIA L4, 23034 MiB, 21350 MiB, 1297 MiB, 94 %
2026/09/24 09:31:50.205, NVIDIA L4, 23034 MiB, 21350 MiB, 1297 MiB, 94 %
2026/09/24 09:31:51.205, NVIDIA L4, 23034 MiB, 21350 MiB, 1297 MiB, 92 %
2026/09/24 09:31:52.205, NVIDIA L4, 23034 MiB, 21350 MiB, 1297 MiB, 94 %
2026/09/24 09:31:53.206, NVIDIA L4, 23034 MiB, 21350 MiB, 1297 MiB, 94 %
2026/09/24 09:31:54.206, NVIDIA L4, 23034 MiB, 21350 MiB, 1297 MiB, 93 %
2026/09/24 09:31:55.206, NVIDIA L4, 23034 MiB, 21350 MiB, 1297 MiB, 94 %
2026/09/24 09:31:56.207, NVIDIA L4, 23034 MiB, 21350 MiB, 1297 MiB, 94 %
2026/09/24 09:31:57.207, NVIDIA L4, 23034 MiB, 21350 MiB, 1297 MiB, 93 %
2026/09/24 09:31:58.207, NVIDIA L4, 23034 MiB, 21350 MiB, 1297 MiB, 95 %
2026/09/24 09:31:59.208, NVIDIA L4, 23034 MiB, 21350 MiB, 1297 MiB, 94 %
2026/09/24 09:32:00.208, NVIDIA L4, 23034 MiB, 21350 MiB, 1297 MiB, 94 %
2026/09/24 09:32:01.208, NVIDIA L4, 23034 MiB, 21350 MiB, 1297 MiB, 93 %
2026/09/24 09:32:02.208, NVIDIA L4, 23034 MiB, 21350 MiB, 1297 MiB, 94 %
2026/09/24 09:32:03.209, NVIDIA L4, 23034 MiB, 21350 MiB, 1297 MiB, 94 %
2026/09/24 09:32:04.209, NVIDIA L4, 23034 MiB, 21350 MiB, 1297 MiB, 94 %
2026/09/24 09:32:05.209, NVIDIA L4, 23034 MiB, 21350 MiB, 1297 MiB, 94 %
2026/09/24 09:32:06.210, NVIDIA L4, 23034 MiB, 21350 MiB, 1297 MiB, 94 %
2026/09/24 09:32:07.210, NVIDIA L4, 23034 MiB, 21350 MiB, 1297 MiB, 94 %
2026/09/24 09:32:08.210, NVIDIA L4, 23034 MiB, 21350 MiB, 1297 MiB, 94 %
2026/09/24 09:32:09.210, NVIDIA L4, 23034 MiB, 21350 MiB, 1297 MiB, 93 %
2026/09/24 09:32:10.211, NVIDIA L4, 23034 MiB, 21350 MiB, 1297 MiB, 94 %
2026/09/24 09:32:11.211, NVIDIA L4, 23034 MiB, 21350 MiB, 1297 MiB, 93 %
2026/09/24 09:32:12.211, NVIDIA L4, 23034 MiB, 21350 MiB, 1297 MiB, 93 %
2026/09/24 09:32:13.211, NVIDIA L4, 23034 MiB, 21350 MiB, 1297 MiB, 94 %
2026/09/24 09:32:14.212, NVIDIA L4, 23034 MiB, 21350 MiB, 1297 MiB, 94 %
2026/09/24 09:32:15.212, NVIDIA L4, 23034 MiB, 21350 MiB, 1297 MiB, 92 %
2026/09/24 09:32:16.212, NVIDIA L4, 23034 MiB, 21350 MiB, 1297 MiB, 94 %
2026/09/24 09:32:17.213, NVIDIA L4, 23034 MiB, 21350 MiB, 1297 MiB, 94 %
2026/09/24 09:32:18.213, NVIDIA L4, 23034 MiB, 21350 MiB, 1297 MiB, 92 %
2026/09/24 09:32:19.213, NVIDIA L4, 23034 MiB, 21350 MiB, 1297 MiB, 94 %
2026/09/24 09:32:20.213, NVIDIA L4, 23034 MiB, 21350 MiB, 1297 MiB, 94 %
2026/09/24 09:32:21.214, NVIDIA L4, 23034 MiB, 21350 MiB, 1297 MiB, 93 %
2026/09/24 09:32:22.214, NVIDIA L4, 23034 MiB, 21350 MiB, 1297 MiB, 94 %
2026/09/24 09:32:23.214, NVIDIA L4, 23034 MiB, 21350 MiB, 1297 MiB, 94 %
2026/09/24 09:32:24.215, NVIDIA L4, 23034 MiB, 21350 MiB, 1297 MiB, 94 %
2026/09/24 09:32:25.215, NVIDIA L4, 23034 MiB, 21350 MiB, 1297 MiB, 94 %
2026/09/24 09:32:26.215, NVIDIA L4, 23034 MiB, 21350 MiB, 1297 MiB, 94 %
2026/09/24 09:32:27.216, NVIDIA L4, 23034 MiB, 21350 MiB, 1297 MiB, 93 %
2026/09/24 09:32:28.216, NVIDIA L4, 23034 MiB, 21350 MiB, 1297 MiB, 94 %
2026/09/24 09:32:29.217, NVIDIA L4, 23034 MiB, 21350 MiB, 1297 MiB, 93 %
2026/09/24 09:32:30.217, NVIDIA L4, 23034 MiB, 21350 MiB, 1297 MiB, 94 %
2026/09/24 09:32:31.218, NVIDIA L4, 23034 MiB, 21350 MiB, 1297 MiB, 91 %
2026/09/24 09:32:32.218, NVIDIA L4, 23034 MiB, 21350 MiB, 1297 MiB, 93 %
2026/09/24 09:32:33.218, NVIDIA L4, 23034 MiB, 21350 MiB, 1297 MiB, 94 %
2026/09/24 09:32:34.219, NVIDIA L4, 23034 MiB, 21350 MiB, 1297 MiB, 94 %
2026/09/24 09:32:35.219, NVIDIA L4, 23034 MiB, 21350 MiB, 1297 MiB, 94 %
2026/09/24 09:32:36.219, NVIDIA L4, 23034 MiB, 21350 MiB, 1297 MiB, 94 %
2026/09/24 09:32:37.220, NVIDIA L4, 23034 MiB, 21350 MiB, 1297 MiB, 93 %
2026/09/24 09:32:38.220, NVIDIA L4, 23034 MiB, 21350 MiB, 1297 MiB, 93 %
2026/09/24 09:32:39.220, NVIDIA L4, 23034 MiB, 21350 MiB, 1297 MiB, 94 %
2026/09/24 09:32:40.221, NVIDIA L4, 23034 MiB, 21350 MiB, 1297 MiB, 94 %
2026/09/24 09:32:41.221, NVIDIA L4, 23034 MiB, 21350 MiB, 1297 MiB, 93 %
2026/09/24 09:32:42.221, NVIDIA L4, 23034 MiB, 21350 MiB, 1297 MiB, 93 %
2026/09/24 09:32:43.222, NVIDIA L4, 23034 MiB, 21350 MiB, 1297 MiB, 93 %
2026/09/24 09:32:44.222, NVIDIA L4, 23034 MiB, 21350 MiB, 1297 MiB, 94 %
2026/09/24 09:32:45.222, NVIDIA L4, 23034 MiB, 21350 MiB, 1297 MiB, 93 %
2026/09/24 09:32:46.223, NVIDIA L4, 23034 MiB, 21350 MiB, 1297 MiB, 93 %
2026/09/24 09:32:47.223, NVIDIA L4, 23034 MiB, 21350 MiB, 1297 MiB, 0 %
2026/09/24 09:32:48.223, NVIDIA L4, 23034 MiB, 21350 MiB, 1297 MiB, 0 %
2026/09/24 09:32:49.223, NVIDIA L4, 23034 MiB, 21350 MiB, 1297 MiB, 92 %
2026/09/24 09:32:50.224, NVIDIA L4, 23034 MiB, 21350 MiB, 1297 MiB, 92 %
2026/09/24 09:32:51.224, NVIDIA L4, 23034 MiB, 21350 MiB, 1297 MiB, 94 %
2026/09/24 09:32:52.224, NVIDIA L4, 23034 MiB, 21350 MiB, 1297 MiB, 94 %
2026/09/24 09:32:53.225, NVIDIA L4, 23034 MiB, 21350 MiB, 1297 MiB, 94 %
2026/09/24 09:32:54.225, NVIDIA L4, 23034 MiB, 21350 MiB, 1297 MiB, 94 %
2026/09/24 09:32:55.225, NVIDIA L4, 23034 MiB, 21350 MiB, 1297 MiB, 94 %
2026/09/24 09:32:56.226, NVIDIA L4, 23034 MiB, 21350 MiB, 1297 MiB, 29 %
2026/09/24 09:32:57.226, NVIDIA L4, 23034 MiB, 21350 MiB, 1297 MiB, 93 %
2026/09/24 09:32:58.226, NVIDIA L4, 23034 MiB, 21350 MiB, 1297 MiB, 94 %
2026/09/24 09:32:59.227, NVIDIA L4, 23034 MiB, 21350 MiB, 1297 MiB, 94 %
2026/09/24 09:33:00.227, NVIDIA L4, 23034 MiB, 21350 MiB, 1297 MiB, 93 %
2026/09/24 09:33:01.227, NVIDIA L4, 23034 MiB, 21350 MiB, 1297 MiB, 94 %
2026/09/24 09:33:02.227, NVIDIA L4, 23034 MiB, 21350 MiB, 1297 MiB, 94 %
2026/09/24 09:33:03.228, NVIDIA L4, 23034 MiB, 21350 MiB, 1297 MiB, 94 %
2026/09/24 09:33:04.228, NVIDIA L4, 23034 MiB, 21350 MiB, 1297 MiB, 94 %
2026/09/24 09:33:05.228, NVIDIA L4, 23034 MiB, 21350 MiB, 1297 MiB, 94 %
2026/09/24 09:33:06.229, NVIDIA L4, 23034 MiB, 21350 MiB, 1297 MiB, 94 %
2026/09/24 09:33:07.229, NVIDIA L4, 23034 MiB, 21350 MiB, 1297 MiB, 94 %
2026/09/24 09:33:08.229, NVIDIA L4, 23034 MiB, 21350 MiB, 1297 MiB, 94 %
2026/09/24 09:33:09.229, NVIDIA L4, 23034 MiB, 21350 MiB, 1297 MiB, 94 %
2026/09/24 09:33:10.230, NVIDIA L4, 23034 MiB, 21350 MiB, 1297 MiB, 94 %
2026/09/24 09:33:11.230, NVIDIA L4, 23034 MiB, 21350 MiB, 1297 MiB, 94 %
2026/09/24 09:33:12.230, NVIDIA L4, 23034 MiB, 21350 MiB, 1297 MiB, 93 %
2026/09/24 09:33:13.231, NVIDIA L4, 23034 MiB, 21350 MiB, 1297 MiB, 94 %
2026/09/24 09:33:14.231, NVIDIA L4, 23034 MiB, 21350 MiB, 1297 MiB, 94 %
2026/09/24 09:33:15.231, NVIDIA L4, 23034 MiB, 21350 MiB, 1297 MiB, 93 %
2026/09/24 09:33:16.231, NVIDIA L4, 23034 MiB, 21350 MiB, 1297 MiB, 93 %
2026/09/24 09:33:17.232, NVIDIA L4, 23034 MiB, 21350 MiB, 1297 MiB, 25 %
2026/09/24 09:33:18.232, NVIDIA L4, 23034 MiB, 21350 MiB, 1297 MiB, 94 %
2026/09/24 09:33:19.232, NVIDIA L4, 23034 MiB, 21350 MiB, 1297 MiB, 94 %
2026/09/24 09:33:20.232, NVIDIA L4, 23034 MiB, 21350 MiB, 1297 MiB, 94 %
2026/09/24 09:33:21.233, NVIDIA L4, 23034 MiB, 21350 MiB, 1297 MiB, 93 %
2026/09/24 09:33:22.233, NVIDIA L4, 23034 MiB, 21350 MiB, 1297 MiB, 94 %
2026/09/24 09:33:23.233, NVIDIA L4, 23034 MiB, 21350 MiB, 1297 MiB, 94 %
2026/09/24 09:33:24.234, NVIDIA L4, 23034 MiB, 21350 MiB, 1297 MiB, 94 %
2026/09/24 09:33:25.234, NVIDIA L4, 23034 MiB, 21350 MiB, 1297 MiB, 94 %
2026/09/24 09:33:26.234, NVIDIA L4, 23034 MiB, 21350 MiB, 1297 MiB, 94 %
2026/09/24 09:33:27.234, NVIDIA L4, 23034 MiB, 21350 MiB, 1297 MiB, 93 %
2026/09/24 09:33:28.235, NVIDIA L4, 23034 MiB, 21350 MiB, 1297 MiB, 94 %
2026/09/24 09:33:29.235, NVIDIA L4, 23034 MiB, 21350 MiB, 1297 MiB, 94 %
2026/09/24 09:33:30.235, NVIDIA L4, 23034 MiB, 21350 MiB, 1297 MiB, 93 %
2026/09/24 09:33:31.236, NVIDIA L4, 23034 MiB, 21350 MiB, 1297 MiB, 94 %
2026/09/24 09:33:32.236, NVIDIA L4, 23034 MiB, 21350 MiB, 1297 MiB, 94 %
2026/09/24 09:33:33.236, NVIDIA L4, 23034 MiB, 21350 MiB, 1297 MiB, 94 %
2026/09/24 09:33:34.236, NVIDIA L4, 23034 MiB, 21350 MiB, 1297 MiB, 93 %
2026/09/24 09:33:35.237, NVIDIA L4, 23034 MiB, 21350 MiB, 1297 MiB, 94 %
2026/09/24 09:33:36.237, NVIDIA L4, 23034 MiB, 21350 MiB, 1297 MiB, 92 %
2026/09/24 09:33:37.237, NVIDIA L4, 23034 MiB, 21350 MiB, 1297 MiB, 93 %
2026/09/24 09:33:38.238, NVIDIA L4, 23034 MiB, 21350 MiB, 1297 MiB, 93 %
2026/09/24 09:33:39.238, NVIDIA L4, 23034 MiB, 21350 MiB, 1297 MiB, 94 %
2026/09/24 09:33:40.239, NVIDIA L4, 23034 MiB, 21350 MiB, 1297 MiB, 94 %
2026/09/24 09:33:41.239, NVIDIA L4, 23034 MiB, 21350 MiB, 1297 MiB, 94 %
2026/09/24 09:33:42.239, NVIDIA L4, 23034 MiB, 21350 MiB, 1297 MiB, 94 %
2026/09/24 09:33:43.240, NVIDIA L4, 23034 MiB, 21350 MiB, 1297 MiB, 18 %
2026/09/24 09:33:44.240, NVIDIA L4, 23034 MiB, 21350 MiB, 1297 MiB, 94 %
2026/09/24 09:33:45.240, NVIDIA L4, 23034 MiB, 21350 MiB, 1297 MiB, 94 %
2026/09/24 09:33:46.240, NVIDIA L4, 23034 MiB, 21350 MiB, 1297 MiB, 93 %
2026/09/24 09:33:47.241, NVIDIA L4, 23034 MiB, 21350 MiB, 1297 MiB, 94 %
2026/09/24 09:33:48.241, NVIDIA L4, 23034 MiB, 21350 MiB, 1297 MiB, 93 %
2026/09/24 09:33:49.241, NVIDIA L4, 23034 MiB, 21350 MiB, 1297 MiB, 93 %
2026/09/24 09:33:50.242, NVIDIA L4, 23034 MiB, 21350 MiB, 1297 MiB, 94 %
2026/09/24 09:33:51.242, NVIDIA L4, 23034 MiB, 21350 MiB, 1297 MiB, 94 %
2026/09/24 09:33:52.242, NVIDIA L4, 23034 MiB, 21350 MiB, 1297 MiB, 94 %
2026/09/24 09:33:53.242, NVIDIA L4, 23034 MiB, 21350 MiB, 1297 MiB, 94 %
2026/09/24 09:33:54.243, NVIDIA L4, 23034 MiB, 21350 MiB, 1297 MiB, 94 %
2026/09/24 09:33:55.243, NVIDIA L4, 23034 MiB, 21350 MiB, 1297 MiB, 94 %
2026/09/24 09:33:56.243, NVIDIA L4, 23034 MiB, 21350 MiB, 1297 MiB, 93 %
2026/09/24 09:33:57.244, NVIDIA L4, 23034 MiB, 21350 MiB, 1297 MiB, 94 %
2026/09/24 09:33:58.244, NVIDIA L4, 23034 MiB, 21350 MiB, 1297 MiB, 94 %
2026/09/24 09:33:59.244, NVIDIA L4, 23034 MiB, 21350 MiB, 1297 MiB, 94 %
2026/09/24 09:34:00.244, NVIDIA L4, 23034 MiB, 21350 MiB, 1297 MiB, 94 %
2026/09/24 09:34:01.245, NVIDIA L4, 23034 MiB, 21350 MiB, 1297 MiB, 94 %
2026/09/24 09:34:02.245, NVIDIA L4, 23034 MiB, 21350 MiB, 1297 MiB, 94 %
2026/09/24 09:34:03.245, NVIDIA L4, 23034 MiB, 21350 MiB, 1297 MiB, 93 %
2026/09/24 09:34:04.246, NVIDIA L4, 23034 MiB, 21350 MiB, 1297 MiB, 94 %
2026/09/24 09:34:05.246, NVIDIA L4, 23034 MiB, 21350 MiB, 1297 MiB, 94 %
2026/09/24 09:34:06.246, NVIDIA L4, 23034 MiB, 21350 MiB, 1297 MiB, 94 %
2026/09/24 09:34:07.246, NVIDIA L4, 23034 MiB, 21350 MiB, 1297 MiB, 94 %
2026/09/24 09:34:08.247, NVIDIA L4, 23034 MiB, 21350 MiB, 1297 MiB, 94 %
2026/09/24 09:34:09.247, NVIDIA L4, 23034 MiB, 21350 MiB, 1297 MiB, 94 %
2026/09/24 09:34:10.247, NVIDIA L4, 23034 MiB, 21350 MiB, 1297 MiB, 94 %
2026/09/24 09:34:11.248, NVIDIA L4, 23034 MiB, 21350 MiB, 1297 MiB, 94 %
2026/09/24 09:34:12.248, NVIDIA L4, 23034 MiB, 21350 MiB, 1297 MiB, 94 %
2026/09/24 09:34:13.248, NVIDIA L4, 23034 MiB, 21350 MiB, 1297 MiB, 94 %
2026/09/24 09:34:14.248, NVIDIA L4, 23034 MiB, 21350 MiB, 1297 MiB, 92 %
2026/09/24 09:34:15.249, NVIDIA L4, 23034 MiB, 21350 MiB, 1297 MiB, 94 %
2026/09/24 09:34:16.249, NVIDIA L4, 23034 MiB, 21350 MiB, 1297 MiB, 94 %
2026/09/24 09:34:17.249, NVIDIA L4, 23034 MiB, 21350 MiB, 1297 MiB, 94 %
2026/09/24 09:34:18.250, NVIDIA L4, 23034 MiB, 21350 MiB, 1297 MiB, 94 %
2026/09/24 09:34:19.250, NVIDIA L4, 23034 MiB, 21350 MiB, 1297 MiB, 57 %
2026/09/24 09:34:20.250, NVIDIA L4, 23034 MiB, 21350 MiB, 1297 MiB, 94 %
2026/09/24 09:34:21.250, NVIDIA L4, 23034 MiB, 21350 MiB, 1297 MiB, 93 %
2026/09/24 09:34:22.251, NVIDIA L4, 23034 MiB, 21350 MiB, 1297 MiB, 94 %
2026/09/24 09:34:23.251, NVIDIA L4, 23034 MiB, 21350 MiB, 1297 MiB, 94 %
2026/09/24 09:34:24.251, NVIDIA L4, 23034 MiB, 21350 MiB, 1297 MiB, 93 %
2026/09/24 09:34:25.252, NVIDIA L4, 23034 MiB, 21350 MiB, 1297 MiB, 93 %
2026/09/24 09:34:26.252, NVIDIA L4, 23034 MiB, 21350 MiB, 1297 MiB, 94 %
2026/09/24 09:34:27.252, NVIDIA L4, 23034 MiB, 21350 MiB, 1297 MiB, 93 %
2026/09/24 09:34:28.252, NVIDIA L4, 23034 MiB, 21350 MiB, 1297 MiB, 94 %
2026/09/24 09:34:29.253, NVIDIA L4, 23034 MiB, 21350 MiB, 1297 MiB, 93 %
2026/09/24 09:34:30.253, NVIDIA L4, 23034 MiB, 21350 MiB, 1297 MiB, 94 %
2026/09/24 09:34:31.253, NVIDIA L4, 23034 MiB, 21350 MiB, 1297 MiB, 91 %
2026/09/24 09:34:32.254, NVIDIA L4, 23034 MiB, 21350 MiB, 1297 MiB, 93 %
2026/09/24 09:34:33.254, NVIDIA L4, 23034 MiB, 21350 MiB, 1297 MiB, 94 %
2026/09/24 09:34:34.254, NVIDIA L4, 23034 MiB, 21350 MiB, 1297 MiB, 93 %
2026/09/24 09:34:35.255, NVIDIA L4, 23034 MiB, 21350 MiB, 1297 MiB, 94 %
2026/09/24 09:34:36.255, NVIDIA L4, 23034 MiB, 21350 MiB, 1297 MiB, 93 %
2026/09/24 09:34:37.255, NVIDIA L4, 23034 MiB, 21350 MiB, 1297 MiB, 94 %
2026/09/24 09:34:38.255, NVIDIA L4, 23034 MiB, 21350 MiB, 1297 MiB, 93 %
2026/09/24 09:34:39.256, NVIDIA L4, 23034 MiB, 21350 MiB, 1297 MiB, 93 %
2026/09/24 09:34:40.256, NVIDIA L4, 23034 MiB, 21350 MiB, 1297 MiB, 94 %
2026/09/24 09:34:41.256, NVIDIA L4, 23034 MiB, 21350 MiB, 1297 MiB, 94 %
2026/09/24 09:34:42.257, NVIDIA L4, 23034 MiB, 21350 MiB, 1297 MiB, 93 %
2026/09/24 09:34:43.257, NVIDIA L4, 23034 MiB, 21350 MiB, 1297 MiB, 94 %
2026/09/24 09:34:44.257, NVIDIA L4, 23034 MiB, 21350 MiB, 1297 MiB, 94 %
2026/09/24 09:34:45.257, NVIDIA L4, 23034 MiB, 21350 MiB, 1297 MiB, 94 %
2026/09/24 09:34:46.258, NVIDIA L4, 23034 MiB, 21350 MiB, 1297 MiB, 94 %
2026/09/24 09:34:47.258, NVIDIA L4, 23034 MiB, 21350 MiB, 1297 MiB, 93 %
2026/09/24 09:34:48.258, NVIDIA L4, 23034 MiB, 21350 MiB, 1297 MiB, 92 %
2026/09/24 09:34:49.259, NVIDIA L4, 23034 MiB, 21350 MiB, 1297 MiB, 94 %
2026/09/24 09:34:50.259, NVIDIA L4, 23034 MiB, 21350 MiB, 1297 MiB, 93 %
2026/09/24 09:34:51.259, NVIDIA L4, 23034 MiB, 21350 MiB, 1297 MiB, 94 %
2026/09/24 09:34:52.259, NVIDIA L4, 23034 MiB, 21350 MiB, 1297 MiB, 94 %
2026/09/24 09:34:53.260, NVIDIA L4, 23034 MiB, 21350 MiB, 1297 MiB, 94 %
2026/09/24 09:34:54.260, NVIDIA L4, 23034 MiB, 21350 MiB, 1297 MiB, 93 %
2026/09/24 09:34:55.260, NVIDIA L4, 23034 MiB, 21350 MiB, 1297 MiB, 92 %
2026/09/24 09:34:56.261, NVIDIA L4, 23034 MiB, 21350 MiB, 1297 MiB, 94 %
2026/09/24 09:34:57.261, NVIDIA L4, 23034 MiB, 21350 MiB, 1297 MiB, 94 %
2026/09/24 09:34:58.261, NVIDIA L4, 23034 MiB, 21350 MiB, 1297 MiB, 94 %
2026/09/24 09:34:59.261, NVIDIA L4, 23034 MiB, 21350 MiB, 1297 MiB, 93 %
2026/09/24 09:35:00.262, NVIDIA L4, 23034 MiB, 21350 MiB, 1297 MiB, 93 %
2026/09/24 09:35:01.262, NVIDIA L4, 23034 MiB, 21350 MiB, 1297 MiB, 94 %
2026/09/24 09:35:02.262, NVIDIA L4, 23034 MiB, 21350 MiB, 1297 MiB, 94 %
2026/09/24 09:35:03.262, NVIDIA L4, 23034 MiB, 21350 MiB, 1297 MiB, 94 %
2026/09/24 09:35:04.263, NVIDIA L4, 23034 MiB, 21350 MiB, 1297 MiB, 94 %
2026/09/24 09:35:05.263, NVIDIA L4, 23034 MiB, 21350 MiB, 1297 MiB, 92 %
2026/09/24 09:35:06.263, NVIDIA L4, 23034 MiB, 21350 MiB, 1297 MiB, 94 %
2026/09/24 09:35:07.264, NVIDIA L4, 23034 MiB, 21350 MiB, 1297 MiB, 94 %
2026/09/24 09:35:08.264, NVIDIA L4, 23034 MiB, 21350 MiB, 1297 MiB, 94 %
2026/09/24 09:35:09.264, NVIDIA L4, 23034 MiB, 21350 MiB, 1297 MiB, 94 %
2026/09/24 09:35:10.264, NVIDIA L4, 23034 MiB, 21350 MiB, 1297 MiB, 94 %
2026/09/24 09:35:11.265, NVIDIA L4, 23034 MiB, 21350 MiB, 1297 MiB, 94 %
2026/09/24 09:35:12.265, NVIDIA L4, 23034 MiB, 21350 MiB, 1297 MiB, 94 %
2026/09/24 09:35:13.265, NVIDIA L4, 23034 MiB, 21350 MiB, 1297 MiB, 94 %
2026/09/24 09:35:14.265, NVIDIA L4, 23034 MiB, 21350 MiB, 1297 MiB, 94 %
2026/09/24 09:35:15.266, NVIDIA L4, 23034 MiB, 21350 MiB, 1297 MiB, 94 %
2026/09/24 09:35:16.266, NVIDIA L4, 23034 MiB, 21350 MiB, 1297 MiB, 94 %
2026/09/24 09:35:17.266, NVIDIA L4, 23034 MiB, 21350 MiB, 1297 MiB, 94 %
2026/09/24 09:35:18.267, NVIDIA L4, 23034 MiB, 21350 MiB, 1297 MiB, 94 %
2026/09/24 09:35:19.267, NVIDIA L4, 23034 MiB, 21350 MiB, 1297 MiB, 94 %
2026/09/24 09:35:20.267, NVIDIA L4, 23034 MiB, 21350 MiB, 1297 MiB, 94 %
2026/09/24 09:35:21.267, NVIDIA L4, 23034 MiB, 21350 MiB, 1297 MiB, 94 %
2026/09/24 09:35:22.268, NVIDIA L4, 23034 MiB, 21350 MiB, 1297 MiB, 94 %
2026/09/24 09:35:23.268, NVIDIA L4, 23034 MiB, 21350 MiB, 1297 MiB, 94 %
2026/09/24 09:35:24.268, NVIDIA L4, 23034 MiB, 21350 MiB, 1297 MiB, 94 %
2026/09/24 09:35:25.269, NVIDIA L4, 23034 MiB, 21350 MiB, 1297 MiB, 94 %
2026/09/24 09:35:26.269, NVIDIA L4, 23034 MiB, 21350 MiB, 1297 MiB, 94 %
2026/09/24 09:35:27.269, NVIDIA L4, 23034 MiB, 21350 MiB, 1297 MiB, 0 %
2026/09/24 09:35:28.269, NVIDIA L4, 23034 MiB, 21350 MiB, 1297 MiB, 0 %
2026/09/24 09:35:29.270, NVIDIA L4, 23034 MiB, 21350 MiB, 1297 MiB, 94 %
2026/09/24 09:35:30.270, NVIDIA L4, 23034 MiB, 21350 MiB, 1297 MiB, 94 %
2026/09/24 09:35:31.270, NVIDIA L4, 23034 MiB, 21350 MiB, 1297 MiB, 94 %
2026/09/24 09:35:32.271, NVIDIA L4, 23034 MiB, 21350 MiB, 1297 MiB, 94 %
2026/09/24 09:35:33.271, NVIDIA L4, 23034 MiB, 21350 MiB, 1297 MiB, 93 %
2026/09/24 09:35:34.271, NVIDIA L4, 23034 MiB, 21350 MiB, 1297 MiB, 93 %
2026/09/24 09:35:35.272, NVIDIA L4, 23034 MiB, 21350 MiB, 1297 MiB, 94 %
2026/09/24 09:35:36.272, NVIDIA L4, 23034 MiB, 21350 MiB, 1297 MiB, 94 %
2026/09/24 09:35:37.272, NVIDIA L4, 23034 MiB, 21350 MiB, 1297 MiB, 94 %
2026/09/24 09:35:38.272, NVIDIA L4, 23034 MiB, 21350 MiB, 1297 MiB, 93 %
2026/09/24 09:35:39.273, NVIDIA L4, 23034 MiB, 21350 MiB, 1297 MiB, 94 %
2026/09/24 09:35:40.273, NVIDIA L4, 23034 MiB, 21350 MiB, 1297 MiB, 93 %
2026/09/24 09:35:41.273, NVIDIA L4, 23034 MiB, 21350 MiB, 1297 MiB, 94 %
2026/09/24 09:35:42.274, NVIDIA L4, 23034 MiB, 21350 MiB, 1297 MiB, 93 %
2026/09/24 09:35:43.274, NVIDIA L4, 23034 MiB, 21350 MiB, 1297 MiB, 93 %
2026/09/24 09:35:44.274, NVIDIA L4, 23034 MiB, 21350 MiB, 1297 MiB, 94 %
2026/09/24 09:35:45.275, NVIDIA L4, 23034 MiB, 21350 MiB, 1297 MiB, 94 %
2026/09/24 09:35:46.275, NVIDIA L4, 23034 MiB, 21350 MiB, 1297 MiB, 94 %
2026/09/24 09:35:47.275, NVIDIA L4, 23034 MiB, 21350 MiB, 1297 MiB, 94 %
2026/09/24 09:35:48.276, NVIDIA L4, 23034 MiB, 21350 MiB, 1297 MiB, 94 %
2026/09/24 09:35:49.276, NVIDIA L4, 23034 MiB, 21350 MiB, 1297 MiB, 93 %
2026/09/24 09:35:50.276, NVIDIA L4, 23034 MiB, 21350 MiB, 1297 MiB, 94 %
2026/09/24 09:35:51.276, NVIDIA L4, 23034 MiB, 21350 MiB, 1297 MiB, 94 %
2026/09/24 09:35:52.277, NVIDIA L4, 23034 MiB, 21350 MiB, 1297 MiB, 94 %
2026/09/24 09:35:53.277, NVIDIA L4, 23034 MiB, 21350 MiB, 1297 MiB, 94 %
2026/09/24 09:35:54.277, NVIDIA L4, 23034 MiB, 21350 MiB, 1297 MiB, 70 %
2026/09/24 09:35:55.278, NVIDIA L4, 23034 MiB, 21350 MiB, 1297 MiB, 94 %
2026/09/24 09:35:56.278, NVIDIA L4, 23034 MiB, 21350 MiB, 1297 MiB, 94 %
2026/09/24 09:35:57.278, NVIDIA L4, 23034 MiB, 21350 MiB, 1297 MiB, 93 %
2026/09/24 09:35:58.278, NVIDIA L4, 23034 MiB, 21350 MiB, 1297 MiB, 93 %
2026/09/24 09:35:59.279, NVIDIA L4, 23034 MiB, 21350 MiB, 1297 MiB, 94 %
2026/09/24 09:36:00.279, NVIDIA L4, 23034 MiB, 21350 MiB, 1297 MiB, 93 %
2026/09/24 09:36:01.279, NVIDIA L4, 23034 MiB, 21350 MiB, 1297 MiB, 93 %
2026/09/24 09:36:02.279, NVIDIA L4, 23034 MiB, 21350 MiB, 1297 MiB, 94 %
2026/09/24 09:36:03.280, NVIDIA L4, 23034 MiB, 21350 MiB, 1297 MiB, 94 %
2026/09/24 09:36:04.280, NVIDIA L4, 23034 MiB, 21350 MiB, 1297 MiB, 94 %
2026/09/24 09:36:05.280, NVIDIA L4, 23034 MiB, 21350 MiB, 1297 MiB, 93 %
2026/09/24 09:36:06.281, NVIDIA L4, 23034 MiB, 21350 MiB, 1297 MiB, 95 %
2026/09/24 09:36:07.281, NVIDIA L4, 23034 MiB, 21350 MiB, 1297 MiB, 94 %
2026/09/24 09:36:08.281, NVIDIA L4, 23034 MiB, 21350 MiB, 1297 MiB, 94 %
2026/09/24 09:36:09.281, NVIDIA L4, 23034 MiB, 21350 MiB, 1297 MiB, 94 %
2026/09/24 09:36:10.282, NVIDIA L4, 23034 MiB, 21350 MiB, 1297 MiB, 94 %
2026/09/24 09:36:11.282, NVIDIA L4, 23034 MiB, 21350 MiB, 1297 MiB, 94 %
2026/09/24 09:36:12.282, NVIDIA L4, 23034 MiB, 21350 MiB, 1297 MiB, 93 %
2026/09/24 09:36:13.283, NVIDIA L4, 23034 MiB, 21350 MiB, 1297 MiB, 94 %
2026/09/24 09:36:14.283, NVIDIA L4, 23034 MiB, 21350 MiB, 1297 MiB, 93 %
2026/09/24 09:36:15.284, NVIDIA L4, 23034 MiB, 21350 MiB, 1297 MiB, 94 %
2026/09/24 09:36:16.285, NVIDIA L4, 23034 MiB, 21350 MiB, 1297 MiB, 93 %
2026/09/24 09:36:17.285, NVIDIA L4, 23034 MiB, 21350 MiB, 1297 MiB, 94 %
2026/09/24 09:36:18.285, NVIDIA L4, 23034 MiB, 21350 MiB, 1297 MiB, 93 %
2026/09/24 09:36:19.285, NVIDIA L4, 23034 MiB, 21350 MiB, 1297 MiB, 94 %
2026/09/24 09:36:20.286, NVIDIA L4, 23034 MiB, 21350 MiB, 1297 MiB, 94 %
2026/09/24 09:36:21.286, NVIDIA L4, 23034 MiB, 21350 MiB, 1297 MiB, 93 %
2026/09/24 09:36:22.286, NVIDIA L4, 23034 MiB, 21350 MiB, 1297 MiB, 94 %
2026/09/24 09:36:23.287, NVIDIA L4, 23034 MiB, 21350 MiB, 1297 MiB, 94 %
2026/09/24 09:36:24.287, NVIDIA L4, 23034 MiB, 21350 MiB, 1297 MiB, 94 %
2026/09/24 09:36:25.287, NVIDIA L4, 23034 MiB, 21350 MiB, 1297 MiB, 93 %
2026/09/24 09:36:26.287, NVIDIA L4, 23034 MiB, 21350 MiB, 1297 MiB, 92 %
2026/09/24 09:36:27.288, NVIDIA L4, 23034 MiB, 21350 MiB, 1297 MiB, 91 %
2026/09/24 09:36:28.288, NVIDIA L4, 23034 MiB, 21350 MiB, 1297 MiB, 70 %
2026/09/24 09:36:29.288, NVIDIA L4, 23034 MiB, 21350 MiB, 1297 MiB, 94 %
2026/09/24 09:36:30.289, NVIDIA L4, 23034 MiB, 21350 MiB, 1297 MiB, 94 %
2026/09/24 09:36:31.289, NVIDIA L4, 23034 MiB, 21350 MiB, 1297 MiB, 93 %
2026/09/24 09:36:32.289, NVIDIA L4, 23034 MiB, 21350 MiB, 1297 MiB, 94 %
2026/09/24 09:36:33.289, NVIDIA L4, 23034 MiB, 21350 MiB, 1297 MiB, 94 %
2026/09/24 09:36:34.290, NVIDIA L4, 23034 MiB, 21350 MiB, 1297 MiB, 93 %
2026/09/24 09:36:35.290, NVIDIA L4, 23034 MiB, 21350 MiB, 1297 MiB, 93 %
2026/09/24 09:36:36.290, NVIDIA L4, 23034 MiB, 21350 MiB, 1297 MiB, 94 %
2026/09/24 09:36:37.291, NVIDIA L4, 23034 MiB, 21350 MiB, 1297 MiB, 94 %
2026/09/24 09:36:38.291, NVIDIA L4, 23034 MiB, 21350 MiB, 1297 MiB, 92 %
2026/09/24 09:36:39.291, NVIDIA L4, 23034 MiB, 21350 MiB, 1297 MiB, 94 %
2026/09/24 09:36:40.292, NVIDIA L4, 23034 MiB, 21350 MiB, 1297 MiB, 94 %
2026/09/24 09:36:41.292, NVIDIA L4, 23034 MiB, 21350 MiB, 1297 MiB, 93 %
2026/09/24 09:36:42.292, NVIDIA L4, 23034 MiB, 21350 MiB, 1297 MiB, 94 %
2026/09/24 09:36:43.292, NVIDIA L4, 23034 MiB, 21350 MiB, 1297 MiB, 93 %
2026/09/24 09:36:44.293, NVIDIA L4, 23034 MiB, 21350 MiB, 1297 MiB, 92 %
2026/09/24 09:36:45.293, NVIDIA L4, 23034 MiB, 21350 MiB, 1297 MiB, 94 %
2026/09/24 09:36:46.293, NVIDIA L4, 23034 MiB, 21350 MiB, 1297 MiB, 94 %
2026/09/24 09:36:47.294, NVIDIA L4, 23034 MiB, 21350 MiB, 1297 MiB, 94 %
2026/09/24 09:36:48.294, NVIDIA L4, 23034 MiB, 21350 MiB, 1297 MiB, 94 %
2026/09/24 09:36:49.294, NVIDIA L4, 23034 MiB, 21350 MiB, 1297 MiB, 94 %
2026/09/24 09:36:50.294, NVIDIA L4, 23034 MiB, 21350 MiB, 1297 MiB, 94 %
2026/09/24 09:36:51.295, NVIDIA L4, 23034 MiB, 21350 MiB, 1297 MiB, 94 %
2026/09/24 09:36:52.295, NVIDIA L4, 23034 MiB, 21350 MiB, 1297 MiB, 92 %
2026/09/24 09:36:53.295, NVIDIA L4, 23034 MiB, 21350 MiB, 1297 MiB, 94 %
2026/09/24 09:36:54.295, NVIDIA L4, 23034 MiB, 21350 MiB, 1297 MiB, 93 %
2026/09/24 09:36:55.296, NVIDIA L4, 23034 MiB, 21350 MiB, 1297 MiB, 93 %
2026/09/24 09:36:56.296, NVIDIA L4, 23034 MiB, 21350 MiB, 1297 MiB, 93 %
2026/09/24 09:36:57.296, NVIDIA L4, 23034 MiB, 21350 MiB, 1297 MiB, 94 %
2026/09/24 09:36:58.297, NVIDIA L4, 23034 MiB, 21350 MiB, 1297 MiB, 94 %
2026/09/24 09:36:59.297, NVIDIA L4, 23034 MiB, 21350 MiB, 1297 MiB, 94 %
2026/09/24 09:37:00.297, NVIDIA L4, 23034 MiB, 21350 MiB, 1297 MiB, 94 %
2026/09/24 09:37:01.297, NVIDIA L4, 23034 MiB, 21350 MiB, 1297 MiB, 94 %
2026/09/24 09:37:02.298, NVIDIA L4, 23034 MiB, 21350 MiB, 1297 MiB, 93 %
2026/09/24 09:37:03.298, NVIDIA L4, 23034 MiB, 21350 MiB, 1297 MiB, 94 %
2026/09/24 09:37:04.298, NVIDIA L4, 23034 MiB, 21350 MiB, 1297 MiB, 92 %
2026/09/24 09:37:05.299, NVIDIA L4, 23034 MiB, 21350 MiB, 1297 MiB, 93 %
2026/09/24 09:37:06.299, NVIDIA L4, 23034 MiB, 21350 MiB, 1297 MiB, 93 %
2026/09/24 09:37:07.299, NVIDIA L4, 23034 MiB, 21350 MiB, 1297 MiB, 94 %
2026/09/24 09:37:08.299, NVIDIA L4, 23034 MiB, 21350 MiB, 1297 MiB, 94 %
2026/09/24 09:37:09.300, NVIDIA L4, 23034 MiB, 21350 MiB, 1297 MiB, 93 %
2026/09/24 09:37:10.300, NVIDIA L4, 23034 MiB, 21350 MiB, 1297 MiB, 93 %
2026/09/24 09:37:11.300, NVIDIA L4, 23034 MiB, 21350 MiB, 1297 MiB, 94 %
2026/09/24 09:37:12.301, NVIDIA L4, 23034 MiB, 21350 MiB, 1297 MiB, 55 %
2026/09/24 09:37:13.301, NVIDIA L4, 23034 MiB, 21350 MiB, 1297 MiB, 0 %
2026/09/24 09:37:14.301, NVIDIA L4, 23034 MiB, 21350 MiB, 1297 MiB, 94 %
2026/09/24 09:37:15.301, NVIDIA L4, 23034 MiB, 21350 MiB, 1297 MiB, 94 %
2026/09/24 09:37:16.302, NVIDIA L4, 23034 MiB, 21350 MiB, 1297 MiB, 93 %
2026/09/24 09:37:17.302, NVIDIA L4, 23034 MiB, 21350 MiB, 1297 MiB, 94 %
2026/09/24 09:37:18.302, NVIDIA L4, 23034 MiB, 21350 MiB, 1297 MiB, 94 %
2026/09/24 09:37:19.303, NVIDIA L4, 23034 MiB, 21350 MiB, 1297 MiB, 94 %
2026/09/24 09:37:20.303, NVIDIA L4, 23034 MiB, 21350 MiB, 1297 MiB, 92 %
2026/09/24 09:37:21.303, NVIDIA L4, 23034 MiB, 21350 MiB, 1297 MiB, 94 %
2026/09/24 09:37:22.303, NVIDIA L4, 23034 MiB, 21350 MiB, 1297 MiB, 94 %
2026/09/24 09:37:23.304, NVIDIA L4, 23034 MiB, 21350 MiB, 1297 MiB, 94 %
2026/09/24 09:37:24.304, NVIDIA L4, 23034 MiB, 21350 MiB, 1297 MiB, 94 %
2026/09/24 09:37:25.304, NVIDIA L4, 23034 MiB, 21350 MiB, 1297 MiB, 45 %
2026/09/24 09:37:26.304, NVIDIA L4, 23034 MiB, 21350 MiB, 1297 MiB, 94 %
2026/09/24 09:37:27.305, NVIDIA L4, 23034 MiB, 21350 MiB, 1297 MiB, 94 %
2026/09/24 09:37:28.305, NVIDIA L4, 23034 MiB, 21350 MiB, 1297 MiB, 94 %
2026/09/24 09:37:29.305, NVIDIA L4, 23034 MiB, 21350 MiB, 1297 MiB, 94 %
2026/09/24 09:37:30.305, NVIDIA L4, 23034 MiB, 21350 MiB, 1297 MiB, 92 %
2026/09/24 09:37:31.306, NVIDIA L4, 23034 MiB, 21350 MiB, 1297 MiB, 93 %
2026/09/24 09:37:32.306, NVIDIA L4, 23034 MiB, 21350 MiB, 1297 MiB, 94 %
2026/09/24 09:37:33.306, NVIDIA L4, 23034 MiB, 21350 MiB, 1297 MiB, 94 %
2026/09/24 09:37:34.307, NVIDIA L4, 23034 MiB, 21350 MiB, 1297 MiB, 94 %
2026/09/24 09:37:35.307, NVIDIA L4, 23034 MiB, 21350 MiB, 1297 MiB, 94 %
2026/09/24 09:37:36.307, NVIDIA L4, 23034 MiB, 21350 MiB, 1297 MiB, 94 %
2026/09/24 09:37:37.308, NVIDIA L4, 23034 MiB, 21350 MiB, 1297 MiB, 94 %
2026/09/24 09:37:38.308, NVIDIA L4, 23034 MiB, 21350 MiB, 1297 MiB, 94 %
2026/09/24 09:37:39.308, NVIDIA L4, 23034 MiB, 21350 MiB, 1297 MiB, 93 %
2026/09/24 09:37:40.308, NVIDIA L4, 23034 MiB, 21350 MiB, 1297 MiB, 94 %
2026/09/24 09:37:41.309, NVIDIA L4, 23034 MiB, 21350 MiB, 1297 MiB, 93 %
2026/09/24 09:37:42.309, NVIDIA L4, 23034 MiB, 21350 MiB, 1297 MiB, 93 %
2026/09/24 09:37:43.309, NVIDIA L4, 23034 MiB, 21350 MiB, 1297 MiB, 93 %
2026/09/24 09:37:44.310, NVIDIA L4, 23034 MiB, 21350 MiB, 1297 MiB, 93 %
2026/09/24 09:37:45.310, NVIDIA L4, 23034 MiB, 21350 MiB, 1297 MiB, 94 %
2026/09/24 09:37:46.310, NVIDIA L4, 23034 MiB, 21350 MiB, 1297 MiB, 94 %
2026/09/24 09:37:47.311, NVIDIA L4, 23034 MiB, 21350 MiB, 1297 MiB, 90 %
2026/09/24 09:37:48.311, NVIDIA L4, 23034 MiB, 21350 MiB, 1297 MiB, 93 %
2026/09/24 09:37:49.311, NVIDIA L4, 23034 MiB, 21350 MiB, 1297 MiB, 92 %
2026/09/24 09:37:50.311, NVIDIA L4, 23034 MiB, 21350 MiB, 1297 MiB, 92 %
2026/09/24 09:37:51.312, NVIDIA L4, 23034 MiB, 21350 MiB, 1297 MiB, 93 %
2026/09/24 09:37:52.312, NVIDIA L4, 23034 MiB, 21350 MiB, 1297 MiB, 94 %
2026/09/24 09:37:53.312, NVIDIA L4, 23034 MiB, 21350 MiB, 1297 MiB, 93 %
2026/09/24 09:37:54.312, NVIDIA L4, 23034 MiB, 21350 MiB, 1297 MiB, 93 %
2026/09/24 09:37:55.313, NVIDIA L4, 23034 MiB, 21350 MiB, 1297 MiB, 93 %
2026/09/24 09:37:56.313, NVIDIA L4, 23034 MiB, 21350 MiB, 1297 MiB, 93 %
2026/09/24 09:37:57.313, NVIDIA L4, 23034 MiB, 21350 MiB, 1297 MiB, 92 %
2026/09/24 09:37:58.314, NVIDIA L4, 23034 MiB, 21350 MiB, 1297 MiB, 93 %
2026/09/24 09:37:59.314, NVIDIA L4, 23034 MiB, 21350 MiB, 1297 MiB, 94 %
2026/09/24 09:38:00.314, NVIDIA L4, 23034 MiB, 21350 MiB, 1297 MiB, 94 %
2026/09/24 09:38:01.314, NVIDIA L4, 23034 MiB, 21350 MiB, 1297 MiB, 94 %
2026/09/24 09:38:02.315, NVIDIA L4, 23034 MiB, 21350 MiB, 1297 MiB, 94 %
2026/09/24 09:38:03.315, NVIDIA L4, 23034 MiB, 21350 MiB, 1297 MiB, 93 %
2026/09/24 09:38:04.315, NVIDIA L4, 23034 MiB, 21350 MiB, 1297 MiB, 94 %
2026/09/24 09:38:05.315, NVIDIA L4, 23034 MiB, 21350 MiB, 1297 MiB, 94 %
2026/09/24 09:38:06.316, NVIDIA L4, 23034 MiB, 21350 MiB, 1297 MiB, 92 %
2026/09/24 09:38:07.316, NVIDIA L4, 23034 MiB, 21350 MiB, 1297 MiB, 92 %
2026/09/24 09:38:08.316, NVIDIA L4, 23034 MiB, 21350 MiB, 1297 MiB, 93 %
2026/09/24 09:38:09.317, NVIDIA L4, 23034 MiB, 21350 MiB, 1297 MiB, 94 %
2026/09/24 09:38:10.317, NVIDIA L4, 23034 MiB, 21350 MiB, 1297 MiB, 94 %
2026/09/24 09:38:11.317, NVIDIA L4, 23034 MiB, 21350 MiB, 1297 MiB, 93 %
2026/09/24 09:38:12.317, NVIDIA L4, 23034 MiB, 21350 MiB, 1297 MiB, 94 %
2026/09/24 09:38:13.318, NVIDIA L4, 23034 MiB, 21350 MiB, 1297 MiB, 94 %
2026/09/24 09:38:14.318, NVIDIA L4, 23034 MiB, 21350 MiB, 1297 MiB, 93 %
2026/09/24 09:38:15.318, NVIDIA L4, 23034 MiB, 21350 MiB, 1297 MiB, 94 %
2026/09/24 09:38:16.318, NVIDIA L4, 23034 MiB, 21350 MiB, 1297 MiB, 93 %
2026/09/24 09:38:17.319, NVIDIA L4, 23034 MiB, 21350 MiB, 1297 MiB, 93 %
2026/09/24 09:38:18.319, NVIDIA L4, 23034 MiB, 21350 MiB, 1297 MiB, 93 %
2026/09/24 09:38:19.319, NVIDIA L4, 23034 MiB, 21350 MiB, 1297 MiB, 94 %
2026/09/24 09:38:20.320, NVIDIA L4, 23034 MiB, 21350 MiB, 1297 MiB, 94 %
2026/09/24 09:38:21.320, NVIDIA L4, 23034 MiB, 21350 MiB, 1297 MiB, 94 %
2026/09/24 09:38:22.320, NVIDIA L4, 23034 MiB, 21350 MiB, 1297 MiB, 93 %
2026/09/24 09:38:23.320, NVIDIA L4, 23034 MiB, 21350 MiB, 1297 MiB, 92 %
2026/09/24 09:38:24.321, NVIDIA L4, 23034 MiB, 21350 MiB, 1297 MiB, 94 %
2026/09/24 09:38:25.321, NVIDIA L4, 23034 MiB, 21350 MiB, 1297 MiB, 94 %
2026/09/24 09:38:26.321, NVIDIA L4, 23034 MiB, 21350 MiB, 1297 MiB, 94 %
2026/09/24 09:38:27.321, NVIDIA L4, 23034 MiB, 21350 MiB, 1297 MiB, 94 %
2026/09/24 09:38:28.322, NVIDIA L4, 23034 MiB, 21350 MiB, 1297 MiB, 94 %
2026/09/24 09:38:29.322, NVIDIA L4, 23034 MiB, 21350 MiB, 1297 MiB, 93 %
2026/09/24 09:38:30.322, NVIDIA L4, 23034 MiB, 21350 MiB, 1297 MiB, 94 %
2026/09/24 09:38:31.323, NVIDIA L4, 23034 MiB, 21350 MiB, 1297 MiB, 94 %
2026/09/24 09:38:32.323, NVIDIA L4, 23034 MiB, 21350 MiB, 1297 MiB, 93 %
2026/09/24 09:38:33.323, NVIDIA L4, 23034 MiB, 21350 MiB, 1297 MiB, 94 %
2026/09/24 09:38:34.323, NVIDIA L4, 23034 MiB, 21350 MiB, 1297 MiB, 94 %
2026/09/24 09:38:35.325, NVIDIA L4, 23034 MiB, 21350 MiB, 1297 MiB, 94 %
2026/09/24 09:38:36.325, NVIDIA L4, 23034 MiB, 21350 MiB, 1297 MiB, 94 %
2026/09/24 09:38:37.325, NVIDIA L4, 23034 MiB, 21350 MiB, 1297 MiB, 94 %
2026/09/24 09:38:38.326, NVIDIA L4, 23034 MiB, 21350 MiB, 1297 MiB, 94 %
2026/09/24 09:38:39.326, NVIDIA L4, 23034 MiB, 21350 MiB, 1297 MiB, 94 %
2026/09/24 09:38:40.326, NVIDIA L4, 23034 MiB, 21350 MiB, 1297 MiB, 94 %
2026/09/24 09:38:41.327, NVIDIA L4, 23034 MiB, 21350 MiB, 1297 MiB, 94 %
2026/09/24 09:38:42.327, NVIDIA L4, 23034 MiB, 21350 MiB, 1297 MiB, 80 %
2026/09/24 09:38:43.327, NVIDIA L4, 23034 MiB, 21350 MiB, 1297 MiB, 94 %
2026/09/24 09:38:44.327, NVIDIA L4, 23034 MiB, 21350 MiB, 1297 MiB, 94 %
2026/09/24 09:38:45.328, NVIDIA L4, 23034 MiB, 21350 MiB, 1297 MiB, 93 %
2026/09/24 09:38:46.328, NVIDIA L4, 23034 MiB, 21350 MiB, 1297 MiB, 93 %
2026/09/24 09:38:47.328, NVIDIA L4, 23034 MiB, 21350 MiB, 1297 MiB, 94 %
2026/09/24 09:38:48.328, NVIDIA L4, 23034 MiB, 21350 MiB, 1297 MiB, 94 %
2026/09/24 09:38:49.329, NVIDIA L4, 23034 MiB, 21350 MiB, 1297 MiB, 94 %
2026/09/24 09:38:50.329, NVIDIA L4, 23034 MiB, 21350 MiB, 1297 MiB, 94 %
2026/09/24 09:38:51.329, NVIDIA L4, 23034 MiB, 21350 MiB, 1297 MiB, 94 %
2026/09/24 09:38:52.330, NVIDIA L4, 23034 MiB, 21350 MiB, 1297 MiB, 94 %
2026/09/24 09:38:53.330, NVIDIA L4, 23034 MiB, 21350 MiB, 1297 MiB, 94 %
2026/09/24 09:38:54.330, NVIDIA L4, 23034 MiB, 21350 MiB, 1297 MiB, 94 %
2026/09/24 09:38:55.330, NVIDIA L4, 23034 MiB, 21350 MiB, 1297 MiB, 94 %
2026/09/24 09:38:56.331, NVIDIA L4, 23034 MiB, 21350 MiB, 1297 MiB, 31 %
2026/09/24 09:38:57.331, NVIDIA L4, 23034 MiB, 21350 MiB, 1297 MiB, 94 %
2026/09/24 09:38:58.331, NVIDIA L4, 23034 MiB, 21350 MiB, 1297 MiB, 95 %
2026/09/24 09:38:59.331, NVIDIA L4, 23034 MiB, 21350 MiB, 1297 MiB, 94 %
2026/09/24 09:39:00.332, NVIDIA L4, 23034 MiB, 21350 MiB, 1297 MiB, 94 %
2026/09/24 09:39:01.332, NVIDIA L4, 23034 MiB, 21350 MiB, 1297 MiB, 94 %
2026/09/24 09:39:02.332, NVIDIA L4, 23034 MiB, 21350 MiB, 1297 MiB, 94 %
2026/09/24 09:39:03.333, NVIDIA L4, 23034 MiB, 21350 MiB, 1297 MiB, 94 %
2026/09/24 09:39:04.333, NVIDIA L4, 23034 MiB, 21350 MiB, 1297 MiB, 94 %
2026/09/24 09:39:05.333, NVIDIA L4, 23034 MiB, 21350 MiB, 1297 MiB, 93 %
2026/09/24 09:39:06.333, NVIDIA L4, 23034 MiB, 21350 MiB, 1297 MiB, 94 %
2026/09/24 09:39:07.334, NVIDIA L4, 23034 MiB, 21350 MiB, 1297 MiB, 90 %
2026/09/24 09:39:08.334, NVIDIA L4, 23034 MiB, 21350 MiB, 1297 MiB, 94 %
2026/09/24 09:39:09.334, NVIDIA L4, 23034 MiB, 21350 MiB, 1297 MiB, 94 %
2026/09/24 09:39:10.335, NVIDIA L4, 23034 MiB, 21350 MiB, 1297 MiB, 94 %
2026/09/24 09:39:11.335, NVIDIA L4, 23034 MiB, 21350 MiB, 1297 MiB, 0 %
2026/09/24 09:39:12.335, NVIDIA L4, 23034 MiB, 21350 MiB, 1297 MiB, 93 %
2026/09/24 09:39:13.335, NVIDIA L4, 23034 MiB, 21350 MiB, 1297 MiB, 94 %
2026/09/24 09:39:14.336, NVIDIA L4, 23034 MiB, 21350 MiB, 1297 MiB, 94 %
2026/09/24 09:39:15.336, NVIDIA L4, 23034 MiB, 21350 MiB, 1297 MiB, 94 %
2026/09/24 09:39:16.336, NVIDIA L4, 23034 MiB, 21350 MiB, 1297 MiB, 93 %
2026/09/24 09:39:17.337, NVIDIA L4, 23034 MiB, 21350 MiB, 1297 MiB, 93 %
2026/09/24 09:39:18.337, NVIDIA L4, 23034 MiB, 21350 MiB, 1297 MiB, 93 %
2026/09/24 09:39:19.337, NVIDIA L4, 23034 MiB, 21350 MiB, 1297 MiB, 68 %
2026/09/24 09:39:20.338, NVIDIA L4, 23034 MiB, 21350 MiB, 1297 MiB, 91 %
2026/09/24 09:39:21.338, NVIDIA L4, 23034 MiB, 21350 MiB, 1297 MiB, 93 %
2026/09/24 09:39:22.338, NVIDIA L4, 23034 MiB, 21350 MiB, 1297 MiB, 94 %
2026/09/24 09:39:23.338, NVIDIA L4, 23034 MiB, 21350 MiB, 1297 MiB, 94 %
2026/09/24 09:39:24.339, NVIDIA L4, 23034 MiB, 21350 MiB, 1297 MiB, 94 %
2026/09/24 09:39:25.339, NVIDIA L4, 23034 MiB, 21350 MiB, 1297 MiB, 94 %
2026/09/24 09:39:26.339, NVIDIA L4, 23034 MiB, 21350 MiB, 1297 MiB, 59 %
2026/09/24 09:39:27.340, NVIDIA L4, 23034 MiB, 21350 MiB, 1297 MiB, 94 %
2026/09/24 09:39:28.340, NVIDIA L4, 23034 MiB, 21350 MiB, 1297 MiB, 94 %
2026/09/24 09:39:29.340, NVIDIA L4, 23034 MiB, 21350 MiB, 1297 MiB, 94 %
2026/09/24 09:39:30.340, NVIDIA L4, 23034 MiB, 21350 MiB, 1297 MiB, 94 %
2026/09/24 09:39:31.341, NVIDIA L4, 23034 MiB, 21350 MiB, 1297 MiB, 93 %
2026/09/24 09:39:32.341, NVIDIA L4, 23034 MiB, 21350 MiB, 1297 MiB, 94 %
2026/09/24 09:39:33.341, NVIDIA L4, 23034 MiB, 21350 MiB, 1297 MiB, 94 %
2026/09/24 09:39:34.342, NVIDIA L4, 23034 MiB, 21350 MiB, 1297 MiB, 92 %
2026/09/24 09:39:35.342, NVIDIA L4, 23034 MiB, 21350 MiB, 1297 MiB, 94 %
2026/09/24 09:39:36.342, NVIDIA L4, 23034 MiB, 21350 MiB, 1297 MiB, 94 %
2026/09/24 09:39:37.342, NVIDIA L4, 23034 MiB, 21350 MiB, 1297 MiB, 94 %
2026/09/24 09:39:38.343, NVIDIA L4, 23034 MiB, 21350 MiB, 1297 MiB, 94 %
2026/09/24 09:39:39.343, NVIDIA L4, 23034 MiB, 21350 MiB, 1297 MiB, 10 %
2026/09/24 09:39:40.343, NVIDIA L4, 23034 MiB, 21350 MiB, 1297 MiB, 92 %
2026/09/24 09:39:41.344, NVIDIA L4, 23034 MiB, 21350 MiB, 1297 MiB, 93 %
2026/09/24 09:39:42.344, NVIDIA L4, 23034 MiB, 21350 MiB, 1297 MiB, 94 %
2026/09/24 09:39:43.344, NVIDIA L4, 23034 MiB, 21350 MiB, 1297 MiB, 94 %
2026/09/24 09:39:44.345, NVIDIA L4, 23034 MiB, 21350 MiB, 1297 MiB, 94 %
2026/09/24 09:39:45.345, NVIDIA L4, 23034 MiB, 21350 MiB, 1297 MiB, 94 %
2026/09/24 09:39:46.345, NVIDIA L4, 23034 MiB, 21350 MiB, 1297 MiB, 94 %
2026/09/24 09:39:47.346, NVIDIA L4, 23034 MiB, 21350 MiB, 1297 MiB, 94 %
2026/09/24 09:39:48.346, NVIDIA L4, 23034 MiB, 21350 MiB, 1297 MiB, 94 %
2026/09/24 09:39:49.346, NVIDIA L4, 23034 MiB, 21350 MiB, 1297 MiB, 93 %
2026/09/24 09:39:50.347, NVIDIA L4, 23034 MiB, 21350 MiB, 1297 MiB, 94 %
2026/09/24 09:39:51.347, NVIDIA L4, 23034 MiB, 21350 MiB, 1297 MiB, 93 %
2026/09/24 09:39:52.347, NVIDIA L4, 23034 MiB, 21350 MiB, 1297 MiB, 94 %
2026/09/24 09:39:53.347, NVIDIA L4, 23034 MiB, 21350 MiB, 1297 MiB, 94 %
2026/09/24 09:39:54.348, NVIDIA L4, 23034 MiB, 21350 MiB, 1297 MiB, 94 %
2026/09/24 09:39:55.348, NVIDIA L4, 23034 MiB, 21350 MiB, 1297 MiB, 94 %
2026/09/24 09:39:56.348, NVIDIA L4, 23034 MiB, 21350 MiB, 1297 MiB, 94 %
2026/09/24 09:39:57.348, NVIDIA L4, 23034 MiB, 21350 MiB, 1297 MiB, 94 %
2026/09/24 09:39:58.349, NVIDIA L4, 23034 MiB, 21350 MiB, 1297 MiB, 94 %
2026/09/24 09:39:59.349, NVIDIA L4, 23034 MiB, 21350 MiB, 1297 MiB, 93 %
2026/09/24 09:40:00.349, NVIDIA L4, 23034 MiB, 21350 MiB, 1297 MiB, 94 %
2026/09/24 09:40:01.350, NVIDIA L4, 23034 MiB, 21350 MiB, 1297 MiB, 94 %
2026/09/24 09:40:02.350, NVIDIA L4, 23034 MiB, 21350 MiB, 1297 MiB, 94 %
2026/09/24 09:40:03.350, NVIDIA L4, 23034 MiB, 21350 MiB, 1297 MiB, 94 %
2026/09/24 09:40:04.350, NVIDIA L4, 23034 MiB, 21350 MiB, 1297 MiB, 94 %
2026/09/24 09:40:05.351, NVIDIA L4, 23034 MiB, 21350 MiB, 1297 MiB, 94 %
2026/09/24 09:40:06.351, NVIDIA L4, 23034 MiB, 21350 MiB, 1297 MiB, 94 %
2026/09/24 09:40:07.351, NVIDIA L4, 23034 MiB, 21350 MiB, 1297 MiB, 94 %
2026/09/24 09:40:08.352, NVIDIA L4, 23034 MiB, 21350 MiB, 1297 MiB, 94 %
2026/09/24 09:40:09.353, NVIDIA L4, 23034 MiB, 21350 MiB, 1297 MiB, 94 %
2026/09/24 09:40:10.353, NVIDIA L4, 23034 MiB, 21350 MiB, 1297 MiB, 92 %
2026/09/24 09:40:11.353, NVIDIA L4, 23034 MiB, 21350 MiB, 1297 MiB, 94 %
2026/09/24 09:40:12.354, NVIDIA L4, 23034 MiB, 21350 MiB, 1297 MiB, 94 %
2026/09/24 09:40:13.354, NVIDIA L4, 23034 MiB, 21350 MiB, 1297 MiB, 94 %
2026/09/24 09:40:14.354, NVIDIA L4, 23034 MiB, 21350 MiB, 1297 MiB, 93 %
2026/09/24 09:40:15.354, NVIDIA L4, 23034 MiB, 21350 MiB, 1297 MiB, 94 %
2026/09/24 09:40:16.355, NVIDIA L4, 23034 MiB, 21350 MiB, 1297 MiB, 93 %
2026/09/24 09:40:17.355, NVIDIA L4, 23034 MiB, 21350 MiB, 1297 MiB, 93 %
2026/09/24 09:40:18.355, NVIDIA L4, 23034 MiB, 21350 MiB, 1297 MiB, 93 %
2026/09/24 09:40:19.356, NVIDIA L4, 23034 MiB, 21350 MiB, 1297 MiB, 94 %
2026/09/24 09:40:20.356, NVIDIA L4, 23034 MiB, 21350 MiB, 1297 MiB, 93 %
2026/09/24 09:40:21.356, NVIDIA L4, 23034 MiB, 21350 MiB, 1297 MiB, 93 %
2026/09/24 09:40:22.357, NVIDIA L4, 23034 MiB, 21350 MiB, 1297 MiB, 93 %
2026/09/24 09:40:23.357, NVIDIA L4, 23034 MiB, 21350 MiB, 1297 MiB, 93 %
2026/09/24 09:40:24.357, NVIDIA L4, 23034 MiB, 21350 MiB, 1297 MiB, 93 %
2026/09/24 09:40:25.358, NVIDIA L4, 23034 MiB, 21350 MiB, 1297 MiB, 93 %
2026/09/24 09:40:26.358, NVIDIA L4, 23034 MiB, 21350 MiB, 1297 MiB, 94 %
2026/09/24 09:40:27.359, NVIDIA L4, 23034 MiB, 21350 MiB, 1297 MiB, 93 %
2026/09/24 09:40:28.359, NVIDIA L4, 23034 MiB, 21350 MiB, 1297 MiB, 93 %
2026/09/24 09:40:29.359, NVIDIA L4, 23034 MiB, 21350 MiB, 1297 MiB, 94 %
2026/09/24 09:40:30.360, NVIDIA L4, 23034 MiB, 21350 MiB, 1297 MiB, 94 %
2026/09/24 09:40:31.360, NVIDIA L4, 23034 MiB, 21350 MiB, 1297 MiB, 94 %
2026/09/24 09:40:32.360, NVIDIA L4, 23034 MiB, 21350 MiB, 1297 MiB, 94 %
2026/09/24 09:40:33.361, NVIDIA L4, 23034 MiB, 21350 MiB, 1297 MiB, 53 %
2026/09/24 09:40:34.361, NVIDIA L4, 23034 MiB, 21350 MiB, 1297 MiB, 94 %
2026/09/24 09:40:35.361, NVIDIA L4, 23034 MiB, 21350 MiB, 1297 MiB, 94 %
2026/09/24 09:40:36.361, NVIDIA L4, 23034 MiB, 21350 MiB, 1297 MiB, 94 %
2026/09/24 09:40:37.362, NVIDIA L4, 23034 MiB, 21350 MiB, 1297 MiB, 94 %
2026/09/24 09:40:38.362, NVIDIA L4, 23034 MiB, 21350 MiB, 1297 MiB, 95 %
2026/09/24 09:40:39.362, NVIDIA L4, 23034 MiB, 21350 MiB, 1297 MiB, 94 %
2026/09/24 09:40:40.362, NVIDIA L4, 23034 MiB, 21350 MiB, 1297 MiB, 94 %
2026/09/24 09:40:41.363, NVIDIA L4, 23034 MiB, 21350 MiB, 1297 MiB, 92 %
2026/09/24 09:40:42.363, NVIDIA L4, 23034 MiB, 21350 MiB, 1297 MiB, 94 %
2026/09/24 09:40:43.363, NVIDIA L4, 23034 MiB, 21350 MiB, 1297 MiB, 93 %
2026/09/24 09:40:44.364, NVIDIA L4, 23034 MiB, 21350 MiB, 1297 MiB, 94 %
2026/09/24 09:40:45.364, NVIDIA L4, 23034 MiB, 21350 MiB, 1297 MiB, 93 %
2026/09/24 09:40:46.364, NVIDIA L4, 23034 MiB, 21350 MiB, 1297 MiB, 93 %
2026/09/24 09:40:47.365, NVIDIA L4, 23034 MiB, 21350 MiB, 1297 MiB, 92 %
2026/09/24 09:40:48.365, NVIDIA L4, 23034 MiB, 21350 MiB, 1297 MiB, 94 %
2026/09/24 09:40:49.365, NVIDIA L4, 23034 MiB, 21350 MiB, 1297 MiB, 93 %
2026/09/24 09:40:50.365, NVIDIA L4, 23034 MiB, 21350 MiB, 1297 MiB, 94 %
2026/09/24 09:40:51.366, NVIDIA L4, 23034 MiB, 21350 MiB, 1297 MiB, 94 %
2026/09/24 09:40:52.366, NVIDIA L4, 23034 MiB, 21350 MiB, 1297 MiB, 94 %
2026/09/24 09:40:53.366, NVIDIA L4, 23034 MiB, 21350 MiB, 1297 MiB, 94 %
2026/09/24 09:40:54.367, NVIDIA L4, 23034 MiB, 21350 MiB, 1297 MiB, 94 %
2026/09/24 09:40:55.367, NVIDIA L4, 23034 MiB, 21350 MiB, 1297 MiB, 0 %
2026/09/24 09:40:56.367, NVIDIA L4, 23034 MiB, 21350 MiB, 1297 MiB, 0 %
2026/09/24 09:40:57.367, NVIDIA L4, 23034 MiB, 21350 MiB, 1297 MiB, 93 %
2026/09/24 09:40:58.368, NVIDIA L4, 23034 MiB, 21350 MiB, 1297 MiB, 94 %
2026/09/24 09:40:59.368, NVIDIA L4, 23034 MiB, 21350 MiB, 1297 MiB, 94 %
2026/09/24 09:41:00.368, NVIDIA L4, 23034 MiB, 21350 MiB, 1297 MiB, 91 %
2026/09/24 09:41:01.369, NVIDIA L4, 23034 MiB, 21350 MiB, 1297 MiB, 94 %
2026/09/24 09:41:02.369, NVIDIA L4, 23034 MiB, 21350 MiB, 1297 MiB, 94 %
2026/09/24 09:41:03.369, NVIDIA L4, 23034 MiB, 21350 MiB, 1297 MiB, 94 %
2026/09/24 09:41:04.370, NVIDIA L4, 23034 MiB, 21350 MiB, 1297 MiB, 94 %
2026/09/24 09:41:05.370, NVIDIA L4, 23034 MiB, 21350 MiB, 1297 MiB, 94 %
2026/09/24 09:41:06.370, NVIDIA L4, 23034 MiB, 21350 MiB, 1297 MiB, 94 %
2026/09/24 09:41:07.370, NVIDIA L4, 23034 MiB, 21350 MiB, 1297 MiB, 94 %
2026/09/24 09:41:08.371, NVIDIA L4, 23034 MiB, 21350 MiB, 1297 MiB, 94 %
2026/09/24 09:41:09.371, NVIDIA L4, 23034 MiB, 21350 MiB, 1297 MiB, 94 %
2026/09/24 09:41:10.371, NVIDIA L4, 23034 MiB, 21350 MiB, 1297 MiB, 94 %
2026/09/24 09:41:11.372, NVIDIA L4, 23034 MiB, 21350 MiB, 1297 MiB, 91 %
2026/09/24 09:41:12.372, NVIDIA L4, 23034 MiB, 21350 MiB, 1297 MiB, 93 %
2026/09/24 09:41:13.372, NVIDIA L4, 23034 MiB, 21350 MiB, 1297 MiB, 94 %
2026/09/24 09:41:14.372, NVIDIA L4, 23034 MiB, 21350 MiB, 1297 MiB, 94 %
2026/09/24 09:41:15.373, NVIDIA L4, 23034 MiB, 21350 MiB, 1297 MiB, 94 %
2026/09/24 09:41:16.373, NVIDIA L4, 23034 MiB, 21350 MiB, 1297 MiB, 93 %
2026/09/24 09:41:17.373, NVIDIA L4, 23034 MiB, 21350 MiB, 1297 MiB, 66 %
2026/09/24 09:41:18.373, NVIDIA L4, 23034 MiB, 21350 MiB, 1297 MiB, 94 %
2026/09/24 09:41:19.374, NVIDIA L4, 23034 MiB, 21350 MiB, 1297 MiB, 94 %
2026/09/24 09:41:20.374, NVIDIA L4, 23034 MiB, 21350 MiB, 1297 MiB, 94 %
2026/09/24 09:41:21.374, NVIDIA L4, 23034 MiB, 21350 MiB, 1297 MiB, 93 %
2026/09/24 09:41:22.375, NVIDIA L4, 23034 MiB, 21350 MiB, 1297 MiB, 94 %
2026/09/24 09:41:23.375, NVIDIA L4, 23034 MiB, 21350 MiB, 1297 MiB, 94 %
2026/09/24 09:41:24.375, NVIDIA L4, 23034 MiB, 21350 MiB, 1297 MiB, 93 %
2026/09/24 09:41:25.375, NVIDIA L4, 23034 MiB, 21350 MiB, 1297 MiB, 94 %
2026/09/24 09:41:26.376, NVIDIA L4, 23034 MiB, 21350 MiB, 1297 MiB, 94 %
2026/09/24 09:41:27.376, NVIDIA L4, 23034 MiB, 21350 MiB, 1297 MiB, 94 %
2026/09/24 09:41:28.376, NVIDIA L4, 23034 MiB, 21350 MiB, 1297 MiB, 93 %
2026/09/24 09:41:29.377, NVIDIA L4, 23034 MiB, 21350 MiB, 1297 MiB, 94 %
2026/09/24 09:41:30.377, NVIDIA L4, 23034 MiB, 21350 MiB, 1297 MiB, 91 %
2026/09/24 09:41:31.377, NVIDIA L4, 23034 MiB, 21350 MiB, 1297 MiB, 93 %
2026/09/24 09:41:32.377, NVIDIA L4, 23034 MiB, 21350 MiB, 1297 MiB, 93 %
2026/09/24 09:41:33.378, NVIDIA L4, 23034 MiB, 21350 MiB, 1297 MiB, 94 %
2026/09/24 09:41:34.378, NVIDIA L4, 23034 MiB, 21350 MiB, 1297 MiB, 93 %
2026/09/24 09:41:35.378, NVIDIA L4, 23034 MiB, 21350 MiB, 1297 MiB, 93 %
2026/09/24 09:41:36.379, NVIDIA L4, 23034 MiB, 21350 MiB, 1297 MiB, 94 %
2026/09/24 09:41:37.379, NVIDIA L4, 23034 MiB, 21350 MiB, 1297 MiB, 93 %
2026/09/24 09:41:38.379, NVIDIA L4, 23034 MiB, 21350 MiB, 1297 MiB, 93 %
2026/09/24 09:41:39.380, NVIDIA L4, 23034 MiB, 21350 MiB, 1297 MiB, 94 %
2026/09/24 09:41:40.381, NVIDIA L4, 23034 MiB, 21350 MiB, 1297 MiB, 4 %
2026/09/24 09:41:41.381, NVIDIA L4, 23034 MiB, 21350 MiB, 1297 MiB, 90 %
2026/09/24 09:41:42.381, NVIDIA L4, 23034 MiB, 21350 MiB, 1297 MiB, 94 %
2026/09/24 09:41:43.382, NVIDIA L4, 23034 MiB, 21350 MiB, 1297 MiB, 94 %
2026/09/24 09:41:44.382, NVIDIA L4, 23034 MiB, 21350 MiB, 1297 MiB, 94 %
2026/09/24 09:41:45.382, NVIDIA L4, 23034 MiB, 21350 MiB, 1297 MiB, 94 %
2026/09/24 09:41:46.383, NVIDIA L4, 23034 MiB, 21350 MiB, 1297 MiB, 94 %
2026/09/24 09:41:47.383, NVIDIA L4, 23034 MiB, 21350 MiB, 1297 MiB, 88 %
2026/09/24 09:41:48.383, NVIDIA L4, 23034 MiB, 21350 MiB, 1297 MiB, 94 %
2026/09/24 09:41:49.384, NVIDIA L4, 23034 MiB, 21350 MiB, 1297 MiB, 92 %
2026/09/24 09:41:50.384, NVIDIA L4, 23034 MiB, 21350 MiB, 1297 MiB, 94 %
2026/09/24 09:41:51.384, NVIDIA L4, 23034 MiB, 21350 MiB, 1297 MiB, 94 %
2026/09/24 09:41:52.384, NVIDIA L4, 23034 MiB, 21350 MiB, 1297 MiB, 94 %
2026/09/24 09:41:53.385, NVIDIA L4, 23034 MiB, 21350 MiB, 1297 MiB, 94 %
2026/09/24 09:41:54.385, NVIDIA L4, 23034 MiB, 21350 MiB, 1297 MiB, 94 %
2026/09/24 09:41:55.385, NVIDIA L4, 23034 MiB, 21350 MiB, 1297 MiB, 94 %
2026/09/24 09:41:56.386, NVIDIA L4, 23034 MiB, 21350 MiB, 1297 MiB, 94 %
2026/09/24 09:41:57.386, NVIDIA L4, 23034 MiB, 21350 MiB, 1297 MiB, 93 %
2026/09/24 09:41:58.386, NVIDIA L4, 23034 MiB, 21350 MiB, 1297 MiB, 93 %
2026/09/24 09:41:59.386, NVIDIA L4, 23034 MiB, 21350 MiB, 1297 MiB, 94 %
2026/09/24 09:42:00.387, NVIDIA L4, 23034 MiB, 21350 MiB, 1297 MiB, 94 %
2026/09/24 09:42:01.387, NVIDIA L4, 23034 MiB, 21350 MiB, 1297 MiB, 94 %
2026/09/24 09:42:02.387, NVIDIA L4, 23034 MiB, 21350 MiB, 1297 MiB, 92 %
2026/09/24 09:42:03.388, NVIDIA L4, 23034 MiB, 21350 MiB, 1297 MiB, 94 %
2026/09/24 09:42:04.388, NVIDIA L4, 23034 MiB, 21350 MiB, 1297 MiB, 94 %
2026/09/24 09:42:05.388, NVIDIA L4, 23034 MiB, 21350 MiB, 1297 MiB, 94 %
2026/09/24 09:42:06.388, NVIDIA L4, 23034 MiB, 21350 MiB, 1297 MiB, 94 %
2026/09/24 09:42:07.389, NVIDIA L4, 23034 MiB, 21350 MiB, 1297 MiB, 94 %
2026/09/24 09:42:08.389, NVIDIA L4, 23034 MiB, 21350 MiB, 1297 MiB, 94 %
2026/09/24 09:42:09.389, NVIDIA L4, 23034 MiB, 21350 MiB, 1297 MiB, 93 %
2026/09/24 09:42:10.390, NVIDIA L4, 23034 MiB, 21350 MiB, 1297 MiB, 70 %
2026/09/24 09:42:11.390, NVIDIA L4, 23034 MiB, 21350 MiB, 1297 MiB, 92 %
2026/09/24 09:42:12.390, NVIDIA L4, 23034 MiB, 21350 MiB, 1297 MiB, 93 %
2026/09/24 09:42:13.390, NVIDIA L4, 23034 MiB, 21350 MiB, 1297 MiB, 94 %
2026/09/24 09:42:14.391, NVIDIA L4, 23034 MiB, 21350 MiB, 1297 MiB, 94 %
2026/09/24 09:42:15.391, NVIDIA L4, 23034 MiB, 21350 MiB, 1297 MiB, 94 %
2026/09/24 09:42:16.391, NVIDIA L4, 23034 MiB, 21350 MiB, 1297 MiB, 93 %
2026/09/24 09:42:17.392, NVIDIA L4, 23034 MiB, 21350 MiB, 1297 MiB, 94 %
2026/09/24 09:42:18.392, NVIDIA L4, 23034 MiB, 21350 MiB, 1297 MiB, 93 %
2026/09/24 09:42:19.392, NVIDIA L4, 23034 MiB, 21350 MiB, 1297 MiB, 94 %
2026/09/24 09:42:20.392, NVIDIA L4, 23034 MiB, 21350 MiB, 1297 MiB, 94 %
2026/09/24 09:42:21.393, NVIDIA L4, 23034 MiB, 21350 MiB, 1297 MiB, 94 %
2026/09/24 09:42:22.393, NVIDIA L4, 23034 MiB, 21350 MiB, 1297 MiB, 94 %
2026/09/24 09:42:23.393, NVIDIA L4, 23034 MiB, 21350 MiB, 1297 MiB, 93 %
2026/09/24 09:42:24.393, NVIDIA L4, 23034 MiB, 21350 MiB, 1297 MiB, 94 %
2026/09/24 09:42:25.394, NVIDIA L4, 23034 MiB, 21350 MiB, 1297 MiB, 93 %
2026/09/24 09:42:26.394, NVIDIA L4, 23034 MiB, 21350 MiB, 1297 MiB, 93 %
2026/09/24 09:42:27.394, NVIDIA L4, 23034 MiB, 21350 MiB, 1297 MiB, 93 %
2026/09/24 09:42:28.394, NVIDIA L4, 23034 MiB, 21350 MiB, 1297 MiB, 94 %
2026/09/24 09:42:29.395, NVIDIA L4, 23034 MiB, 21350 MiB, 1297 MiB, 92 %
2026/09/24 09:42:30.395, NVIDIA L4, 23034 MiB, 21350 MiB, 1297 MiB, 92 %
2026/09/24 09:42:31.395, NVIDIA L4, 23034 MiB, 21350 MiB, 1297 MiB, 92 %
2026/09/24 09:42:32.396, NVIDIA L4, 23034 MiB, 21350 MiB, 1297 MiB, 92 %
2026/09/24 09:42:33.396, NVIDIA L4, 23034 MiB, 21350 MiB, 1297 MiB, 94 %
2026/09/24 09:42:34.396, NVIDIA L4, 23034 MiB, 21350 MiB, 1297 MiB, 94 %
2026/09/24 09:42:35.397, NVIDIA L4, 23034 MiB, 21350 MiB, 1297 MiB, 93 %
2026/09/24 09:42:36.397, NVIDIA L4, 23034 MiB, 21350 MiB, 1297 MiB, 93 %
2026/09/24 09:42:37.397, NVIDIA L4, 23034 MiB, 21350 MiB, 1297 MiB, 94 %
2026/09/24 09:42:38.397, NVIDIA L4, 23034 MiB, 21350 MiB, 1297 MiB, 93 %
2026/09/24 09:42:39.398, NVIDIA L4, 23034 MiB, 21350 MiB, 1297 MiB, 94 %
2026/09/24 09:42:40.398, NVIDIA L4, 23034 MiB, 21350 MiB, 1297 MiB, 94 %
2026/09/24 09:42:41.398, NVIDIA L4, 23034 MiB, 21350 MiB, 1297 MiB, 93 %
2026/09/24 09:42:42.398, NVIDIA L4, 23034 MiB, 21350 MiB, 1297 MiB, 94 %
2026/09/24 09:42:43.399, NVIDIA L4, 23034 MiB, 21350 MiB, 1297 MiB, 94 %
2026/09/24 09:42:44.399, NVIDIA L4, 23034 MiB, 21350 MiB, 1297 MiB, 94 %
2026/09/24 09:42:45.399, NVIDIA L4, 23034 MiB, 21350 MiB, 1297 MiB, 94 %
2026/09/24 09:42:46.400, NVIDIA L4, 23034 MiB, 21350 MiB, 1297 MiB, 93 %
2026/09/24 09:42:47.400, NVIDIA L4, 23034 MiB, 21350 MiB, 1297 MiB, 94 %
2026/09/24 09:42:48.400, NVIDIA L4, 23034 MiB, 21350 MiB, 1297 MiB, 94 %
2026/09/24 09:42:49.400, NVIDIA L4, 23034 MiB, 21350 MiB, 1297 MiB, 94 %
2026/09/24 09:42:50.401, NVIDIA L4, 23034 MiB, 21350 MiB, 1297 MiB, 93 %
2026/09/24 09:42:51.401, NVIDIA L4, 23034 MiB, 21350 MiB, 1297 MiB, 93 %
2026/09/24 09:42:52.401, NVIDIA L4, 23034 MiB, 21350 MiB, 1297 MiB, 94 %
2026/09/24 09:42:53.401, NVIDIA L4, 23034 MiB, 21350 MiB, 1297 MiB, 94 %
2026/09/24 09:42:54.402, NVIDIA L4, 23034 MiB, 21350 MiB, 1297 MiB, 94 %
2026/09/24 09:42:55.402, NVIDIA L4, 23034 MiB, 21350 MiB, 1297 MiB, 93 %
2026/09/24 09:42:56.402, NVIDIA L4, 23034 MiB, 21350 MiB, 1297 MiB, 93 %
2026/09/24 09:42:57.403, NVIDIA L4, 23034 MiB, 21350 MiB, 1297 MiB, 94 %
2026/09/24 09:42:58.403, NVIDIA L4, 23034 MiB, 21350 MiB, 1297 MiB, 94 %
2026/09/24 09:42:59.403, NVIDIA L4, 23034 MiB, 21350 MiB, 1297 MiB, 94 %
2026/09/24 09:43:00.403, NVIDIA L4, 23034 MiB, 21350 MiB, 1297 MiB, 94 %
2026/09/24 09:43:01.404, NVIDIA L4, 23034 MiB, 21350 MiB, 1297 MiB, 93 %
2026/09/24 09:43:02.404, NVIDIA L4, 23034 MiB, 21350 MiB, 1297 MiB, 93 %
2026/09/24 09:43:03.404, NVIDIA L4, 23034 MiB, 21350 MiB, 1297 MiB, 93 %
2026/09/24 09:43:04.405, NVIDIA L4, 23034 MiB, 21350 MiB, 1297 MiB, 93 %
2026/09/24 09:43:05.405, NVIDIA L4, 23034 MiB, 21350 MiB, 1297 MiB, 93 %
2026/09/24 09:43:06.405, NVIDIA L4, 23034 MiB, 21350 MiB, 1297 MiB, 93 %
2026/09/24 09:43:07.405, NVIDIA L4, 23034 MiB, 21350 MiB, 1297 MiB, 93 %
2026/09/24 09:43:08.406, NVIDIA L4, 23034 MiB, 21350 MiB, 1297 MiB, 94 %
2026/09/24 09:43:09.406, NVIDIA L4, 23034 MiB, 21350 MiB, 1297 MiB, 94 %
2026/09/24 09:43:10.406, NVIDIA L4, 23034 MiB, 21350 MiB, 1297 MiB, 94 %
2026/09/24 09:43:11.407, NVIDIA L4, 23034 MiB, 21350 MiB, 1297 MiB, 94 %
2026/09/24 09:43:12.407, NVIDIA L4, 23034 MiB, 21350 MiB, 1297 MiB, 94 %
2026/09/24 09:43:13.407, NVIDIA L4, 23034 MiB, 21350 MiB, 1297 MiB, 95 %
2026/09/24 09:43:14.407, NVIDIA L4, 23034 MiB, 21350 MiB, 1297 MiB, 94 %
2026/09/24 09:43:15.408, NVIDIA L4, 23034 MiB, 21350 MiB, 1297 MiB, 93 %
2026/09/24 09:43:16.408, NVIDIA L4, 23034 MiB, 21350 MiB, 1297 MiB, 94 %
2026/09/24 09:43:17.408, NVIDIA L4, 23034 MiB, 21350 MiB, 1297 MiB, 94 %
2026/09/24 09:43:18.409, NVIDIA L4, 23034 MiB, 21350 MiB, 1297 MiB, 94 %
2026/09/24 09:43:19.409, NVIDIA L4, 23034 MiB, 21350 MiB, 1297 MiB, 94 %
2026/09/24 09:43:20.409, NVIDIA L4, 23034 MiB, 21350 MiB, 1297 MiB, 94 %
2026/09/24 09:43:21.409, NVIDIA L4, 23034 MiB, 21350 MiB, 1297 MiB, 94 %
2026/09/24 09:43:22.410, NVIDIA L4, 23034 MiB, 21350 MiB, 1297 MiB, 94 %
2026/09/24 09:43:23.410, NVIDIA L4, 23034 MiB, 21350 MiB, 1297 MiB, 94 %
2026/09/24 09:43:24.410, NVIDIA L4, 23034 MiB, 21350 MiB, 1297 MiB, 94 %
2026/09/24 09:43:25.410, NVIDIA L4, 23034 MiB, 21350 MiB, 1297 MiB, 94 %
2026/09/24 09:43:26.411, NVIDIA L4, 23034 MiB, 21350 MiB, 1297 MiB, 94 %
2026/09/24 09:43:27.411, NVIDIA L4, 23034 MiB, 21350 MiB, 1297 MiB, 94 %
2026/09/24 09:43:28.411, NVIDIA L4, 23034 MiB, 21350 MiB, 1297 MiB, 94 %
2026/09/24 09:43:29.412, NVIDIA L4, 23034 MiB, 21350 MiB, 1297 MiB, 94 %
2026/09/24 09:43:30.412, NVIDIA L4, 23034 MiB, 21350 MiB, 1297 MiB, 94 %
2026/09/24 09:43:31.412, NVIDIA L4, 23034 MiB, 21350 MiB, 1297 MiB, 93 %
2026/09/24 09:43:32.412, NVIDIA L4, 23034 MiB, 21350 MiB, 1297 MiB, 94 %
2026/09/24 09:43:33.413, NVIDIA L4, 23034 MiB, 21350 MiB, 1297 MiB, 94 %
2026/09/24 09:43:34.413, NVIDIA L4, 23034 MiB, 21350 MiB, 1297 MiB, 94 %
2026/09/24 09:43:35.413, NVIDIA L4, 23034 MiB, 21350 MiB, 1297 MiB, 94 %
2026/09/24 09:43:36.413, NVIDIA L4, 23034 MiB, 21350 MiB, 1297 MiB, 94 %
2026/09/24 09:43:37.414, NVIDIA L4, 23034 MiB, 21350 MiB, 1297 MiB, 94 %
2026/09/24 09:43:38.414, NVIDIA L4, 23034 MiB, 21350 MiB, 1297 MiB, 94 %
2026/09/24 09:43:39.414, NVIDIA L4, 23034 MiB, 21350 MiB, 1297 MiB, 94 %
2026/09/24 09:43:40.415, NVIDIA L4, 23034 MiB, 21350 MiB, 1297 MiB, 94 %
2026/09/24 09:43:41.415, NVIDIA L4, 23034 MiB, 22394 MiB, 253 MiB, 92 %
2026/09/24 09:43:42.415, NVIDIA L4, 23034 MiB, 22394 MiB, 253 MiB, 92 %
2026/09/24 09:43:43.415, NVIDIA L4, 23034 MiB, 22394 MiB, 253 MiB, 93 %
2026/09/24 09:43:44.416, NVIDIA L4, 23034 MiB, 22394 MiB, 253 MiB, 94 %
2026/09/24 09:43:45.416, NVIDIA L4, 23034 MiB, 22394 MiB, 253 MiB, 94 %
2026/09/24 09:43:46.416, NVIDIA L4, 23034 MiB, 22394 MiB, 253 MiB, 94 %
2026/09/24 09:43:47.417, NVIDIA L4, 23034 MiB, 22394 MiB, 253 MiB, 88 %
2026/09/24 09:43:48.417, NVIDIA L4, 23034 MiB, 22394 MiB, 253 MiB, 94 %
2026/09/24 09:43:49.417, NVIDIA L4, 23034 MiB, 22394 MiB, 253 MiB, 93 %
2026/09/24 09:43:50.417, NVIDIA L4, 23034 MiB, 22394 MiB, 253 MiB, 94 %
2026/09/24 09:43:51.418, NVIDIA L4, 23034 MiB, 22394 MiB, 253 MiB, 94 %
2026/09/24 09:43:52.418, NVIDIA L4, 23034 MiB, 22394 MiB, 253 MiB, 94 %
2026/09/24 09:43:53.418, NVIDIA L4, 23034 MiB, 22394 MiB, 253 MiB, 94 %
2026/09/24 09:43:54.418, NVIDIA L4, 23034 MiB, 22394 MiB, 253 MiB, 94 %
2026/09/24 09:43:55.419, NVIDIA L4, 23034 MiB, 22394 MiB, 253 MiB, 94 %
2026/09/24 09:43:56.419, NVIDIA L4, 23034 MiB, 22394 MiB, 253 MiB, 94 %
2026/09/24 09:43:57.419, NVIDIA L4, 23034 MiB, 22394 MiB, 253 MiB, 94 %
2026/09/24 09:43:58.420, NVIDIA L4, 23034 MiB, 22394 MiB, 253 MiB, 95 %
2026/09/24 09:43:59.420, NVIDIA L4, 23034 MiB, 22394 MiB, 253 MiB, 94 %
2026/09/24 09:44:00.420, NVIDIA L4, 23034 MiB, 22394 MiB, 253 MiB, 92 %
2026/09/24 09:44:01.420, NVIDIA L4, 23034 MiB, 22394 MiB, 253 MiB, 94 %
2026/09/24 09:44:02.421, NVIDIA L4, 23034 MiB, 22394 MiB, 253 MiB, 94 %
2026/09/24 09:44:03.421, NVIDIA L4, 23034 MiB, 22394 MiB, 253 MiB, 94 %
2026/09/24 09:44:04.421, NVIDIA L4, 23034 MiB, 22394 MiB, 253 MiB, 94 %
2026/09/24 09:44:05.422, NVIDIA L4, 23034 MiB, 22394 MiB, 253 MiB, 94 %
2026/09/24 09:44:06.422, NVIDIA L4, 23034 MiB, 22394 MiB, 253 MiB, 94 %
2026/09/24 09:44:07.422, NVIDIA L4, 23034 MiB, 22394 MiB, 253 MiB, 93 %
2026/09/24 09:44:08.422, NVIDIA L4, 23034 MiB, 22394 MiB, 253 MiB, 94 %
2026/09/24 09:44:09.423, NVIDIA L4, 23034 MiB, 22394 MiB, 253 MiB, 94 %
2026/09/24 09:44:10.423, NVIDIA L4, 23034 MiB, 22394 MiB, 253 MiB, 94 %
2026/09/24 09:44:11.423, NVIDIA L4, 23034 MiB, 22394 MiB, 253 MiB, 92 %
2026/09/24 09:44:12.423, NVIDIA L4, 23034 MiB, 22394 MiB, 253 MiB, 93 %
2026/09/24 09:44:13.424, NVIDIA L4, 23034 MiB, 22394 MiB, 253 MiB, 94 %
2026/09/24 09:44:14.424, NVIDIA L4, 23034 MiB, 22394 MiB, 253 MiB, 94 %
2026/09/24 09:44:15.424, NVIDIA L4, 23034 MiB, 22394 MiB, 253 MiB, 94 %
2026/09/24 09:44:16.425, NVIDIA L4, 23034 MiB, 22394 MiB, 253 MiB, 92 %
2026/09/24 09:44:17.425, NVIDIA L4, 23034 MiB, 22394 MiB, 253 MiB, 94 %
2026/09/24 09:44:18.425, NVIDIA L4, 23034 MiB, 22394 MiB, 253 MiB, 94 %
2026/09/24 09:44:19.425, NVIDIA L4, 23034 MiB, 22394 MiB, 253 MiB, 94 %
2026/09/24 09:44:20.426, NVIDIA L4, 23034 MiB, 22394 MiB, 253 MiB, 94 %
2026/09/24 09:44:21.426, NVIDIA L4, 23034 MiB, 22394 MiB, 253 MiB, 93 %
2026/09/24 09:44:22.426, NVIDIA L4, 23034 MiB, 22394 MiB, 253 MiB, 94 %
2026/09/24 09:44:23.426, NVIDIA L4, 23034 MiB, 22394 MiB, 253 MiB, 94 %
2026/09/24 09:44:24.427, NVIDIA L4, 23034 MiB, 22394 MiB, 253 MiB, 94 %
2026/09/24 09:44:25.427, NVIDIA L4, 23034 MiB, 22394 MiB, 253 MiB, 94 %
2026/09/24 09:44:26.427, NVIDIA L4, 23034 MiB, 22394 MiB, 253 MiB, 94 %
2026/09/24 09:44:27.428, NVIDIA L4, 23034 MiB, 22394 MiB, 253 MiB, 94 %
2026/09/24 09:44:28.428, NVIDIA L4, 23034 MiB, 22394 MiB, 253 MiB, 93 %
2026/09/24 09:44:29.428, NVIDIA L4, 23034 MiB, 22394 MiB, 253 MiB, 94 %
2026/09/24 09:44:30.428, NVIDIA L4, 23034 MiB, 22394 MiB, 253 MiB, 94 %
2026/09/24 09:44:31.429, NVIDIA L4, 23034 MiB, 22394 MiB, 253 MiB, 94 %
2026/09/24 09:44:32.429, NVIDIA L4, 23034 MiB, 22394 MiB, 253 MiB, 93 %
2026/09/24 09:44:33.429, NVIDIA L4, 23034 MiB, 22394 MiB, 253 MiB, 0 %
2026/09/24 09:44:34.429, NVIDIA L4, 23034 MiB, 22394 MiB, 253 MiB, 0 %
2026/09/24 09:44:35.430, NVIDIA L4, 23034 MiB, 22394 MiB, 253 MiB, 0 %
2026/09/24 09:44:36.430, NVIDIA L4, 23034 MiB, 22394 MiB, 253 MiB, 91 %
2026/09/24 09:44:37.430, NVIDIA L4, 23034 MiB, 22394 MiB, 253 MiB, 92 %
2026/09/24 09:44:38.431, NVIDIA L4, 23034 MiB, 22394 MiB, 253 MiB, 93 %
2026/09/24 09:44:39.431, NVIDIA L4, 23034 MiB, 22394 MiB, 253 MiB, 92 %
2026/09/24 09:44:40.431, NVIDIA L4, 23034 MiB, 22394 MiB, 253 MiB, 92 %
2026/09/24 09:44:41.431, NVIDIA L4, 23034 MiB, 22394 MiB, 253 MiB, 94 %
2026/09/24 09:44:42.432, NVIDIA L4, 23034 MiB, 22394 MiB, 253 MiB, 93 %
2026/09/24 09:44:43.432, NVIDIA L4, 23034 MiB, 22394 MiB, 253 MiB, 94 %
2026/09/24 09:44:44.432, NVIDIA L4, 23034 MiB, 22394 MiB, 253 MiB, 94 %
2026/09/24 09:44:45.433, NVIDIA L4, 23034 MiB, 22394 MiB, 253 MiB, 94 %
2026/09/24 09:44:46.433, NVIDIA L4, 23034 MiB, 22394 MiB, 253 MiB, 94 %
2026/09/24 09:44:47.433, NVIDIA L4, 23034 MiB, 22394 MiB, 253 MiB, 94 %
2026/09/24 09:44:48.433, NVIDIA L4, 23034 MiB, 22394 MiB, 253 MiB, 94 %
2026/09/24 09:44:49.434, NVIDIA L4, 23034 MiB, 22394 MiB, 253 MiB, 94 %
2026/09/24 09:44:50.434, NVIDIA L4, 23034 MiB, 22394 MiB, 253 MiB, 94 %
2026/09/24 09:44:51.434, NVIDIA L4, 23034 MiB, 22394 MiB, 253 MiB, 94 %
2026/09/24 09:44:52.435, NVIDIA L4, 23034 MiB, 22394 MiB, 253 MiB, 94 %
2026/09/24 09:44:53.435, NVIDIA L4, 23034 MiB, 22394 MiB, 253 MiB, 92 %
2026/09/24 09:44:54.435, NVIDIA L4, 23034 MiB, 22394 MiB, 253 MiB, 93 %
2026/09/24 09:44:55.435, NVIDIA L4, 23034 MiB, 22394 MiB, 253 MiB, 93 %
2026/09/24 09:44:56.436, NVIDIA L4, 23034 MiB, 22394 MiB, 253 MiB, 92 %
2026/09/24 09:44:57.436, NVIDIA L4, 23034 MiB, 22394 MiB, 253 MiB, 94 %
2026/09/24 09:44:58.436, NVIDIA L4, 23034 MiB, 22394 MiB, 253 MiB, 94 %
2026/09/24 09:44:59.436, NVIDIA L4, 23034 MiB, 22394 MiB, 253 MiB, 94 %
2026/09/24 09:45:00.437, NVIDIA L4, 23034 MiB, 22394 MiB, 253 MiB, 93 %
2026/09/24 09:45:01.437, NVIDIA L4, 23034 MiB, 22394 MiB, 253 MiB, 92 %
2026/09/24 09:45:02.437, NVIDIA L4, 23034 MiB, 22394 MiB, 253 MiB, 92 %
2026/09/24 09:45:03.437, NVIDIA L4, 23034 MiB, 22394 MiB, 253 MiB, 92 %
2026/09/24 09:45:04.438, NVIDIA L4, 23034 MiB, 22394 MiB, 253 MiB, 94 %
2026/09/24 09:45:05.438, NVIDIA L4, 23034 MiB, 22394 MiB, 253 MiB, 92 %
2026/09/24 09:45:06.438, NVIDIA L4, 23034 MiB, 22394 MiB, 253 MiB, 94 %
2026/09/24 09:45:07.439, NVIDIA L4, 23034 MiB, 22394 MiB, 253 MiB, 94 %
2026/09/24 09:45:08.439, NVIDIA L4, 23034 MiB, 22394 MiB, 253 MiB, 94 %
2026/09/24 09:45:09.439, NVIDIA L4, 23034 MiB, 22394 MiB, 253 MiB, 93 %
2026/09/24 09:45:10.439, NVIDIA L4, 23034 MiB, 22394 MiB, 253 MiB, 94 %
2026/09/24 09:45:11.440, NVIDIA L4, 23034 MiB, 22394 MiB, 253 MiB, 94 %
2026/09/24 09:45:12.440, NVIDIA L4, 23034 MiB, 22394 MiB, 253 MiB, 94 %
2026/09/24 09:45:13.440, NVIDIA L4, 23034 MiB, 22394 MiB, 253 MiB, 94 %
2026/09/24 09:45:14.441, NVIDIA L4, 23034 MiB, 22394 MiB, 253 MiB, 94 %
2026/09/24 09:45:15.441, NVIDIA L4, 23034 MiB, 22394 MiB, 253 MiB, 94 %
2026/09/24 09:45:16.441, NVIDIA L4, 23034 MiB, 22394 MiB, 253 MiB, 94 %
2026/09/24 09:45:17.441, NVIDIA L4, 23034 MiB, 22394 MiB, 253 MiB, 94 %
2026/09/24 09:45:18.442, NVIDIA L4, 23034 MiB, 22394 MiB, 253 MiB, 93 %
2026/09/24 09:45:19.442, NVIDIA L4, 23034 MiB, 22394 MiB, 253 MiB, 94 %
2026/09/24 09:45:20.442, NVIDIA L4, 23034 MiB, 22394 MiB, 253 MiB, 92 %
2026/09/24 09:45:21.443, NVIDIA L4, 23034 MiB, 22394 MiB, 253 MiB, 94 %
2026/09/24 09:45:22.443, NVIDIA L4, 23034 MiB, 22394 MiB, 253 MiB, 92 %
2026/09/24 09:45:23.443, NVIDIA L4, 23034 MiB, 22394 MiB, 253 MiB, 93 %
2026/09/24 09:45:24.443, NVIDIA L4, 23034 MiB, 22394 MiB, 253 MiB, 93 %
2026/09/24 09:45:25.444, NVIDIA L4, 23034 MiB, 22394 MiB, 253 MiB, 94 %
2026/09/24 09:45:26.444, NVIDIA L4, 23034 MiB, 22394 MiB, 253 MiB, 94 %
2026/09/24 09:45:27.444, NVIDIA L4, 23034 MiB, 22394 MiB, 253 MiB, 94 %
2026/09/24 09:45:28.444, NVIDIA L4, 23034 MiB, 22394 MiB, 253 MiB, 94 %
2026/09/24 09:45:29.445, NVIDIA L4, 23034 MiB, 22394 MiB, 253 MiB, 94 %
2026/09/24 09:45:30.445, NVIDIA L4, 23034 MiB, 22394 MiB, 253 MiB, 94 %
2026/09/24 09:45:31.445, NVIDIA L4, 23034 MiB, 22394 MiB, 253 MiB, 94 %
2026/09/24 09:45:32.446, NVIDIA L4, 23034 MiB, 22394 MiB, 253 MiB, 70 %
2026/09/24 09:45:33.446, NVIDIA L4, 23034 MiB, 22394 MiB, 253 MiB, 92 %
2026/09/24 09:45:34.446, NVIDIA L4, 23034 MiB, 22394 MiB, 253 MiB, 94 %
2026/09/24 09:45:35.446, NVIDIA L4, 23034 MiB, 22394 MiB, 253 MiB, 94 %
2026/09/24 09:45:36.447, NVIDIA L4, 23034 MiB, 22394 MiB, 253 MiB, 94 %
2026/09/24 09:45:37.447, NVIDIA L4, 23034 MiB, 22394 MiB, 253 MiB, 94 %
2026/09/24 09:45:38.447, NVIDIA L4, 23034 MiB, 22394 MiB, 253 MiB, 94 %
2026/09/24 09:45:39.448, NVIDIA L4, 23034 MiB, 22394 MiB, 253 MiB, 93 %
2026/09/24 09:45:40.449, NVIDIA L4, 23034 MiB, 22394 MiB, 253 MiB, 94 %
2026/09/24 09:45:41.449, NVIDIA L4, 23034 MiB, 22394 MiB, 253 MiB, 94 %
2026/09/24 09:45:42.449, NVIDIA L4, 23034 MiB, 22394 MiB, 253 MiB, 94 %
2026/09/24 09:45:43.450, NVIDIA L4, 23034 MiB, 22394 MiB, 253 MiB, 94 %
2026/09/24 09:45:44.450, NVIDIA L4, 23034 MiB, 22394 MiB, 253 MiB, 94 %
2026/09/24 09:45:45.450, NVIDIA L4, 23034 MiB, 22394 MiB, 253 MiB, 94 %
2026/09/24 09:45:46.450, NVIDIA L4, 23034 MiB, 22394 MiB, 253 MiB, 94 %
2026/09/24 09:45:47.451, NVIDIA L4, 23034 MiB, 22394 MiB, 253 MiB, 94 %
2026/09/24 09:45:48.451, NVIDIA L4, 23034 MiB, 22394 MiB, 253 MiB, 94 %
2026/09/24 09:45:49.451, NVIDIA L4, 23034 MiB, 22394 MiB, 253 MiB, 93 %
2026/09/24 09:45:50.452, NVIDIA L4, 23034 MiB, 22394 MiB, 253 MiB, 94 %
2026/09/24 09:45:51.452, NVIDIA L4, 23034 MiB, 22394 MiB, 253 MiB, 94 %
2026/09/24 09:45:52.452, NVIDIA L4, 23034 MiB, 22394 MiB, 253 MiB, 93 %
2026/09/24 09:45:53.452, NVIDIA L4, 23034 MiB, 22394 MiB, 253 MiB, 93 %
2026/09/24 09:45:54.453, NVIDIA L4, 23034 MiB, 22394 MiB, 253 MiB, 94 %
2026/09/24 09:45:55.453, NVIDIA L4, 23034 MiB, 22394 MiB, 253 MiB, 94 %
2026/09/24 09:45:56.453, NVIDIA L4, 23034 MiB, 22394 MiB, 253 MiB, 94 %
2026/09/24 09:45:57.454, NVIDIA L4, 23034 MiB, 22394 MiB, 253 MiB, 91 %
2026/09/24 09:45:58.454, NVIDIA L4, 23034 MiB, 22394 MiB, 253 MiB, 93 %
2026/09/24 09:45:59.454, NVIDIA L4, 23034 MiB, 22394 MiB, 253 MiB, 93 %
2026/09/24 09:46:00.454, NVIDIA L4, 23034 MiB, 22394 MiB, 253 MiB, 94 %
2026/09/24 09:46:01.455, NVIDIA L4, 23034 MiB, 22394 MiB, 253 MiB, 93 %
2026/09/24 09:46:02.455, NVIDIA L4, 23034 MiB, 22394 MiB, 253 MiB, 93 %
2026/09/24 09:46:03.455, NVIDIA L4, 23034 MiB, 22394 MiB, 253 MiB, 93 %
2026/09/24 09:46:04.455, NVIDIA L4, 23034 MiB, 22394 MiB, 253 MiB, 94 %
2026/09/24 09:46:05.456, NVIDIA L4, 23034 MiB, 22394 MiB, 253 MiB, 94 %
2026/09/24 09:46:06.456, NVIDIA L4, 23034 MiB, 22394 MiB, 253 MiB, 93 %
2026/09/24 09:46:07.456, NVIDIA L4, 23034 MiB, 22394 MiB, 253 MiB, 93 %
2026/09/24 09:46:08.457, NVIDIA L4, 23034 MiB, 22394 MiB, 253 MiB, 94 %
2026/09/24 09:46:09.457, NVIDIA L4, 23034 MiB, 22394 MiB, 253 MiB, 93 %
2026/09/24 09:46:10.457, NVIDIA L4, 23034 MiB, 22394 MiB, 253 MiB, 94 %
2026/09/24 09:46:11.457, NVIDIA L4, 23034 MiB, 22394 MiB, 253 MiB, 66 %
2026/09/24 09:46:12.458, NVIDIA L4, 23034 MiB, 22394 MiB, 253 MiB, 94 %
2026/09/24 09:46:13.458, NVIDIA L4, 23034 MiB, 22394 MiB, 253 MiB, 94 %
2026/09/24 09:46:14.458, NVIDIA L4, 23034 MiB, 22394 MiB, 253 MiB, 94 %
2026/09/24 09:46:15.458, NVIDIA L4, 23034 MiB, 22394 MiB, 253 MiB, 93 %
2026/09/24 09:46:16.459, NVIDIA L4, 23034 MiB, 22394 MiB, 253 MiB, 93 %
2026/09/24 09:46:17.459, NVIDIA L4, 23034 MiB, 22394 MiB, 253 MiB, 93 %
2026/09/24 09:46:18.459, NVIDIA L4, 23034 MiB, 22394 MiB, 253 MiB, 94 %
2026/09/24 09:46:19.460, NVIDIA L4, 23034 MiB, 22394 MiB, 253 MiB, 94 %
2026/09/24 09:46:20.460, NVIDIA L4, 23034 MiB, 22394 MiB, 253 MiB, 94 %
2026/09/24 09:46:21.460, NVIDIA L4, 23034 MiB, 22394 MiB, 253 MiB, 94 %
2026/09/24 09:46:22.460, NVIDIA L4, 23034 MiB, 22394 MiB, 253 MiB, 94 %
2026/09/24 09:46:23.461, NVIDIA L4, 23034 MiB, 22394 MiB, 253 MiB, 93 %
2026/09/24 09:46:24.461, NVIDIA L4, 23034 MiB, 22394 MiB, 253 MiB, 94 %
2026/09/24 09:46:25.461, NVIDIA L4, 23034 MiB, 22394 MiB, 253 MiB, 94 %
2026/09/24 09:46:26.462, NVIDIA L4, 23034 MiB, 22394 MiB, 253 MiB, 93 %
2026/09/24 09:46:27.462, NVIDIA L4, 23034 MiB, 22394 MiB, 253 MiB, 92 %
2026/09/24 09:46:28.462, NVIDIA L4, 23034 MiB, 22394 MiB, 253 MiB, 94 %
2026/09/24 09:46:29.462, NVIDIA L4, 23034 MiB, 22394 MiB, 253 MiB, 94 %
2026/09/24 09:46:30.463, NVIDIA L4, 23034 MiB, 22394 MiB, 253 MiB, 94 %
2026/09/24 09:46:31.463, NVIDIA L4, 23034 MiB, 22394 MiB, 253 MiB, 93 %
2026/09/24 09:46:32.463, NVIDIA L4, 23034 MiB, 22394 MiB, 253 MiB, 93 %
2026/09/24 09:46:33.463, NVIDIA L4, 23034 MiB, 22394 MiB, 253 MiB, 0 %
2026/09/24 09:46:34.464, NVIDIA L4, 23034 MiB, 22394 MiB, 253 MiB, 0 %
2026/09/24 09:46:35.464, NVIDIA L4, 23034 MiB, 22394 MiB, 253 MiB, 94 %
2026/09/24 09:46:36.464, NVIDIA L4, 23034 MiB, 22394 MiB, 253 MiB, 94 %
2026/09/24 09:46:37.465, NVIDIA L4, 23034 MiB, 22394 MiB, 253 MiB, 94 %
2026/09/24 09:46:38.465, NVIDIA L4, 23034 MiB, 22394 MiB, 253 MiB, 94 %
2026/09/24 09:46:39.465, NVIDIA L4, 23034 MiB, 22394 MiB, 253 MiB, 94 %
2026/09/24 09:46:40.466, NVIDIA L4, 23034 MiB, 22394 MiB, 253 MiB, 94 %
2026/09/24 09:46:41.466, NVIDIA L4, 23034 MiB, 22394 MiB, 253 MiB, 92 %
2026/09/24 09:46:42.466, NVIDIA L4, 23034 MiB, 22394 MiB, 253 MiB, 94 %
2026/09/24 09:46:43.466, NVIDIA L4, 23034 MiB, 22394 MiB, 253 MiB, 94 %
2026/09/24 09:46:44.467, NVIDIA L4, 23034 MiB, 22394 MiB, 253 MiB, 76 %
2026/09/24 09:46:45.467, NVIDIA L4, 23034 MiB, 22394 MiB, 253 MiB, 94 %
2026/09/24 09:46:46.467, NVIDIA L4, 23034 MiB, 22394 MiB, 253 MiB, 94 %
2026/09/24 09:46:47.468, NVIDIA L4, 23034 MiB, 22394 MiB, 253 MiB, 94 %
2026/09/24 09:46:48.468, NVIDIA L4, 23034 MiB, 22394 MiB, 253 MiB, 93 %
2026/09/24 09:46:49.468, NVIDIA L4, 23034 MiB, 22394 MiB, 253 MiB, 94 %
2026/09/24 09:46:50.469, NVIDIA L4, 23034 MiB, 22394 MiB, 253 MiB, 94 %
2026/09/24 09:46:51.469, NVIDIA L4, 23034 MiB, 22394 MiB, 253 MiB, 94 %
2026/09/24 09:46:52.469, NVIDIA L4, 23034 MiB, 22394 MiB, 253 MiB, 94 %
2026/09/24 09:46:53.470, NVIDIA L4, 23034 MiB, 22394 MiB, 253 MiB, 92 %
2026/09/24 09:46:54.470, NVIDIA L4, 23034 MiB, 22394 MiB, 253 MiB, 94 %
2026/09/24 09:46:55.470, NVIDIA L4, 23034 MiB, 22394 MiB, 253 MiB, 93 %
2026/09/24 09:46:56.470, NVIDIA L4, 23034 MiB, 22394 MiB, 253 MiB, 94 %
2026/09/24 09:46:57.471, NVIDIA L4, 23034 MiB, 22394 MiB, 253 MiB, 94 %
2026/09/24 09:46:58.471, NVIDIA L4, 23034 MiB, 22394 MiB, 253 MiB, 94 %
2026/09/24 09:46:59.471, NVIDIA L4, 23034 MiB, 22394 MiB, 253 MiB, 93 %
2026/09/24 09:47:00.472, NVIDIA L4, 23034 MiB, 22394 MiB, 253 MiB, 94 %
2026/09/24 09:47:01.472, NVIDIA L4, 23034 MiB, 22394 MiB, 253 MiB, 94 %
2026/09/24 09:47:02.472, NVIDIA L4, 23034 MiB, 22394 MiB, 253 MiB, 92 %
2026/09/24 09:47:03.473, NVIDIA L4, 23034 MiB, 22394 MiB, 253 MiB, 93 %
2026/09/24 09:47:04.473, NVIDIA L4, 23034 MiB, 22394 MiB, 253 MiB, 94 %
2026/09/24 09:47:05.474, NVIDIA L4, 23034 MiB, 22394 MiB, 253 MiB, 93 %
2026/09/24 09:47:06.474, NVIDIA L4, 23034 MiB, 22394 MiB, 253 MiB, 94 %
2026/09/24 09:47:07.474, NVIDIA L4, 23034 MiB, 22394 MiB, 253 MiB, 91 %
2026/09/24 09:47:08.474, NVIDIA L4, 23034 MiB, 22394 MiB, 253 MiB, 94 %
2026/09/24 09:47:09.475, NVIDIA L4, 23034 MiB, 22394 MiB, 253 MiB, 93 %
2026/09/24 09:47:10.475, NVIDIA L4, 23034 MiB, 22394 MiB, 253 MiB, 91 %
2026/09/24 09:47:11.475, NVIDIA L4, 23034 MiB, 22394 MiB, 253 MiB, 94 %
2026/09/24 09:47:12.476, NVIDIA L4, 23034 MiB, 22394 MiB, 253 MiB, 94 %
2026/09/24 09:47:13.476, NVIDIA L4, 23034 MiB, 22394 MiB, 253 MiB, 94 %
2026/09/24 09:47:14.476, NVIDIA L4, 23034 MiB, 22394 MiB, 253 MiB, 95 %
2026/09/24 09:47:15.476, NVIDIA L4, 23034 MiB, 22394 MiB, 253 MiB, 94 %
2026/09/24 09:47:16.477, NVIDIA L4, 23034 MiB, 22394 MiB, 253 MiB, 94 %
2026/09/24 09:47:17.477, NVIDIA L4, 23034 MiB, 22394 MiB, 253 MiB, 93 %
2026/09/24 09:47:18.477, NVIDIA L4, 23034 MiB, 22394 MiB, 253 MiB, 94 %
2026/09/24 09:47:19.478, NVIDIA L4, 23034 MiB, 22394 MiB, 253 MiB, 94 %
2026/09/24 09:47:20.478, NVIDIA L4, 23034 MiB, 22394 MiB, 253 MiB, 94 %
2026/09/24 09:47:21.478, NVIDIA L4, 23034 MiB, 22394 MiB, 253 MiB, 94 %
2026/09/24 09:47:22.478, NVIDIA L4, 23034 MiB, 22394 MiB, 253 MiB, 93 %
2026/09/24 09:47:23.479, NVIDIA L4, 23034 MiB, 22394 MiB, 253 MiB, 94 %
2026/09/24 09:47:24.479, NVIDIA L4, 23034 MiB, 22394 MiB, 253 MiB, 94 %
2026/09/24 09:47:25.479, NVIDIA L4, 23034 MiB, 22394 MiB, 253 MiB, 94 %
2026/09/24 09:47:26.479, NVIDIA L4, 23034 MiB, 22394 MiB, 253 MiB, 94 %
2026/09/24 09:47:27.480, NVIDIA L4, 23034 MiB, 22394 MiB, 253 MiB, 94 %
2026/09/24 09:47:28.480, NVIDIA L4, 23034 MiB, 22394 MiB, 253 MiB, 94 %
2026/09/24 09:47:29.480, NVIDIA L4, 23034 MiB, 22394 MiB, 253 MiB, 93 %
2026/09/24 09:47:30.480, NVIDIA L4, 23034 MiB, 22394 MiB, 253 MiB, 94 %
2026/09/24 09:47:31.481, NVIDIA L4, 23034 MiB, 22394 MiB, 253 MiB, 94 %
2026/09/24 09:47:32.481, NVIDIA L4, 23034 MiB, 22394 MiB, 253 MiB, 94 %
2026/09/24 09:47:33.481, NVIDIA L4, 23034 MiB, 22394 MiB, 253 MiB, 94 %
2026/09/24 09:47:34.482, NVIDIA L4, 23034 MiB, 22394 MiB, 253 MiB, 93 %
2026/09/24 09:47:35.482, NVIDIA L4, 23034 MiB, 22394 MiB, 253 MiB, 92 %
2026/09/24 09:47:36.482, NVIDIA L4, 23034 MiB, 22394 MiB, 253 MiB, 94 %
2026/09/24 09:47:37.483, NVIDIA L4, 23034 MiB, 22394 MiB, 253 MiB, 94 %
2026/09/24 09:47:38.483, NVIDIA L4, 23034 MiB, 22394 MiB, 253 MiB, 94 %
2026/09/24 09:47:39.483, NVIDIA L4, 23034 MiB, 22394 MiB, 253 MiB, 94 %
2026/09/24 09:47:40.483, NVIDIA L4, 23034 MiB, 22394 MiB, 253 MiB, 94 %
2026/09/24 09:47:41.484, NVIDIA L4, 23034 MiB, 22394 MiB, 253 MiB, 94 %
2026/09/24 09:47:42.484, NVIDIA L4, 23034 MiB, 22394 MiB, 253 MiB, 94 %
2026/09/24 09:47:43.484, NVIDIA L4, 23034 MiB, 22394 MiB, 253 MiB, 94 %
2026/09/24 09:47:44.484, NVIDIA L4, 23034 MiB, 22394 MiB, 253 MiB, 94 %
2026/09/24 09:47:45.485, NVIDIA L4, 23034 MiB, 22394 MiB, 253 MiB, 94 %
2026/09/24 09:47:46.485, NVIDIA L4, 23034 MiB, 22394 MiB, 253 MiB, 70 %
2026/09/24 09:47:47.485, NVIDIA L4, 23034 MiB, 22394 MiB, 253 MiB, 94 %
2026/09/24 09:47:48.486, NVIDIA L4, 23034 MiB, 22394 MiB, 253 MiB, 94 %
2026/09/24 09:47:49.486, NVIDIA L4, 23034 MiB, 22394 MiB, 253 MiB, 94 %
2026/09/24 09:47:50.486, NVIDIA L4, 23034 MiB, 22394 MiB, 253 MiB, 94 %
2026/09/24 09:47:51.486, NVIDIA L4, 23034 MiB, 22394 MiB, 253 MiB, 94 %
2026/09/24 09:47:52.487, NVIDIA L4, 23034 MiB, 22394 MiB, 253 MiB, 94 %
2026/09/24 09:47:53.487, NVIDIA L4, 23034 MiB, 22394 MiB, 253 MiB, 94 %
2026/09/24 09:47:54.487, NVIDIA L4, 23034 MiB, 22394 MiB, 253 MiB, 93 %
2026/09/24 09:47:55.488, NVIDIA L4, 23034 MiB, 22394 MiB, 253 MiB, 93 %
2026/09/24 09:47:56.488, NVIDIA L4, 23034 MiB, 22394 MiB, 253 MiB, 94 %
2026/09/24 09:47:57.488, NVIDIA L4, 23034 MiB, 22394 MiB, 253 MiB, 94 %
2026/09/24 09:47:58.488, NVIDIA L4, 23034 MiB, 22394 MiB, 253 MiB, 94 %
2026/09/24 09:47:59.489, NVIDIA L4, 23034 MiB, 22394 MiB, 253 MiB, 94 %
2026/09/24 09:48:00.489, NVIDIA L4, 23034 MiB, 22394 MiB, 253 MiB, 94 %
2026/09/24 09:48:01.489, NVIDIA L4, 23034 MiB, 22394 MiB, 253 MiB, 94 %
2026/09/24 09:48:02.490, NVIDIA L4, 23034 MiB, 22394 MiB, 253 MiB, 93 %
2026/09/24 09:48:03.490, NVIDIA L4, 23034 MiB, 22394 MiB, 253 MiB, 94 %
2026/09/24 09:48:04.490, NVIDIA L4, 23034 MiB, 22394 MiB, 253 MiB, 94 %
2026/09/24 09:48:05.490, NVIDIA L4, 23034 MiB, 22394 MiB, 253 MiB, 93 %
2026/09/24 09:48:06.491, NVIDIA L4, 23034 MiB, 22394 MiB, 253 MiB, 0 %
2026/09/24 09:48:07.491, NVIDIA L4, 23034 MiB, 22394 MiB, 253 MiB, 93 %
2026/09/24 09:48:08.491, NVIDIA L4, 23034 MiB, 22394 MiB, 253 MiB, 94 %
2026/09/24 09:48:09.492, NVIDIA L4, 23034 MiB, 22394 MiB, 253 MiB, 93 %
2026/09/24 09:48:10.492, NVIDIA L4, 23034 MiB, 22394 MiB, 253 MiB, 94 %
2026/09/24 09:48:11.492, NVIDIA L4, 23034 MiB, 22394 MiB, 253 MiB, 93 %
2026/09/24 09:48:12.492, NVIDIA L4, 23034 MiB, 22394 MiB, 253 MiB, 94 %
2026/09/24 09:48:13.493, NVIDIA L4, 23034 MiB, 22394 MiB, 253 MiB, 94 %
2026/09/24 09:48:14.493, NVIDIA L4, 23034 MiB, 22394 MiB, 253 MiB, 93 %
2026/09/24 09:48:15.493, NVIDIA L4, 23034 MiB, 22394 MiB, 253 MiB, 85 %
2026/09/24 09:48:16.493, NVIDIA L4, 23034 MiB, 22394 MiB, 253 MiB, 94 %
2026/09/24 09:48:17.494, NVIDIA L4, 23034 MiB, 22394 MiB, 253 MiB, 94 %
2026/09/24 09:48:18.494, NVIDIA L4, 23034 MiB, 22394 MiB, 253 MiB, 94 %
2026/09/24 09:48:19.494, NVIDIA L4, 23034 MiB, 22394 MiB, 253 MiB, 94 %
2026/09/24 09:48:20.495, NVIDIA L4, 23034 MiB, 22394 MiB, 253 MiB, 94 %
2026/09/24 09:48:21.495, NVIDIA L4, 23034 MiB, 22394 MiB, 253 MiB, 94 %
2026/09/24 09:48:22.495, NVIDIA L4, 23034 MiB, 22394 MiB, 253 MiB, 93 %
2026/09/24 09:48:23.495, NVIDIA L4, 23034 MiB, 22394 MiB, 253 MiB, 94 %
2026/09/24 09:48:24.496, NVIDIA L4, 23034 MiB, 22394 MiB, 253 MiB, 93 %
2026/09/24 09:48:25.496, NVIDIA L4, 23034 MiB, 22394 MiB, 253 MiB, 93 %
2026/09/24 09:48:26.498, NVIDIA L4, 23034 MiB, 22394 MiB, 253 MiB, 92 %
2026/09/24 09:48:27.498, NVIDIA L4, 23034 MiB, 22394 MiB, 253 MiB, 94 %
2026/09/24 09:48:28.498, NVIDIA L4, 23034 MiB, 22394 MiB, 253 MiB, 94 %
2026/09/24 09:48:29.498, NVIDIA L4, 23034 MiB, 22394 MiB, 253 MiB, 94 %
2026/09/24 09:48:30.499, NVIDIA L4, 23034 MiB, 22394 MiB, 253 MiB, 94 %
2026/09/24 09:48:31.499, NVIDIA L4, 23034 MiB, 22394 MiB, 253 MiB, 94 %
2026/09/24 09:48:32.499, NVIDIA L4, 23034 MiB, 22394 MiB, 253 MiB, 94 %
2026/09/24 09:48:33.500, NVIDIA L4, 23034 MiB, 22394 MiB, 253 MiB, 94 %
2026/09/24 09:48:34.500, NVIDIA L4, 23034 MiB, 22394 MiB, 253 MiB, 94 %
2026/09/24 09:48:35.500, NVIDIA L4, 23034 MiB, 22394 MiB, 253 MiB, 94 %
2026/09/24 09:48:36.501, NVIDIA L4, 23034 MiB, 22394 MiB, 253 MiB, 94 %
2026/09/24 09:48:37.501, NVIDIA L4, 23034 MiB, 22394 MiB, 253 MiB, 94 %
2026/09/24 09:48:38.501, NVIDIA L4, 23034 MiB, 22394 MiB, 253 MiB, 94 %
2026/09/24 09:48:39.501, NVIDIA L4, 23034 MiB, 22394 MiB, 253 MiB, 94 %
2026/09/24 09:48:40.502, NVIDIA L4, 23034 MiB, 22394 MiB, 253 MiB, 94 %
2026/09/24 09:48:41.502, NVIDIA L4, 23034 MiB, 22394 MiB, 253 MiB, 94 %
2026/09/24 09:48:42.502, NVIDIA L4, 23034 MiB, 22394 MiB, 253 MiB, 93 %
2026/09/24 09:48:43.503, NVIDIA L4, 23034 MiB, 22394 MiB, 253 MiB, 93 %
2026/09/24 09:48:44.503, NVIDIA L4, 23034 MiB, 22394 MiB, 253 MiB, 91 %
2026/09/24 09:48:45.503, NVIDIA L4, 23034 MiB, 22394 MiB, 253 MiB, 93 %
2026/09/24 09:48:46.503, NVIDIA L4, 23034 MiB, 22394 MiB, 253 MiB, 94 %
2026/09/24 09:48:47.504, NVIDIA L4, 23034 MiB, 22394 MiB, 253 MiB, 94 %
2026/09/24 09:48:48.504, NVIDIA L4, 23034 MiB, 22394 MiB, 253 MiB, 93 %
2026/09/24 09:48:49.504, NVIDIA L4, 23034 MiB, 22394 MiB, 253 MiB, 94 %
2026/09/24 09:48:50.505, NVIDIA L4, 23034 MiB, 22394 MiB, 253 MiB, 94 %
2026/09/24 09:48:51.505, NVIDIA L4, 23034 MiB, 22394 MiB, 253 MiB, 94 %
2026/09/24 09:48:52.505, NVIDIA L4, 23034 MiB, 22394 MiB, 253 MiB, 94 %
2026/09/24 09:48:53.506, NVIDIA L4, 23034 MiB, 22394 MiB, 253 MiB, 94 %
2026/09/24 09:48:54.506, NVIDIA L4, 23034 MiB, 22394 MiB, 253 MiB, 95 %
2026/09/24 09:48:55.506, NVIDIA L4, 23034 MiB, 22394 MiB, 253 MiB, 94 %
2026/09/24 09:48:56.506, NVIDIA L4, 23034 MiB, 22394 MiB, 253 MiB, 93 %
2026/09/24 09:48:57.507, NVIDIA L4, 23034 MiB, 22394 MiB, 253 MiB, 94 %
2026/09/24 09:48:58.507, NVIDIA L4, 23034 MiB, 22394 MiB, 253 MiB, 94 %
2026/09/24 09:48:59.507, NVIDIA L4, 23034 MiB, 22394 MiB, 253 MiB, 94 %
2026/09/24 09:49:00.508, NVIDIA L4, 23034 MiB, 22394 MiB, 253 MiB, 94 %
2026/09/24 09:49:01.508, NVIDIA L4, 23034 MiB, 22394 MiB, 253 MiB, 94 %
2026/09/24 09:49:02.508, NVIDIA L4, 23034 MiB, 22394 MiB, 253 MiB, 94 %
2026/09/24 09:49:03.508, NVIDIA L4, 23034 MiB, 22394 MiB, 253 MiB, 94 %
2026/09/24 09:49:04.509, NVIDIA L4, 23034 MiB, 22394 MiB, 253 MiB, 94 %
2026/09/24 09:49:05.509, NVIDIA L4, 23034 MiB, 22394 MiB, 253 MiB, 94 %
2026/09/24 09:49:06.509, NVIDIA L4, 23034 MiB, 22394 MiB, 253 MiB, 95 %
2026/09/24 09:49:07.510, NVIDIA L4, 23034 MiB, 22394 MiB, 253 MiB, 94 %
2026/09/24 09:49:08.510, NVIDIA L4, 23034 MiB, 22394 MiB, 253 MiB, 94 %
2026/09/24 09:49:09.510, NVIDIA L4, 23034 MiB, 22394 MiB, 253 MiB, 94 %
2026/09/24 09:49:10.510, NVIDIA L4, 23034 MiB, 22394 MiB, 253 MiB, 94 %
2026/09/24 09:49:11.511, NVIDIA L4, 23034 MiB, 22394 MiB, 253 MiB, 91 %
2026/09/24 09:49:12.511, NVIDIA L4, 23034 MiB, 22394 MiB, 253 MiB, 94 %
2026/09/24 09:49:13.511, NVIDIA L4, 23034 MiB, 22394 MiB, 253 MiB, 94 %
2026/09/24 09:49:14.511, NVIDIA L4, 23034 MiB, 22394 MiB, 253 MiB, 94 %
2026/09/24 09:49:15.512, NVIDIA L4, 23034 MiB, 22394 MiB, 253 MiB, 94 %
2026/09/24 09:49:16.512, NVIDIA L4, 23034 MiB, 22394 MiB, 253 MiB, 93 %
2026/09/24 09:49:17.512, NVIDIA L4, 23034 MiB, 22394 MiB, 253 MiB, 94 %
2026/09/24 09:49:18.513, NVIDIA L4, 23034 MiB, 22394 MiB, 253 MiB, 94 %
2026/09/24 09:49:19.513, NVIDIA L4, 23034 MiB, 22394 MiB, 253 MiB, 93 %
2026/09/24 09:49:20.513, NVIDIA L4, 23034 MiB, 22394 MiB, 253 MiB, 94 %
2026/09/24 09:49:21.513, NVIDIA L4, 23034 MiB, 22394 MiB, 253 MiB, 94 %
2026/09/24 09:49:22.514, NVIDIA L4, 23034 MiB, 22394 MiB, 253 MiB, 94 %
2026/09/24 09:49:23.514, NVIDIA L4, 23034 MiB, 22394 MiB, 253 MiB, 94 %
2026/09/24 09:49:24.514, NVIDIA L4, 23034 MiB, 22394 MiB, 253 MiB, 94 %
2026/09/24 09:49:25.515, NVIDIA L4, 23034 MiB, 22394 MiB, 253 MiB, 94 %
2026/09/24 09:49:26.515, NVIDIA L4, 23034 MiB, 22394 MiB, 253 MiB, 94 %
2026/09/24 09:49:27.515, NVIDIA L4, 23034 MiB, 22394 MiB, 253 MiB, 94 %
2026/09/24 09:49:28.515, NVIDIA L4, 23034 MiB, 22394 MiB, 253 MiB, 94 %
2026/09/24 09:49:29.516, NVIDIA L4, 23034 MiB, 22394 MiB, 253 MiB, 95 %
2026/09/24 09:49:30.516, NVIDIA L4, 23034 MiB, 22394 MiB, 253 MiB, 34 %
2026/09/24 09:49:31.516, NVIDIA L4, 23034 MiB, 22394 MiB, 253 MiB, 92 %
2026/09/24 09:49:32.517, NVIDIA L4, 23034 MiB, 22394 MiB, 253 MiB, 93 %
2026/09/24 09:49:33.517, NVIDIA L4, 23034 MiB, 22394 MiB, 253 MiB, 93 %
2026/09/24 09:49:34.517, NVIDIA L4, 23034 MiB, 22394 MiB, 253 MiB, 93 %
2026/09/24 09:49:35.517, NVIDIA L4, 23034 MiB, 22394 MiB, 253 MiB, 93 %
2026/09/24 09:49:36.518, NVIDIA L4, 23034 MiB, 22394 MiB, 253 MiB, 94 %
2026/09/24 09:49:37.518, NVIDIA L4, 23034 MiB, 22394 MiB, 253 MiB, 94 %
2026/09/24 09:49:38.518, NVIDIA L4, 23034 MiB, 22394 MiB, 253 MiB, 94 %
2026/09/24 09:49:39.519, NVIDIA L4, 23034 MiB, 22394 MiB, 253 MiB, 94 %
2026/09/24 09:49:40.519, NVIDIA L4, 23034 MiB, 22394 MiB, 253 MiB, 94 %
2026/09/24 09:49:41.519, NVIDIA L4, 23034 MiB, 22394 MiB, 253 MiB, 94 %
2026/09/24 09:49:42.519, NVIDIA L4, 23034 MiB, 22394 MiB, 253 MiB, 93 %
2026/09/24 09:49:43.520, NVIDIA L4, 23034 MiB, 22394 MiB, 253 MiB, 94 %
2026/09/24 09:49:44.520, NVIDIA L4, 23034 MiB, 22394 MiB, 253 MiB, 93 %
2026/09/24 09:49:45.520, NVIDIA L4, 23034 MiB, 22394 MiB, 253 MiB, 94 %
2026/09/24 09:49:46.520, NVIDIA L4, 23034 MiB, 22394 MiB, 253 MiB, 94 %
2026/09/24 09:49:47.521, NVIDIA L4, 23034 MiB, 22394 MiB, 253 MiB, 94 %
2026/09/24 09:49:48.521, NVIDIA L4, 23034 MiB, 22394 MiB, 253 MiB, 94 %
2026/09/24 09:49:49.521, NVIDIA L4, 23034 MiB, 22394 MiB, 253 MiB, 93 %
2026/09/24 09:49:50.522, NVIDIA L4, 23034 MiB, 22394 MiB, 253 MiB, 94 %
2026/09/24 09:49:51.522, NVIDIA L4, 23034 MiB, 22394 MiB, 253 MiB, 93 %
2026/09/24 09:49:52.522, NVIDIA L4, 23034 MiB, 22394 MiB, 253 MiB, 94 %
2026/09/24 09:49:53.523, NVIDIA L4, 23034 MiB, 22394 MiB, 253 MiB, 93 %
2026/09/24 09:49:54.523, NVIDIA L4, 23034 MiB, 22394 MiB, 253 MiB, 94 %
2026/09/24 09:49:55.523, NVIDIA L4, 23034 MiB, 22394 MiB, 253 MiB, 94 %
2026/09/24 09:49:56.524, NVIDIA L4, 23034 MiB, 22394 MiB, 253 MiB, 93 %
2026/09/24 09:49:57.524, NVIDIA L4, 23034 MiB, 22394 MiB, 253 MiB, 94 %
2026/09/24 09:49:58.524, NVIDIA L4, 23034 MiB, 22394 MiB, 253 MiB, 94 %
2026/09/24 09:49:59.524, NVIDIA L4, 23034 MiB, 22394 MiB, 253 MiB, 94 %
2026/09/24 09:50:00.525, NVIDIA L4, 23034 MiB, 22394 MiB, 253 MiB, 94 %
2026/09/24 09:50:01.525, NVIDIA L4, 23034 MiB, 22394 MiB, 253 MiB, 94 %
2026/09/24 09:50:02.525, NVIDIA L4, 23034 MiB, 22394 MiB, 253 MiB, 94 %
2026/09/24 09:50:03.526, NVIDIA L4, 23034 MiB, 22394 MiB, 253 MiB, 93 %
2026/09/24 09:50:04.526, NVIDIA L4, 23034 MiB, 22394 MiB, 253 MiB, 94 %
2026/09/24 09:50:05.526, NVIDIA L4, 23034 MiB, 22394 MiB, 253 MiB, 94 %
2026/09/24 09:50:06.526, NVIDIA L4, 23034 MiB, 22394 MiB, 253 MiB, 94 %
2026/09/24 09:50:07.527, NVIDIA L4, 23034 MiB, 22394 MiB, 253 MiB, 94 %
2026/09/24 09:50:08.527, NVIDIA L4, 23034 MiB, 22394 MiB, 253 MiB, 92 %
2026/09/24 09:50:09.527, NVIDIA L4, 23034 MiB, 22394 MiB, 253 MiB, 94 %
2026/09/24 09:50:10.528, NVIDIA L4, 23034 MiB, 22394 MiB, 253 MiB, 76 %
2026/09/24 09:50:11.528, NVIDIA L4, 23034 MiB, 22394 MiB, 253 MiB, 94 %
2026/09/24 09:50:12.528, NVIDIA L4, 23034 MiB, 22394 MiB, 253 MiB, 93 %
2026/09/24 09:50:13.528, NVIDIA L4, 23034 MiB, 22394 MiB, 253 MiB, 94 %
2026/09/24 09:50:14.529, NVIDIA L4, 23034 MiB, 22394 MiB, 253 MiB, 0 %
2026/09/24 09:50:15.529, NVIDIA L4, 23034 MiB, 22394 MiB, 253 MiB, 0 %
2026/09/24 09:50:16.529, NVIDIA L4, 23034 MiB, 22394 MiB, 253 MiB, 94 %
2026/09/24 09:50:17.530, NVIDIA L4, 23034 MiB, 22394 MiB, 253 MiB, 93 %
2026/09/24 09:50:18.530, NVIDIA L4, 23034 MiB, 22394 MiB, 253 MiB, 94 %
2026/09/24 09:50:19.530, NVIDIA L4, 23034 MiB, 22394 MiB, 253 MiB, 94 %
2026/09/24 09:50:20.531, NVIDIA L4, 23034 MiB, 22394 MiB, 253 MiB, 94 %
2026/09/24 09:50:21.531, NVIDIA L4, 23034 MiB, 22394 MiB, 253 MiB, 93 %
2026/09/24 09:50:22.531, NVIDIA L4, 23034 MiB, 22394 MiB, 253 MiB, 94 %
2026/09/24 09:50:23.531, NVIDIA L4, 23034 MiB, 22394 MiB, 253 MiB, 93 %
2026/09/24 09:50:24.532, NVIDIA L4, 23034 MiB, 22394 MiB, 253 MiB, 94 %
2026/09/24 09:50:25.532, NVIDIA L4, 23034 MiB, 22394 MiB, 253 MiB, 94 %
2026/09/24 09:50:26.532, NVIDIA L4, 23034 MiB, 22394 MiB, 253 MiB, 95 %
2026/09/24 09:50:27.532, NVIDIA L4, 23034 MiB, 22394 MiB, 253 MiB, 94 %
2026/09/24 09:50:28.533, NVIDIA L4, 23034 MiB, 22394 MiB, 253 MiB, 94 %
2026/09/24 09:50:29.533, NVIDIA L4, 23034 MiB, 22394 MiB, 253 MiB, 94 %
2026/09/24 09:50:30.533, NVIDIA L4, 23034 MiB, 22394 MiB, 253 MiB, 93 %
2026/09/24 09:50:31.534, NVIDIA L4, 23034 MiB, 22394 MiB, 253 MiB, 94 %
2026/09/24 09:50:32.534, NVIDIA L4, 23034 MiB, 22394 MiB, 253 MiB, 94 %
2026/09/24 09:50:33.534, NVIDIA L4, 23034 MiB, 22394 MiB, 253 MiB, 94 %
2026/09/24 09:50:34.534, NVIDIA L4, 23034 MiB, 22394 MiB, 253 MiB, 94 %
2026/09/24 09:50:35.535, NVIDIA L4, 23034 MiB, 22394 MiB, 253 MiB, 94 %
2026/09/24 09:50:36.535, NVIDIA L4, 23034 MiB, 22394 MiB, 253 MiB, 94 %
2026/09/24 09:50:37.535, NVIDIA L4, 23034 MiB, 22394 MiB, 253 MiB, 94 %
2026/09/24 09:50:38.536, NVIDIA L4, 23034 MiB, 22394 MiB, 253 MiB, 94 %
2026/09/24 09:50:39.536, NVIDIA L4, 23034 MiB, 22394 MiB, 253 MiB, 94 %
2026/09/24 09:50:40.536, NVIDIA L4, 23034 MiB, 22394 MiB, 253 MiB, 94 %
2026/09/24 09:50:41.536, NVIDIA L4, 23034 MiB, 22394 MiB, 253 MiB, 94 %
2026/09/24 09:50:42.537, NVIDIA L4, 23034 MiB, 22394 MiB, 253 MiB, 94 %
2026/09/24 09:50:43.537, NVIDIA L4, 23034 MiB, 22394 MiB, 253 MiB, 95 %
2026/09/24 09:50:44.537, NVIDIA L4, 23034 MiB, 22394 MiB, 253 MiB, 92 %
2026/09/24 09:50:45.538, NVIDIA L4, 23034 MiB, 22394 MiB, 253 MiB, 95 %
2026/09/24 09:50:46.538, NVIDIA L4, 23034 MiB, 22394 MiB, 253 MiB, 95 %
2026/09/24 09:50:47.538, NVIDIA L4, 23034 MiB, 22394 MiB, 253 MiB, 95 %
2026/09/24 09:50:48.538, NVIDIA L4, 23034 MiB, 22394 MiB, 253 MiB, 94 %
2026/09/24 09:50:49.539, NVIDIA L4, 23034 MiB, 22394 MiB, 253 MiB, 94 %
2026/09/24 09:50:50.539, NVIDIA L4, 23034 MiB, 22394 MiB, 253 MiB, 93 %
2026/09/24 09:50:51.539, NVIDIA L4, 23034 MiB, 22394 MiB, 253 MiB, 92 %
2026/09/24 09:50:52.540, NVIDIA L4, 23034 MiB, 22394 MiB, 253 MiB, 94 %
2026/09/24 09:50:53.540, NVIDIA L4, 23034 MiB, 22394 MiB, 253 MiB, 94 %
2026/09/24 09:50:54.540, NVIDIA L4, 23034 MiB, 22394 MiB, 253 MiB, 94 %
2026/09/24 09:50:55.540, NVIDIA L4, 23034 MiB, 22394 MiB, 253 MiB, 94 %
2026/09/24 09:50:56.541, NVIDIA L4, 23034 MiB, 22394 MiB, 253 MiB, 94 %
2026/09/24 09:50:57.541, NVIDIA L4, 23034 MiB, 22394 MiB, 253 MiB, 94 %
2026/09/24 09:50:58.541, NVIDIA L4, 23034 MiB, 22394 MiB, 253 MiB, 94 %
2026/09/24 09:50:59.541, NVIDIA L4, 23034 MiB, 22394 MiB, 253 MiB, 94 %
2026/09/24 09:51:00.542, NVIDIA L4, 23034 MiB, 22394 MiB, 253 MiB, 94 %
2026/09/24 09:51:01.542, NVIDIA L4, 23034 MiB, 22394 MiB, 253 MiB, 94 %
2026/09/24 09:51:02.542, NVIDIA L4, 23034 MiB, 22394 MiB, 253 MiB, 94 %
2026/09/24 09:51:03.543, NVIDIA L4, 23034 MiB, 22394 MiB, 253 MiB, 94 %
2026/09/24 09:51:04.543, NVIDIA L4, 23034 MiB, 22394 MiB, 253 MiB, 94 %
2026/09/24 09:51:05.543, NVIDIA L4, 23034 MiB, 22394 MiB, 253 MiB, 59 %
2026/09/24 09:51:06.543, NVIDIA L4, 23034 MiB, 22394 MiB, 253 MiB, 94 %
2026/09/24 09:51:07.544, NVIDIA L4, 23034 MiB, 22394 MiB, 253 MiB, 94 %
2026/09/24 09:51:08.544, NVIDIA L4, 23034 MiB, 22394 MiB, 253 MiB, 94 %
2026/09/24 09:51:09.544, NVIDIA L4, 23034 MiB, 22394 MiB, 253 MiB, 94 %
2026/09/24 09:51:10.545, NVIDIA L4, 23034 MiB, 22394 MiB, 253 MiB, 94 %
2026/09/24 09:51:11.545, NVIDIA L4, 23034 MiB, 22394 MiB, 253 MiB, 93 %
2026/09/24 09:51:12.545, NVIDIA L4, 23034 MiB, 22394 MiB, 253 MiB, 94 %
2026/09/24 09:51:13.545, NVIDIA L4, 23034 MiB, 22394 MiB, 253 MiB, 94 %
2026/09/24 09:51:14.546, NVIDIA L4, 23034 MiB, 22394 MiB, 253 MiB, 94 %
2026/09/24 09:51:15.546, NVIDIA L4, 23034 MiB, 22394 MiB, 253 MiB, 94 %
2026/09/24 09:51:16.546, NVIDIA L4, 23034 MiB, 22394 MiB, 253 MiB, 92 %
2026/09/24 09:51:17.547, NVIDIA L4, 23034 MiB, 22394 MiB, 253 MiB, 94 %
2026/09/24 09:51:18.547, NVIDIA L4, 23034 MiB, 22394 MiB, 253 MiB, 94 %
2026/09/24 09:51:19.547, NVIDIA L4, 23034 MiB, 22394 MiB, 253 MiB, 94 %
2026/09/24 09:51:20.547, NVIDIA L4, 23034 MiB, 22394 MiB, 253 MiB, 94 %
2026/09/24 09:51:21.548, NVIDIA L4, 23034 MiB, 22394 MiB, 253 MiB, 94 %
2026/09/24 09:51:22.548, NVIDIA L4, 23034 MiB, 22394 MiB, 253 MiB, 94 %
2026/09/24 09:51:23.548, NVIDIA L4, 23034 MiB, 22394 MiB, 253 MiB, 93 %
2026/09/24 09:51:24.549, NVIDIA L4, 23034 MiB, 22394 MiB, 253 MiB, 94 %
2026/09/24 09:51:25.549, NVIDIA L4, 23034 MiB, 22394 MiB, 253 MiB, 94 %
2026/09/24 09:51:26.549, NVIDIA L4, 23034 MiB, 22394 MiB, 253 MiB, 93 %
2026/09/24 09:51:27.549, NVIDIA L4, 23034 MiB, 22394 MiB, 253 MiB, 94 %
2026/09/24 09:51:28.550, NVIDIA L4, 23034 MiB, 22394 MiB, 253 MiB, 94 %
2026/09/24 09:51:29.550, NVIDIA L4, 23034 MiB, 22394 MiB, 253 MiB, 93 %
2026/09/24 09:51:30.550, NVIDIA L4, 23034 MiB, 22394 MiB, 253 MiB, 94 %
2026/09/24 09:51:31.550, NVIDIA L4, 23034 MiB, 22394 MiB, 253 MiB, 94 %
2026/09/24 09:51:32.551, NVIDIA L4, 23034 MiB, 22394 MiB, 253 MiB, 94 %
2026/09/24 09:51:33.551, NVIDIA L4, 23034 MiB, 22394 MiB, 253 MiB, 94 %
2026/09/24 09:51:34.551, NVIDIA L4, 23034 MiB, 22394 MiB, 253 MiB, 94 %
2026/09/24 09:51:35.552, NVIDIA L4, 23034 MiB, 22394 MiB, 253 MiB, 94 %
2026/09/24 09:51:36.552, NVIDIA L4, 23034 MiB, 22394 MiB, 253 MiB, 94 %
2026/09/24 09:51:37.552, NVIDIA L4, 23034 MiB, 22394 MiB, 253 MiB, 92 %
2026/09/24 09:51:38.552, NVIDIA L4, 23034 MiB, 22394 MiB, 253 MiB, 95 %
2026/09/24 09:51:39.553, NVIDIA L4, 23034 MiB, 22394 MiB, 253 MiB, 94 %
2026/09/24 09:51:40.553, NVIDIA L4, 23034 MiB, 22394 MiB, 253 MiB, 94 %
2026/09/24 09:51:41.553, NVIDIA L4, 23034 MiB, 22394 MiB, 253 MiB, 94 %
2026/09/24 09:51:42.553, NVIDIA L4, 23034 MiB, 22394 MiB, 253 MiB, 93 %
2026/09/24 09:51:43.554, NVIDIA L4, 23034 MiB, 22394 MiB, 253 MiB, 92 %
2026/09/24 09:51:44.554, NVIDIA L4, 23034 MiB, 22394 MiB, 253 MiB, 93 %
2026/09/24 09:51:45.554, NVIDIA L4, 23034 MiB, 22394 MiB, 253 MiB, 92 %
2026/09/24 09:51:46.555, NVIDIA L4, 23034 MiB, 22394 MiB, 253 MiB, 94 %
2026/09/24 09:51:47.555, NVIDIA L4, 23034 MiB, 22394 MiB, 253 MiB, 94 %
2026/09/24 09:51:48.555, NVIDIA L4, 23034 MiB, 22394 MiB, 253 MiB, 94 %
2026/09/24 09:51:49.555, NVIDIA L4, 23034 MiB, 22394 MiB, 253 MiB, 94 %
2026/09/24 09:51:50.556, NVIDIA L4, 23034 MiB, 22394 MiB, 253 MiB, 94 %
2026/09/24 09:51:51.556, NVIDIA L4, 23034 MiB, 22394 MiB, 253 MiB, 94 %
2026/09/24 09:51:52.556, NVIDIA L4, 23034 MiB, 22394 MiB, 253 MiB, 92 %
2026/09/24 09:51:53.556, NVIDIA L4, 23034 MiB, 22394 MiB, 253 MiB, 94 %
2026/09/24 09:51:54.557, NVIDIA L4, 23034 MiB, 22394 MiB, 253 MiB, 95 %
2026/09/24 09:51:55.557, NVIDIA L4, 23034 MiB, 22394 MiB, 253 MiB, 94 %
2026/09/24 09:51:56.557, NVIDIA L4, 23034 MiB, 22394 MiB, 253 MiB, 94 %
2026/09/24 09:51:57.558, NVIDIA L4, 23034 MiB, 22394 MiB, 253 MiB, 93 %
2026/09/24 09:51:58.558, NVIDIA L4, 23034 MiB, 22394 MiB, 253 MiB, 94 %
2026/09/24 09:51:59.558, NVIDIA L4, 23034 MiB, 22394 MiB, 253 MiB, 94 %
2026/09/24 09:52:00.559, NVIDIA L4, 23034 MiB, 22394 MiB, 253 MiB, 93 %
2026/09/24 09:52:01.559, NVIDIA L4, 23034 MiB, 22394 MiB, 253 MiB, 94 %
2026/09/24 09:52:02.559, NVIDIA L4, 23034 MiB, 22394 MiB, 253 MiB, 92 %
2026/09/24 09:52:03.560, NVIDIA L4, 23034 MiB, 22394 MiB, 253 MiB, 93 %
2026/09/24 09:52:04.560, NVIDIA L4, 23034 MiB, 22394 MiB, 253 MiB, 92 %
2026/09/24 09:52:05.560, NVIDIA L4, 23034 MiB, 22394 MiB, 253 MiB, 92 %
2026/09/24 09:52:06.561, NVIDIA L4, 23034 MiB, 22394 MiB, 253 MiB, 92 %
2026/09/24 09:52:07.561, NVIDIA L4, 23034 MiB, 22394 MiB, 253 MiB, 94 %
2026/09/24 09:52:08.562, NVIDIA L4, 23034 MiB, 22394 MiB, 253 MiB, 91 %
2026/09/24 09:52:09.562, NVIDIA L4, 23034 MiB, 22394 MiB, 253 MiB, 94 %
2026/09/24 09:52:10.562, NVIDIA L4, 23034 MiB, 22394 MiB, 253 MiB, 94 %
2026/09/24 09:52:11.563, NVIDIA L4, 23034 MiB, 22394 MiB, 253 MiB, 94 %
2026/09/24 09:52:12.563, NVIDIA L4, 23034 MiB, 22394 MiB, 253 MiB, 94 %
2026/09/24 09:52:13.563, NVIDIA L4, 23034 MiB, 22394 MiB, 253 MiB, 95 %
2026/09/24 09:52:14.564, NVIDIA L4, 23034 MiB, 22394 MiB, 253 MiB, 94 %
2026/09/24 09:52:15.564, NVIDIA L4, 23034 MiB, 22394 MiB, 253 MiB, 92 %
2026/09/24 09:52:16.564, NVIDIA L4, 23034 MiB, 22394 MiB, 253 MiB, 93 %
2026/09/24 09:52:17.564, NVIDIA L4, 23034 MiB, 22394 MiB, 253 MiB, 9 %
2026/09/24 09:52:18.565, NVIDIA L4, 23034 MiB, 22394 MiB, 253 MiB, 0 %
2026/09/24 09:52:19.565, NVIDIA L4, 23034 MiB, 22394 MiB, 253 MiB, 94 %
2026/09/24 09:52:20.565, NVIDIA L4, 23034 MiB, 22394 MiB, 253 MiB, 94 %
2026/09/24 09:52:21.565, NVIDIA L4, 23034 MiB, 22394 MiB, 253 MiB, 94 %
2026/09/24 09:52:22.566, NVIDIA L4, 23034 MiB, 22394 MiB, 253 MiB, 94 %
2026/09/24 09:52:23.566, NVIDIA L4, 23034 MiB, 22394 MiB, 253 MiB, 94 %
2026/09/24 09:52:24.566, NVIDIA L4, 23034 MiB, 22394 MiB, 253 MiB, 94 %
2026/09/24 09:52:25.567, NVIDIA L4, 23034 MiB, 22394 MiB, 253 MiB, 93 %
2026/09/24 09:52:26.567, NVIDIA L4, 23034 MiB, 22394 MiB, 253 MiB, 94 %
2026/09/24 09:52:27.567, NVIDIA L4, 23034 MiB, 22394 MiB, 253 MiB, 94 %
2026/09/24 09:52:28.567, NVIDIA L4, 23034 MiB, 22394 MiB, 253 MiB, 94 %
2026/09/24 09:52:29.568, NVIDIA L4, 23034 MiB, 22394 MiB, 253 MiB, 94 %
2026/09/24 09:52:30.568, NVIDIA L4, 23034 MiB, 22394 MiB, 253 MiB, 94 %
2026/09/24 09:52:31.568, NVIDIA L4, 23034 MiB, 22394 MiB, 253 MiB, 94 %
2026/09/24 09:52:32.569, NVIDIA L4, 23034 MiB, 22394 MiB, 253 MiB, 94 %
2026/09/24 09:52:33.569, NVIDIA L4, 23034 MiB, 22394 MiB, 253 MiB, 92 %
2026/09/24 09:52:34.569, NVIDIA L4, 23034 MiB, 22394 MiB, 253 MiB, 93 %
2026/09/24 09:52:35.569, NVIDIA L4, 23034 MiB, 22394 MiB, 253 MiB, 94 %
2026/09/24 09:52:36.570, NVIDIA L4, 23034 MiB, 22394 MiB, 253 MiB, 94 %
2026/09/24 09:52:37.570, NVIDIA L4, 23034 MiB, 22394 MiB, 253 MiB, 93 %
2026/09/24 09:52:38.570, NVIDIA L4, 23034 MiB, 22394 MiB, 253 MiB, 94 %
2026/09/24 09:52:39.571, NVIDIA L4, 23034 MiB, 22394 MiB, 253 MiB, 34 %
2026/09/24 09:52:40.571, NVIDIA L4, 23034 MiB, 22394 MiB, 253 MiB, 93 %
2026/09/24 09:52:41.571, NVIDIA L4, 23034 MiB, 22394 MiB, 253 MiB, 94 %
2026/09/24 09:52:42.572, NVIDIA L4, 23034 MiB, 22394 MiB, 253 MiB, 94 %
2026/09/24 09:52:43.572, NVIDIA L4, 23034 MiB, 22394 MiB, 253 MiB, 93 %
2026/09/24 09:52:44.572, NVIDIA L4, 23034 MiB, 22394 MiB, 253 MiB, 94 %
2026/09/24 09:52:45.572, NVIDIA L4, 23034 MiB, 22394 MiB, 253 MiB, 94 %
2026/09/24 09:52:46.573, NVIDIA L4, 23034 MiB, 22394 MiB, 253 MiB, 93 %
2026/09/24 09:52:47.573, NVIDIA L4, 23034 MiB, 22394 MiB, 253 MiB, 93 %
2026/09/24 09:52:48.573, NVIDIA L4, 23034 MiB, 22394 MiB, 253 MiB, 92 %
2026/09/24 09:52:49.573, NVIDIA L4, 23034 MiB, 22394 MiB, 253 MiB, 93 %
2026/09/24 09:52:50.574, NVIDIA L4, 23034 MiB, 22394 MiB, 253 MiB, 91 %
2026/09/24 09:52:51.574, NVIDIA L4, 23034 MiB, 22394 MiB, 253 MiB, 93 %
2026/09/24 09:52:52.574, NVIDIA L4, 23034 MiB, 22394 MiB, 253 MiB, 93 %
2026/09/24 09:52:53.575, NVIDIA L4, 23034 MiB, 22394 MiB, 253 MiB, 94 %
2026/09/24 09:52:54.575, NVIDIA L4, 23034 MiB, 22394 MiB, 253 MiB, 94 %
2026/09/24 09:52:55.575, NVIDIA L4, 23034 MiB, 22394 MiB, 253 MiB, 94 %
2026/09/24 09:52:56.575, NVIDIA L4, 23034 MiB, 22394 MiB, 253 MiB, 94 %
2026/09/24 09:52:57.576, NVIDIA L4, 23034 MiB, 22394 MiB, 253 MiB, 93 %
2026/09/24 09:52:58.576, NVIDIA L4, 23034 MiB, 22394 MiB, 253 MiB, 93 %
2026/09/24 09:52:59.576, NVIDIA L4, 23034 MiB, 22394 MiB, 253 MiB, 93 %
2026/09/24 09:53:00.577, NVIDIA L4, 23034 MiB, 22394 MiB, 253 MiB, 93 %
2026/09/24 09:53:01.577, NVIDIA L4, 23034 MiB, 22394 MiB, 253 MiB, 93 %
2026/09/24 09:53:02.577, NVIDIA L4, 23034 MiB, 22394 MiB, 253 MiB, 92 %
2026/09/24 09:53:03.578, NVIDIA L4, 23034 MiB, 22394 MiB, 253 MiB, 93 %
2026/09/24 09:53:04.578, NVIDIA L4, 23034 MiB, 22394 MiB, 253 MiB, 93 %
2026/09/24 09:53:05.578, NVIDIA L4, 23034 MiB, 22394 MiB, 253 MiB, 94 %
2026/09/24 09:53:06.579, NVIDIA L4, 23034 MiB, 22394 MiB, 253 MiB, 93 %
2026/09/24 09:53:07.579, NVIDIA L4, 23034 MiB, 22394 MiB, 253 MiB, 94 %
2026/09/24 09:53:08.579, NVIDIA L4, 23034 MiB, 22394 MiB, 253 MiB, 94 %
2026/09/24 09:53:09.580, NVIDIA L4, 23034 MiB, 22394 MiB, 253 MiB, 94 %
2026/09/24 09:53:10.580, NVIDIA L4, 23034 MiB, 22394 MiB, 253 MiB, 93 %
2026/09/24 09:53:11.580, NVIDIA L4, 23034 MiB, 22394 MiB, 253 MiB, 94 %
2026/09/24 09:53:12.580, NVIDIA L4, 23034 MiB, 22394 MiB, 253 MiB, 94 %
2026/09/24 09:53:13.581, NVIDIA L4, 23034 MiB, 22394 MiB, 253 MiB, 94 %
2026/09/24 09:53:14.581, NVIDIA L4, 23034 MiB, 22394 MiB, 253 MiB, 94 %
2026/09/24 09:53:15.581, NVIDIA L4, 23034 MiB, 22394 MiB, 253 MiB, 93 %
2026/09/24 09:53:16.582, NVIDIA L4, 23034 MiB, 22394 MiB, 253 MiB, 93 %
2026/09/24 09:53:17.582, NVIDIA L4, 23034 MiB, 22394 MiB, 253 MiB, 94 %
2026/09/24 09:53:18.582, NVIDIA L4, 23034 MiB, 22394 MiB, 253 MiB, 93 %
2026/09/24 09:53:19.583, NVIDIA L4, 23034 MiB, 22394 MiB, 253 MiB, 94 %
2026/09/24 09:53:20.583, NVIDIA L4, 23034 MiB, 22394 MiB, 253 MiB, 93 %
2026/09/24 09:53:21.583, NVIDIA L4, 23034 MiB, 22394 MiB, 253 MiB, 93 %
2026/09/24 09:53:22.583, NVIDIA L4, 23034 MiB, 22394 MiB, 253 MiB, 93 %
2026/09/24 09:53:23.584, NVIDIA L4, 23034 MiB, 22394 MiB, 253 MiB, 93 %
2026/09/24 09:53:24.584, NVIDIA L4, 23034 MiB, 22394 MiB, 253 MiB, 94 %
2026/09/24 09:53:25.584, NVIDIA L4, 23034 MiB, 22394 MiB, 253 MiB, 93 %
2026/09/24 09:53:26.584, NVIDIA L4, 23034 MiB, 22394 MiB, 253 MiB, 93 %
2026/09/24 09:53:27.585, NVIDIA L4, 23034 MiB, 22394 MiB, 253 MiB, 94 %
2026/09/24 09:53:28.585, NVIDIA L4, 23034 MiB, 22394 MiB, 253 MiB, 94 %
2026/09/24 09:53:29.585, NVIDIA L4, 23034 MiB, 22394 MiB, 253 MiB, 94 %
2026/09/24 09:53:30.586, NVIDIA L4, 23034 MiB, 22394 MiB, 253 MiB, 94 %
2026/09/24 09:53:31.586, NVIDIA L4, 23034 MiB, 22394 MiB, 253 MiB, 93 %
2026/09/24 09:53:32.586, NVIDIA L4, 23034 MiB, 22394 MiB, 253 MiB, 94 %
2026/09/24 09:53:33.587, NVIDIA L4, 23034 MiB, 22394 MiB, 253 MiB, 93 %
2026/09/24 09:53:34.587, NVIDIA L4, 23034 MiB, 22394 MiB, 253 MiB, 94 %
2026/09/24 09:53:35.587, NVIDIA L4, 23034 MiB, 22394 MiB, 253 MiB, 93 %
2026/09/24 09:53:36.587, NVIDIA L4, 23034 MiB, 22394 MiB, 253 MiB, 92 %
2026/09/24 09:53:37.588, NVIDIA L4, 23034 MiB, 22394 MiB, 253 MiB, 93 %
2026/09/24 09:53:38.588, NVIDIA L4, 23034 MiB, 22394 MiB, 253 MiB, 94 %
2026/09/24 09:53:39.588, NVIDIA L4, 23034 MiB, 22394 MiB, 253 MiB, 94 %
2026/09/24 09:53:40.589, NVIDIA L4, 23034 MiB, 22394 MiB, 253 MiB, 94 %
2026/09/24 09:53:41.589, NVIDIA L4, 23034 MiB, 22394 MiB, 253 MiB, 94 %
2026/09/24 09:53:42.589, NVIDIA L4, 23034 MiB, 22394 MiB, 253 MiB, 91 %
2026/09/24 09:53:43.589, NVIDIA L4, 23034 MiB, 22394 MiB, 253 MiB, 93 %
2026/09/24 09:53:44.590, NVIDIA L4, 23034 MiB, 22394 MiB, 253 MiB, 93 %
2026/09/24 09:53:45.590, NVIDIA L4, 23034 MiB, 22394 MiB, 253 MiB, 93 %
2026/09/24 09:53:46.590, NVIDIA L4, 23034 MiB, 22394 MiB, 253 MiB, 94 %
2026/09/24 09:53:47.591, NVIDIA L4, 23034 MiB, 22394 MiB, 253 MiB, 93 %
2026/09/24 09:53:48.591, NVIDIA L4, 23034 MiB, 22394 MiB, 253 MiB, 93 %
2026/09/24 09:53:49.591, NVIDIA L4, 23034 MiB, 22394 MiB, 253 MiB, 93 %
2026/09/24 09:53:50.591, NVIDIA L4, 23034 MiB, 22394 MiB, 253 MiB, 92 %
2026/09/24 09:53:51.592, NVIDIA L4, 23034 MiB, 22394 MiB, 253 MiB, 93 %
2026/09/24 09:53:52.592, NVIDIA L4, 23034 MiB, 22394 MiB, 253 MiB, 91 %
2026/09/24 09:53:53.592, NVIDIA L4, 23034 MiB, 22394 MiB, 253 MiB, 93 %
2026/09/24 09:53:54.592, NVIDIA L4, 23034 MiB, 22394 MiB, 253 MiB, 94 %
2026/09/24 09:53:55.593, NVIDIA L4, 23034 MiB, 22394 MiB, 253 MiB, 94 %
2026/09/24 09:53:56.593, NVIDIA L4, 23034 MiB, 22394 MiB, 253 MiB, 93 %
2026/09/24 09:53:57.593, NVIDIA L4, 23034 MiB, 22394 MiB, 253 MiB, 93 %
2026/09/24 09:53:58.593, NVIDIA L4, 23034 MiB, 22394 MiB, 253 MiB, 93 %
2026/09/24 09:53:59.594, NVIDIA L4, 23034 MiB, 22394 MiB, 253 MiB, 94 %
2026/09/24 09:54:00.594, NVIDIA L4, 23034 MiB, 22394 MiB, 253 MiB, 94 %
2026/09/24 09:54:01.594, NVIDIA L4, 23034 MiB, 22394 MiB, 253 MiB, 93 %
2026/09/24 09:54:02.595, NVIDIA L4, 23034 MiB, 22394 MiB, 253 MiB, 93 %
2026/09/24 09:54:03.595, NVIDIA L4, 23034 MiB, 22394 MiB, 253 MiB, 94 %
2026/09/24 09:54:04.595, NVIDIA L4, 23034 MiB, 22394 MiB, 253 MiB, 94 %
2026/09/24 09:54:05.595, NVIDIA L4, 23034 MiB, 22394 MiB, 253 MiB, 94 %
2026/09/24 09:54:06.596, NVIDIA L4, 23034 MiB, 22394 MiB, 253 MiB, 95 %
2026/09/24 09:54:07.596, NVIDIA L4, 23034 MiB, 22394 MiB, 253 MiB, 92 %
2026/09/24 09:54:08.596, NVIDIA L4, 23034 MiB, 22394 MiB, 253 MiB, 91 %
2026/09/24 09:54:09.597, NVIDIA L4, 23034 MiB, 22394 MiB, 253 MiB, 0 %
2026/09/24 09:54:10.597, NVIDIA L4, 23034 MiB, 22394 MiB, 253 MiB, 0 %
2026/09/24 09:54:11.597, NVIDIA L4, 23034 MiB, 3 MiB, 22643 MiB, 0 %
2026/09/24 09:54:12.597, NVIDIA L4, 23034 MiB, 0 MiB, 22646 MiB, 0 %
2026/09/24 09:54:13.598, NVIDIA L4, 23034 MiB, 0 MiB, 22646 MiB, 0 %
2026/09/24 09:54:14.598, NVIDIA L4, 23034 MiB, 0 MiB, 22646 MiB, 0 %
2026/09/24 09:54:15.598, NVIDIA L4, 23034 MiB, 0 MiB, 22646 MiB, 0 %
2026/09/24 09:54:16.599, NVIDIA L4, 23034 MiB, 0 MiB, 22646 MiB, 0 %
2026/09/24 09:54:17.599, NVIDIA L4, 23034 MiB, 0 MiB, 22646 MiB, 0 %
2026/09/24 09:54:18.599, NVIDIA L4, 23034 MiB, 0 MiB, 22646 MiB, 0 %
2026/09/24 09:54:19.599, NVIDIA L4, 23034 MiB, 0 MiB, 22646 MiB, 0 %
2026/09/24 09:54:20.600, NVIDIA L4, 23034 MiB, 0 MiB, 22646 MiB, 0 %
2026/09/24 09:54:21.600, NVIDIA L4, 23034 MiB, 0 MiB, 22646 MiB, 0 %
2026/09/24 09:54:22.600, NVIDIA L4, 23034 MiB, 0 MiB, 22646 MiB, 0 %
2026/09/24 09:54:23.601, NVIDIA L4, 23034 MiB, 0 MiB, 22646 MiB, 0 %
2026/09/24 09:54:24.601, NVIDIA L4, 23034 MiB, 0 MiB, 22646 MiB, 0 %
2026/09/24 09:54:25.601, NVIDIA L4, 23034 MiB, 0 MiB, 22646 MiB, 0 %
2026/09/24 09:54:26.601, NVIDIA L4, 23034 MiB, 0 MiB, 22646 MiB, 0 %
2026/09/24 09:54:27.602, NVIDIA L4, 23034 MiB, 0 MiB, 22646 MiB, 0 %
2026/09/24 09:54:28.602, NVIDIA L4, 23034 MiB, 0 MiB, 22646 MiB, 0 %
2026/09/24 09:54:29.602, NVIDIA L4, 23034 MiB, 0 MiB, 22646 MiB, 0 %
2026/09/24 09:54:30.603, NVIDIA L4, 23034 MiB, 0 MiB, 22646 MiB, 0 %
2026/09/24 09:54:31.603, NVIDIA L4, 23034 MiB, 0 MiB, 22646 MiB, 0 %
2026/09/24 09:54:32.603, NVIDIA L4, 23034 MiB, 0 MiB, 22646 MiB, 0 %
2026/09/24 09:54:33.604, NVIDIA L4, 23034 MiB, 0 MiB, 22646 MiB, 0 %
2026/09/24 09:54:34.604, NVIDIA L4, 23034 MiB, 0 MiB, 22646 MiB, 0 %
2026/09/24 09:54:35.604, NVIDIA L4, 23034 MiB, 0 MiB, 22646 MiB, 0 %
2026/09/24 09:54:36.605, NVIDIA L4, 23034 MiB, 0 MiB, 22646 MiB, 0 %
2026/09/24 09:54:37.605, NVIDIA L4, 23034 MiB, 0 MiB, 22646 MiB, 0 %
2026/09/24 09:54:38.605, NVIDIA L4, 23034 MiB, 0 MiB, 22646 MiB, 0 %
2026/09/24 09:54:39.606, NVIDIA L4, 23034 MiB, 0 MiB, 22646 MiB, 0 %
2026/09/24 09:54:40.606, NVIDIA L4, 23034 MiB, 0 MiB, 22646 MiB, 0 %
2026/09/24 09:54:41.606, NVIDIA L4, 23034 MiB, 0 MiB, 22646 MiB, 0 %
2026/09/24 09:54:42.607, NVIDIA L4, 23034 MiB, 0 MiB, 22646 MiB, 0 %
2026/09/24 09:54:43.607, NVIDIA L4, 23034 MiB, 0 MiB, 22646 MiB, 0 %
2026/09/24 09:54:44.607, NVIDIA L4, 23034 MiB, 0 MiB, 22646 MiB, 0 %
2026/09/24 09:54:45.608, NVIDIA L4, 23034 MiB, 0 MiB, 22646 MiB, 0 %
2026/09/24 09:54:46.608, NVIDIA L4, 23034 MiB, 0 MiB, 22646 MiB, 0 %
2026/09/24 09:54:47.608, NVIDIA L4, 23034 MiB, 0 MiB, 22646 MiB, 0 %
2026/09/24 09:54:48.608, NVIDIA L4, 23034 MiB, 0 MiB, 22646 MiB, 0 %
2026/09/24 09:54:49.609, NVIDIA L4, 23034 MiB, 0 MiB, 22646 MiB, 0 %
2026/09/24 09:54:50.609, NVIDIA L4, 23034 MiB, 0 MiB, 22646 MiB, 0 %
2026/09/24 09:54:51.609, NVIDIA L4, 23034 MiB, 0 MiB, 22646 MiB, 0 %
2026/09/24 09:54:52.610, NVIDIA L4, 23034 MiB, 0 MiB, 22646 MiB, 0 %
2026/09/24 09:54:53.610, NVIDIA L4, 23034 MiB, 0 MiB, 22646 MiB, 0 %
2026/09/24 09:54:54.610, NVIDIA L4, 23034 MiB, 0 MiB, 22646 MiB, 0 %
2026/09/24 09:54:55.611, NVIDIA L4, 23034 MiB, 0 MiB, 22646 MiB, 0 %
2026/09/24 09:54:56.611, NVIDIA L4, 23034 MiB, 0 MiB, 22646 MiB, 0 %
2026/09/24 09:54:57.611, NVIDIA L4, 23034 MiB, 0 MiB, 22646 MiB, 0 %
2026/09/24 09:54:58.612, NVIDIA L4, 23034 MiB, 0 MiB, 22646 MiB, 0 %
2026/09/24 09:54:59.612, NVIDIA L4, 23034 MiB, 0 MiB, 22646 MiB, 0 %
2026/09/24 09:55:00.612, NVIDIA L4, 23034 MiB, 0 MiB, 22646 MiB, 0 %
2026/09/24 09:55:01.613, NVIDIA L4, 23034 MiB, 0 MiB, 22646 MiB, 0 %
2026/09/24 09:55:02.613, NVIDIA L4, 23034 MiB, 0 MiB, 22646 MiB, 0 %
2026/09/24 09:55:03.613, NVIDIA L4, 23034 MiB, 0 MiB, 22646 MiB, 0 %
2026/09/24 09:55:04.613, NVIDIA L4, 23034 MiB, 0 MiB, 22646 MiB, 0 %
2026/09/24 09:55:05.614, NVIDIA L4, 23034 MiB, 0 MiB, 22646 MiB, 0 %
2026/09/24 09:55:06.614, NVIDIA L4, 23034 MiB, 0 MiB, 22646 MiB, 0 %
2026/09/24 09:55:07.614, NVIDIA L4, 23034 MiB, 0 MiB, 22646 MiB, 0 %
2026/09/24 09:55:08.615, NVIDIA L4, 23034 MiB, 0 MiB, 22646 MiB, 0 %
2026/09/24 09:55:09.615, NVIDIA L4, 23034 MiB, 0 MiB, 22646 MiB, 0 %
2026/09/24 09:55:10.615, NVIDIA L4, 23034 MiB, 0 MiB, 22646 MiB, 0 %
2026/09/24 09:55:11.616, NVIDIA L4, 23034 MiB, 0 MiB, 22646 MiB, 0 %
2026/09/24 09:55:12.616, NVIDIA L4, 23034 MiB, 0 MiB, 22646 MiB, 0 %
2026/09/24 09:55:13.616, NVIDIA L4, 23034 MiB, 0 MiB, 22646 MiB, 0 %
2026/09/24 09:55:14.616, NVIDIA L4, 23034 MiB, 0 MiB, 22646 MiB, 0 %
2026/09/24 09:55:15.617, NVIDIA L4, 23034 MiB, 0 MiB, 22646 MiB, 0 %
2026/09/24 09:55:16.617, NVIDIA L4, 23034 MiB, 0 MiB, 22646 MiB, 0 %
2026/09/24 09:55:17.617, NVIDIA L4, 23034 MiB, 0 MiB, 22646 MiB, 0 %
2026/09/24 09:55:18.618, NVIDIA L4, 23034 MiB, 0 MiB, 22646 MiB, 0 %
2026/09/24 09:55:19.618, NVIDIA L4, 23034 MiB, 0 MiB, 22646 MiB, 0 %
2026/09/24 09:55:20.618, NVIDIA L4, 23034 MiB, 0 MiB, 22646 MiB, 0 %
2026/09/24 09:55:21.619, NVIDIA L4, 23034 MiB, 0 MiB, 22646 MiB, 0 %
2026/09/24 09:55:22.619, NVIDIA L4, 23034 MiB, 0 MiB, 22646 MiB, 0 %
2026/09/24 09:55:23.619, NVIDIA L4, 23034 MiB, 0 MiB, 22646 MiB, 0 %
2026/09/24 09:55:24.620, NVIDIA L4, 23034 MiB, 0 MiB, 22646 MiB, 0 %
2026/09/24 09:55:25.620, NVIDIA L4, 23034 MiB, 0 MiB, 22646 MiB, 0 %
2026/09/24 09:55:26.620, NVIDIA L4, 23034 MiB, 0 MiB, 22646 MiB, 0 %
2026/09/24 09:55:27.621, NVIDIA L4, 23034 MiB, 0 MiB, 22646 MiB, 0 %
2026/09/24 09:55:28.621, NVIDIA L4, 23034 MiB, 0 MiB, 22646 MiB, 0 %
2026/09/24 09:55:29.621, NVIDIA L4, 23034 MiB, 0 MiB, 22646 MiB, 0 %
2026/09/24 09:55:30.622, NVIDIA L4, 23034 MiB, 0 MiB, 22646 MiB, 0 %
2026/09/24 09:55:31.622, NVIDIA L4, 23034 MiB, 0 MiB, 22646 MiB, 0 %
2026/09/24 09:55:32.622, NVIDIA L4, 23034 MiB, 0 MiB, 22646 MiB, 0 %
2026/09/24 09:55:33.622, NVIDIA L4, 23034 MiB, 0 MiB, 22646 MiB, 0 %
2026/09/24 09:55:34.623, NVIDIA L4, 23034 MiB, 0 MiB, 22646 MiB, 0 %
2026/09/24 09:55:35.623, NVIDIA L4, 23034 MiB, 0 MiB, 22646 MiB, 0 %
2026/09/24 09:55:36.623, NVIDIA L4, 23034 MiB, 0 MiB, 22646 MiB, 0 %
2026/09/24 09:55:37.624, NVIDIA L4, 23034 MiB, 0 MiB, 22646 MiB, 0 %
2026/09/24 09:55:38.624, NVIDIA L4, 23034 MiB, 0 MiB, 22646 MiB, 0 %
2026/09/24 09:55:39.624, NVIDIA L4, 23034 MiB, 0 MiB, 22646 MiB, 0 %
2026/09/24 09:55:40.625, NVIDIA L4, 23034 MiB, 0 MiB, 22646 MiB, 0 %
2026/09/24 09:55:41.625, NVIDIA L4, 23034 MiB, 0 MiB, 22646 MiB, 0 %
2026/09/24 09:55:42.625, NVIDIA L4, 23034 MiB, 0 MiB, 22646 MiB, 0 %
2026/09/24 09:55:43.625, NVIDIA L4, 23034 MiB, 0 MiB, 22646 MiB, 0 %
2026/09/24 09:55:44.626, NVIDIA L4, 23034 MiB, 0 MiB, 22646 MiB, 0 %
2026/09/24 09:55:45.626, NVIDIA L4, 23034 MiB, 0 MiB, 22646 MiB, 0 %
2026/09/24 09:55:46.626, NVIDIA L4, 23034 MiB, 0 MiB, 22646 MiB, 0 %
2026/09/24 09:55:47.626, NVIDIA L4, 23034 MiB, 0 MiB, 22646 MiB, 0 %
2026/09/24 09:55:48.627, NVIDIA L4, 23034 MiB, 0 MiB, 22646 MiB, 0 %
2026/09/24 09:55:49.627, NVIDIA L4, 23034 MiB, 0 MiB, 22646 MiB, 0 %
2026/09/24 09:55:50.627, NVIDIA L4, 23034 MiB, 0 MiB, 22646 MiB, 0 %
2026/09/24 09:55:51.628, NVIDIA L4, 23034 MiB, 0 MiB, 22646 MiB, 0 %
2026/09/24 09:55:52.628, NVIDIA L4, 23034 MiB, 0 MiB, 22646 MiB, 0 %
2026/09/24 09:55:53.628, NVIDIA L4, 23034 MiB, 0 MiB, 22646 MiB, 0 %
2026/09/24 09:55:54.629, NVIDIA L4, 23034 MiB, 0 MiB, 22646 MiB, 0 %
2026/09/24 09:55:55.629, NVIDIA L4, 23034 MiB, 0 MiB, 22646 MiB, 0 %
2026/09/24 09:55:56.629, NVIDIA L4, 23034 MiB, 0 MiB, 22646 MiB, 0 %
2026/09/24 09:55:57.630, NVIDIA L4, 23034 MiB, 0 MiB, 22646 MiB, 0 %
2026/09/24 09:55:58.630, NVIDIA L4, 23034 MiB, 0 MiB, 22646 MiB, 0 %
2026/09/24 09:55:59.630, NVIDIA L4, 23034 MiB, 0 MiB, 22646 MiB, 0 %
2026/09/24 09:56:00.631, NVIDIA L4, 23034 MiB, 0 MiB, 22646 MiB, 0 %
2026/09/24 09:56:01.631, NVIDIA L4, 23034 MiB, 0 MiB, 22646 MiB, 0 %
2026/09/24 09:56:02.631, NVIDIA L4, 23034 MiB, 0 MiB, 22646 MiB, 0 %
2026/09/24 09:56:03.631, NVIDIA L4, 23034 MiB, 0 MiB, 22646 MiB, 0 %
2026/09/24 09:56:04.632, NVIDIA L4, 23034 MiB, 0 MiB, 22646 MiB, 0 %
2026/09/24 09:56:05.632, NVIDIA L4, 23034 MiB, 0 MiB, 22646 MiB, 0 %
2026/09/24 09:56:06.632, NVIDIA L4, 23034 MiB, 0 MiB, 22646 MiB, 0 %
2026/09/24 09:56:07.633, NVIDIA L4, 23034 MiB, 0 MiB, 22646 MiB, 0 %
2026/09/24 09:56:08.633, NVIDIA L4, 23034 MiB, 0 MiB, 22646 MiB, 0 %
2026/09/24 09:56:09.633, NVIDIA L4, 23034 MiB, 0 MiB, 22646 MiB, 0 %
2026/09/24 09:56:10.633, NVIDIA L4, 23034 MiB, 0 MiB, 22646 MiB, 0 %
2026/09/24 09:56:11.634, NVIDIA L4, 23034 MiB, 0 MiB, 22646 MiB, 0 %
2026/09/24 09:56:12.634, NVIDIA L4, 23034 MiB, 0 MiB, 22646 MiB, 0 %
2026/09/24 09:56:13.634, NVIDIA L4, 23034 MiB, 0 MiB, 22646 MiB, 0 %
2026/09/24 09:56:14.635, NVIDIA L4, 23034 MiB, 0 MiB, 22646 MiB, 0 %
2026/09/24 09:56:15.635, NVIDIA L4, 23034 MiB, 0 MiB, 22646 MiB, 0 %
2026/09/24 09:56:16.635, NVIDIA L4, 23034 MiB, 0 MiB, 22646 MiB, 0 %
2026/09/24 09:56:17.636, NVIDIA L4, 23034 MiB, 0 MiB, 22646 MiB, 0 %
2026/09/24 09:56:18.636, NVIDIA L4, 23034 MiB, 0 MiB, 22646 MiB, 0 %
2026/09/24 09:56:19.636, NVIDIA L4, 23034 MiB, 0 MiB, 22646 MiB, 0 %
2026/09/24 09:56:20.637, NVIDIA L4, 23034 MiB, 0 MiB, 22646 MiB, 0 %
2026/09/24 09:56:21.637, NVIDIA L4, 23034 MiB, 0 MiB, 22646 MiB, 0 %
2026/09/24 09:56:22.637, NVIDIA L4, 23034 MiB, 0 MiB, 22646 MiB, 0 %
2026/09/24 09:56:23.639, NVIDIA L4, 23034 MiB, 0 MiB, 22646 MiB, 0 %
2026/09/24 09:56:24.639, NVIDIA L4, 23034 MiB, 0 MiB, 22646 MiB, 0 %
2026/09/24 09:56:25.639, NVIDIA L4, 23034 MiB, 0 MiB, 22646 MiB, 0 %
2026/09/24 09:56:26.639, NVIDIA L4, 23034 MiB, 0 MiB, 22646 MiB, 0 %
2026/09/24 09:56:27.640, NVIDIA L4, 23034 MiB, 0 MiB, 22646 MiB, 0 %
2026/09/24 09:56:28.640, NVIDIA L4, 23034 MiB, 0 MiB, 22646 MiB, 0 %
2026/09/24 09:56:29.640, NVIDIA L4, 23034 MiB, 0 MiB, 22646 MiB, 0 %
2026/09/24 09:56:30.641, NVIDIA L4, 23034 MiB, 0 MiB, 22646 MiB, 0 %
2026/09/24 09:56:31.641, NVIDIA L4, 23034 MiB, 0 MiB, 22646 MiB, 0 %
2026/09/24 09:56:32.641, NVIDIA L4, 23034 MiB, 0 MiB, 22646 MiB, 0 %
2026/09/24 09:56:33.641, NVIDIA L4, 23034 MiB, 0 MiB, 22646 MiB, 0 %
2026/09/24 09:56:34.642, NVIDIA L4, 23034 MiB, 0 MiB, 22646 MiB, 0 %
2026/09/24 09:56:35.642, NVIDIA L4, 23034 MiB, 0 MiB, 22646 MiB, 0 %
2026/09/24 09:56:36.642, NVIDIA L4, 23034 MiB, 0 MiB, 22646 MiB, 0 %
2026/09/24 09:56:37.643, NVIDIA L4, 23034 MiB, 0 MiB, 22646 MiB, 0 %
2026/09/24 09:56:38.643, NVIDIA L4, 23034 MiB, 0 MiB, 22646 MiB, 0 %
2026/09/24 09:56:39.643, NVIDIA L4, 23034 MiB, 0 MiB, 22646 MiB, 0 %
2026/09/24 09:56:40.643, NVIDIA L4, 23034 MiB, 0 MiB, 22646 MiB, 0 %
2026/09/24 09:56:41.644, NVIDIA L4, 23034 MiB, 0 MiB, 22646 MiB, 0 %
2026/09/24 09:56:42.644, NVIDIA L4, 23034 MiB, 0 MiB, 22646 MiB, 0 %
2026/09/24 09:56:43.644, NVIDIA L4, 23034 MiB, 0 MiB, 22646 MiB, 0 %
2026/09/24 09:56:44.646, NVIDIA L4, 23034 MiB, 0 MiB, 22646 MiB, 0 %
2026/09/24 09:56:45.646, NVIDIA L4, 23034 MiB, 0 MiB, 22646 MiB, 0 %
2026/09/24 09:56:46.646, NVIDIA L4, 23034 MiB, 0 MiB, 22646 MiB, 0 %
2026/09/24 09:56:47.647, NVIDIA L4, 23034 MiB, 0 MiB, 22646 MiB, 0 %
2026/09/24 09:56:48.647, NVIDIA L4, 23034 MiB, 0 MiB, 22646 MiB, 0 %
2026/09/24 09:56:49.647, NVIDIA L4, 23034 MiB, 0 MiB, 22646 MiB, 0 %
2026/09/24 09:56:50.647, NVIDIA L4, 23034 MiB, 0 MiB, 22646 MiB, 0 %
2026/09/24 09:56:51.648, NVIDIA L4, 23034 MiB, 0 MiB, 22646 MiB, 0 %
2026/09/24 09:56:52.648, NVIDIA L4, 23034 MiB, 0 MiB, 22646 MiB, 0 %
2026/09/24 09:56:53.648, NVIDIA L4, 23034 MiB, 0 MiB, 22646 MiB, 0 %
2026/09/24 09:56:54.649, NVIDIA L4, 23034 MiB, 0 MiB, 22646 MiB, 0 %
2026/09/24 09:56:55.649, NVIDIA L4, 23034 MiB, 0 MiB, 22646 MiB, 0 %
2026/09/24 09:56:56.649, NVIDIA L4, 23034 MiB, 0 MiB, 22646 MiB, 0 %
2026/09/24 09:56:57.650, NVIDIA L4, 23034 MiB, 0 MiB, 22646 MiB, 0 %
2026/09/24 09:56:58.650, NVIDIA L4, 23034 MiB, 0 MiB, 22646 MiB, 0 %
2026/09/24 09:56:59.650, NVIDIA L4, 23034 MiB, 0 MiB, 22646 MiB, 0 %
2026/09/24 09:57:00.650, NVIDIA L4, 23034 MiB, 0 MiB, 22646 MiB, 0 %
2026/09/24 09:57:01.651, NVIDIA L4, 23034 MiB, 0 MiB, 22646 MiB, 0 %
2026/09/24 09:57:02.651, NVIDIA L4, 23034 MiB, 0 MiB, 22646 MiB, 0 %
2026/09/24 09:57:03.651, NVIDIA L4, 23034 MiB, 0 MiB, 22646 MiB, 0 %
2026/09/24 09:57:04.652, NVIDIA L4, 23034 MiB, 0 MiB, 22646 MiB, 0 %
2026/09/24 09:57:05.652, NVIDIA L4, 23034 MiB, 0 MiB, 22646 MiB, 0 %
2026/09/24 09:57:06.652, NVIDIA L4, 23034 MiB, 0 MiB, 22646 MiB, 0 %
