timestamp, name, memory.total [MiB], memory.used [MiB], memory.free [MiB], utilization.gpu [%]
2026/09/24 10:14:57.217, NVIDIA L4, 23034 MiB, 3 MiB, 22643 MiB, 0 %
2026/09/24 10:14:58.222, NVIDIA L4, 23034 MiB, 3 MiB, 22643 MiB, 0 %
2026/09/24 10:14:59.222, NVIDIA L4, 23034 MiB, 3 MiB, 22643 MiB, 0 %
2026/09/24 10:15:00.222, NVIDIA L4, 23034 MiB, 3 MiB, 22643 MiB, 0 %
2026/09/24 10:15:01.223, NVIDIA L4, 23034 MiB, 3 MiB, 22643 MiB, 0 %
2026/09/24 10:15:02.223, NVIDIA L4, 23034 MiB, 3 MiB, 22643 MiB, 0 %
2026/09/24 10:15:03.225, NVIDIA L4, 23034 MiB, 3 MiB, 22643 MiB, 0 %
2026/09/24 10:15:04.225, NVIDIA L4, 23034 MiB, 3 MiB, 22643 MiB, 0 %
2026/09/24 10:15:05.225, NVIDIA L4, 23034 MiB, 3 MiB, 22643 MiB, 0 %
2026/09/24 10:15:06.226, NVIDIA L4, 23034 MiB, 194 MiB, 22452 MiB, 0 %
2026/09/24 10:15:07.226, NVIDIA L4, 23034 MiB, 386 MiB, 22261 MiB, 2 %
2026/09/24 10:15:08.226, NVIDIA L4, 23034 MiB, 386 MiB, 22261 MiB, 0 %
2026/09/24 10:15:09.226, NVIDIA L4, 23034 MiB, 386 MiB, 22261 MiB, 0 %
2026/09/24 10:15:10.227, NVIDIA L4, 23034 MiB, 386 MiB, 22261 MiB, 0 %
2026/09/24 10:15:11.227, NVIDIA L4, 23034 MiB, 386 MiB, 22261 MiB, 0 %
2026/09/24 10:15:12.227, NVIDIA L4, 23034 MiB, 386 MiB, 22261 MiB, 0 %
2026/09/24 10:15:13.228, NVIDIA L4, 23034 MiB, 386 MiB, 22261 MiB, 0 %
2026/09/24 10:15:14.228, NVIDIA L4, 23034 MiB, 8224 MiB, 14423 MiB, 31 %
2026/09/24 10:15:15.228, NVIDIA L4, 23034 MiB, 8224 MiB, 14423 MiB, 31 %
2026/09/24 10:15:16.228, NVIDIA L4, 23034 MiB, 18484 MiB, 4163 MiB, 41 %
2026/09/24 10:15:17.229, NVIDIA L4, 23034 MiB, 18932 MiB, 3715 MiB, 0 %
2026/09/24 10:15:18.229, NVIDIA L4, 23034 MiB, 18932 MiB, 3715 MiB, 0 %
2026/09/24 10:15:19.229, NVIDIA L4, 23034 MiB, 18938 MiB, 3709 MiB, 1 %
2026/09/24 10:15:20.230, NVIDIA L4, 23034 MiB, 18938 MiB, 3709 MiB, 0 %
2026/09/24 10:15:21.230, NVIDIA L4, 23034 MiB, 18944 MiB, 3703 MiB, 0 %
2026/09/24 10:15:22.230, NVIDIA L4, 23034 MiB, 18944 MiB, 3703 MiB, 0 %
2026/09/24 10:15:23.230, NVIDIA L4, 23034 MiB, 18944 MiB, 3703 MiB, 0 %
2026/09/24 10:15:24.231, NVIDIA L4, 23034 MiB, 18944 MiB, 3703 MiB, 0 %
2026/09/24 10:15:25.231, NVIDIA L4, 23034 MiB, 18944 MiB, 3703 MiB, 0 %
2026/09/24 10:15:26.231, NVIDIA L4, 23034 MiB, 19354 MiB, 3293 MiB, 0 %
2026/09/24 10:15:27.231, NVIDIA L4, 23034 MiB, 19426 MiB, 3221 MiB, 2 %
2026/09/24 10:15:28.232, NVIDIA L4, 23034 MiB, 19426 MiB, 3221 MiB, 0 %
2026/09/24 10:15:29.232, NVIDIA L4, 23034 MiB, 19426 MiB, 3221 MiB, 0 %
2026/09/24 10:15:30.233, NVIDIA L4, 23034 MiB, 19426 MiB, 3221 MiB, 0 %
2026/09/24 10:15:31.233, NVIDIA L4, 23034 MiB, 19426 MiB, 3221 MiB, 0 %
2026/09/24 10:15:32.233, NVIDIA L4, 23034 MiB, 19458 MiB, 3189 MiB, 0 %
2026/09/24 10:15:33.233, NVIDIA L4, 23034 MiB, 19458 MiB, 3189 MiB, 0 %
2026/09/24 10:15:34.234, NVIDIA L4, 23034 MiB, 19458 MiB, 3189 MiB, 0 %
2026/09/24 10:15:35.234, NVIDIA L4, 23034 MiB, 19458 MiB, 3189 MiB, 0 %
2026/09/24 10:15:36.234, NVIDIA L4, 23034 MiB, 19862 MiB, 2785 MiB, 7 %
2026/09/24 10:15:37.234, NVIDIA L4, 23034 MiB, 19864 MiB, 2783 MiB, 7 %
2026/09/24 10:15:38.235, NVIDIA L4, 23034 MiB, 19864 MiB, 2783 MiB, 6 %
2026/09/24 10:15:39.235, NVIDIA L4, 23034 MiB, 19864 MiB, 2783 MiB, 6 %
2026/09/24 10:15:40.235, NVIDIA L4, 23034 MiB, 19864 MiB, 2783 MiB, 5 %
2026/09/24 10:15:41.236, NVIDIA L4, 23034 MiB, 19864 MiB, 2783 MiB, 5 %
2026/09/24 10:15:42.236, NVIDIA L4, 23034 MiB, 19864 MiB, 2783 MiB, 4 %
2026/09/24 10:15:43.236, NVIDIA L4, 23034 MiB, 19866 MiB, 2781 MiB, 4 %
2026/09/24 10:15:44.236, NVIDIA L4, 23034 MiB, 19866 MiB, 2781 MiB, 3 %
2026/09/24 10:15:45.237, NVIDIA L4, 23034 MiB, 19866 MiB, 2781 MiB, 3 %
2026/09/24 10:15:46.237, NVIDIA L4, 23034 MiB, 20126 MiB, 2521 MiB, 0 %
2026/09/24 10:15:47.237, NVIDIA L4, 23034 MiB, 20538 MiB, 2109 MiB, 0 %
2026/09/24 10:15:48.238, NVIDIA L4, 23034 MiB, 20688 MiB, 1959 MiB, 93 %
2026/09/24 10:15:49.238, NVIDIA L4, 23034 MiB, 20688 MiB, 1959 MiB, 94 %
2026/09/24 10:15:50.238, NVIDIA L4, 23034 MiB, 20688 MiB, 1959 MiB, 94 %
2026/09/24 10:15:51.238, NVIDIA L4, 23034 MiB, 20688 MiB, 1959 MiB, 94 %
2026/09/24 10:15:52.239, NVIDIA L4, 23034 MiB, 20688 MiB, 1959 MiB, 94 %
2026/09/24 10:15:53.239, NVIDIA L4, 23034 MiB, 20688 MiB, 1959 MiB, 94 %
2026/09/24 10:15:54.239, NVIDIA L4, 23034 MiB, 20688 MiB, 1959 MiB, 93 %
2026/09/24 10:15:55.240, NVIDIA L4, 23034 MiB, 20688 MiB, 1959 MiB, 94 %
2026/09/24 10:15:56.240, NVIDIA L4, 23034 MiB, 20828 MiB, 1819 MiB, 91 %
2026/09/24 10:15:57.240, NVIDIA L4, 23034 MiB, 20828 MiB, 1819 MiB, 94 %
2026/09/24 10:15:58.240, NVIDIA L4, 23034 MiB, 20828 MiB, 1819 MiB, 93 %
2026/09/24 10:15:59.241, NVIDIA L4, 23034 MiB, 20828 MiB, 1819 MiB, 93 %
2026/09/24 10:16:00.241, NVIDIA L4, 23034 MiB, 20828 MiB, 1819 MiB, 93 %
2026/09/24 10:16:01.241, NVIDIA L4, 23034 MiB, 20828 MiB, 1819 MiB, 94 %
2026/09/24 10:16:02.242, NVIDIA L4, 23034 MiB, 20828 MiB, 1819 MiB, 93 %
2026/09/24 10:16:03.242, NVIDIA L4, 23034 MiB, 20828 MiB, 1819 MiB, 94 %
2026/09/24 10:16:04.242, NVIDIA L4, 23034 MiB, 20828 MiB, 1819 MiB, 94 %
2026/09/24 10:16:05.242, NVIDIA L4, 23034 MiB, 20828 MiB, 1819 MiB, 94 %
2026/09/24 10:16:06.243, NVIDIA L4, 23034 MiB, 20828 MiB, 1819 MiB, 93 %
2026/09/24 10:16:07.243, NVIDIA L4, 23034 MiB, 20828 MiB, 1819 MiB, 94 %
2026/09/24 10:16:08.243, NVIDIA L4, 23034 MiB, 20828 MiB, 1819 MiB, 93 %
2026/09/24 10:16:09.244, NVIDIA L4, 23034 MiB, 20828 MiB, 1819 MiB, 94 %
2026/09/24 10:16:10.245, NVIDIA L4, 23034 MiB, 20828 MiB, 1819 MiB, 93 %
2026/09/24 10:16:11.245, NVIDIA L4, 23034 MiB, 20828 MiB, 1819 MiB, 94 %
2026/09/24 10:16:12.245, NVIDIA L4, 23034 MiB, 20828 MiB, 1819 MiB, 94 %
2026/09/24 10:16:13.246, NVIDIA L4, 23034 MiB, 20828 MiB, 1819 MiB, 94 %
2026/09/24 10:16:14.246, NVIDIA L4, 23034 MiB, 20828 MiB, 1819 MiB, 94 %
2026/09/24 10:16:15.246, NVIDIA L4, 23034 MiB, 20828 MiB, 1819 MiB, 92 %
2026/09/24 10:16:16.246, NVIDIA L4, 23034 MiB, 20828 MiB, 1819 MiB, 93 %
2026/09/24 10:16:17.247, NVIDIA L4, 23034 MiB, 20828 MiB, 1819 MiB, 93 %
2026/09/24 10:16:18.247, NVIDIA L4, 23034 MiB, 20828 MiB, 1819 MiB, 94 %
2026/09/24 10:16:19.247, NVIDIA L4, 23034 MiB, 20828 MiB, 1819 MiB, 94 %
2026/09/24 10:16:20.248, NVIDIA L4, 23034 MiB, 20828 MiB, 1819 MiB, 94 %
2026/09/24 10:16:21.248, NVIDIA L4, 23034 MiB, 20828 MiB, 1819 MiB, 94 %
2026/09/24 10:16:22.248, NVIDIA L4, 23034 MiB, 20828 MiB, 1819 MiB, 94 %
2026/09/24 10:16:23.248, NVIDIA L4, 23034 MiB, 20828 MiB, 1819 MiB, 94 %
2026/09/24 10:16:24.249, NVIDIA L4, 23034 MiB, 20862 MiB, 1785 MiB, 64 %
2026/09/24 10:16:25.249, NVIDIA L4, 23034 MiB, 20862 MiB, 1785 MiB, 93 %
2026/09/24 10:16:26.249, NVIDIA L4, 23034 MiB, 20862 MiB, 1785 MiB, 94 %
2026/09/24 10:16:27.250, NVIDIA L4, 23034 MiB, 20862 MiB, 1785 MiB, 94 %
2026/09/24 10:16:28.250, NVIDIA L4, 23034 MiB, 20862 MiB, 1785 MiB, 93 %
2026/09/24 10:16:29.250, NVIDIA L4, 23034 MiB, 20862 MiB, 1785 MiB, 94 %
2026/09/24 10:16:30.250, NVIDIA L4, 23034 MiB, 20862 MiB, 1785 MiB, 92 %
2026/09/24 10:16:31.251, NVIDIA L4, 23034 MiB, 20862 MiB, 1785 MiB, 93 %
2026/09/24 10:16:32.251, NVIDIA L4, 23034 MiB, 20862 MiB, 1785 MiB, 93 %
2026/09/24 10:16:33.251, NVIDIA L4, 23034 MiB, 20862 MiB, 1785 MiB, 94 %
2026/09/24 10:16:34.252, NVIDIA L4, 23034 MiB, 20862 MiB, 1785 MiB, 94 %
2026/09/24 10:16:35.252, NVIDIA L4, 23034 MiB, 20862 MiB, 1785 MiB, 92 %
2026/09/24 10:16:36.252, NVIDIA L4, 23034 MiB, 20862 MiB, 1785 MiB, 91 %
2026/09/24 10:16:37.253, NVIDIA L4, 23034 MiB, 20862 MiB, 1785 MiB, 92 %
2026/09/24 10:16:38.253, NVIDIA L4, 23034 MiB, 20862 MiB, 1785 MiB, 92 %
2026/09/24 10:16:39.253, NVIDIA L4, 23034 MiB, 20862 MiB, 1785 MiB, 94 %
2026/09/24 10:16:40.253, NVIDIA L4, 23034 MiB, 20862 MiB, 1785 MiB, 93 %
2026/09/24 10:16:41.254, NVIDIA L4, 23034 MiB, 20862 MiB, 1785 MiB, 94 %
2026/09/24 10:16:42.254, NVIDIA L4, 23034 MiB, 20862 MiB, 1785 MiB, 94 %
2026/09/24 10:16:43.254, NVIDIA L4, 23034 MiB, 20862 MiB, 1785 MiB, 93 %
2026/09/24 10:16:44.254, NVIDIA L4, 23034 MiB, 20862 MiB, 1785 MiB, 94 %
2026/09/24 10:16:45.255, NVIDIA L4, 23034 MiB, 20862 MiB, 1785 MiB, 94 %
2026/09/24 10:16:46.255, NVIDIA L4, 23034 MiB, 20862 MiB, 1785 MiB, 93 %
2026/09/24 10:16:47.255, NVIDIA L4, 23034 MiB, 20862 MiB, 1785 MiB, 92 %
2026/09/24 10:16:48.256, NVIDIA L4, 23034 MiB, 20862 MiB, 1785 MiB, 94 %
2026/09/24 10:16:49.256, NVIDIA L4, 23034 MiB, 20862 MiB, 1785 MiB, 94 %
2026/09/24 10:16:50.256, NVIDIA L4, 23034 MiB, 20862 MiB, 1785 MiB, 94 %
2026/09/24 10:16:51.256, NVIDIA L4, 23034 MiB, 20900 MiB, 1747 MiB, 92 %
2026/09/24 10:16:52.257, NVIDIA L4, 23034 MiB, 20900 MiB, 1747 MiB, 91 %
2026/09/24 10:16:53.257, NVIDIA L4, 23034 MiB, 20900 MiB, 1747 MiB, 94 %
2026/09/24 10:16:54.257, NVIDIA L4, 23034 MiB, 20900 MiB, 1747 MiB, 94 %
2026/09/24 10:16:55.257, NVIDIA L4, 23034 MiB, 20900 MiB, 1747 MiB, 92 %
2026/09/24 10:16:56.258, NVIDIA L4, 23034 MiB, 20900 MiB, 1747 MiB, 93 %
2026/09/24 10:16:57.258, NVIDIA L4, 23034 MiB, 20900 MiB, 1747 MiB, 94 %
2026/09/24 10:16:58.258, NVIDIA L4, 23034 MiB, 20900 MiB, 1747 MiB, 94 %
2026/09/24 10:16:59.259, NVIDIA L4, 23034 MiB, 20900 MiB, 1747 MiB, 94 %
2026/09/24 10:17:00.259, NVIDIA L4, 23034 MiB, 20900 MiB, 1747 MiB, 94 %
2026/09/24 10:17:01.259, NVIDIA L4, 23034 MiB, 20900 MiB, 1747 MiB, 94 %
2026/09/24 10:17:02.259, NVIDIA L4, 23034 MiB, 20900 MiB, 1747 MiB, 93 %
2026/09/24 10:17:03.260, NVIDIA L4, 23034 MiB, 20900 MiB, 1747 MiB, 94 %
2026/09/24 10:17:04.260, NVIDIA L4, 23034 MiB, 20900 MiB, 1747 MiB, 93 %
2026/09/24 10:17:05.260, NVIDIA L4, 23034 MiB, 20900 MiB, 1747 MiB, 92 %
2026/09/24 10:17:06.260, NVIDIA L4, 23034 MiB, 20900 MiB, 1747 MiB, 93 %
2026/09/24 10:17:07.261, NVIDIA L4, 23034 MiB, 20900 MiB, 1747 MiB, 93 %
2026/09/24 10:17:08.261, NVIDIA L4, 23034 MiB, 20900 MiB, 1747 MiB, 94 %
2026/09/24 10:17:09.261, NVIDIA L4, 23034 MiB, 20900 MiB, 1747 MiB, 93 %
2026/09/24 10:17:10.262, NVIDIA L4, 23034 MiB, 20900 MiB, 1747 MiB, 94 %
2026/09/24 10:17:11.262, NVIDIA L4, 23034 MiB, 20900 MiB, 1747 MiB, 94 %
2026/09/24 10:17:12.262, NVIDIA L4, 23034 MiB, 20900 MiB, 1747 MiB, 93 %
2026/09/24 10:17:13.262, NVIDIA L4, 23034 MiB, 20900 MiB, 1747 MiB, 93 %
2026/09/24 10:17:14.263, NVIDIA L4, 23034 MiB, 20900 MiB, 1747 MiB, 94 %
2026/09/24 10:17:15.263, NVIDIA L4, 23034 MiB, 20900 MiB, 1747 MiB, 94 %
2026/09/24 10:17:16.263, NVIDIA L4, 23034 MiB, 20900 MiB, 1747 MiB, 94 %
2026/09/24 10:17:17.263, NVIDIA L4, 23034 MiB, 20900 MiB, 1747 MiB, 94 %
2026/09/24 10:17:18.264, NVIDIA L4, 23034 MiB, 20900 MiB, 1747 MiB, 93 %
2026/09/24 10:17:19.264, NVIDIA L4, 23034 MiB, 20900 MiB, 1747 MiB, 93 %
2026/09/24 10:17:20.264, NVIDIA L4, 23034 MiB, 20900 MiB, 1747 MiB, 95 %
2026/09/24 10:17:21.265, NVIDIA L4, 23034 MiB, 20900 MiB, 1747 MiB, 94 %
2026/09/24 10:17:22.265, NVIDIA L4, 23034 MiB, 20900 MiB, 1747 MiB, 94 %
2026/09/24 10:17:23.265, NVIDIA L4, 23034 MiB, 20900 MiB, 1747 MiB, 94 %
2026/09/24 10:17:24.266, NVIDIA L4, 23034 MiB, 20900 MiB, 1747 MiB, 93 %
2026/09/24 10:17:25.266, NVIDIA L4, 23034 MiB, 20900 MiB, 1747 MiB, 95 %
2026/09/24 10:17:26.266, NVIDIA L4, 23034 MiB, 20900 MiB, 1747 MiB, 94 %
2026/09/24 10:17:27.266, NVIDIA L4, 23034 MiB, 20900 MiB, 1747 MiB, 94 %
2026/09/24 10:17:28.267, NVIDIA L4, 23034 MiB, 20944 MiB, 1703 MiB, 86 %
2026/09/24 10:17:29.267, NVIDIA L4, 23034 MiB, 20944 MiB, 1703 MiB, 94 %
2026/09/24 10:17:30.267, NVIDIA L4, 23034 MiB, 20944 MiB, 1703 MiB, 94 %
2026/09/24 10:17:31.268, NVIDIA L4, 23034 MiB, 20944 MiB, 1703 MiB, 94 %
2026/09/24 10:17:32.268, NVIDIA L4, 23034 MiB, 20944 MiB, 1703 MiB, 94 %
2026/09/24 10:17:33.268, NVIDIA L4, 23034 MiB, 20944 MiB, 1703 MiB, 94 %
2026/09/24 10:17:34.269, NVIDIA L4, 23034 MiB, 20944 MiB, 1703 MiB, 94 %
2026/09/24 10:17:35.269, NVIDIA L4, 23034 MiB, 20944 MiB, 1703 MiB, 94 %
2026/09/24 10:17:36.269, NVIDIA L4, 23034 MiB, 20944 MiB, 1703 MiB, 94 %
2026/09/24 10:17:37.269, NVIDIA L4, 23034 MiB, 20944 MiB, 1703 MiB, 94 %
2026/09/24 10:17:38.270, NVIDIA L4, 23034 MiB, 20944 MiB, 1703 MiB, 94 %
2026/09/24 10:17:39.270, NVIDIA L4, 23034 MiB, 20944 MiB, 1703 MiB, 94 %
2026/09/24 10:17:40.270, NVIDIA L4, 23034 MiB, 20944 MiB, 1703 MiB, 94 %
2026/09/24 10:17:41.271, NVIDIA L4, 23034 MiB, 20944 MiB, 1703 MiB, 94 %
2026/09/24 10:17:42.271, NVIDIA L4, 23034 MiB, 20944 MiB, 1703 MiB, 93 %
2026/09/24 10:17:43.271, NVIDIA L4, 23034 MiB, 20944 MiB, 1703 MiB, 93 %
2026/09/24 10:17:44.271, NVIDIA L4, 23034 MiB, 20944 MiB, 1703 MiB, 94 %
2026/09/24 10:17:45.272, NVIDIA L4, 23034 MiB, 20944 MiB, 1703 MiB, 93 %
2026/09/24 10:17:46.272, NVIDIA L4, 23034 MiB, 20944 MiB, 1703 MiB, 92 %
2026/09/24 10:17:47.272, NVIDIA L4, 23034 MiB, 20944 MiB, 1703 MiB, 94 %
2026/09/24 10:17:48.272, NVIDIA L4, 23034 MiB, 20944 MiB, 1703 MiB, 94 %
2026/09/24 10:17:49.273, NVIDIA L4, 23034 MiB, 20992 MiB, 1655 MiB, 91 %
2026/09/24 10:17:50.273, NVIDIA L4, 23034 MiB, 20992 MiB, 1655 MiB, 93 %
2026/09/24 10:17:51.273, NVIDIA L4, 23034 MiB, 20992 MiB, 1655 MiB, 94 %
2026/09/24 10:17:52.274, NVIDIA L4, 23034 MiB, 20992 MiB, 1655 MiB, 94 %
2026/09/24 10:17:53.274, NVIDIA L4, 23034 MiB, 20992 MiB, 1655 MiB, 94 %
2026/09/24 10:17:54.274, NVIDIA L4, 23034 MiB, 20992 MiB, 1655 MiB, 95 %
2026/09/24 10:17:55.274, NVIDIA L4, 23034 MiB, 20992 MiB, 1655 MiB, 94 %
2026/09/24 10:17:56.275, NVIDIA L4, 23034 MiB, 20992 MiB, 1655 MiB, 94 %
2026/09/24 10:17:57.275, NVIDIA L4, 23034 MiB, 20992 MiB, 1655 MiB, 0 %
2026/09/24 10:17:58.275, NVIDIA L4, 23034 MiB, 20992 MiB, 1655 MiB, 9 %
2026/09/24 10:17:59.276, NVIDIA L4, 23034 MiB, 20992 MiB, 1655 MiB, 94 %
2026/09/24 10:18:00.276, NVIDIA L4, 23034 MiB, 20992 MiB, 1655 MiB, 94 %
2026/09/24 10:18:01.276, NVIDIA L4, 23034 MiB, 20992 MiB, 1655 MiB, 94 %
2026/09/24 10:18:02.276, NVIDIA L4, 23034 MiB, 20992 MiB, 1655 MiB, 92 %
2026/09/24 10:18:03.277, NVIDIA L4, 23034 MiB, 20992 MiB, 1655 MiB, 95 %
2026/09/24 10:18:04.277, NVIDIA L4, 23034 MiB, 20992 MiB, 1655 MiB, 94 %
2026/09/24 10:18:05.277, NVIDIA L4, 23034 MiB, 20992 MiB, 1655 MiB, 93 %
2026/09/24 10:18:06.278, NVIDIA L4, 23034 MiB, 21024 MiB, 1623 MiB, 9 %
2026/09/24 10:18:07.278, NVIDIA L4, 23034 MiB, 21024 MiB, 1623 MiB, 93 %
2026/09/24 10:18:08.278, NVIDIA L4, 23034 MiB, 21024 MiB, 1623 MiB, 94 %
2026/09/24 10:18:09.278, NVIDIA L4, 23034 MiB, 21024 MiB, 1623 MiB, 94 %
2026/09/24 10:18:10.279, NVIDIA L4, 23034 MiB, 21024 MiB, 1623 MiB, 94 %
2026/09/24 10:18:11.279, NVIDIA L4, 23034 MiB, 21024 MiB, 1623 MiB, 94 %
2026/09/24 10:18:12.279, NVIDIA L4, 23034 MiB, 21024 MiB, 1623 MiB, 92 %
2026/09/24 10:18:13.280, NVIDIA L4, 23034 MiB, 21024 MiB, 1623 MiB, 94 %
2026/09/24 10:18:14.280, NVIDIA L4, 23034 MiB, 21024 MiB, 1623 MiB, 94 %
2026/09/24 10:18:15.280, NVIDIA L4, 23034 MiB, 21024 MiB, 1623 MiB, 94 %
2026/09/24 10:18:16.280, NVIDIA L4, 23034 MiB, 21024 MiB, 1623 MiB, 93 %
2026/09/24 10:18:17.281, NVIDIA L4, 23034 MiB, 21024 MiB, 1623 MiB, 94 %
2026/09/24 10:18:18.281, NVIDIA L4, 23034 MiB, 21024 MiB, 1623 MiB, 93 %
2026/09/24 10:18:19.281, NVIDIA L4, 23034 MiB, 21024 MiB, 1623 MiB, 94 %
2026/09/24 10:18:20.281, NVIDIA L4, 23034 MiB, 21024 MiB, 1623 MiB, 94 %
2026/09/24 10:18:21.282, NVIDIA L4, 23034 MiB, 21024 MiB, 1623 MiB, 94 %
2026/09/24 10:18:22.282, NVIDIA L4, 23034 MiB, 21024 MiB, 1623 MiB, 94 %
2026/09/24 10:18:23.282, NVIDIA L4, 23034 MiB, 21024 MiB, 1623 MiB, 93 %
2026/09/24 10:18:24.283, NVIDIA L4, 23034 MiB, 21024 MiB, 1623 MiB, 94 %
2026/09/24 10:18:25.283, NVIDIA L4, 23034 MiB, 21024 MiB, 1623 MiB, 94 %
2026/09/24 10:18:26.283, NVIDIA L4, 23034 MiB, 21024 MiB, 1623 MiB, 94 %
2026/09/24 10:18:27.283, NVIDIA L4, 23034 MiB, 21024 MiB, 1623 MiB, 94 %
2026/09/24 10:18:28.284, NVIDIA L4, 23034 MiB, 21024 MiB, 1623 MiB, 93 %
2026/09/24 10:18:29.284, NVIDIA L4, 23034 MiB, 21024 MiB, 1623 MiB, 94 %
2026/09/24 10:18:30.284, NVIDIA L4, 23034 MiB, 21024 MiB, 1623 MiB, 92 %
2026/09/24 10:18:31.285, NVIDIA L4, 23034 MiB, 21024 MiB, 1623 MiB, 94 %
2026/09/24 10:18:32.285, NVIDIA L4, 23034 MiB, 21024 MiB, 1623 MiB, 94 %
2026/09/24 10:18:33.285, NVIDIA L4, 23034 MiB, 21024 MiB, 1623 MiB, 94 %
2026/09/24 10:18:34.285, NVIDIA L4, 23034 MiB, 21024 MiB, 1623 MiB, 94 %
2026/09/24 10:18:35.286, NVIDIA L4, 23034 MiB, 21024 MiB, 1623 MiB, 94 %
2026/09/24 10:18:36.286, NVIDIA L4, 23034 MiB, 21024 MiB, 1623 MiB, 94 %
2026/09/24 10:18:37.286, NVIDIA L4, 23034 MiB, 21024 MiB, 1623 MiB, 94 %
2026/09/24 10:18:38.286, NVIDIA L4, 23034 MiB, 21024 MiB, 1623 MiB, 92 %
2026/09/24 10:18:39.287, NVIDIA L4, 23034 MiB, 21024 MiB, 1623 MiB, 93 %
2026/09/24 10:18:40.287, NVIDIA L4, 23034 MiB, 21024 MiB, 1623 MiB, 93 %
2026/09/24 10:18:41.287, NVIDIA L4, 23034 MiB, 21024 MiB, 1623 MiB, 94 %
2026/09/24 10:18:42.288, NVIDIA L4, 23034 MiB, 21024 MiB, 1623 MiB, 94 %
2026/09/24 10:18:43.288, NVIDIA L4, 23034 MiB, 21024 MiB, 1623 MiB, 92 %
2026/09/24 10:18:44.288, NVIDIA L4, 23034 MiB, 21076 MiB, 1571 MiB, 94 %
2026/09/24 10:18:45.288, NVIDIA L4, 23034 MiB, 21076 MiB, 1571 MiB, 94 %
2026/09/24 10:18:46.289, NVIDIA L4, 23034 MiB, 21076 MiB, 1571 MiB, 94 %
2026/09/24 10:18:47.289, NVIDIA L4, 23034 MiB, 21076 MiB, 1571 MiB, 94 %
2026/09/24 10:18:48.289, NVIDIA L4, 23034 MiB, 21076 MiB, 1571 MiB, 94 %
2026/09/24 10:18:49.289, NVIDIA L4, 23034 MiB, 21076 MiB, 1571 MiB, 93 %
2026/09/24 10:18:50.290, NVIDIA L4, 23034 MiB, 21076 MiB, 1571 MiB, 94 %
2026/09/24 10:18:51.290, NVIDIA L4, 23034 MiB, 21076 MiB, 1571 MiB, 94 %
2026/09/24 10:18:52.290, NVIDIA L4, 23034 MiB, 21076 MiB, 1571 MiB, 93 %
2026/09/24 10:18:53.291, NVIDIA L4, 23034 MiB, 21076 MiB, 1571 MiB, 94 %
2026/09/24 10:18:54.291, NVIDIA L4, 23034 MiB, 21076 MiB, 1571 MiB, 94 %
2026/09/24 10:18:55.291, NVIDIA L4, 23034 MiB, 21076 MiB, 1571 MiB, 94 %
2026/09/24 10:18:56.291, NVIDIA L4, 23034 MiB, 21076 MiB, 1571 MiB, 94 %
2026/09/24 10:18:57.292, NVIDIA L4, 23034 MiB, 21076 MiB, 1571 MiB, 94 %
2026/09/24 10:18:58.292, NVIDIA L4, 23034 MiB, 21076 MiB, 1571 MiB, 93 %
2026/09/24 10:18:59.292, NVIDIA L4, 23034 MiB, 21076 MiB, 1571 MiB, 94 %
2026/09/24 10:19:00.293, NVIDIA L4, 23034 MiB, 21076 MiB, 1571 MiB, 93 %
2026/09/24 10:19:01.294, NVIDIA L4, 23034 MiB, 21076 MiB, 1571 MiB, 94 %
2026/09/24 10:19:02.294, NVIDIA L4, 23034 MiB, 21076 MiB, 1571 MiB, 94 %
2026/09/24 10:19:03.294, NVIDIA L4, 23034 MiB, 21076 MiB, 1571 MiB, 94 %
2026/09/24 10:19:04.295, NVIDIA L4, 23034 MiB, 21076 MiB, 1571 MiB, 94 %
2026/09/24 10:19:05.295, NVIDIA L4, 23034 MiB, 21076 MiB, 1571 MiB, 35 %
2026/09/24 10:19:06.295, NVIDIA L4, 23034 MiB, 21076 MiB, 1571 MiB, 94 %
2026/09/24 10:19:07.295, NVIDIA L4, 23034 MiB, 21076 MiB, 1571 MiB, 94 %
2026/09/24 10:19:08.296, NVIDIA L4, 23034 MiB, 21076 MiB, 1571 MiB, 94 %
2026/09/24 10:19:09.296, NVIDIA L4, 23034 MiB, 21076 MiB, 1571 MiB, 94 %
2026/09/24 10:19:10.296, NVIDIA L4, 23034 MiB, 21076 MiB, 1571 MiB, 94 %
2026/09/24 10:19:11.296, NVIDIA L4, 23034 MiB, 21076 MiB, 1571 MiB, 94 %
2026/09/24 10:19:12.297, NVIDIA L4, 23034 MiB, 21076 MiB, 1571 MiB, 93 %
2026/09/24 10:19:13.297, NVIDIA L4, 23034 MiB, 21076 MiB, 1571 MiB, 94 %
2026/09/24 10:19:14.297, NVIDIA L4, 23034 MiB, 21076 MiB, 1571 MiB, 94 %
2026/09/24 10:19:15.298, NVIDIA L4, 23034 MiB, 21076 MiB, 1571 MiB, 93 %
2026/09/24 10:19:16.298, NVIDIA L4, 23034 MiB, 21076 MiB, 1571 MiB, 92 %
2026/09/24 10:19:17.298, NVIDIA L4, 23034 MiB, 21076 MiB, 1571 MiB, 94 %
2026/09/24 10:19:18.298, NVIDIA L4, 23034 MiB, 21076 MiB, 1571 MiB, 93 %
2026/09/24 10:19:19.299, NVIDIA L4, 23034 MiB, 21076 MiB, 1571 MiB, 93 %
2026/09/24 10:19:20.299, NVIDIA L4, 23034 MiB, 21076 MiB, 1571 MiB, 94 %
2026/09/24 10:19:21.299, NVIDIA L4, 23034 MiB, 21076 MiB, 1571 MiB, 94 %
2026/09/24 10:19:22.300, NVIDIA L4, 23034 MiB, 21076 MiB, 1571 MiB, 94 %
2026/09/24 10:19:23.300, NVIDIA L4, 23034 MiB, 21076 MiB, 1571 MiB, 94 %
2026/09/24 10:19:24.300, NVIDIA L4, 23034 MiB, 21076 MiB, 1571 MiB, 94 %
2026/09/24 10:19:25.300, NVIDIA L4, 23034 MiB, 21076 MiB, 1571 MiB, 93 %
2026/09/24 10:19:26.301, NVIDIA L4, 23034 MiB, 21076 MiB, 1571 MiB, 94 %
2026/09/24 10:19:27.301, NVIDIA L4, 23034 MiB, 21076 MiB, 1571 MiB, 93 %
2026/09/24 10:19:28.301, NVIDIA L4, 23034 MiB, 21076 MiB, 1571 MiB, 94 %
2026/09/24 10:19:29.302, NVIDIA L4, 23034 MiB, 21076 MiB, 1571 MiB, 92 %
2026/09/24 10:19:30.302, NVIDIA L4, 23034 MiB, 21076 MiB, 1571 MiB, 93 %
2026/09/24 10:19:31.302, NVIDIA L4, 23034 MiB, 21076 MiB, 1571 MiB, 94 %
2026/09/24 10:19:32.302, NVIDIA L4, 23034 MiB, 21076 MiB, 1571 MiB, 93 %
2026/09/24 10:19:33.303, NVIDIA L4, 23034 MiB, 21076 MiB, 1571 MiB, 93 %
2026/09/24 10:19:34.303, NVIDIA L4, 23034 MiB, 21076 MiB, 1571 MiB, 93 %
2026/09/24 10:19:35.303, NVIDIA L4, 23034 MiB, 21076 MiB, 1571 MiB, 93 %
2026/09/24 10:19:36.304, NVIDIA L4, 23034 MiB, 21076 MiB, 1571 MiB, 94 %
2026/09/24 10:19:37.304, NVIDIA L4, 23034 MiB, 21076 MiB, 1571 MiB, 94 %
2026/09/24 10:19:38.304, NVIDIA L4, 23034 MiB, 21076 MiB, 1571 MiB, 94 %
2026/09/24 10:19:39.304, NVIDIA L4, 23034 MiB, 21076 MiB, 1571 MiB, 94 %
2026/09/24 10:19:40.305, NVIDIA L4, 23034 MiB, 21076 MiB, 1571 MiB, 94 %
2026/09/24 10:19:41.305, NVIDIA L4, 23034 MiB, 21076 MiB, 1571 MiB, 94 %
2026/09/24 10:19:42.305, NVIDIA L4, 23034 MiB, 21076 MiB, 1571 MiB, 94 %
2026/09/24 10:19:43.306, NVIDIA L4, 23034 MiB, 21076 MiB, 1571 MiB, 94 %
2026/09/24 10:19:44.306, NVIDIA L4, 23034 MiB, 21132 MiB, 1515 MiB, 93 %
2026/09/24 10:19:45.306, NVIDIA L4, 23034 MiB, 21132 MiB, 1515 MiB, 94 %
2026/09/24 10:19:46.306, NVIDIA L4, 23034 MiB, 21132 MiB, 1515 MiB, 94 %
2026/09/24 10:19:47.307, NVIDIA L4, 23034 MiB, 21132 MiB, 1515 MiB, 94 %
2026/09/24 10:19:48.307, NVIDIA L4, 23034 MiB, 21132 MiB, 1515 MiB, 94 %
2026/09/24 10:19:49.307, NVIDIA L4, 23034 MiB, 21132 MiB, 1515 MiB, 93 %
2026/09/24 10:19:50.307, NVIDIA L4, 23034 MiB, 21132 MiB, 1515 MiB, 92 %
2026/09/24 10:19:51.308, NVIDIA L4, 23034 MiB, 21132 MiB, 1515 MiB, 94 %
2026/09/24 10:19:52.308, NVIDIA L4, 23034 MiB, 21132 MiB, 1515 MiB, 94 %
2026/09/24 10:19:53.308, NVIDIA L4, 23034 MiB, 21132 MiB, 1515 MiB, 94 %
2026/09/24 10:19:54.309, NVIDIA L4, 23034 MiB, 21132 MiB, 1515 MiB, 94 %
2026/09/24 10:19:55.309, NVIDIA L4, 23034 MiB, 21132 MiB, 1515 MiB, 93 %
2026/09/24 10:19:56.309, NVIDIA L4, 23034 MiB, 21132 MiB, 1515 MiB, 94 %
2026/09/24 10:19:57.309, NVIDIA L4, 23034 MiB, 21132 MiB, 1515 MiB, 94 %
2026/09/24 10:19:58.310, NVIDIA L4, 23034 MiB, 21132 MiB, 1515 MiB, 93 %
2026/09/24 10:19:59.310, NVIDIA L4, 23034 MiB, 21132 MiB, 1515 MiB, 92 %
2026/09/24 10:20:00.310, NVIDIA L4, 23034 MiB, 21132 MiB, 1515 MiB, 93 %
2026/09/24 10:20:01.311, NVIDIA L4, 23034 MiB, 21132 MiB, 1515 MiB, 93 %
2026/09/24 10:20:02.311, NVIDIA L4, 23034 MiB, 21132 MiB, 1515 MiB, 93 %
2026/09/24 10:20:03.311, NVIDIA L4, 23034 MiB, 21132 MiB, 1515 MiB, 46 %
2026/09/24 10:20:04.311, NVIDIA L4, 23034 MiB, 21132 MiB, 1515 MiB, 94 %
2026/09/24 10:20:05.313, NVIDIA L4, 23034 MiB, 21132 MiB, 1515 MiB, 94 %
2026/09/24 10:20:06.313, NVIDIA L4, 23034 MiB, 21132 MiB, 1515 MiB, 94 %
2026/09/24 10:20:07.313, NVIDIA L4, 23034 MiB, 21132 MiB, 1515 MiB, 94 %
2026/09/24 10:20:08.314, NVIDIA L4, 23034 MiB, 21132 MiB, 1515 MiB, 94 %
2026/09/24 10:20:09.314, NVIDIA L4, 23034 MiB, 21132 MiB, 1515 MiB, 94 %
2026/09/24 10:20:10.314, NVIDIA L4, 23034 MiB, 21132 MiB, 1515 MiB, 94 %
2026/09/24 10:20:11.314, NVIDIA L4, 23034 MiB, 21132 MiB, 1515 MiB, 93 %
2026/09/24 10:20:12.315, NVIDIA L4, 23034 MiB, 21132 MiB, 1515 MiB, 91 %
2026/09/24 10:20:13.315, NVIDIA L4, 23034 MiB, 21132 MiB, 1515 MiB, 93 %
2026/09/24 10:20:14.315, NVIDIA L4, 23034 MiB, 21132 MiB, 1515 MiB, 94 %
2026/09/24 10:20:15.316, NVIDIA L4, 23034 MiB, 21132 MiB, 1515 MiB, 94 %
2026/09/24 10:20:16.316, NVIDIA L4, 23034 MiB, 21132 MiB, 1515 MiB, 94 %
2026/09/24 10:20:17.316, NVIDIA L4, 23034 MiB, 21132 MiB, 1515 MiB, 94 %
2026/09/24 10:20:18.316, NVIDIA L4, 23034 MiB, 21132 MiB, 1515 MiB, 94 %
2026/09/24 10:20:19.317, NVIDIA L4, 23034 MiB, 21132 MiB, 1515 MiB, 93 %
2026/09/24 10:20:20.317, NVIDIA L4, 23034 MiB, 21132 MiB, 1515 MiB, 94 %
2026/09/24 10:20:21.317, NVIDIA L4, 23034 MiB, 21132 MiB, 1515 MiB, 94 %
2026/09/24 10:20:22.318, NVIDIA L4, 23034 MiB, 21132 MiB, 1515 MiB, 94 %
2026/09/24 10:20:23.318, NVIDIA L4, 23034 MiB, 21132 MiB, 1515 MiB, 94 %
2026/09/24 10:20:24.318, NVIDIA L4, 23034 MiB, 21132 MiB, 1515 MiB, 94 %
2026/09/24 10:20:25.318, NVIDIA L4, 23034 MiB, 21132 MiB, 1515 MiB, 94 %
2026/09/24 10:20:26.319, NVIDIA L4, 23034 MiB, 21132 MiB, 1515 MiB, 94 %
2026/09/24 10:20:27.319, NVIDIA L4, 23034 MiB, 21132 MiB, 1515 MiB, 94 %
2026/09/24 10:20:28.319, NVIDIA L4, 23034 MiB, 21132 MiB, 1515 MiB, 94 %
2026/09/24 10:20:29.319, NVIDIA L4, 23034 MiB, 21132 MiB, 1515 MiB, 94 %
2026/09/24 10:20:30.320, NVIDIA L4, 23034 MiB, 21132 MiB, 1515 MiB, 94 %
2026/09/24 10:20:31.320, NVIDIA L4, 23034 MiB, 21132 MiB, 1515 MiB, 94 %
2026/09/24 10:20:32.320, NVIDIA L4, 23034 MiB, 21132 MiB, 1515 MiB, 94 %
2026/09/24 10:20:33.321, NVIDIA L4, 23034 MiB, 21132 MiB, 1515 MiB, 0 %
2026/09/24 10:20:34.321, NVIDIA L4, 23034 MiB, 21132 MiB, 1515 MiB, 0 %
2026/09/24 10:20:35.321, NVIDIA L4, 23034 MiB, 21132 MiB, 1515 MiB, 94 %
2026/09/24 10:20:36.321, NVIDIA L4, 23034 MiB, 21132 MiB, 1515 MiB, 94 %
2026/09/24 10:20:37.322, NVIDIA L4, 23034 MiB, 21132 MiB, 1515 MiB, 94 %
2026/09/24 10:20:38.322, NVIDIA L4, 23034 MiB, 21132 MiB, 1515 MiB, 94 %
2026/09/24 10:20:39.322, NVIDIA L4, 23034 MiB, 21132 MiB, 1515 MiB, 94 %
2026/09/24 10:20:40.323, NVIDIA L4, 23034 MiB, 21132 MiB, 1515 MiB, 94 %
2026/09/24 10:20:41.323, NVIDIA L4, 23034 MiB, 21132 MiB, 1515 MiB, 92 %
2026/09/24 10:20:42.323, NVIDIA L4, 23034 MiB, 21132 MiB, 1515 MiB, 92 %
2026/09/24 10:20:43.323, NVIDIA L4, 23034 MiB, 21132 MiB, 1515 MiB, 93 %
2026/09/24 10:20:44.324, NVIDIA L4, 23034 MiB, 21132 MiB, 1515 MiB, 93 %
2026/09/24 10:20:45.324, NVIDIA L4, 23034 MiB, 21132 MiB, 1515 MiB, 72 %
2026/09/24 10:20:46.324, NVIDIA L4, 23034 MiB, 21132 MiB, 1515 MiB, 93 %
2026/09/24 10:20:47.324, NVIDIA L4, 23034 MiB, 21132 MiB, 1515 MiB, 93 %
2026/09/24 10:20:48.325, NVIDIA L4, 23034 MiB, 21132 MiB, 1515 MiB, 92 %
2026/09/24 10:20:49.325, NVIDIA L4, 23034 MiB, 21132 MiB, 1515 MiB, 94 %
2026/09/24 10:20:50.325, NVIDIA L4, 23034 MiB, 21132 MiB, 1515 MiB, 94 %
2026/09/24 10:20:51.326, NVIDIA L4, 23034 MiB, 21132 MiB, 1515 MiB, 94 %
2026/09/24 10:20:52.326, NVIDIA L4, 23034 MiB, 21132 MiB, 1515 MiB, 94 %
2026/09/24 10:20:53.326, NVIDIA L4, 23034 MiB, 21132 MiB, 1515 MiB, 94 %
2026/09/24 10:20:54.326, NVIDIA L4, 23034 MiB, 21132 MiB, 1515 MiB, 94 %
2026/09/24 10:20:55.327, NVIDIA L4, 23034 MiB, 21132 MiB, 1515 MiB, 94 %
2026/09/24 10:20:56.327, NVIDIA L4, 23034 MiB, 21132 MiB, 1515 MiB, 94 %
2026/09/24 10:20:57.327, NVIDIA L4, 23034 MiB, 21132 MiB, 1515 MiB, 94 %
2026/09/24 10:20:58.328, NVIDIA L4, 23034 MiB, 21132 MiB, 1515 MiB, 94 %
2026/09/24 10:20:59.328, NVIDIA L4, 23034 MiB, 21132 MiB, 1515 MiB, 94 %
2026/09/24 10:21:00.328, NVIDIA L4, 23034 MiB, 21132 MiB, 1515 MiB, 94 %
2026/09/24 10:21:01.328, NVIDIA L4, 23034 MiB, 21132 MiB, 1515 MiB, 94 %
2026/09/24 10:21:02.329, NVIDIA L4, 23034 MiB, 21132 MiB, 1515 MiB, 92 %
2026/09/24 10:21:03.329, NVIDIA L4, 23034 MiB, 21132 MiB, 1515 MiB, 4 %
2026/09/24 10:21:04.329, NVIDIA L4, 23034 MiB, 21132 MiB, 1515 MiB, 94 %
2026/09/24 10:21:05.330, NVIDIA L4, 23034 MiB, 21132 MiB, 1515 MiB, 93 %
2026/09/24 10:21:06.330, NVIDIA L4, 23034 MiB, 21132 MiB, 1515 MiB, 95 %
2026/09/24 10:21:07.330, NVIDIA L4, 23034 MiB, 21132 MiB, 1515 MiB, 94 %
2026/09/24 10:21:08.331, NVIDIA L4, 23034 MiB, 21132 MiB, 1515 MiB, 93 %
2026/09/24 10:21:09.331, NVIDIA L4, 23034 MiB, 21132 MiB, 1515 MiB, 94 %
2026/09/24 10:21:10.331, NVIDIA L4, 23034 MiB, 21132 MiB, 1515 MiB, 94 %
2026/09/24 10:21:11.331, NVIDIA L4, 23034 MiB, 21132 MiB, 1515 MiB, 94 %
2026/09/24 10:21:12.332, NVIDIA L4, 23034 MiB, 21132 MiB, 1515 MiB, 94 %
2026/09/24 10:21:13.332, NVIDIA L4, 23034 MiB, 21132 MiB, 1515 MiB, 94 %
2026/09/24 10:21:14.332, NVIDIA L4, 23034 MiB, 21132 MiB, 1515 MiB, 94 %
2026/09/24 10:21:15.333, NVIDIA L4, 23034 MiB, 21132 MiB, 1515 MiB, 94 %
2026/09/24 10:21:16.333, NVIDIA L4, 23034 MiB, 21132 MiB, 1515 MiB, 94 %
2026/09/24 10:21:17.333, NVIDIA L4, 23034 MiB, 21132 MiB, 1515 MiB, 94 %
2026/09/24 10:21:18.333, NVIDIA L4, 23034 MiB, 21132 MiB, 1515 MiB, 94 %
2026/09/24 10:21:19.334, NVIDIA L4, 23034 MiB, 21132 MiB, 1515 MiB, 94 %
2026/09/24 10:21:20.334, NVIDIA L4, 23034 MiB, 21132 MiB, 1515 MiB, 92 %
2026/09/24 10:21:21.334, NVIDIA L4, 23034 MiB, 21132 MiB, 1515 MiB, 93 %
2026/09/24 10:21:22.335, NVIDIA L4, 23034 MiB, 21132 MiB, 1515 MiB, 93 %
2026/09/24 10:21:23.335, NVIDIA L4, 23034 MiB, 21132 MiB, 1515 MiB, 91 %
2026/09/24 10:21:24.335, NVIDIA L4, 23034 MiB, 21132 MiB, 1515 MiB, 92 %
2026/09/24 10:21:25.335, NVIDIA L4, 23034 MiB, 21132 MiB, 1515 MiB, 94 %
2026/09/24 10:21:26.336, NVIDIA L4, 23034 MiB, 21132 MiB, 1515 MiB, 94 %
2026/09/24 10:21:27.336, NVIDIA L4, 23034 MiB, 21132 MiB, 1515 MiB, 92 %
2026/09/24 10:21:28.336, NVIDIA L4, 23034 MiB, 21132 MiB, 1515 MiB, 92 %
2026/09/24 10:21:29.337, NVIDIA L4, 23034 MiB, 21132 MiB, 1515 MiB, 92 %
2026/09/24 10:21:30.337, NVIDIA L4, 23034 MiB, 21132 MiB, 1515 MiB, 94 %
2026/09/24 10:21:31.337, NVIDIA L4, 23034 MiB, 21132 MiB, 1515 MiB, 94 %
2026/09/24 10:21:32.337, NVIDIA L4, 23034 MiB, 21132 MiB, 1515 MiB, 94 %
2026/09/24 10:21:33.338, NVIDIA L4, 23034 MiB, 21132 MiB, 1515 MiB, 92 %
2026/09/24 10:21:34.338, NVIDIA L4, 23034 MiB, 21132 MiB, 1515 MiB, 92 %
2026/09/24 10:21:35.338, NVIDIA L4, 23034 MiB, 21132 MiB, 1515 MiB, 92 %
2026/09/24 10:21:36.339, NVIDIA L4, 23034 MiB, 21132 MiB, 1515 MiB, 94 %
2026/09/24 10:21:37.339, NVIDIA L4, 23034 MiB, 21132 MiB, 1515 MiB, 94 %
2026/09/24 10:21:38.339, NVIDIA L4, 23034 MiB, 21132 MiB, 1515 MiB, 92 %
2026/09/24 10:21:39.340, NVIDIA L4, 23034 MiB, 21132 MiB, 1515 MiB, 94 %
2026/09/24 10:21:40.340, NVIDIA L4, 23034 MiB, 21132 MiB, 1515 MiB, 93 %
2026/09/24 10:21:41.340, NVIDIA L4, 23034 MiB, 21132 MiB, 1515 MiB, 94 %
2026/09/24 10:21:42.341, NVIDIA L4, 23034 MiB, 21132 MiB, 1515 MiB, 94 %
2026/09/24 10:21:43.341, NVIDIA L4, 23034 MiB, 21132 MiB, 1515 MiB, 94 %
2026/09/24 10:21:44.341, NVIDIA L4, 23034 MiB, 21132 MiB, 1515 MiB, 94 %
2026/09/24 10:21:45.341, NVIDIA L4, 23034 MiB, 21132 MiB, 1515 MiB, 94 %
2026/09/24 10:21:46.342, NVIDIA L4, 23034 MiB, 21132 MiB, 1515 MiB, 75 %
2026/09/24 10:21:47.342, NVIDIA L4, 23034 MiB, 21132 MiB, 1515 MiB, 94 %
2026/09/24 10:21:48.342, NVIDIA L4, 23034 MiB, 21132 MiB, 1515 MiB, 93 %
2026/09/24 10:21:49.343, NVIDIA L4, 23034 MiB, 21132 MiB, 1515 MiB, 94 %
2026/09/24 10:21:50.343, NVIDIA L4, 23034 MiB, 21132 MiB, 1515 MiB, 94 %
2026/09/24 10:21:51.343, NVIDIA L4, 23034 MiB, 21132 MiB, 1515 MiB, 93 %
2026/09/24 10:21:52.344, NVIDIA L4, 23034 MiB, 21132 MiB, 1515 MiB, 94 %
2026/09/24 10:21:53.344, NVIDIA L4, 23034 MiB, 21132 MiB, 1515 MiB, 91 %
2026/09/24 10:21:54.344, NVIDIA L4, 23034 MiB, 21132 MiB, 1515 MiB, 94 %
2026/09/24 10:21:55.344, NVIDIA L4, 23034 MiB, 21132 MiB, 1515 MiB, 94 %
2026/09/24 10:21:56.345, NVIDIA L4, 23034 MiB, 21132 MiB, 1515 MiB, 0 %
2026/09/24 10:21:57.345, NVIDIA L4, 23034 MiB, 21132 MiB, 1515 MiB, 94 %
2026/09/24 10:21:58.345, NVIDIA L4, 23034 MiB, 21132 MiB, 1515 MiB, 94 %
2026/09/24 10:21:59.346, NVIDIA L4, 23034 MiB, 21132 MiB, 1515 MiB, 94 %
2026/09/24 10:22:00.346, NVIDIA L4, 23034 MiB, 21132 MiB, 1515 MiB, 94 %
2026/09/24 10:22:01.346, NVIDIA L4, 23034 MiB, 21132 MiB, 1515 MiB, 94 %
2026/09/24 10:22:02.346, NVIDIA L4, 23034 MiB, 21132 MiB, 1515 MiB, 94 %
2026/09/24 10:22:03.347, NVIDIA L4, 23034 MiB, 21132 MiB, 1515 MiB, 93 %
2026/09/24 10:22:04.347, NVIDIA L4, 23034 MiB, 21132 MiB, 1515 MiB, 94 %
2026/09/24 10:22:05.347, NVIDIA L4, 23034 MiB, 21132 MiB, 1515 MiB, 94 %
2026/09/24 10:22:06.348, NVIDIA L4, 23034 MiB, 21132 MiB, 1515 MiB, 94 %
2026/09/24 10:22:07.348, NVIDIA L4, 23034 MiB, 21132 MiB, 1515 MiB, 94 %
2026/09/24 10:22:08.348, NVIDIA L4, 23034 MiB, 21132 MiB, 1515 MiB, 94 %
2026/09/24 10:22:09.348, NVIDIA L4, 23034 MiB, 21132 MiB, 1515 MiB, 94 %
2026/09/24 10:22:10.349, NVIDIA L4, 23034 MiB, 21132 MiB, 1515 MiB, 93 %
2026/09/24 10:22:11.349, NVIDIA L4, 23034 MiB, 21132 MiB, 1515 MiB, 94 %
2026/09/24 10:22:12.349, NVIDIA L4, 23034 MiB, 21132 MiB, 1515 MiB, 93 %
2026/09/24 10:22:13.350, NVIDIA L4, 23034 MiB, 21132 MiB, 1515 MiB, 94 %
2026/09/24 10:22:14.350, NVIDIA L4, 23034 MiB, 21132 MiB, 1515 MiB, 93 %
2026/09/24 10:22:15.350, NVIDIA L4, 23034 MiB, 21132 MiB, 1515 MiB, 93 %
2026/09/24 10:22:16.350, NVIDIA L4, 23034 MiB, 21132 MiB, 1515 MiB, 93 %
2026/09/24 10:22:17.351, NVIDIA L4, 23034 MiB, 21132 MiB, 1515 MiB, 93 %
2026/09/24 10:22:18.351, NVIDIA L4, 23034 MiB, 21132 MiB, 1515 MiB, 92 %
2026/09/24 10:22:19.351, NVIDIA L4, 23034 MiB, 21132 MiB, 1515 MiB, 92 %
2026/09/24 10:22:20.351, NVIDIA L4, 23034 MiB, 21132 MiB, 1515 MiB, 94 %
2026/09/24 10:22:21.352, NVIDIA L4, 23034 MiB, 21132 MiB, 1515 MiB, 93 %
2026/09/24 10:22:22.352, NVIDIA L4, 23034 MiB, 21132 MiB, 1515 MiB, 92 %
2026/09/24 10:22:23.352, NVIDIA L4, 23034 MiB, 21132 MiB, 1515 MiB, 94 %
2026/09/24 10:22:24.353, NVIDIA L4, 23034 MiB, 21132 MiB, 1515 MiB, 94 %
2026/09/24 10:22:25.353, NVIDIA L4, 23034 MiB, 21132 MiB, 1515 MiB, 94 %
2026/09/24 10:22:26.353, NVIDIA L4, 23034 MiB, 21132 MiB, 1515 MiB, 94 %
2026/09/24 10:22:27.354, NVIDIA L4, 23034 MiB, 21132 MiB, 1515 MiB, 94 %
2026/09/24 10:22:28.354, NVIDIA L4, 23034 MiB, 21132 MiB, 1515 MiB, 92 %
2026/09/24 10:22:29.354, NVIDIA L4, 23034 MiB, 21132 MiB, 1515 MiB, 94 %
2026/09/24 10:22:30.354, NVIDIA L4, 23034 MiB, 21132 MiB, 1515 MiB, 94 %
2026/09/24 10:22:31.355, NVIDIA L4, 23034 MiB, 21132 MiB, 1515 MiB, 94 %
2026/09/24 10:22:32.355, NVIDIA L4, 23034 MiB, 21132 MiB, 1515 MiB, 94 %
2026/09/24 10:22:33.355, NVIDIA L4, 23034 MiB, 21132 MiB, 1515 MiB, 94 %
2026/09/24 10:22:34.356, NVIDIA L4, 23034 MiB, 21132 MiB, 1515 MiB, 95 %
2026/09/24 10:22:35.357, NVIDIA L4, 23034 MiB, 21132 MiB, 1515 MiB, 94 %
2026/09/24 10:22:36.357, NVIDIA L4, 23034 MiB, 21132 MiB, 1515 MiB, 94 %
2026/09/24 10:22:37.357, NVIDIA L4, 23034 MiB, 21132 MiB, 1515 MiB, 94 %
2026/09/24 10:22:38.358, NVIDIA L4, 23034 MiB, 21132 MiB, 1515 MiB, 94 %
2026/09/24 10:22:39.358, NVIDIA L4, 23034 MiB, 21132 MiB, 1515 MiB, 94 %
2026/09/24 10:22:40.358, NVIDIA L4, 23034 MiB, 21132 MiB, 1515 MiB, 95 %
2026/09/24 10:22:41.359, NVIDIA L4, 23034 MiB, 21132 MiB, 1515 MiB, 94 %
2026/09/24 10:22:42.359, NVIDIA L4, 23034 MiB, 21132 MiB, 1515 MiB, 94 %
2026/09/24 10:22:43.359, NVIDIA L4, 23034 MiB, 21132 MiB, 1515 MiB, 94 %
2026/09/24 10:22:44.359, NVIDIA L4, 23034 MiB, 21132 MiB, 1515 MiB, 93 %
2026/09/24 10:22:45.360, NVIDIA L4, 23034 MiB, 21132 MiB, 1515 MiB, 94 %
2026/09/24 10:22:46.360, NVIDIA L4, 23034 MiB, 21132 MiB, 1515 MiB, 94 %
2026/09/24 10:22:47.360, NVIDIA L4, 23034 MiB, 21132 MiB, 1515 MiB, 94 %
2026/09/24 10:22:48.360, NVIDIA L4, 23034 MiB, 21132 MiB, 1515 MiB, 94 %
2026/09/24 10:22:49.361, NVIDIA L4, 23034 MiB, 21132 MiB, 1515 MiB, 94 %
2026/09/24 10:22:50.361, NVIDIA L4, 23034 MiB, 21132 MiB, 1515 MiB, 94 %
2026/09/24 10:22:51.361, NVIDIA L4, 23034 MiB, 21196 MiB, 1451 MiB, 94 %
2026/09/24 10:22:52.362, NVIDIA L4, 23034 MiB, 21196 MiB, 1451 MiB, 93 %
2026/09/24 10:22:53.362, NVIDIA L4, 23034 MiB, 21196 MiB, 1451 MiB, 94 %
2026/09/24 10:22:54.362, NVIDIA L4, 23034 MiB, 21196 MiB, 1451 MiB, 94 %
2026/09/24 10:22:55.362, NVIDIA L4, 23034 MiB, 21196 MiB, 1451 MiB, 92 %
2026/09/24 10:22:56.363, NVIDIA L4, 23034 MiB, 21196 MiB, 1451 MiB, 90 %
2026/09/24 10:22:57.363, NVIDIA L4, 23034 MiB, 21196 MiB, 1451 MiB, 94 %
2026/09/24 10:22:58.363, NVIDIA L4, 23034 MiB, 21196 MiB, 1451 MiB, 94 %
2026/09/24 10:22:59.363, NVIDIA L4, 23034 MiB, 21196 MiB, 1451 MiB, 94 %
2026/09/24 10:23:00.364, NVIDIA L4, 23034 MiB, 21196 MiB, 1451 MiB, 94 %
2026/09/24 10:23:01.364, NVIDIA L4, 23034 MiB, 21196 MiB, 1451 MiB, 94 %
2026/09/24 10:23:02.364, NVIDIA L4, 23034 MiB, 21196 MiB, 1451 MiB, 93 %
2026/09/24 10:23:03.365, NVIDIA L4, 23034 MiB, 21196 MiB, 1451 MiB, 92 %
2026/09/24 10:23:04.365, NVIDIA L4, 23034 MiB, 21196 MiB, 1451 MiB, 94 %
2026/09/24 10:23:05.365, NVIDIA L4, 23034 MiB, 21196 MiB, 1451 MiB, 94 %
2026/09/24 10:23:06.365, NVIDIA L4, 23034 MiB, 21196 MiB, 1451 MiB, 94 %
2026/09/24 10:23:07.366, NVIDIA L4, 23034 MiB, 21196 MiB, 1451 MiB, 93 %
2026/09/24 10:23:08.366, NVIDIA L4, 23034 MiB, 21196 MiB, 1451 MiB, 94 %
2026/09/24 10:23:09.366, NVIDIA L4, 23034 MiB, 21196 MiB, 1451 MiB, 94 %
2026/09/24 10:23:10.366, NVIDIA L4, 23034 MiB, 21196 MiB, 1451 MiB, 93 %
2026/09/24 10:23:11.367, NVIDIA L4, 23034 MiB, 21196 MiB, 1451 MiB, 94 %
2026/09/24 10:23:12.367, NVIDIA L4, 23034 MiB, 21196 MiB, 1451 MiB, 94 %
2026/09/24 10:23:13.367, NVIDIA L4, 23034 MiB, 21198 MiB, 1449 MiB, 94 %
2026/09/24 10:23:14.368, NVIDIA L4, 23034 MiB, 21198 MiB, 1449 MiB, 94 %
2026/09/24 10:23:15.368, NVIDIA L4, 23034 MiB, 21198 MiB, 1449 MiB, 94 %
2026/09/24 10:23:16.368, NVIDIA L4, 23034 MiB, 21198 MiB, 1449 MiB, 92 %
2026/09/24 10:23:17.368, NVIDIA L4, 23034 MiB, 21198 MiB, 1449 MiB, 93 %
2026/09/24 10:23:18.369, NVIDIA L4, 23034 MiB, 21198 MiB, 1449 MiB, 93 %
2026/09/24 10:23:19.369, NVIDIA L4, 23034 MiB, 21198 MiB, 1449 MiB, 93 %
2026/09/24 10:23:20.369, NVIDIA L4, 23034 MiB, 21198 MiB, 1449 MiB, 94 %
2026/09/24 10:23:21.370, NVIDIA L4, 23034 MiB, 21198 MiB, 1449 MiB, 93 %
2026/09/24 10:23:22.370, NVIDIA L4, 23034 MiB, 21198 MiB, 1449 MiB, 92 %
2026/09/24 10:23:23.370, NVIDIA L4, 23034 MiB, 21198 MiB, 1449 MiB, 94 %
2026/09/24 10:23:24.371, NVIDIA L4, 23034 MiB, 21198 MiB, 1449 MiB, 94 %
2026/09/24 10:23:25.371, NVIDIA L4, 23034 MiB, 21198 MiB, 1449 MiB, 94 %
2026/09/24 10:23:26.371, NVIDIA L4, 23034 MiB, 21198 MiB, 1449 MiB, 93 %
2026/09/24 10:23:27.371, NVIDIA L4, 23034 MiB, 21198 MiB, 1449 MiB, 92 %
2026/09/24 10:23:28.372, NVIDIA L4, 23034 MiB, 21198 MiB, 1449 MiB, 93 %
2026/09/24 10:23:29.372, NVIDIA L4, 23034 MiB, 21198 MiB, 1449 MiB, 94 %
2026/09/24 10:23:30.372, NVIDIA L4, 23034 MiB, 21198 MiB, 1449 MiB, 92 %
2026/09/24 10:23:31.372, NVIDIA L4, 23034 MiB, 21198 MiB, 1449 MiB, 92 %
2026/09/24 10:23:32.373, NVIDIA L4, 23034 MiB, 21198 MiB, 1449 MiB, 93 %
2026/09/24 10:23:33.373, NVIDIA L4, 23034 MiB, 21198 MiB, 1449 MiB, 94 %
2026/09/24 10:23:34.373, NVIDIA L4, 23034 MiB, 21198 MiB, 1449 MiB, 93 %
2026/09/24 10:23:35.374, NVIDIA L4, 23034 MiB, 21198 MiB, 1449 MiB, 93 %
2026/09/24 10:23:36.374, NVIDIA L4, 23034 MiB, 21198 MiB, 1449 MiB, 93 %
2026/09/24 10:23:37.374, NVIDIA L4, 23034 MiB, 21198 MiB, 1449 MiB, 93 %
2026/09/24 10:23:38.374, NVIDIA L4, 23034 MiB, 21198 MiB, 1449 MiB, 93 %
2026/09/24 10:23:39.375, NVIDIA L4, 23034 MiB, 21198 MiB, 1449 MiB, 94 %
2026/09/24 10:23:40.375, NVIDIA L4, 23034 MiB, 21198 MiB, 1449 MiB, 92 %
2026/09/24 10:23:41.375, NVIDIA L4, 23034 MiB, 21198 MiB, 1449 MiB, 94 %
2026/09/24 10:23:42.376, NVIDIA L4, 23034 MiB, 21198 MiB, 1449 MiB, 93 %
2026/09/24 10:23:43.376, NVIDIA L4, 23034 MiB, 21198 MiB, 1449 MiB, 93 %
2026/09/24 10:23:44.376, NVIDIA L4, 23034 MiB, 21198 MiB, 1449 MiB, 94 %
2026/09/24 10:23:45.376, NVIDIA L4, 23034 MiB, 21198 MiB, 1449 MiB, 94 %
2026/09/24 10:23:46.377, NVIDIA L4, 23034 MiB, 21198 MiB, 1449 MiB, 93 %
2026/09/24 10:23:47.377, NVIDIA L4, 23034 MiB, 21198 MiB, 1449 MiB, 94 %
2026/09/24 10:23:48.377, NVIDIA L4, 23034 MiB, 21198 MiB, 1449 MiB, 94 %
2026/09/24 10:23:49.378, NVIDIA L4, 23034 MiB, 21198 MiB, 1449 MiB, 92 %
2026/09/24 10:23:50.378, NVIDIA L4, 23034 MiB, 21198 MiB, 1449 MiB, 94 %
2026/09/24 10:23:51.378, NVIDIA L4, 23034 MiB, 21198 MiB, 1449 MiB, 94 %
2026/09/24 10:23:52.379, NVIDIA L4, 23034 MiB, 21198 MiB, 1449 MiB, 94 %
2026/09/24 10:23:53.379, NVIDIA L4, 23034 MiB, 21198 MiB, 1449 MiB, 94 %
2026/09/24 10:23:54.379, NVIDIA L4, 23034 MiB, 21198 MiB, 1449 MiB, 94 %
2026/09/24 10:23:55.379, NVIDIA L4, 23034 MiB, 21198 MiB, 1449 MiB, 94 %
2026/09/24 10:23:56.380, NVIDIA L4, 23034 MiB, 21198 MiB, 1449 MiB, 94 %
2026/09/24 10:23:57.380, NVIDIA L4, 23034 MiB, 21198 MiB, 1449 MiB, 94 %
2026/09/24 10:23:58.380, NVIDIA L4, 23034 MiB, 21198 MiB, 1449 MiB, 93 %
2026/09/24 10:23:59.381, NVIDIA L4, 23034 MiB, 21198 MiB, 1449 MiB, 93 %
2026/09/24 10:24:00.381, NVIDIA L4, 23034 MiB, 21198 MiB, 1449 MiB, 95 %
2026/09/24 10:24:01.381, NVIDIA L4, 23034 MiB, 21198 MiB, 1449 MiB, 94 %
2026/09/24 10:24:02.381, NVIDIA L4, 23034 MiB, 21198 MiB, 1449 MiB, 94 %
2026/09/24 10:24:03.382, NVIDIA L4, 23034 MiB, 21198 MiB, 1449 MiB, 94 %
2026/09/24 10:24:04.382, NVIDIA L4, 23034 MiB, 21198 MiB, 1449 MiB, 91 %
2026/09/24 10:24:05.382, NVIDIA L4, 23034 MiB, 21198 MiB, 1449 MiB, 0 %
2026/09/24 10:24:06.382, NVIDIA L4, 23034 MiB, 21198 MiB, 1449 MiB, 80 %
2026/09/24 10:24:07.383, NVIDIA L4, 23034 MiB, 21198 MiB, 1449 MiB, 93 %
2026/09/24 10:24:08.383, NVIDIA L4, 23034 MiB, 21198 MiB, 1449 MiB, 94 %
2026/09/24 10:24:09.383, NVIDIA L4, 23034 MiB, 21198 MiB, 1449 MiB, 93 %
2026/09/24 10:24:10.384, NVIDIA L4, 23034 MiB, 21198 MiB, 1449 MiB, 94 %
2026/09/24 10:24:11.384, NVIDIA L4, 23034 MiB, 21198 MiB, 1449 MiB, 94 %
2026/09/24 10:24:12.384, NVIDIA L4, 23034 MiB, 21198 MiB, 1449 MiB, 92 %
2026/09/24 10:24:13.384, NVIDIA L4, 23034 MiB, 21198 MiB, 1449 MiB, 94 %
2026/09/24 10:24:14.385, NVIDIA L4, 23034 MiB, 21198 MiB, 1449 MiB, 94 %
2026/09/24 10:24:15.385, NVIDIA L4, 23034 MiB, 21198 MiB, 1449 MiB, 94 %
2026/09/24 10:24:16.385, NVIDIA L4, 23034 MiB, 21198 MiB, 1449 MiB, 94 %
2026/09/24 10:24:17.386, NVIDIA L4, 23034 MiB, 21198 MiB, 1449 MiB, 94 %
2026/09/24 10:24:18.386, NVIDIA L4, 23034 MiB, 21198 MiB, 1449 MiB, 94 %
2026/09/24 10:24:19.386, NVIDIA L4, 23034 MiB, 21198 MiB, 1449 MiB, 93 %
2026/09/24 10:24:20.386, NVIDIA L4, 23034 MiB, 21198 MiB, 1449 MiB, 93 %
2026/09/24 10:24:21.387, NVIDIA L4, 23034 MiB, 21198 MiB, 1449 MiB, 94 %
2026/09/24 10:24:22.387, NVIDIA L4, 23034 MiB, 21198 MiB, 1449 MiB, 91 %
2026/09/24 10:24:23.387, NVIDIA L4, 23034 MiB, 21198 MiB, 1449 MiB, 93 %
2026/09/24 10:24:24.388, NVIDIA L4, 23034 MiB, 21198 MiB, 1449 MiB, 94 %
2026/09/24 10:24:25.388, NVIDIA L4, 23034 MiB, 21198 MiB, 1449 MiB, 94 %
2026/09/24 10:24:26.388, NVIDIA L4, 23034 MiB, 21198 MiB, 1449 MiB, 94 %
2026/09/24 10:24:27.388, NVIDIA L4, 23034 MiB, 21198 MiB, 1449 MiB, 93 %
2026/09/24 10:24:28.389, NVIDIA L4, 23034 MiB, 21198 MiB, 1449 MiB, 93 %
2026/09/24 10:24:29.389, NVIDIA L4, 23034 MiB, 21198 MiB, 1449 MiB, 94 %
2026/09/24 10:24:30.389, NVIDIA L4, 23034 MiB, 21198 MiB, 1449 MiB, 93 %
2026/09/24 10:24:31.390, NVIDIA L4, 23034 MiB, 21198 MiB, 1449 MiB, 94 %
2026/09/24 10:24:32.390, NVIDIA L4, 23034 MiB, 21198 MiB, 1449 MiB, 94 %
2026/09/24 10:24:33.390, NVIDIA L4, 23034 MiB, 21198 MiB, 1449 MiB, 94 %
2026/09/24 10:24:34.390, NVIDIA L4, 23034 MiB, 21198 MiB, 1449 MiB, 94 %
2026/09/24 10:24:35.391, NVIDIA L4, 23034 MiB, 21198 MiB, 1449 MiB, 94 %
2026/09/24 10:24:36.391, NVIDIA L4, 23034 MiB, 21198 MiB, 1449 MiB, 94 %
2026/09/24 10:24:37.391, NVIDIA L4, 23034 MiB, 21198 MiB, 1449 MiB, 94 %
2026/09/24 10:24:38.391, NVIDIA L4, 23034 MiB, 21198 MiB, 1449 MiB, 94 %
2026/09/24 10:24:39.392, NVIDIA L4, 23034 MiB, 21198 MiB, 1449 MiB, 94 %
2026/09/24 10:24:40.392, NVIDIA L4, 23034 MiB, 21198 MiB, 1449 MiB, 93 %
2026/09/24 10:24:41.392, NVIDIA L4, 23034 MiB, 21198 MiB, 1449 MiB, 92 %
2026/09/24 10:24:42.393, NVIDIA L4, 23034 MiB, 21198 MiB, 1449 MiB, 93 %
2026/09/24 10:24:43.393, NVIDIA L4, 23034 MiB, 21198 MiB, 1449 MiB, 93 %
2026/09/24 10:24:44.393, NVIDIA L4, 23034 MiB, 21198 MiB, 1449 MiB, 94 %
2026/09/24 10:24:45.393, NVIDIA L4, 23034 MiB, 21198 MiB, 1449 MiB, 93 %
2026/09/24 10:24:46.394, NVIDIA L4, 23034 MiB, 21198 MiB, 1449 MiB, 94 %
2026/09/24 10:24:47.394, NVIDIA L4, 23034 MiB, 21198 MiB, 1449 MiB, 93 %
2026/09/24 10:24:48.394, NVIDIA L4, 23034 MiB, 21198 MiB, 1449 MiB, 94 %
2026/09/24 10:24:49.394, NVIDIA L4, 23034 MiB, 21198 MiB, 1449 MiB, 94 %
2026/09/24 10:24:50.395, NVIDIA L4, 23034 MiB, 21198 MiB, 1449 MiB, 94 %
2026/09/24 10:24:51.395, NVIDIA L4, 23034 MiB, 21198 MiB, 1449 MiB, 94 %
2026/09/24 10:24:52.395, NVIDIA L4, 23034 MiB, 21198 MiB, 1449 MiB, 92 %
2026/09/24 10:24:53.396, NVIDIA L4, 23034 MiB, 21198 MiB, 1449 MiB, 93 %
2026/09/24 10:24:54.396, NVIDIA L4, 23034 MiB, 21198 MiB, 1449 MiB, 94 %
2026/09/24 10:24:55.396, NVIDIA L4, 23034 MiB, 21198 MiB, 1449 MiB, 94 %
2026/09/24 10:24:56.396, NVIDIA L4, 23034 MiB, 21198 MiB, 1449 MiB, 94 %
2026/09/24 10:24:57.397, NVIDIA L4, 23034 MiB, 21198 MiB, 1449 MiB, 92 %
2026/09/24 10:24:58.397, NVIDIA L4, 23034 MiB, 21198 MiB, 1449 MiB, 94 %
2026/09/24 10:24:59.397, NVIDIA L4, 23034 MiB, 21198 MiB, 1449 MiB, 92 %
2026/09/24 10:25:00.397, NVIDIA L4, 23034 MiB, 21198 MiB, 1449 MiB, 94 %
2026/09/24 10:25:01.398, NVIDIA L4, 23034 MiB, 21198 MiB, 1449 MiB, 93 %
2026/09/24 10:25:02.398, NVIDIA L4, 23034 MiB, 21198 MiB, 1449 MiB, 94 %
2026/09/24 10:25:03.398, NVIDIA L4, 23034 MiB, 21198 MiB, 1449 MiB, 94 %
2026/09/24 10:25:04.399, NVIDIA L4, 23034 MiB, 21198 MiB, 1449 MiB, 94 %
2026/09/24 10:25:05.399, NVIDIA L4, 23034 MiB, 21198 MiB, 1449 MiB, 93 %
2026/09/24 10:25:06.399, NVIDIA L4, 23034 MiB, 21198 MiB, 1449 MiB, 94 %
2026/09/24 10:25:07.399, NVIDIA L4, 23034 MiB, 21198 MiB, 1449 MiB, 93 %
2026/09/24 10:25:08.400, NVIDIA L4, 23034 MiB, 21198 MiB, 1449 MiB, 93 %
2026/09/24 10:25:09.400, NVIDIA L4, 23034 MiB, 21198 MiB, 1449 MiB, 93 %
2026/09/24 10:25:10.400, NVIDIA L4, 23034 MiB, 21198 MiB, 1449 MiB, 94 %
2026/09/24 10:25:11.401, NVIDIA L4, 23034 MiB, 21198 MiB, 1449 MiB, 94 %
2026/09/24 10:25:12.401, NVIDIA L4, 23034 MiB, 21198 MiB, 1449 MiB, 94 %
2026/09/24 10:25:13.401, NVIDIA L4, 23034 MiB, 21198 MiB, 1449 MiB, 94 %
2026/09/24 10:25:14.401, NVIDIA L4, 23034 MiB, 21198 MiB, 1449 MiB, 94 %
2026/09/24 10:25:15.402, NVIDIA L4, 23034 MiB, 21198 MiB, 1449 MiB, 93 %
2026/09/24 10:25:16.402, NVIDIA L4, 23034 MiB, 21198 MiB, 1449 MiB, 94 %
2026/09/24 10:25:17.402, NVIDIA L4, 23034 MiB, 21198 MiB, 1449 MiB, 94 %
2026/09/24 10:25:18.402, NVIDIA L4, 23034 MiB, 21198 MiB, 1449 MiB, 94 %
2026/09/24 10:25:19.403, NVIDIA L4, 23034 MiB, 21198 MiB, 1449 MiB, 94 %
2026/09/24 10:25:20.403, NVIDIA L4, 23034 MiB, 21198 MiB, 1449 MiB, 94 %
2026/09/24 10:25:21.403, NVIDIA L4, 23034 MiB, 21198 MiB, 1449 MiB, 93 %
2026/09/24 10:25:22.403, NVIDIA L4, 23034 MiB, 21198 MiB, 1449 MiB, 94 %
2026/09/24 10:25:23.404, NVIDIA L4, 23034 MiB, 21198 MiB, 1449 MiB, 94 %
2026/09/24 10:25:24.404, NVIDIA L4, 23034 MiB, 21198 MiB, 1449 MiB, 93 %
2026/09/24 10:25:25.404, NVIDIA L4, 23034 MiB, 21198 MiB, 1449 MiB, 92 %
2026/09/24 10:25:26.404, NVIDIA L4, 23034 MiB, 21198 MiB, 1449 MiB, 92 %
2026/09/24 10:25:27.405, NVIDIA L4, 23034 MiB, 21198 MiB, 1449 MiB, 93 %
2026/09/24 10:25:28.405, NVIDIA L4, 23034 MiB, 21198 MiB, 1449 MiB, 94 %
2026/09/24 10:25:29.405, NVIDIA L4, 23034 MiB, 21198 MiB, 1449 MiB, 92 %
2026/09/24 10:25:30.406, NVIDIA L4, 23034 MiB, 21198 MiB, 1449 MiB, 94 %
2026/09/24 10:25:31.406, NVIDIA L4, 23034 MiB, 21198 MiB, 1449 MiB, 94 %
2026/09/24 10:25:32.406, NVIDIA L4, 23034 MiB, 21198 MiB, 1449 MiB, 94 %
2026/09/24 10:25:33.406, NVIDIA L4, 23034 MiB, 21198 MiB, 1449 MiB, 94 %
2026/09/24 10:25:34.407, NVIDIA L4, 23034 MiB, 21198 MiB, 1449 MiB, 94 %
2026/09/24 10:25:35.407, NVIDIA L4, 23034 MiB, 21198 MiB, 1449 MiB, 94 %
2026/09/24 10:25:36.407, NVIDIA L4, 23034 MiB, 21198 MiB, 1449 MiB, 94 %
2026/09/24 10:25:37.407, NVIDIA L4, 23034 MiB, 21198 MiB, 1449 MiB, 94 %
2026/09/24 10:25:38.408, NVIDIA L4, 23034 MiB, 21198 MiB, 1449 MiB, 94 %
2026/09/24 10:25:39.408, NVIDIA L4, 23034 MiB, 21198 MiB, 1449 MiB, 94 %
2026/09/24 10:25:40.408, NVIDIA L4, 23034 MiB, 21198 MiB, 1449 MiB, 93 %
2026/09/24 10:25:41.408, NVIDIA L4, 23034 MiB, 21198 MiB, 1449 MiB, 94 %
2026/09/24 10:25:42.409, NVIDIA L4, 23034 MiB, 21198 MiB, 1449 MiB, 94 %
2026/09/24 10:25:43.409, NVIDIA L4, 23034 MiB, 21198 MiB, 1449 MiB, 93 %
2026/09/24 10:25:44.409, NVIDIA L4, 23034 MiB, 21198 MiB, 1449 MiB, 94 %
2026/09/24 10:25:45.410, NVIDIA L4, 23034 MiB, 21198 MiB, 1449 MiB, 93 %
2026/09/24 10:25:46.410, NVIDIA L4, 23034 MiB, 21198 MiB, 1449 MiB, 94 %
2026/09/24 10:25:47.410, NVIDIA L4, 23034 MiB, 21198 MiB, 1449 MiB, 93 %
2026/09/24 10:25:48.410, NVIDIA L4, 23034 MiB, 21198 MiB, 1449 MiB, 94 %
2026/09/24 10:25:49.411, NVIDIA L4, 23034 MiB, 21198 MiB, 1449 MiB, 94 %
2026/09/24 10:25:50.411, NVIDIA L4, 23034 MiB, 21198 MiB, 1449 MiB, 95 %
2026/09/24 10:25:51.411, NVIDIA L4, 23034 MiB, 21198 MiB, 1449 MiB, 94 %
2026/09/24 10:25:52.411, NVIDIA L4, 23034 MiB, 21198 MiB, 1449 MiB, 94 %
2026/09/24 10:25:53.412, NVIDIA L4, 23034 MiB, 21198 MiB, 1449 MiB, 94 %
2026/09/24 10:25:54.412, NVIDIA L4, 23034 MiB, 21198 MiB, 1449 MiB, 94 %
2026/09/24 10:25:55.412, NVIDIA L4, 23034 MiB, 21198 MiB, 1449 MiB, 94 %
2026/09/24 10:25:56.413, NVIDIA L4, 23034 MiB, 21198 MiB, 1449 MiB, 95 %
2026/09/24 10:25:57.413, NVIDIA L4, 23034 MiB, 21198 MiB, 1449 MiB, 94 %
2026/09/24 10:25:58.413, NVIDIA L4, 23034 MiB, 21198 MiB, 1449 MiB, 94 %
2026/09/24 10:25:59.414, NVIDIA L4, 23034 MiB, 21198 MiB, 1449 MiB, 94 %
2026/09/24 10:26:00.414, NVIDIA L4, 23034 MiB, 21198 MiB, 1449 MiB, 94 %
2026/09/24 10:26:01.414, NVIDIA L4, 23034 MiB, 21198 MiB, 1449 MiB, 93 %
2026/09/24 10:26:02.414, NVIDIA L4, 23034 MiB, 21198 MiB, 1449 MiB, 93 %
2026/09/24 10:26:03.415, NVIDIA L4, 23034 MiB, 21198 MiB, 1449 MiB, 94 %
2026/09/24 10:26:04.415, NVIDIA L4, 23034 MiB, 21198 MiB, 1449 MiB, 93 %
2026/09/24 10:26:05.415, NVIDIA L4, 23034 MiB, 21198 MiB, 1449 MiB, 93 %
2026/09/24 10:26:06.415, NVIDIA L4, 23034 MiB, 21198 MiB, 1449 MiB, 94 %
2026/09/24 10:26:07.416, NVIDIA L4, 23034 MiB, 21198 MiB, 1449 MiB, 94 %
2026/09/24 10:26:08.416, NVIDIA L4, 23034 MiB, 21198 MiB, 1449 MiB, 94 %
2026/09/24 10:26:09.416, NVIDIA L4, 23034 MiB, 21198 MiB, 1449 MiB, 94 %
2026/09/24 10:26:10.417, NVIDIA L4, 23034 MiB, 21198 MiB, 1449 MiB, 93 %
2026/09/24 10:26:11.417, NVIDIA L4, 23034 MiB, 21198 MiB, 1449 MiB, 95 %
2026/09/24 10:26:12.417, NVIDIA L4, 23034 MiB, 21198 MiB, 1449 MiB, 94 %
2026/09/24 10:26:13.417, NVIDIA L4, 23034 MiB, 21198 MiB, 1449 MiB, 94 %
2026/09/24 10:26:14.418, NVIDIA L4, 23034 MiB, 21198 MiB, 1449 MiB, 94 %
2026/09/24 10:26:15.418, NVIDIA L4, 23034 MiB, 21198 MiB, 1449 MiB, 94 %
2026/09/24 10:26:16.418, NVIDIA L4, 23034 MiB, 21198 MiB, 1449 MiB, 0 %
2026/09/24 10:26:17.419, NVIDIA L4, 23034 MiB, 21198 MiB, 1449 MiB, 0 %
2026/09/24 10:26:18.419, NVIDIA L4, 23034 MiB, 21198 MiB, 1449 MiB, 94 %
2026/09/24 10:26:19.419, NVIDIA L4, 23034 MiB, 21198 MiB, 1449 MiB, 94 %
2026/09/24 10:26:20.419, NVIDIA L4, 23034 MiB, 21198 MiB, 1449 MiB, 94 %
2026/09/24 10:26:21.420, NVIDIA L4, 23034 MiB, 21198 MiB, 1449 MiB, 93 %
2026/09/24 10:26:22.420, NVIDIA L4, 23034 MiB, 21198 MiB, 1449 MiB, 94 %
2026/09/24 10:26:23.420, NVIDIA L4, 23034 MiB, 21198 MiB, 1449 MiB, 51 %
2026/09/24 10:26:24.421, NVIDIA L4, 23034 MiB, 21198 MiB, 1449 MiB, 94 %
2026/09/24 10:26:25.421, NVIDIA L4, 23034 MiB, 21198 MiB, 1449 MiB, 94 %
2026/09/24 10:26:26.421, NVIDIA L4, 23034 MiB, 21198 MiB, 1449 MiB, 94 %
2026/09/24 10:26:27.421, NVIDIA L4, 23034 MiB, 21198 MiB, 1449 MiB, 94 %
2026/09/24 10:26:28.422, NVIDIA L4, 23034 MiB, 21198 MiB, 1449 MiB, 94 %
2026/09/24 10:26:29.422, NVIDIA L4, 23034 MiB, 21198 MiB, 1449 MiB, 94 %
2026/09/24 10:26:30.422, NVIDIA L4, 23034 MiB, 21198 MiB, 1449 MiB, 94 %
2026/09/24 10:26:31.422, NVIDIA L4, 23034 MiB, 21198 MiB, 1449 MiB, 94 %
2026/09/24 10:26:32.423, NVIDIA L4, 23034 MiB, 21198 MiB, 1449 MiB, 93 %
2026/09/24 10:26:33.423, NVIDIA L4, 23034 MiB, 21198 MiB, 1449 MiB, 94 %
2026/09/24 10:26:34.423, NVIDIA L4, 23034 MiB, 21198 MiB, 1449 MiB, 94 %
2026/09/24 10:26:35.424, NVIDIA L4, 23034 MiB, 21198 MiB, 1449 MiB, 94 %
2026/09/24 10:26:36.424, NVIDIA L4, 23034 MiB, 21198 MiB, 1449 MiB, 94 %
2026/09/24 10:26:37.424, NVIDIA L4, 23034 MiB, 21198 MiB, 1449 MiB, 94 %
2026/09/24 10:26:38.424, NVIDIA L4, 23034 MiB, 21198 MiB, 1449 MiB, 94 %
2026/09/24 10:26:39.425, NVIDIA L4, 23034 MiB, 21198 MiB, 1449 MiB, 94 %
2026/09/24 10:26:40.425, NVIDIA L4, 23034 MiB, 21198 MiB, 1449 MiB, 94 %
2026/09/24 10:26:41.425, NVIDIA L4, 23034 MiB, 21198 MiB, 1449 MiB, 93 %
2026/09/24 10:26:42.425, NVIDIA L4, 23034 MiB, 21198 MiB, 1449 MiB, 93 %
2026/09/24 10:26:43.426, NVIDIA L4, 23034 MiB, 21198 MiB, 1449 MiB, 94 %
2026/09/24 10:26:44.426, NVIDIA L4, 23034 MiB, 21198 MiB, 1449 MiB, 93 %
2026/09/24 10:26:45.426, NVIDIA L4, 23034 MiB, 21198 MiB, 1449 MiB, 93 %
2026/09/24 10:26:46.427, NVIDIA L4, 23034 MiB, 21198 MiB, 1449 MiB, 93 %
2026/09/24 10:26:47.427, NVIDIA L4, 23034 MiB, 21198 MiB, 1449 MiB, 93 %
2026/09/24 10:26:48.427, NVIDIA L4, 23034 MiB, 21198 MiB, 1449 MiB, 93 %
2026/09/24 10:26:49.428, NVIDIA L4, 23034 MiB, 21198 MiB, 1449 MiB, 94 %
2026/09/24 10:26:50.428, NVIDIA L4, 23034 MiB, 21198 MiB, 1449 MiB, 93 %
2026/09/24 10:26:51.428, NVIDIA L4, 23034 MiB, 21198 MiB, 1449 MiB, 92 %
2026/09/24 10:26:52.428, NVIDIA L4, 23034 MiB, 21198 MiB, 1449 MiB, 93 %
2026/09/24 10:26:53.429, NVIDIA L4, 23034 MiB, 21198 MiB, 1449 MiB, 93 %
2026/09/24 10:26:54.429, NVIDIA L4, 23034 MiB, 21198 MiB, 1449 MiB, 94 %
2026/09/24 10:26:55.429, NVIDIA L4, 23034 MiB, 21198 MiB, 1449 MiB, 94 %
2026/09/24 10:26:56.430, NVIDIA L4, 23034 MiB, 21198 MiB, 1449 MiB, 94 %
2026/09/24 10:26:57.430, NVIDIA L4, 23034 MiB, 21198 MiB, 1449 MiB, 93 %
2026/09/24 10:26:58.430, NVIDIA L4, 23034 MiB, 21198 MiB, 1449 MiB, 94 %
2026/09/24 10:26:59.430, NVIDIA L4, 23034 MiB, 21198 MiB, 1449 MiB, 63 %
2026/09/24 10:27:00.431, NVIDIA L4, 23034 MiB, 21198 MiB, 1449 MiB, 93 %
2026/09/24 10:27:01.431, NVIDIA L4, 23034 MiB, 21198 MiB, 1449 MiB, 92 %
2026/09/24 10:27:02.431, NVIDIA L4, 23034 MiB, 21198 MiB, 1449 MiB, 93 %
2026/09/24 10:27:03.432, NVIDIA L4, 23034 MiB, 21198 MiB, 1449 MiB, 93 %
2026/09/24 10:27:04.432, NVIDIA L4, 23034 MiB, 21198 MiB, 1449 MiB, 93 %
2026/09/24 10:27:05.432, NVIDIA L4, 23034 MiB, 21198 MiB, 1449 MiB, 93 %
2026/09/24 10:27:06.432, NVIDIA L4, 23034 MiB, 21198 MiB, 1449 MiB, 93 %
2026/09/24 10:27:07.433, NVIDIA L4, 23034 MiB, 21198 MiB, 1449 MiB, 93 %
2026/09/24 10:27:08.433, NVIDIA L4, 23034 MiB, 21198 MiB, 1449 MiB, 93 %
2026/09/24 10:27:09.433, NVIDIA L4, 23034 MiB, 21198 MiB, 1449 MiB, 93 %
2026/09/24 10:27:10.434, NVIDIA L4, 23034 MiB, 21198 MiB, 1449 MiB, 94 %
2026/09/24 10:27:11.434, NVIDIA L4, 23034 MiB, 21198 MiB, 1449 MiB, 93 %
2026/09/24 10:27:12.434, NVIDIA L4, 23034 MiB, 21198 MiB, 1449 MiB, 93 %
2026/09/24 10:27:13.434, NVIDIA L4, 23034 MiB, 21198 MiB, 1449 MiB, 93 %
2026/09/24 10:27:14.435, NVIDIA L4, 23034 MiB, 21198 MiB, 1449 MiB, 93 %
2026/09/24 10:27:15.435, NVIDIA L4, 23034 MiB, 21198 MiB, 1449 MiB, 93 %
2026/09/24 10:27:16.435, NVIDIA L4, 23034 MiB, 21198 MiB, 1449 MiB, 93 %
2026/09/24 10:27:17.435, NVIDIA L4, 23034 MiB, 21198 MiB, 1449 MiB, 94 %
2026/09/24 10:27:18.436, NVIDIA L4, 23034 MiB, 21198 MiB, 1449 MiB, 93 %
2026/09/24 10:27:19.436, NVIDIA L4, 23034 MiB, 21198 MiB, 1449 MiB, 93 %
2026/09/24 10:27:20.436, NVIDIA L4, 23034 MiB, 21198 MiB, 1449 MiB, 93 %
2026/09/24 10:27:21.437, NVIDIA L4, 23034 MiB, 21198 MiB, 1449 MiB, 94 %
2026/09/24 10:27:22.437, NVIDIA L4, 23034 MiB, 21198 MiB, 1449 MiB, 93 %
2026/09/24 10:27:23.437, NVIDIA L4, 23034 MiB, 21198 MiB, 1449 MiB, 94 %
2026/09/24 10:27:24.437, NVIDIA L4, 23034 MiB, 21198 MiB, 1449 MiB, 93 %
2026/09/24 10:27:25.438, NVIDIA L4, 23034 MiB, 21198 MiB, 1449 MiB, 94 %
2026/09/24 10:27:26.438, NVIDIA L4, 23034 MiB, 21198 MiB, 1449 MiB, 94 %
2026/09/24 10:27:27.438, NVIDIA L4, 23034 MiB, 21198 MiB, 1449 MiB, 94 %
2026/09/24 10:27:28.439, NVIDIA L4, 23034 MiB, 21198 MiB, 1449 MiB, 94 %
2026/09/24 10:27:29.439, NVIDIA L4, 23034 MiB, 21198 MiB, 1449 MiB, 94 %
2026/09/24 10:27:30.439, NVIDIA L4, 23034 MiB, 21198 MiB, 1449 MiB, 93 %
2026/09/24 10:27:31.439, NVIDIA L4, 23034 MiB, 21198 MiB, 1449 MiB, 93 %
2026/09/24 10:27:32.440, NVIDIA L4, 23034 MiB, 21198 MiB, 1449 MiB, 94 %
2026/09/24 10:27:33.440, NVIDIA L4, 23034 MiB, 21198 MiB, 1449 MiB, 93 %
2026/09/24 10:27:34.440, NVIDIA L4, 23034 MiB, 21198 MiB, 1449 MiB, 94 %
2026/09/24 10:27:35.441, NVIDIA L4, 23034 MiB, 21198 MiB, 1449 MiB, 94 %
2026/09/24 10:27:36.441, NVIDIA L4, 23034 MiB, 21198 MiB, 1449 MiB, 93 %
2026/09/24 10:27:37.441, NVIDIA L4, 23034 MiB, 21198 MiB, 1449 MiB, 91 %
2026/09/24 10:27:38.441, NVIDIA L4, 23034 MiB, 21198 MiB, 1449 MiB, 91 %
2026/09/24 10:27:39.442, NVIDIA L4, 23034 MiB, 21198 MiB, 1449 MiB, 94 %
2026/09/24 10:27:40.442, NVIDIA L4, 23034 MiB, 21198 MiB, 1449 MiB, 94 %
2026/09/24 10:27:41.442, NVIDIA L4, 23034 MiB, 21198 MiB, 1449 MiB, 93 %
2026/09/24 10:27:42.444, NVIDIA L4, 23034 MiB, 21198 MiB, 1449 MiB, 93 %
2026/09/24 10:27:43.444, NVIDIA L4, 23034 MiB, 21198 MiB, 1449 MiB, 94 %
2026/09/24 10:27:44.444, NVIDIA L4, 23034 MiB, 21198 MiB, 1449 MiB, 92 %
2026/09/24 10:27:45.445, NVIDIA L4, 23034 MiB, 21198 MiB, 1449 MiB, 94 %
2026/09/24 10:27:46.445, NVIDIA L4, 23034 MiB, 21198 MiB, 1449 MiB, 94 %
2026/09/24 10:27:47.445, NVIDIA L4, 23034 MiB, 21198 MiB, 1449 MiB, 11 %
2026/09/24 10:27:48.446, NVIDIA L4, 23034 MiB, 21198 MiB, 1449 MiB, 95 %
2026/09/24 10:27:49.446, NVIDIA L4, 23034 MiB, 21198 MiB, 1449 MiB, 94 %
2026/09/24 10:27:50.446, NVIDIA L4, 23034 MiB, 21198 MiB, 1449 MiB, 94 %
2026/09/24 10:27:51.446, NVIDIA L4, 23034 MiB, 21198 MiB, 1449 MiB, 93 %
2026/09/24 10:27:52.447, NVIDIA L4, 23034 MiB, 21198 MiB, 1449 MiB, 94 %
2026/09/24 10:27:53.447, NVIDIA L4, 23034 MiB, 21198 MiB, 1449 MiB, 94 %
2026/09/24 10:27:54.447, NVIDIA L4, 23034 MiB, 21198 MiB, 1449 MiB, 93 %
2026/09/24 10:27:55.447, NVIDIA L4, 23034 MiB, 21198 MiB, 1449 MiB, 93 %
2026/09/24 10:27:56.448, NVIDIA L4, 23034 MiB, 21198 MiB, 1449 MiB, 94 %
2026/09/24 10:27:57.449, NVIDIA L4, 23034 MiB, 21198 MiB, 1449 MiB, 94 %
2026/09/24 10:27:58.449, NVIDIA L4, 23034 MiB, 21198 MiB, 1449 MiB, 94 %
2026/09/24 10:27:59.450, NVIDIA L4, 23034 MiB, 21198 MiB, 1449 MiB, 92 %
2026/09/24 10:28:00.450, NVIDIA L4, 23034 MiB, 21198 MiB, 1449 MiB, 94 %
2026/09/24 10:28:01.450, NVIDIA L4, 23034 MiB, 21198 MiB, 1449 MiB, 93 %
2026/09/24 10:28:02.450, NVIDIA L4, 23034 MiB, 21198 MiB, 1449 MiB, 94 %
2026/09/24 10:28:03.451, NVIDIA L4, 23034 MiB, 21198 MiB, 1449 MiB, 94 %
2026/09/24 10:28:04.451, NVIDIA L4, 23034 MiB, 21198 MiB, 1449 MiB, 94 %
2026/09/24 10:28:05.451, NVIDIA L4, 23034 MiB, 21198 MiB, 1449 MiB, 93 %
2026/09/24 10:28:06.452, NVIDIA L4, 23034 MiB, 21198 MiB, 1449 MiB, 0 %
2026/09/24 10:28:07.452, NVIDIA L4, 23034 MiB, 21198 MiB, 1449 MiB, 93 %
2026/09/24 10:28:08.452, NVIDIA L4, 23034 MiB, 21198 MiB, 1449 MiB, 94 %
2026/09/24 10:28:09.452, NVIDIA L4, 23034 MiB, 21198 MiB, 1449 MiB, 93 %
2026/09/24 10:28:10.453, NVIDIA L4, 23034 MiB, 21198 MiB, 1449 MiB, 93 %
2026/09/24 10:28:11.453, NVIDIA L4, 23034 MiB, 21198 MiB, 1449 MiB, 93 %
2026/09/24 10:28:12.453, NVIDIA L4, 23034 MiB, 21198 MiB, 1449 MiB, 93 %
2026/09/24 10:28:13.454, NVIDIA L4, 23034 MiB, 21198 MiB, 1449 MiB, 93 %
2026/09/24 10:28:14.454, NVIDIA L4, 23034 MiB, 21198 MiB, 1449 MiB, 93 %
2026/09/24 10:28:15.454, NVIDIA L4, 23034 MiB, 21198 MiB, 1449 MiB, 94 %
2026/09/24 10:28:16.454, NVIDIA L4, 23034 MiB, 21198 MiB, 1449 MiB, 93 %
2026/09/24 10:28:17.455, NVIDIA L4, 23034 MiB, 21198 MiB, 1449 MiB, 93 %
2026/09/24 10:28:18.455, NVIDIA L4, 23034 MiB, 21198 MiB, 1449 MiB, 94 %
2026/09/24 10:28:19.455, NVIDIA L4, 23034 MiB, 21198 MiB, 1449 MiB, 94 %
2026/09/24 10:28:20.455, NVIDIA L4, 23034 MiB, 21198 MiB, 1449 MiB, 93 %
2026/09/24 10:28:21.456, NVIDIA L4, 23034 MiB, 21198 MiB, 1449 MiB, 93 %
2026/09/24 10:28:22.456, NVIDIA L4, 23034 MiB, 21198 MiB, 1449 MiB, 39 %
2026/09/24 10:28:23.456, NVIDIA L4, 23034 MiB, 21198 MiB, 1449 MiB, 92 %
2026/09/24 10:28:24.457, NVIDIA L4, 23034 MiB, 21198 MiB, 1449 MiB, 94 %
2026/09/24 10:28:25.457, NVIDIA L4, 23034 MiB, 21198 MiB, 1449 MiB, 94 %
2026/09/24 10:28:26.457, NVIDIA L4, 23034 MiB, 21198 MiB, 1449 MiB, 94 %
2026/09/24 10:28:27.457, NVIDIA L4, 23034 MiB, 21198 MiB, 1449 MiB, 94 %
2026/09/24 10:28:28.458, NVIDIA L4, 23034 MiB, 21198 MiB, 1449 MiB, 94 %
2026/09/24 10:28:29.458, NVIDIA L4, 23034 MiB, 21198 MiB, 1449 MiB, 93 %
2026/09/24 10:28:30.458, NVIDIA L4, 23034 MiB, 21198 MiB, 1449 MiB, 92 %
2026/09/24 10:28:31.458, NVIDIA L4, 23034 MiB, 21198 MiB, 1449 MiB, 92 %
2026/09/24 10:28:32.459, NVIDIA L4, 23034 MiB, 21198 MiB, 1449 MiB, 92 %
2026/09/24 10:28:33.459, NVIDIA L4, 23034 MiB, 21198 MiB, 1449 MiB, 94 %
2026/09/24 10:28:34.459, NVIDIA L4, 23034 MiB, 21198 MiB, 1449 MiB, 94 %
2026/09/24 10:28:35.460, NVIDIA L4, 23034 MiB, 21198 MiB, 1449 MiB, 93 %
2026/09/24 10:28:36.460, NVIDIA L4, 23034 MiB, 21198 MiB, 1449 MiB, 91 %
2026/09/24 10:28:37.460, NVIDIA L4, 23034 MiB, 21198 MiB, 1449 MiB, 94 %
2026/09/24 10:28:38.460, NVIDIA L4, 23034 MiB, 21198 MiB, 1449 MiB, 94 %
2026/09/24 10:28:39.462, NVIDIA L4, 23034 MiB, 21198 MiB, 1449 MiB, 93 %
2026/09/24 10:28:40.462, NVIDIA L4, 23034 MiB, 21198 MiB, 1449 MiB, 94 %
2026/09/24 10:28:41.462, NVIDIA L4, 23034 MiB, 21198 MiB, 1449 MiB, 93 %
2026/09/24 10:28:42.463, NVIDIA L4, 23034 MiB, 21198 MiB, 1449 MiB, 94 %
2026/09/24 10:28:43.463, NVIDIA L4, 23034 MiB, 21198 MiB, 1449 MiB, 94 %
2026/09/24 10:28:44.463, NVIDIA L4, 23034 MiB, 21198 MiB, 1449 MiB, 93 %
2026/09/24 10:28:45.463, NVIDIA L4, 23034 MiB, 21198 MiB, 1449 MiB, 94 %
2026/09/24 10:28:46.464, NVIDIA L4, 23034 MiB, 21198 MiB, 1449 MiB, 94 %
2026/09/24 10:28:47.464, NVIDIA L4, 23034 MiB, 21198 MiB, 1449 MiB, 93 %
2026/09/24 10:28:48.464, NVIDIA L4, 23034 MiB, 21198 MiB, 1449 MiB, 94 %
2026/09/24 10:28:49.465, NVIDIA L4, 23034 MiB, 21198 MiB, 1449 MiB, 93 %
2026/09/24 10:28:50.465, NVIDIA L4, 23034 MiB, 21198 MiB, 1449 MiB, 94 %
2026/09/24 10:28:51.465, NVIDIA L4, 23034 MiB, 21198 MiB, 1449 MiB, 94 %
2026/09/24 10:28:52.465, NVIDIA L4, 23034 MiB, 21198 MiB, 1449 MiB, 94 %
2026/09/24 10:28:53.466, NVIDIA L4, 23034 MiB, 21198 MiB, 1449 MiB, 94 %
2026/09/24 10:28:54.466, NVIDIA L4, 23034 MiB, 21198 MiB, 1449 MiB, 93 %
2026/09/24 10:28:55.466, NVIDIA L4, 23034 MiB, 21198 MiB, 1449 MiB, 94 %
2026/09/24 10:28:56.467, NVIDIA L4, 23034 MiB, 21198 MiB, 1449 MiB, 94 %
2026/09/24 10:28:57.467, NVIDIA L4, 23034 MiB, 21198 MiB, 1449 MiB, 94 %
2026/09/24 10:28:58.467, NVIDIA L4, 23034 MiB, 21198 MiB, 1449 MiB, 94 %
2026/09/24 10:28:59.467, NVIDIA L4, 23034 MiB, 21198 MiB, 1449 MiB, 94 %
2026/09/24 10:29:00.468, NVIDIA L4, 23034 MiB, 21198 MiB, 1449 MiB, 94 %
2026/09/24 10:29:01.468, NVIDIA L4, 23034 MiB, 21198 MiB, 1449 MiB, 93 %
2026/09/24 10:29:02.468, NVIDIA L4, 23034 MiB, 21198 MiB, 1449 MiB, 93 %
2026/09/24 10:29:03.469, NVIDIA L4, 23034 MiB, 21198 MiB, 1449 MiB, 94 %
2026/09/24 10:29:04.469, NVIDIA L4, 23034 MiB, 21198 MiB, 1449 MiB, 93 %
2026/09/24 10:29:05.469, NVIDIA L4, 23034 MiB, 21198 MiB, 1449 MiB, 92 %
2026/09/24 10:29:06.469, NVIDIA L4, 23034 MiB, 21198 MiB, 1449 MiB, 95 %
2026/09/24 10:29:07.470, NVIDIA L4, 23034 MiB, 21198 MiB, 1449 MiB, 94 %
2026/09/24 10:29:08.470, NVIDIA L4, 23034 MiB, 21198 MiB, 1449 MiB, 94 %
2026/09/24 10:29:09.470, NVIDIA L4, 23034 MiB, 21198 MiB, 1449 MiB, 93 %
2026/09/24 10:29:10.470, NVIDIA L4, 23034 MiB, 21198 MiB, 1449 MiB, 94 %
2026/09/24 10:29:11.471, NVIDIA L4, 23034 MiB, 21198 MiB, 1449 MiB, 93 %
2026/09/24 10:29:12.471, NVIDIA L4, 23034 MiB, 21198 MiB, 1449 MiB, 2 %
2026/09/24 10:29:13.471, NVIDIA L4, 23034 MiB, 21198 MiB, 1449 MiB, 94 %
2026/09/24 10:29:14.472, NVIDIA L4, 23034 MiB, 21198 MiB, 1449 MiB, 94 %
2026/09/24 10:29:15.472, NVIDIA L4, 23034 MiB, 21198 MiB, 1449 MiB, 93 %
2026/09/24 10:29:16.472, NVIDIA L4, 23034 MiB, 21198 MiB, 1449 MiB, 94 %
2026/09/24 10:29:17.473, NVIDIA L4, 23034 MiB, 21198 MiB, 1449 MiB, 94 %
2026/09/24 10:29:18.473, NVIDIA L4, 23034 MiB, 21198 MiB, 1449 MiB, 94 %
2026/09/24 10:29:19.473, NVIDIA L4, 23034 MiB, 21198 MiB, 1449 MiB, 94 %
2026/09/24 10:29:20.474, NVIDIA L4, 23034 MiB, 21198 MiB, 1449 MiB, 94 %
2026/09/24 10:29:21.474, NVIDIA L4, 23034 MiB, 21198 MiB, 1449 MiB, 94 %
2026/09/24 10:29:22.474, NVIDIA L4, 23034 MiB, 21198 MiB, 1449 MiB, 94 %
2026/09/24 10:29:23.475, NVIDIA L4, 23034 MiB, 21198 MiB, 1449 MiB, 94 %
2026/09/24 10:29:24.475, NVIDIA L4, 23034 MiB, 21198 MiB, 1449 MiB, 94 %
2026/09/24 10:29:25.475, NVIDIA L4, 23034 MiB, 21198 MiB, 1449 MiB, 94 %
2026/09/24 10:29:26.476, NVIDIA L4, 23034 MiB, 21198 MiB, 1449 MiB, 94 %
2026/09/24 10:29:27.476, NVIDIA L4, 23034 MiB, 21198 MiB, 1449 MiB, 92 %
2026/09/24 10:29:28.476, NVIDIA L4, 23034 MiB, 21198 MiB, 1449 MiB, 94 %
2026/09/24 10:29:29.477, NVIDIA L4, 23034 MiB, 21198 MiB, 1449 MiB, 94 %
2026/09/24 10:29:30.477, NVIDIA L4, 23034 MiB, 21198 MiB, 1449 MiB, 94 %
2026/09/24 10:29:31.477, NVIDIA L4, 23034 MiB, 21198 MiB, 1449 MiB, 94 %
2026/09/24 10:29:32.477, NVIDIA L4, 23034 MiB, 21198 MiB, 1449 MiB, 94 %
2026/09/24 10:29:33.478, NVIDIA L4, 23034 MiB, 21198 MiB, 1449 MiB, 94 %
2026/09/24 10:29:34.478, NVIDIA L4, 23034 MiB, 21198 MiB, 1449 MiB, 94 %
2026/09/24 10:29:35.478, NVIDIA L4, 23034 MiB, 21198 MiB, 1449 MiB, 94 %
2026/09/24 10:29:36.479, NVIDIA L4, 23034 MiB, 21198 MiB, 1449 MiB, 94 %
2026/09/24 10:29:37.479, NVIDIA L4, 23034 MiB, 21198 MiB, 1449 MiB, 92 %
2026/09/24 10:29:38.479, NVIDIA L4, 23034 MiB, 21198 MiB, 1449 MiB, 94 %
2026/09/24 10:29:39.479, NVIDIA L4, 23034 MiB, 21198 MiB, 1449 MiB, 94 %
2026/09/24 10:29:40.480, NVIDIA L4, 23034 MiB, 21198 MiB, 1449 MiB, 94 %
2026/09/24 10:29:41.480, NVIDIA L4, 23034 MiB, 21198 MiB, 1449 MiB, 94 %
2026/09/24 10:29:42.480, NVIDIA L4, 23034 MiB, 21198 MiB, 1449 MiB, 40 %
2026/09/24 10:29:43.481, NVIDIA L4, 23034 MiB, 21198 MiB, 1449 MiB, 94 %
2026/09/24 10:29:44.481, NVIDIA L4, 23034 MiB, 21198 MiB, 1449 MiB, 95 %
2026/09/24 10:29:45.481, NVIDIA L4, 23034 MiB, 21198 MiB, 1449 MiB, 94 %
2026/09/24 10:29:46.481, NVIDIA L4, 23034 MiB, 21198 MiB, 1449 MiB, 94 %
2026/09/24 10:29:47.482, NVIDIA L4, 23034 MiB, 21198 MiB, 1449 MiB, 94 %
2026/09/24 10:29:48.482, NVIDIA L4, 23034 MiB, 21198 MiB, 1449 MiB, 94 %
2026/09/24 10:29:49.482, NVIDIA L4, 23034 MiB, 21198 MiB, 1449 MiB, 94 %
2026/09/24 10:29:50.483, NVIDIA L4, 23034 MiB, 21198 MiB, 1449 MiB, 93 %
2026/09/24 10:29:51.483, NVIDIA L4, 23034 MiB, 21198 MiB, 1449 MiB, 94 %
2026/09/24 10:29:52.483, NVIDIA L4, 23034 MiB, 21198 MiB, 1449 MiB, 94 %
2026/09/24 10:29:53.484, NVIDIA L4, 23034 MiB, 21198 MiB, 1449 MiB, 93 %
2026/09/24 10:29:54.484, NVIDIA L4, 23034 MiB, 21198 MiB, 1449 MiB, 95 %
2026/09/24 10:29:55.484, NVIDIA L4, 23034 MiB, 21198 MiB, 1449 MiB, 94 %
2026/09/24 10:29:56.484, NVIDIA L4, 23034 MiB, 21198 MiB, 1449 MiB, 94 %
2026/09/24 10:29:57.485, NVIDIA L4, 23034 MiB, 21198 MiB, 1449 MiB, 94 %
2026/09/24 10:29:58.485, NVIDIA L4, 23034 MiB, 21198 MiB, 1449 MiB, 94 %
2026/09/24 10:29:59.485, NVIDIA L4, 23034 MiB, 21198 MiB, 1449 MiB, 92 %
2026/09/24 10:30:00.485, NVIDIA L4, 23034 MiB, 21198 MiB, 1449 MiB, 94 %
2026/09/24 10:30:01.486, NVIDIA L4, 23034 MiB, 21198 MiB, 1449 MiB, 0 %
2026/09/24 10:30:02.486, NVIDIA L4, 23034 MiB, 21198 MiB, 1449 MiB, 94 %
2026/09/24 10:30:03.486, NVIDIA L4, 23034 MiB, 21198 MiB, 1449 MiB, 94 %
2026/09/24 10:30:04.487, NVIDIA L4, 23034 MiB, 21198 MiB, 1449 MiB, 94 %
2026/09/24 10:30:05.487, NVIDIA L4, 23034 MiB, 21198 MiB, 1449 MiB, 93 %
2026/09/24 10:30:06.487, NVIDIA L4, 23034 MiB, 21198 MiB, 1449 MiB, 94 %
2026/09/24 10:30:07.488, NVIDIA L4, 23034 MiB, 21198 MiB, 1449 MiB, 93 %
2026/09/24 10:30:08.488, NVIDIA L4, 23034 MiB, 21198 MiB, 1449 MiB, 94 %
2026/09/24 10:30:09.488, NVIDIA L4, 23034 MiB, 21198 MiB, 1449 MiB, 93 %
2026/09/24 10:30:10.488, NVIDIA L4, 23034 MiB, 21198 MiB, 1449 MiB, 94 %
2026/09/24 10:30:11.489, NVIDIA L4, 23034 MiB, 21198 MiB, 1449 MiB, 94 %
2026/09/24 10:30:12.489, NVIDIA L4, 23034 MiB, 21198 MiB, 1449 MiB, 43 %
2026/09/24 10:30:13.489, NVIDIA L4, 23034 MiB, 21198 MiB, 1449 MiB, 93 %
2026/09/24 10:30:14.490, NVIDIA L4, 23034 MiB, 21198 MiB, 1449 MiB, 93 %
2026/09/24 10:30:15.490, NVIDIA L4, 23034 MiB, 21198 MiB, 1449 MiB, 91 %
2026/09/24 10:30:16.490, NVIDIA L4, 23034 MiB, 21198 MiB, 1449 MiB, 93 %
2026/09/24 10:30:17.490, NVIDIA L4, 23034 MiB, 21198 MiB, 1449 MiB, 93 %
2026/09/24 10:30:18.491, NVIDIA L4, 23034 MiB, 21198 MiB, 1449 MiB, 11 %
2026/09/24 10:30:19.491, NVIDIA L4, 23034 MiB, 21198 MiB, 1449 MiB, 92 %
2026/09/24 10:30:20.491, NVIDIA L4, 23034 MiB, 21198 MiB, 1449 MiB, 92 %
2026/09/24 10:30:21.491, NVIDIA L4, 23034 MiB, 21198 MiB, 1449 MiB, 94 %
2026/09/24 10:30:22.492, NVIDIA L4, 23034 MiB, 21198 MiB, 1449 MiB, 94 %
2026/09/24 10:30:23.492, NVIDIA L4, 23034 MiB, 21198 MiB, 1449 MiB, 93 %
2026/09/24 10:30:24.492, NVIDIA L4, 23034 MiB, 21198 MiB, 1449 MiB, 94 %
2026/09/24 10:30:25.493, NVIDIA L4, 23034 MiB, 21198 MiB, 1449 MiB, 94 %
2026/09/24 10:30:26.494, NVIDIA L4, 23034 MiB, 21198 MiB, 1449 MiB, 92 %
2026/09/24 10:30:27.494, NVIDIA L4, 23034 MiB, 21198 MiB, 1449 MiB, 94 %
2026/09/24 10:30:28.494, NVIDIA L4, 23034 MiB, 21198 MiB, 1449 MiB, 94 %
2026/09/24 10:30:29.495, NVIDIA L4, 23034 MiB, 21198 MiB, 1449 MiB, 94 %
2026/09/24 10:30:30.495, NVIDIA L4, 23034 MiB, 21198 MiB, 1449 MiB, 94 %
2026/09/24 10:30:31.495, NVIDIA L4, 23034 MiB, 21198 MiB, 1449 MiB, 93 %
2026/09/24 10:30:32.496, NVIDIA L4, 23034 MiB, 21198 MiB, 1449 MiB, 94 %
2026/09/24 10:30:33.496, NVIDIA L4, 23034 MiB, 21198 MiB, 1449 MiB, 94 %
2026/09/24 10:30:34.496, NVIDIA L4, 23034 MiB, 21198 MiB, 1449 MiB, 94 %
2026/09/24 10:30:35.496, NVIDIA L4, 23034 MiB, 21198 MiB, 1449 MiB, 94 %
2026/09/24 10:30:36.497, NVIDIA L4, 23034 MiB, 21198 MiB, 1449 MiB, 94 %
2026/09/24 10:30:37.497, NVIDIA L4, 23034 MiB, 21198 MiB, 1449 MiB, 94 %
2026/09/24 10:30:38.497, NVIDIA L4, 23034 MiB, 21198 MiB, 1449 MiB, 94 %
2026/09/24 10:30:39.498, NVIDIA L4, 23034 MiB, 21198 MiB, 1449 MiB, 93 %
2026/09/24 10:30:40.498, NVIDIA L4, 23034 MiB, 21198 MiB, 1449 MiB, 94 %
2026/09/24 10:30:41.498, NVIDIA L4, 23034 MiB, 21198 MiB, 1449 MiB, 93 %
2026/09/24 10:30:42.498, NVIDIA L4, 23034 MiB, 21198 MiB, 1449 MiB, 94 %
2026/09/24 10:30:43.499, NVIDIA L4, 23034 MiB, 21198 MiB, 1449 MiB, 93 %
2026/09/24 10:30:44.499, NVIDIA L4, 23034 MiB, 21198 MiB, 1449 MiB, 92 %
2026/09/24 10:30:45.499, NVIDIA L4, 23034 MiB, 21198 MiB, 1449 MiB, 91 %
2026/09/24 10:30:46.499, NVIDIA L4, 23034 MiB, 21198 MiB, 1449 MiB, 94 %
2026/09/24 10:30:47.500, NVIDIA L4, 23034 MiB, 21198 MiB, 1449 MiB, 94 %
2026/09/24 10:30:48.500, NVIDIA L4, 23034 MiB, 21198 MiB, 1449 MiB, 94 %
2026/09/24 10:30:49.500, NVIDIA L4, 23034 MiB, 21198 MiB, 1449 MiB, 94 %
2026/09/24 10:30:50.501, NVIDIA L4, 23034 MiB, 21198 MiB, 1449 MiB, 91 %
2026/09/24 10:30:51.501, NVIDIA L4, 23034 MiB, 21198 MiB, 1449 MiB, 91 %
2026/09/24 10:30:52.501, NVIDIA L4, 23034 MiB, 21198 MiB, 1449 MiB, 94 %
2026/09/24 10:30:53.501, NVIDIA L4, 23034 MiB, 21198 MiB, 1449 MiB, 94 %
2026/09/24 10:30:54.502, NVIDIA L4, 23034 MiB, 21198 MiB, 1449 MiB, 94 %
2026/09/24 10:30:55.502, NVIDIA L4, 23034 MiB, 21198 MiB, 1449 MiB, 94 %
2026/09/24 10:30:56.502, NVIDIA L4, 23034 MiB, 21198 MiB, 1449 MiB, 95 %
2026/09/24 10:30:57.503, NVIDIA L4, 23034 MiB, 21198 MiB, 1449 MiB, 94 %
2026/09/24 10:30:58.503, NVIDIA L4, 23034 MiB, 21198 MiB, 1449 MiB, 94 %
2026/09/24 10:30:59.503, NVIDIA L4, 23034 MiB, 21198 MiB, 1449 MiB, 94 %
2026/09/24 10:31:00.503, NVIDIA L4, 23034 MiB, 21198 MiB, 1449 MiB, 94 %
2026/09/24 10:31:01.504, NVIDIA L4, 23034 MiB, 21198 MiB, 1449 MiB, 93 %
2026/09/24 10:31:02.504, NVIDIA L4, 23034 MiB, 21198 MiB, 1449 MiB, 94 %
2026/09/24 10:31:03.504, NVIDIA L4, 23034 MiB, 21198 MiB, 1449 MiB, 94 %
2026/09/24 10:31:04.504, NVIDIA L4, 23034 MiB, 21198 MiB, 1449 MiB, 94 %
2026/09/24 10:31:05.505, NVIDIA L4, 23034 MiB, 21198 MiB, 1449 MiB, 92 %
2026/09/24 10:31:06.505, NVIDIA L4, 23034 MiB, 21198 MiB, 1449 MiB, 94 %
2026/09/24 10:31:07.505, NVIDIA L4, 23034 MiB, 21198 MiB, 1449 MiB, 94 %
2026/09/24 10:31:08.506, NVIDIA L4, 23034 MiB, 21198 MiB, 1449 MiB, 94 %
2026/09/24 10:31:09.506, NVIDIA L4, 23034 MiB, 21198 MiB, 1449 MiB, 93 %
2026/09/24 10:31:10.506, NVIDIA L4, 23034 MiB, 21198 MiB, 1449 MiB, 94 %
2026/09/24 10:31:11.506, NVIDIA L4, 23034 MiB, 21198 MiB, 1449 MiB, 94 %
2026/09/24 10:31:12.507, NVIDIA L4, 23034 MiB, 21198 MiB, 1449 MiB, 93 %
2026/09/24 10:31:13.507, NVIDIA L4, 23034 MiB, 21198 MiB, 1449 MiB, 94 %
2026/09/24 10:31:14.507, NVIDIA L4, 23034 MiB, 21198 MiB, 1449 MiB, 94 %
2026/09/24 10:31:15.507, NVIDIA L4, 23034 MiB, 21198 MiB, 1449 MiB, 94 %
2026/09/24 10:31:16.508, NVIDIA L4, 23034 MiB, 21198 MiB, 1449 MiB, 94 %
2026/09/24 10:31:17.508, NVIDIA L4, 23034 MiB, 21198 MiB, 1449 MiB, 93 %
2026/09/24 10:31:18.508, NVIDIA L4, 23034 MiB, 21272 MiB, 1375 MiB, 94 %
2026/09/24 10:31:19.509, NVIDIA L4, 23034 MiB, 21272 MiB, 1375 MiB, 94 %
2026/09/24 10:31:20.509, NVIDIA L4, 23034 MiB, 21272 MiB, 1375 MiB, 94 %
2026/09/24 10:31:21.509, NVIDIA L4, 23034 MiB, 21272 MiB, 1375 MiB, 94 %
2026/09/24 10:31:22.509, NVIDIA L4, 23034 MiB, 21272 MiB, 1375 MiB, 94 %
2026/09/24 10:31:23.510, NVIDIA L4, 23034 MiB, 21272 MiB, 1375 MiB, 93 %
2026/09/24 10:31:24.510, NVIDIA L4, 23034 MiB, 21272 MiB, 1375 MiB, 94 %
2026/09/24 10:31:25.510, NVIDIA L4, 23034 MiB, 21272 MiB, 1375 MiB, 94 %
2026/09/24 10:31:26.511, NVIDIA L4, 23034 MiB, 21272 MiB, 1375 MiB, 94 %
2026/09/24 10:31:27.511, NVIDIA L4, 23034 MiB, 21272 MiB, 1375 MiB, 94 %
2026/09/24 10:31:28.511, NVIDIA L4, 23034 MiB, 21272 MiB, 1375 MiB, 94 %
2026/09/24 10:31:29.511, NVIDIA L4, 23034 MiB, 21272 MiB, 1375 MiB, 93 %
2026/09/24 10:31:30.512, NVIDIA L4, 23034 MiB, 21272 MiB, 1375 MiB, 93 %
2026/09/24 10:31:31.512, NVIDIA L4, 23034 MiB, 21272 MiB, 1375 MiB, 94 %
2026/09/24 10:31:32.512, NVIDIA L4, 23034 MiB, 21272 MiB, 1375 MiB, 93 %
2026/09/24 10:31:33.512, NVIDIA L4, 23034 MiB, 21272 MiB, 1375 MiB, 94 %
2026/09/24 10:31:34.513, NVIDIA L4, 23034 MiB, 21272 MiB, 1375 MiB, 94 %
2026/09/24 10:31:35.513, NVIDIA L4, 23034 MiB, 21272 MiB, 1375 MiB, 93 %
2026/09/24 10:31:36.513, NVIDIA L4, 23034 MiB, 21272 MiB, 1375 MiB, 94 %
2026/09/24 10:31:37.514, NVIDIA L4, 23034 MiB, 21272 MiB, 1375 MiB, 91 %
2026/09/24 10:31:38.514, NVIDIA L4, 23034 MiB, 21272 MiB, 1375 MiB, 93 %
2026/09/24 10:31:39.514, NVIDIA L4, 23034 MiB, 21272 MiB, 1375 MiB, 92 %
2026/09/24 10:31:40.514, NVIDIA L4, 23034 MiB, 21272 MiB, 1375 MiB, 93 %
2026/09/24 10:31:41.515, NVIDIA L4, 23034 MiB, 21272 MiB, 1375 MiB, 94 %
2026/09/24 10:31:42.515, NVIDIA L4, 23034 MiB, 21272 MiB, 1375 MiB, 94 %
2026/09/24 10:31:43.515, NVIDIA L4, 23034 MiB, 21272 MiB, 1375 MiB, 94 %
2026/09/24 10:31:44.516, NVIDIA L4, 23034 MiB, 21272 MiB, 1375 MiB, 94 %
2026/09/24 10:31:45.516, NVIDIA L4, 23034 MiB, 21272 MiB, 1375 MiB, 93 %
2026/09/24 10:31:46.516, NVIDIA L4, 23034 MiB, 21272 MiB, 1375 MiB, 94 %
2026/09/24 10:31:47.516, NVIDIA L4, 23034 MiB, 21272 MiB, 1375 MiB, 92 %
2026/09/24 10:31:48.517, NVIDIA L4, 23034 MiB, 21272 MiB, 1375 MiB, 93 %
2026/09/24 10:31:49.517, NVIDIA L4, 23034 MiB, 21272 MiB, 1375 MiB, 94 %
2026/09/24 10:31:50.517, NVIDIA L4, 23034 MiB, 21272 MiB, 1375 MiB, 94 %
2026/09/24 10:31:51.517, NVIDIA L4, 23034 MiB, 21272 MiB, 1375 MiB, 94 %
2026/09/24 10:31:52.518, NVIDIA L4, 23034 MiB, 21272 MiB, 1375 MiB, 94 %
2026/09/24 10:31:53.518, NVIDIA L4, 23034 MiB, 21272 MiB, 1375 MiB, 94 %
2026/09/24 10:31:54.518, NVIDIA L4, 23034 MiB, 21272 MiB, 1375 MiB, 94 %
2026/09/24 10:31:55.519, NVIDIA L4, 23034 MiB, 21272 MiB, 1375 MiB, 94 %
2026/09/24 10:31:56.519, NVIDIA L4, 23034 MiB, 21272 MiB, 1375 MiB, 79 %
2026/09/24 10:31:57.519, NVIDIA L4, 23034 MiB, 21272 MiB, 1375 MiB, 94 %
2026/09/24 10:31:58.519, NVIDIA L4, 23034 MiB, 21272 MiB, 1375 MiB, 94 %
2026/09/24 10:31:59.520, NVIDIA L4, 23034 MiB, 21272 MiB, 1375 MiB, 93 %
2026/09/24 10:32:00.520, NVIDIA L4, 23034 MiB, 21272 MiB, 1375 MiB, 94 %
2026/09/24 10:32:01.520, NVIDIA L4, 23034 MiB, 21272 MiB, 1375 MiB, 68 %
2026/09/24 10:32:02.520, NVIDIA L4, 23034 MiB, 21272 MiB, 1375 MiB, 94 %
2026/09/24 10:32:03.521, NVIDIA L4, 23034 MiB, 21272 MiB, 1375 MiB, 0 %
2026/09/24 10:32:04.521, NVIDIA L4, 23034 MiB, 21272 MiB, 1375 MiB, 0 %
2026/09/24 10:32:05.521, NVIDIA L4, 23034 MiB, 21272 MiB, 1375 MiB, 92 %
2026/09/24 10:32:06.522, NVIDIA L4, 23034 MiB, 21272 MiB, 1375 MiB, 94 %
2026/09/24 10:32:07.522, NVIDIA L4, 23034 MiB, 21272 MiB, 1375 MiB, 94 %
2026/09/24 10:32:08.522, NVIDIA L4, 23034 MiB, 21272 MiB, 1375 MiB, 94 %
2026/09/24 10:32:09.522, NVIDIA L4, 23034 MiB, 21272 MiB, 1375 MiB, 89 %
2026/09/24 10:32:10.523, NVIDIA L4, 23034 MiB, 21272 MiB, 1375 MiB, 94 %
2026/09/24 10:32:11.523, NVIDIA L4, 23034 MiB, 21272 MiB, 1375 MiB, 94 %
2026/09/24 10:32:12.523, NVIDIA L4, 23034 MiB, 21272 MiB, 1375 MiB, 94 %
2026/09/24 10:32:13.524, NVIDIA L4, 23034 MiB, 21272 MiB, 1375 MiB, 95 %
2026/09/24 10:32:14.524, NVIDIA L4, 23034 MiB, 21272 MiB, 1375 MiB, 93 %
2026/09/24 10:32:15.524, NVIDIA L4, 23034 MiB, 21272 MiB, 1375 MiB, 93 %
2026/09/24 10:32:16.524, NVIDIA L4, 23034 MiB, 21272 MiB, 1375 MiB, 94 %
2026/09/24 10:32:17.525, NVIDIA L4, 23034 MiB, 21272 MiB, 1375 MiB, 94 %
2026/09/24 10:32:18.525, NVIDIA L4, 23034 MiB, 21272 MiB, 1375 MiB, 94 %
2026/09/24 10:32:19.525, NVIDIA L4, 23034 MiB, 21272 MiB, 1375 MiB, 94 %
2026/09/24 10:32:20.525, NVIDIA L4, 23034 MiB, 21272 MiB, 1375 MiB, 94 %
2026/09/24 10:32:21.526, NVIDIA L4, 23034 MiB, 21272 MiB, 1375 MiB, 94 %
2026/09/24 10:32:22.526, NVIDIA L4, 23034 MiB, 21272 MiB, 1375 MiB, 94 %
2026/09/24 10:32:23.526, NVIDIA L4, 23034 MiB, 21272 MiB, 1375 MiB, 93 %
2026/09/24 10:32:24.527, NVIDIA L4, 23034 MiB, 21272 MiB, 1375 MiB, 94 %
2026/09/24 10:32:25.527, NVIDIA L4, 23034 MiB, 21272 MiB, 1375 MiB, 94 %
2026/09/24 10:32:26.527, NVIDIA L4, 23034 MiB, 21272 MiB, 1375 MiB, 94 %
2026/09/24 10:32:27.527, NVIDIA L4, 23034 MiB, 21272 MiB, 1375 MiB, 91 %
2026/09/24 10:32:28.528, NVIDIA L4, 23034 MiB, 21272 MiB, 1375 MiB, 94 %
2026/09/24 10:32:29.528, NVIDIA L4, 23034 MiB, 21272 MiB, 1375 MiB, 94 %
2026/09/24 10:32:30.528, NVIDIA L4, 23034 MiB, 21272 MiB, 1375 MiB, 94 %
2026/09/24 10:32:31.529, NVIDIA L4, 23034 MiB, 21272 MiB, 1375 MiB, 94 %
2026/09/24 10:32:32.529, NVIDIA L4, 23034 MiB, 21272 MiB, 1375 MiB, 94 %
2026/09/24 10:32:33.529, NVIDIA L4, 23034 MiB, 21272 MiB, 1375 MiB, 94 %
2026/09/24 10:32:34.529, NVIDIA L4, 23034 MiB, 21272 MiB, 1375 MiB, 94 %
2026/09/24 10:32:35.530, NVIDIA L4, 23034 MiB, 21272 MiB, 1375 MiB, 85 %
2026/09/24 10:32:36.530, NVIDIA L4, 23034 MiB, 21272 MiB, 1375 MiB, 93 %
2026/09/24 10:32:37.530, NVIDIA L4, 23034 MiB, 21272 MiB, 1375 MiB, 93 %
2026/09/24 10:32:38.530, NVIDIA L4, 23034 MiB, 21272 MiB, 1375 MiB, 93 %
2026/09/24 10:32:39.531, NVIDIA L4, 23034 MiB, 21272 MiB, 1375 MiB, 93 %
2026/09/24 10:32:40.531, NVIDIA L4, 23034 MiB, 21272 MiB, 1375 MiB, 94 %
2026/09/24 10:32:41.531, NVIDIA L4, 23034 MiB, 21272 MiB, 1375 MiB, 94 %
2026/09/24 10:32:42.532, NVIDIA L4, 23034 MiB, 21272 MiB, 1375 MiB, 94 %
2026/09/24 10:32:43.532, NVIDIA L4, 23034 MiB, 21272 MiB, 1375 MiB, 93 %
2026/09/24 10:32:44.532, NVIDIA L4, 23034 MiB, 21272 MiB, 1375 MiB, 94 %
2026/09/24 10:32:45.532, NVIDIA L4, 23034 MiB, 21272 MiB, 1375 MiB, 94 %
2026/09/24 10:32:46.533, NVIDIA L4, 23034 MiB, 21272 MiB, 1375 MiB, 94 %
2026/09/24 10:32:47.533, NVIDIA L4, 23034 MiB, 21272 MiB, 1375 MiB, 94 %
2026/09/24 10:32:48.533, NVIDIA L4, 23034 MiB, 21272 MiB, 1375 MiB, 94 %
2026/09/24 10:32:49.533, NVIDIA L4, 23034 MiB, 21272 MiB, 1375 MiB, 94 %
2026/09/24 10:32:50.534, NVIDIA L4, 23034 MiB, 21272 MiB, 1375 MiB, 94 %
2026/09/24 10:32:51.534, NVIDIA L4, 23034 MiB, 21272 MiB, 1375 MiB, 94 %
2026/09/24 10:32:52.534, NVIDIA L4, 23034 MiB, 21272 MiB, 1375 MiB, 93 %
2026/09/24 10:32:53.535, NVIDIA L4, 23034 MiB, 21272 MiB, 1375 MiB, 94 %
2026/09/24 10:32:54.535, NVIDIA L4, 23034 MiB, 21272 MiB, 1375 MiB, 94 %
2026/09/24 10:32:55.535, NVIDIA L4, 23034 MiB, 21272 MiB, 1375 MiB, 94 %
2026/09/24 10:32:56.535, NVIDIA L4, 23034 MiB, 21272 MiB, 1375 MiB, 94 %
2026/09/24 10:32:57.536, NVIDIA L4, 23034 MiB, 21272 MiB, 1375 MiB, 94 %
2026/09/24 10:32:58.536, NVIDIA L4, 23034 MiB, 21272 MiB, 1375 MiB, 94 %
2026/09/24 10:32:59.536, NVIDIA L4, 23034 MiB, 21272 MiB, 1375 MiB, 15 %
2026/09/24 10:33:00.537, NVIDIA L4, 23034 MiB, 21272 MiB, 1375 MiB, 94 %
2026/09/24 10:33:01.537, NVIDIA L4, 23034 MiB, 21272 MiB, 1375 MiB, 93 %
2026/09/24 10:33:02.537, NVIDIA L4, 23034 MiB, 21272 MiB, 1375 MiB, 94 %
2026/09/24 10:33:03.537, NVIDIA L4, 23034 MiB, 21272 MiB, 1375 MiB, 93 %
2026/09/24 10:33:04.538, NVIDIA L4, 23034 MiB, 21272 MiB, 1375 MiB, 94 %
2026/09/24 10:33:05.538, NVIDIA L4, 23034 MiB, 21272 MiB, 1375 MiB, 94 %
2026/09/24 10:33:06.538, NVIDIA L4, 23034 MiB, 21272 MiB, 1375 MiB, 94 %
2026/09/24 10:33:07.539, NVIDIA L4, 23034 MiB, 21272 MiB, 1375 MiB, 94 %
2026/09/24 10:33:08.539, NVIDIA L4, 23034 MiB, 21272 MiB, 1375 MiB, 95 %
2026/09/24 10:33:09.539, NVIDIA L4, 23034 MiB, 21272 MiB, 1375 MiB, 94 %
2026/09/24 10:33:10.539, NVIDIA L4, 23034 MiB, 21272 MiB, 1375 MiB, 95 %
2026/09/24 10:33:11.540, NVIDIA L4, 23034 MiB, 21272 MiB, 1375 MiB, 94 %
2026/09/24 10:33:12.540, NVIDIA L4, 23034 MiB, 21272 MiB, 1375 MiB, 94 %
2026/09/24 10:33:13.540, NVIDIA L4, 23034 MiB, 21272 MiB, 1375 MiB, 94 %
2026/09/24 10:33:14.541, NVIDIA L4, 23034 MiB, 21272 MiB, 1375 MiB, 94 %
2026/09/24 10:33:15.541, NVIDIA L4, 23034 MiB, 21272 MiB, 1375 MiB, 94 %
2026/09/24 10:33:16.541, NVIDIA L4, 23034 MiB, 21272 MiB, 1375 MiB, 94 %
2026/09/24 10:33:17.541, NVIDIA L4, 23034 MiB, 21272 MiB, 1375 MiB, 94 %
2026/09/24 10:33:18.542, NVIDIA L4, 23034 MiB, 21272 MiB, 1375 MiB, 94 %
2026/09/24 10:33:19.542, NVIDIA L4, 23034 MiB, 21272 MiB, 1375 MiB, 94 %
2026/09/24 10:33:20.542, NVIDIA L4, 23034 MiB, 21272 MiB, 1375 MiB, 95 %
2026/09/24 10:33:21.542, NVIDIA L4, 23034 MiB, 21272 MiB, 1375 MiB, 94 %
2026/09/24 10:33:22.543, NVIDIA L4, 23034 MiB, 21272 MiB, 1375 MiB, 94 %
2026/09/24 10:33:23.543, NVIDIA L4, 23034 MiB, 21272 MiB, 1375 MiB, 94 %
2026/09/24 10:33:24.543, NVIDIA L4, 23034 MiB, 21272 MiB, 1375 MiB, 94 %
2026/09/24 10:33:25.544, NVIDIA L4, 23034 MiB, 21272 MiB, 1375 MiB, 94 %
2026/09/24 10:33:26.544, NVIDIA L4, 23034 MiB, 21272 MiB, 1375 MiB, 94 %
2026/09/24 10:33:27.544, NVIDIA L4, 23034 MiB, 21272 MiB, 1375 MiB, 94 %
2026/09/24 10:33:28.544, NVIDIA L4, 23034 MiB, 21272 MiB, 1375 MiB, 94 %
2026/09/24 10:33:29.545, NVIDIA L4, 23034 MiB, 21272 MiB, 1375 MiB, 93 %
2026/09/24 10:33:30.545, NVIDIA L4, 23034 MiB, 21272 MiB, 1375 MiB, 94 %
2026/09/24 10:33:31.545, NVIDIA L4, 23034 MiB, 21272 MiB, 1375 MiB, 92 %
2026/09/24 10:33:32.546, NVIDIA L4, 23034 MiB, 21272 MiB, 1375 MiB, 94 %
2026/09/24 10:33:33.546, NVIDIA L4, 23034 MiB, 21272 MiB, 1375 MiB, 94 %
2026/09/24 10:33:34.546, NVIDIA L4, 23034 MiB, 21272 MiB, 1375 MiB, 94 %
2026/09/24 10:33:35.546, NVIDIA L4, 23034 MiB, 21272 MiB, 1375 MiB, 94 %
2026/09/24 10:33:36.547, NVIDIA L4, 23034 MiB, 21272 MiB, 1375 MiB, 94 %
2026/09/24 10:33:37.547, NVIDIA L4, 23034 MiB, 21272 MiB, 1375 MiB, 94 %
2026/09/24 10:33:38.547, NVIDIA L4, 23034 MiB, 21272 MiB, 1375 MiB, 93 %
2026/09/24 10:33:39.547, NVIDIA L4, 23034 MiB, 21272 MiB, 1375 MiB, 92 %
2026/09/24 10:33:40.548, NVIDIA L4, 23034 MiB, 21272 MiB, 1375 MiB, 92 %
2026/09/24 10:33:41.548, NVIDIA L4, 23034 MiB, 21272 MiB, 1375 MiB, 94 %
2026/09/24 10:33:42.548, NVIDIA L4, 23034 MiB, 21272 MiB, 1375 MiB, 93 %
2026/09/24 10:33:43.549, NVIDIA L4, 23034 MiB, 21272 MiB, 1375 MiB, 94 %
2026/09/24 10:33:44.549, NVIDIA L4, 23034 MiB, 21272 MiB, 1375 MiB, 94 %
2026/09/24 10:33:45.549, NVIDIA L4, 23034 MiB, 21272 MiB, 1375 MiB, 94 %
2026/09/24 10:33:46.549, NVIDIA L4, 23034 MiB, 21272 MiB, 1375 MiB, 94 %
2026/09/24 10:33:47.550, NVIDIA L4, 23034 MiB, 21272 MiB, 1375 MiB, 94 %
2026/09/24 10:33:48.550, NVIDIA L4, 23034 MiB, 21272 MiB, 1375 MiB, 94 %
2026/09/24 10:33:49.550, NVIDIA L4, 23034 MiB, 21272 MiB, 1375 MiB, 94 %
2026/09/24 10:33:50.551, NVIDIA L4, 23034 MiB, 21272 MiB, 1375 MiB, 92 %
2026/09/24 10:33:51.551, NVIDIA L4, 23034 MiB, 21272 MiB, 1375 MiB, 94 %
2026/09/24 10:33:52.551, NVIDIA L4, 23034 MiB, 21272 MiB, 1375 MiB, 0 %
2026/09/24 10:33:53.551, NVIDIA L4, 23034 MiB, 21272 MiB, 1375 MiB, 0 %
2026/09/24 10:33:54.552, NVIDIA L4, 23034 MiB, 21272 MiB, 1375 MiB, 94 %
2026/09/24 10:33:55.552, NVIDIA L4, 23034 MiB, 21272 MiB, 1375 MiB, 94 %
2026/09/24 10:33:56.552, NVIDIA L4, 23034 MiB, 21272 MiB, 1375 MiB, 94 %
2026/09/24 10:33:57.553, NVIDIA L4, 23034 MiB, 21272 MiB, 1375 MiB, 94 %
2026/09/24 10:33:58.553, NVIDIA L4, 23034 MiB, 21272 MiB, 1375 MiB, 94 %
2026/09/24 10:33:59.553, NVIDIA L4, 23034 MiB, 21272 MiB, 1375 MiB, 94 %
2026/09/24 10:34:00.553, NVIDIA L4, 23034 MiB, 21272 MiB, 1375 MiB, 94 %
2026/09/24 10:34:01.554, NVIDIA L4, 23034 MiB, 21272 MiB, 1375 MiB, 93 %
2026/09/24 10:34:02.554, NVIDIA L4, 23034 MiB, 21272 MiB, 1375 MiB, 93 %
2026/09/24 10:34:03.554, NVIDIA L4, 23034 MiB, 21272 MiB, 1375 MiB, 93 %
2026/09/24 10:34:04.555, NVIDIA L4, 23034 MiB, 21272 MiB, 1375 MiB, 94 %
2026/09/24 10:34:05.556, NVIDIA L4, 23034 MiB, 21272 MiB, 1375 MiB, 94 %
2026/09/24 10:34:06.556, NVIDIA L4, 23034 MiB, 21272 MiB, 1375 MiB, 94 %
2026/09/24 10:34:07.556, NVIDIA L4, 23034 MiB, 21272 MiB, 1375 MiB, 94 %
2026/09/24 10:34:08.557, NVIDIA L4, 23034 MiB, 21272 MiB, 1375 MiB, 94 %
2026/09/24 10:34:09.557, NVIDIA L4, 23034 MiB, 21272 MiB, 1375 MiB, 94 %
2026/09/24 10:34:10.557, NVIDIA L4, 23034 MiB, 21272 MiB, 1375 MiB, 94 %
2026/09/24 10:34:11.558, NVIDIA L4, 23034 MiB, 21272 MiB, 1375 MiB, 94 %
2026/09/24 10:34:12.558, NVIDIA L4, 23034 MiB, 21272 MiB, 1375 MiB, 94 %
2026/09/24 10:34:13.558, NVIDIA L4, 23034 MiB, 21272 MiB, 1375 MiB, 94 %
2026/09/24 10:34:14.558, NVIDIA L4, 23034 MiB, 21272 MiB, 1375 MiB, 94 %
2026/09/24 10:34:15.559, NVIDIA L4, 23034 MiB, 21272 MiB, 1375 MiB, 93 %
2026/09/24 10:34:16.559, NVIDIA L4, 23034 MiB, 21272 MiB, 1375 MiB, 94 %
2026/09/24 10:34:17.559, NVIDIA L4, 23034 MiB, 21272 MiB, 1375 MiB, 93 %
2026/09/24 10:34:18.560, NVIDIA L4, 23034 MiB, 21272 MiB, 1375 MiB, 94 %
2026/09/24 10:34:19.560, NVIDIA L4, 23034 MiB, 21272 MiB, 1375 MiB, 94 %
2026/09/24 10:34:20.560, NVIDIA L4, 23034 MiB, 21272 MiB, 1375 MiB, 94 %
2026/09/24 10:34:21.560, NVIDIA L4, 23034 MiB, 21272 MiB, 1375 MiB, 94 %
2026/09/24 10:34:22.561, NVIDIA L4, 23034 MiB, 21272 MiB, 1375 MiB, 93 %
2026/09/24 10:34:23.561, NVIDIA L4, 23034 MiB, 21272 MiB, 1375 MiB, 94 %
2026/09/24 10:34:24.561, NVIDIA L4, 23034 MiB, 21272 MiB, 1375 MiB, 94 %
2026/09/24 10:34:25.562, NVIDIA L4, 23034 MiB, 21272 MiB, 1375 MiB, 93 %
2026/09/24 10:34:26.562, NVIDIA L4, 23034 MiB, 21272 MiB, 1375 MiB, 92 %
2026/09/24 10:34:27.562, NVIDIA L4, 23034 MiB, 21272 MiB, 1375 MiB, 94 %
2026/09/24 10:34:28.562, NVIDIA L4, 23034 MiB, 21272 MiB, 1375 MiB, 94 %
2026/09/24 10:34:29.563, NVIDIA L4, 23034 MiB, 21272 MiB, 1375 MiB, 94 %
2026/09/24 10:34:30.563, NVIDIA L4, 23034 MiB, 21272 MiB, 1375 MiB, 94 %
2026/09/24 10:34:31.563, NVIDIA L4, 23034 MiB, 21272 MiB, 1375 MiB, 94 %
2026/09/24 10:34:32.564, NVIDIA L4, 23034 MiB, 21272 MiB, 1375 MiB, 94 %
2026/09/24 10:34:33.564, NVIDIA L4, 23034 MiB, 21272 MiB, 1375 MiB, 94 %
2026/09/24 10:34:34.564, NVIDIA L4, 23034 MiB, 21272 MiB, 1375 MiB, 94 %
2026/09/24 10:34:35.564, NVIDIA L4, 23034 MiB, 21272 MiB, 1375 MiB, 94 %
2026/09/24 10:34:36.565, NVIDIA L4, 23034 MiB, 21272 MiB, 1375 MiB, 94 %
2026/09/24 10:34:37.565, NVIDIA L4, 23034 MiB, 21272 MiB, 1375 MiB, 94 %
2026/09/24 10:34:38.565, NVIDIA L4, 23034 MiB, 21272 MiB, 1375 MiB, 94 %
2026/09/24 10:34:39.565, NVIDIA L4, 23034 MiB, 21272 MiB, 1375 MiB, 27 %
2026/09/24 10:34:40.566, NVIDIA L4, 23034 MiB, 21272 MiB, 1375 MiB, 93 %
2026/09/24 10:34:41.566, NVIDIA L4, 23034 MiB, 21272 MiB, 1375 MiB, 93 %
2026/09/24 10:34:42.566, NVIDIA L4, 23034 MiB, 21272 MiB, 1375 MiB, 93 %
2026/09/24 10:34:43.567, NVIDIA L4, 23034 MiB, 21272 MiB, 1375 MiB, 94 %
2026/09/24 10:34:44.567, NVIDIA L4, 23034 MiB, 21272 MiB, 1375 MiB, 94 %
2026/09/24 10:34:45.567, NVIDIA L4, 23034 MiB, 21272 MiB, 1375 MiB, 94 %
2026/09/24 10:34:46.567, NVIDIA L4, 23034 MiB, 21272 MiB, 1375 MiB, 94 %
2026/09/24 10:34:47.568, NVIDIA L4, 23034 MiB, 21272 MiB, 1375 MiB, 91 %
2026/09/24 10:34:48.568, NVIDIA L4, 23034 MiB, 21272 MiB, 1375 MiB, 94 %
2026/09/24 10:34:49.568, NVIDIA L4, 23034 MiB, 21272 MiB, 1375 MiB, 94 %
2026/09/24 10:34:50.569, NVIDIA L4, 23034 MiB, 21272 MiB, 1375 MiB, 94 %
2026/09/24 10:34:51.569, NVIDIA L4, 23034 MiB, 21272 MiB, 1375 MiB, 93 %
2026/09/24 10:34:52.569, NVIDIA L4, 23034 MiB, 21272 MiB, 1375 MiB, 93 %
2026/09/24 10:34:53.570, NVIDIA L4, 23034 MiB, 21272 MiB, 1375 MiB, 94 %
2026/09/24 10:34:54.570, NVIDIA L4, 23034 MiB, 21272 MiB, 1375 MiB, 93 %
2026/09/24 10:34:55.570, NVIDIA L4, 23034 MiB, 21272 MiB, 1375 MiB, 93 %
2026/09/24 10:34:56.570, NVIDIA L4, 23034 MiB, 21272 MiB, 1375 MiB, 94 %
2026/09/24 10:34:57.571, NVIDIA L4, 23034 MiB, 21272 MiB, 1375 MiB, 94 %
2026/09/24 10:34:58.571, NVIDIA L4, 23034 MiB, 21272 MiB, 1375 MiB, 95 %
2026/09/24 10:34:59.571, NVIDIA L4, 23034 MiB, 21272 MiB, 1375 MiB, 94 %
2026/09/24 10:35:00.572, NVIDIA L4, 23034 MiB, 21272 MiB, 1375 MiB, 94 %
2026/09/24 10:35:01.572, NVIDIA L4, 23034 MiB, 21272 MiB, 1375 MiB, 94 %
2026/09/24 10:35:02.572, NVIDIA L4, 23034 MiB, 21272 MiB, 1375 MiB, 94 %
2026/09/24 10:35:03.572, NVIDIA L4, 23034 MiB, 21272 MiB, 1375 MiB, 94 %
2026/09/24 10:35:04.573, NVIDIA L4, 23034 MiB, 21272 MiB, 1375 MiB, 94 %
2026/09/24 10:35:05.573, NVIDIA L4, 23034 MiB, 21272 MiB, 1375 MiB, 94 %
2026/09/24 10:35:06.573, NVIDIA L4, 23034 MiB, 21272 MiB, 1375 MiB, 95 %
2026/09/24 10:35:07.573, NVIDIA L4, 23034 MiB, 21272 MiB, 1375 MiB, 94 %
2026/09/24 10:35:08.574, NVIDIA L4, 23034 MiB, 21272 MiB, 1375 MiB, 94 %
2026/09/24 10:35:09.574, NVIDIA L4, 23034 MiB, 21272 MiB, 1375 MiB, 94 %
2026/09/24 10:35:10.574, NVIDIA L4, 23034 MiB, 21272 MiB, 1375 MiB, 94 %
2026/09/24 10:35:11.575, NVIDIA L4, 23034 MiB, 21272 MiB, 1375 MiB, 94 %
2026/09/24 10:35:12.575, NVIDIA L4, 23034 MiB, 21272 MiB, 1375 MiB, 94 %
2026/09/24 10:35:13.575, NVIDIA L4, 23034 MiB, 21272 MiB, 1375 MiB, 94 %
2026/09/24 10:35:14.575, NVIDIA L4, 23034 MiB, 21272 MiB, 1375 MiB, 94 %
2026/09/24 10:35:15.576, NVIDIA L4, 23034 MiB, 21272 MiB, 1375 MiB, 94 %
2026/09/24 10:35:16.576, NVIDIA L4, 23034 MiB, 21272 MiB, 1375 MiB, 94 %
2026/09/24 10:35:17.576, NVIDIA L4, 23034 MiB, 21272 MiB, 1375 MiB, 94 %
2026/09/24 10:35:18.576, NVIDIA L4, 23034 MiB, 21272 MiB, 1375 MiB, 94 %
2026/09/24 10:35:19.577, NVIDIA L4, 23034 MiB, 21272 MiB, 1375 MiB, 94 %
2026/09/24 10:35:20.577, NVIDIA L4, 23034 MiB, 21272 MiB, 1375 MiB, 94 %
2026/09/24 10:35:21.577, NVIDIA L4, 23034 MiB, 21272 MiB, 1375 MiB, 94 %
2026/09/24 10:35:22.578, NVIDIA L4, 23034 MiB, 21272 MiB, 1375 MiB, 94 %
2026/09/24 10:35:23.578, NVIDIA L4, 23034 MiB, 21272 MiB, 1375 MiB, 94 %
2026/09/24 10:35:24.578, NVIDIA L4, 23034 MiB, 21272 MiB, 1375 MiB, 94 %
2026/09/24 10:35:25.578, NVIDIA L4, 23034 MiB, 21272 MiB, 1375 MiB, 94 %
2026/09/24 10:35:26.579, NVIDIA L4, 23034 MiB, 21272 MiB, 1375 MiB, 94 %
2026/09/24 10:35:27.579, NVIDIA L4, 23034 MiB, 21272 MiB, 1375 MiB, 94 %
2026/09/24 10:35:28.579, NVIDIA L4, 23034 MiB, 21272 MiB, 1375 MiB, 94 %
2026/09/24 10:35:29.580, NVIDIA L4, 23034 MiB, 21272 MiB, 1375 MiB, 94 %
2026/09/24 10:35:30.580, NVIDIA L4, 23034 MiB, 21272 MiB, 1375 MiB, 94 %
2026/09/24 10:35:31.580, NVIDIA L4, 23034 MiB, 21272 MiB, 1375 MiB, 94 %
2026/09/24 10:35:32.580, NVIDIA L4, 23034 MiB, 21272 MiB, 1375 MiB, 94 %
2026/09/24 10:35:33.581, NVIDIA L4, 23034 MiB, 21272 MiB, 1375 MiB, 94 %
2026/09/24 10:35:34.581, NVIDIA L4, 23034 MiB, 21272 MiB, 1375 MiB, 93 %
2026/09/24 10:35:35.581, NVIDIA L4, 23034 MiB, 21272 MiB, 1375 MiB, 92 %
2026/09/24 10:35:36.581, NVIDIA L4, 23034 MiB, 21272 MiB, 1375 MiB, 94 %
2026/09/24 10:35:37.582, NVIDIA L4, 23034 MiB, 21272 MiB, 1375 MiB, 94 %
2026/09/24 10:35:38.582, NVIDIA L4, 23034 MiB, 21272 MiB, 1375 MiB, 95 %
2026/09/24 10:35:39.582, NVIDIA L4, 23034 MiB, 21272 MiB, 1375 MiB, 94 %
2026/09/24 10:35:40.583, NVIDIA L4, 23034 MiB, 21272 MiB, 1375 MiB, 94 %
2026/09/24 10:35:41.583, NVIDIA L4, 23034 MiB, 21272 MiB, 1375 MiB, 93 %
2026/09/24 10:35:42.583, NVIDIA L4, 23034 MiB, 21272 MiB, 1375 MiB, 94 %
2026/09/24 10:35:43.583, NVIDIA L4, 23034 MiB, 21272 MiB, 1375 MiB, 94 %
2026/09/24 10:35:44.584, NVIDIA L4, 23034 MiB, 21272 MiB, 1375 MiB, 94 %
2026/09/24 10:35:45.584, NVIDIA L4, 23034 MiB, 21272 MiB, 1375 MiB, 94 %
2026/09/24 10:35:46.584, NVIDIA L4, 23034 MiB, 21272 MiB, 1375 MiB, 94 %
2026/09/24 10:35:47.584, NVIDIA L4, 23034 MiB, 21272 MiB, 1375 MiB, 94 %
2026/09/24 10:35:48.585, NVIDIA L4, 23034 MiB, 21272 MiB, 1375 MiB, 94 %
2026/09/24 10:35:49.585, NVIDIA L4, 23034 MiB, 21272 MiB, 1375 MiB, 94 %
2026/09/24 10:35:50.585, NVIDIA L4, 23034 MiB, 21272 MiB, 1375 MiB, 94 %
2026/09/24 10:35:51.586, NVIDIA L4, 23034 MiB, 21272 MiB, 1375 MiB, 94 %
2026/09/24 10:35:52.586, NVIDIA L4, 23034 MiB, 21272 MiB, 1375 MiB, 94 %
2026/09/24 10:35:53.586, NVIDIA L4, 23034 MiB, 21272 MiB, 1375 MiB, 94 %
2026/09/24 10:35:54.586, NVIDIA L4, 23034 MiB, 21272 MiB, 1375 MiB, 94 %
2026/09/24 10:35:55.587, NVIDIA L4, 23034 MiB, 21272 MiB, 1375 MiB, 94 %
2026/09/24 10:35:56.587, NVIDIA L4, 23034 MiB, 21272 MiB, 1375 MiB, 94 %
2026/09/24 10:35:57.587, NVIDIA L4, 23034 MiB, 21272 MiB, 1375 MiB, 94 %
2026/09/24 10:35:58.588, NVIDIA L4, 23034 MiB, 21272 MiB, 1375 MiB, 95 %
2026/09/24 10:35:59.589, NVIDIA L4, 23034 MiB, 21272 MiB, 1375 MiB, 94 %
2026/09/24 10:36:00.589, NVIDIA L4, 23034 MiB, 21272 MiB, 1375 MiB, 94 %
2026/09/24 10:36:01.589, NVIDIA L4, 23034 MiB, 21272 MiB, 1375 MiB, 92 %
2026/09/24 10:36:02.590, NVIDIA L4, 23034 MiB, 21272 MiB, 1375 MiB, 94 %
2026/09/24 10:36:03.590, NVIDIA L4, 23034 MiB, 21272 MiB, 1375 MiB, 94 %
2026/09/24 10:36:04.590, NVIDIA L4, 23034 MiB, 21272 MiB, 1375 MiB, 95 %
2026/09/24 10:36:05.591, NVIDIA L4, 23034 MiB, 21272 MiB, 1375 MiB, 94 %
2026/09/24 10:36:06.591, NVIDIA L4, 23034 MiB, 21272 MiB, 1375 MiB, 94 %
2026/09/24 10:36:07.591, NVIDIA L4, 23034 MiB, 21272 MiB, 1375 MiB, 93 %
2026/09/24 10:36:08.592, NVIDIA L4, 23034 MiB, 21272 MiB, 1375 MiB, 94 %
2026/09/24 10:36:09.592, NVIDIA L4, 23034 MiB, 21272 MiB, 1375 MiB, 17 %
2026/09/24 10:36:10.592, NVIDIA L4, 23034 MiB, 21272 MiB, 1375 MiB, 0 %
2026/09/24 10:36:11.592, NVIDIA L4, 23034 MiB, 21272 MiB, 1375 MiB, 1 %
2026/09/24 10:36:12.593, NVIDIA L4, 23034 MiB, 21272 MiB, 1375 MiB, 94 %
2026/09/24 10:36:13.593, NVIDIA L4, 23034 MiB, 21272 MiB, 1375 MiB, 94 %
2026/09/24 10:36:14.593, NVIDIA L4, 23034 MiB, 21272 MiB, 1375 MiB, 94 %
2026/09/24 10:36:15.593, NVIDIA L4, 23034 MiB, 21272 MiB, 1375 MiB, 94 %
2026/09/24 10:36:16.594, NVIDIA L4, 23034 MiB, 21272 MiB, 1375 MiB, 94 %
2026/09/24 10:36:17.594, NVIDIA L4, 23034 MiB, 21272 MiB, 1375 MiB, 92 %
2026/09/24 10:36:18.594, NVIDIA L4, 23034 MiB, 21272 MiB, 1375 MiB, 94 %
2026/09/24 10:36:19.595, NVIDIA L4, 23034 MiB, 21272 MiB, 1375 MiB, 94 %
2026/09/24 10:36:20.595, NVIDIA L4, 23034 MiB, 21272 MiB, 1375 MiB, 94 %
2026/09/24 10:36:21.595, NVIDIA L4, 23034 MiB, 21272 MiB, 1375 MiB, 94 %
2026/09/24 10:36:22.596, NVIDIA L4, 23034 MiB, 21272 MiB, 1375 MiB, 94 %
2026/09/24 10:36:23.596, NVIDIA L4, 23034 MiB, 21272 MiB, 1375 MiB, 94 %
2026/09/24 10:36:24.596, NVIDIA L4, 23034 MiB, 21272 MiB, 1375 MiB, 94 %
2026/09/24 10:36:25.596, NVIDIA L4, 23034 MiB, 21272 MiB, 1375 MiB, 94 %
2026/09/24 10:36:26.597, NVIDIA L4, 23034 MiB, 21272 MiB, 1375 MiB, 94 %
2026/09/24 10:36:27.597, NVIDIA L4, 23034 MiB, 21272 MiB, 1375 MiB, 93 %
2026/09/24 10:36:28.597, NVIDIA L4, 23034 MiB, 21272 MiB, 1375 MiB, 94 %
2026/09/24 10:36:29.598, NVIDIA L4, 23034 MiB, 21272 MiB, 1375 MiB, 93 %
2026/09/24 10:36:30.598, NVIDIA L4, 23034 MiB, 21272 MiB, 1375 MiB, 95 %
2026/09/24 10:36:31.598, NVIDIA L4, 23034 MiB, 21272 MiB, 1375 MiB, 94 %
2026/09/24 10:36:32.598, NVIDIA L4, 23034 MiB, 21272 MiB, 1375 MiB, 94 %
2026/09/24 10:36:33.599, NVIDIA L4, 23034 MiB, 21272 MiB, 1375 MiB, 94 %
2026/09/24 10:36:34.599, NVIDIA L4, 23034 MiB, 21272 MiB, 1375 MiB, 95 %
2026/09/24 10:36:35.599, NVIDIA L4, 23034 MiB, 21272 MiB, 1375 MiB, 94 %
2026/09/24 10:36:36.599, NVIDIA L4, 23034 MiB, 21272 MiB, 1375 MiB, 94 %
2026/09/24 10:36:37.600, NVIDIA L4, 23034 MiB, 21272 MiB, 1375 MiB, 94 %
2026/09/24 10:36:38.600, NVIDIA L4, 23034 MiB, 21272 MiB, 1375 MiB, 95 %
2026/09/24 10:36:39.600, NVIDIA L4, 23034 MiB, 21272 MiB, 1375 MiB, 93 %
2026/09/24 10:36:40.600, NVIDIA L4, 23034 MiB, 21272 MiB, 1375 MiB, 93 %
2026/09/24 10:36:41.601, NVIDIA L4, 23034 MiB, 21272 MiB, 1375 MiB, 94 %
2026/09/24 10:36:42.601, NVIDIA L4, 23034 MiB, 21272 MiB, 1375 MiB, 94 %
2026/09/24 10:36:43.601, NVIDIA L4, 23034 MiB, 21272 MiB, 1375 MiB, 94 %
2026/09/24 10:36:44.602, NVIDIA L4, 23034 MiB, 21272 MiB, 1375 MiB, 94 %
2026/09/24 10:36:45.602, NVIDIA L4, 23034 MiB, 21272 MiB, 1375 MiB, 94 %
2026/09/24 10:36:46.602, NVIDIA L4, 23034 MiB, 21272 MiB, 1375 MiB, 94 %
2026/09/24 10:36:47.602, NVIDIA L4, 23034 MiB, 21272 MiB, 1375 MiB, 93 %
2026/09/24 10:36:48.603, NVIDIA L4, 23034 MiB, 21272 MiB, 1375 MiB, 94 %
2026/09/24 10:36:49.603, NVIDIA L4, 23034 MiB, 21272 MiB, 1375 MiB, 94 %
2026/09/24 10:36:50.603, NVIDIA L4, 23034 MiB, 21272 MiB, 1375 MiB, 95 %
2026/09/24 10:36:51.604, NVIDIA L4, 23034 MiB, 21272 MiB, 1375 MiB, 94 %
2026/09/24 10:36:52.604, NVIDIA L4, 23034 MiB, 21272 MiB, 1375 MiB, 94 %
2026/09/24 10:36:53.604, NVIDIA L4, 23034 MiB, 21272 MiB, 1375 MiB, 94 %
2026/09/24 10:36:54.604, NVIDIA L4, 23034 MiB, 21272 MiB, 1375 MiB, 93 %
2026/09/24 10:36:55.605, NVIDIA L4, 23034 MiB, 21272 MiB, 1375 MiB, 94 %
2026/09/24 10:36:56.605, NVIDIA L4, 23034 MiB, 21272 MiB, 1375 MiB, 94 %
2026/09/24 10:36:57.605, NVIDIA L4, 23034 MiB, 21272 MiB, 1375 MiB, 94 %
2026/09/24 10:36:58.605, NVIDIA L4, 23034 MiB, 21272 MiB, 1375 MiB, 94 %
2026/09/24 10:36:59.606, NVIDIA L4, 23034 MiB, 21272 MiB, 1375 MiB, 94 %
2026/09/24 10:37:00.606, NVIDIA L4, 23034 MiB, 21272 MiB, 1375 MiB, 94 %
2026/09/24 10:37:01.606, NVIDIA L4, 23034 MiB, 21272 MiB, 1375 MiB, 92 %
2026/09/24 10:37:02.607, NVIDIA L4, 23034 MiB, 21272 MiB, 1375 MiB, 93 %
2026/09/24 10:37:03.607, NVIDIA L4, 23034 MiB, 21272 MiB, 1375 MiB, 94 %
2026/09/24 10:37:04.607, NVIDIA L4, 23034 MiB, 21272 MiB, 1375 MiB, 94 %
2026/09/24 10:37:05.608, NVIDIA L4, 23034 MiB, 21272 MiB, 1375 MiB, 93 %
2026/09/24 10:37:06.608, NVIDIA L4, 23034 MiB, 21272 MiB, 1375 MiB, 94 %
2026/09/24 10:37:07.608, NVIDIA L4, 23034 MiB, 21272 MiB, 1375 MiB, 93 %
2026/09/24 10:37:08.609, NVIDIA L4, 23034 MiB, 21272 MiB, 1375 MiB, 94 %
2026/09/24 10:37:09.609, NVIDIA L4, 23034 MiB, 21272 MiB, 1375 MiB, 94 %
2026/09/24 10:37:10.609, NVIDIA L4, 23034 MiB, 21272 MiB, 1375 MiB, 95 %
2026/09/24 10:37:11.610, NVIDIA L4, 23034 MiB, 21272 MiB, 1375 MiB, 94 %
2026/09/24 10:37:12.610, NVIDIA L4, 23034 MiB, 21272 MiB, 1375 MiB, 93 %
2026/09/24 10:37:13.610, NVIDIA L4, 23034 MiB, 21272 MiB, 1375 MiB, 94 %
2026/09/24 10:37:14.610, NVIDIA L4, 23034 MiB, 21272 MiB, 1375 MiB, 94 %
2026/09/24 10:37:15.611, NVIDIA L4, 23034 MiB, 21272 MiB, 1375 MiB, 94 %
2026/09/24 10:37:16.611, NVIDIA L4, 23034 MiB, 21272 MiB, 1375 MiB, 94 %
2026/09/24 10:37:17.611, NVIDIA L4, 23034 MiB, 21272 MiB, 1375 MiB, 93 %
2026/09/24 10:37:18.612, NVIDIA L4, 23034 MiB, 21272 MiB, 1375 MiB, 94 %
2026/09/24 10:37:19.612, NVIDIA L4, 23034 MiB, 21272 MiB, 1375 MiB, 94 %
2026/09/24 10:37:20.612, NVIDIA L4, 23034 MiB, 21272 MiB, 1375 MiB, 93 %
2026/09/24 10:37:21.612, NVIDIA L4, 23034 MiB, 21272 MiB, 1375 MiB, 94 %
2026/09/24 10:37:22.613, NVIDIA L4, 23034 MiB, 21272 MiB, 1375 MiB, 94 %
2026/09/24 10:37:23.613, NVIDIA L4, 23034 MiB, 21272 MiB, 1375 MiB, 94 %
2026/09/24 10:37:24.613, NVIDIA L4, 23034 MiB, 21272 MiB, 1375 MiB, 94 %
2026/09/24 10:37:25.613, NVIDIA L4, 23034 MiB, 21272 MiB, 1375 MiB, 94 %
2026/09/24 10:37:26.614, NVIDIA L4, 23034 MiB, 21272 MiB, 1375 MiB, 93 %
2026/09/24 10:37:27.614, NVIDIA L4, 23034 MiB, 21272 MiB, 1375 MiB, 94 %
2026/09/24 10:37:28.614, NVIDIA L4, 23034 MiB, 21272 MiB, 1375 MiB, 94 %
2026/09/24 10:37:29.615, NVIDIA L4, 23034 MiB, 21272 MiB, 1375 MiB, 94 %
2026/09/24 10:37:30.615, NVIDIA L4, 23034 MiB, 21272 MiB, 1375 MiB, 94 %
2026/09/24 10:37:31.615, NVIDIA L4, 23034 MiB, 21272 MiB, 1375 MiB, 94 %
2026/09/24 10:37:32.615, NVIDIA L4, 23034 MiB, 21272 MiB, 1375 MiB, 94 %
2026/09/24 10:37:33.616, NVIDIA L4, 23034 MiB, 21272 MiB, 1375 MiB, 94 %
2026/09/24 10:37:34.616, NVIDIA L4, 23034 MiB, 21272 MiB, 1375 MiB, 94 %
2026/09/24 10:37:35.616, NVIDIA L4, 23034 MiB, 21272 MiB, 1375 MiB, 94 %
2026/09/24 10:37:36.617, NVIDIA L4, 23034 MiB, 21272 MiB, 1375 MiB, 95 %
2026/09/24 10:37:37.617, NVIDIA L4, 23034 MiB, 21272 MiB, 1375 MiB, 94 %
2026/09/24 10:37:38.617, NVIDIA L4, 23034 MiB, 21272 MiB, 1375 MiB, 94 %
2026/09/24 10:37:39.617, NVIDIA L4, 23034 MiB, 21272 MiB, 1375 MiB, 94 %
2026/09/24 10:37:40.618, NVIDIA L4, 23034 MiB, 21272 MiB, 1375 MiB, 94 %
2026/09/24 10:37:41.618, NVIDIA L4, 23034 MiB, 21272 MiB, 1375 MiB, 94 %
2026/09/24 10:37:42.618, NVIDIA L4, 23034 MiB, 21272 MiB, 1375 MiB, 94 %
2026/09/24 10:37:43.618, NVIDIA L4, 23034 MiB, 21272 MiB, 1375 MiB, 93 %
2026/09/24 10:37:44.619, NVIDIA L4, 23034 MiB, 21272 MiB, 1375 MiB, 94 %
2026/09/24 10:37:45.619, NVIDIA L4, 23034 MiB, 21272 MiB, 1375 MiB, 94 %
2026/09/24 10:37:46.619, NVIDIA L4, 23034 MiB, 21272 MiB, 1375 MiB, 94 %
2026/09/24 10:37:47.620, NVIDIA L4, 23034 MiB, 21272 MiB, 1375 MiB, 94 %
2026/09/24 10:37:48.620, NVIDIA L4, 23034 MiB, 21272 MiB, 1375 MiB, 93 %
2026/09/24 10:37:49.620, NVIDIA L4, 23034 MiB, 21272 MiB, 1375 MiB, 94 %
2026/09/24 10:37:50.620, NVIDIA L4, 23034 MiB, 21272 MiB, 1375 MiB, 95 %
2026/09/24 10:37:51.621, NVIDIA L4, 23034 MiB, 21272 MiB, 1375 MiB, 94 %
2026/09/24 10:37:52.621, NVIDIA L4, 23034 MiB, 21272 MiB, 1375 MiB, 93 %
2026/09/24 10:37:53.621, NVIDIA L4, 23034 MiB, 21272 MiB, 1375 MiB, 94 %
2026/09/24 10:37:54.621, NVIDIA L4, 23034 MiB, 21272 MiB, 1375 MiB, 94 %
2026/09/24 10:37:55.622, NVIDIA L4, 23034 MiB, 21272 MiB, 1375 MiB, 0 %
2026/09/24 10:37:56.622, NVIDIA L4, 23034 MiB, 21272 MiB, 1375 MiB, 0 %
2026/09/24 10:37:57.622, NVIDIA L4, 23034 MiB, 21272 MiB, 1375 MiB, 94 %
2026/09/24 10:37:58.622, NVIDIA L4, 23034 MiB, 21272 MiB, 1375 MiB, 94 %
2026/09/24 10:37:59.623, NVIDIA L4, 23034 MiB, 21272 MiB, 1375 MiB, 94 %
2026/09/24 10:38:00.623, NVIDIA L4, 23034 MiB, 21272 MiB, 1375 MiB, 66 %
2026/09/24 10:38:01.623, NVIDIA L4, 23034 MiB, 21272 MiB, 1375 MiB, 94 %
2026/09/24 10:38:02.624, NVIDIA L4, 23034 MiB, 21272 MiB, 1375 MiB, 94 %
2026/09/24 10:38:03.624, NVIDIA L4, 23034 MiB, 21272 MiB, 1375 MiB, 94 %
2026/09/24 10:38:04.624, NVIDIA L4, 23034 MiB, 21272 MiB, 1375 MiB, 94 %
2026/09/24 10:38:05.624, NVIDIA L4, 23034 MiB, 21272 MiB, 1375 MiB, 94 %
2026/09/24 10:38:06.625, NVIDIA L4, 23034 MiB, 21272 MiB, 1375 MiB, 94 %
2026/09/24 10:38:07.625, NVIDIA L4, 23034 MiB, 21272 MiB, 1375 MiB, 93 %
2026/09/24 10:38:08.625, NVIDIA L4, 23034 MiB, 21272 MiB, 1375 MiB, 94 %
2026/09/24 10:38:09.625, NVIDIA L4, 23034 MiB, 21272 MiB, 1375 MiB, 94 %
2026/09/24 10:38:10.626, NVIDIA L4, 23034 MiB, 21272 MiB, 1375 MiB, 93 %
2026/09/24 10:38:11.626, NVIDIA L4, 23034 MiB, 21272 MiB, 1375 MiB, 94 %
2026/09/24 10:38:12.626, NVIDIA L4, 23034 MiB, 21272 MiB, 1375 MiB, 94 %
2026/09/24 10:38:13.627, NVIDIA L4, 23034 MiB, 21272 MiB, 1375 MiB, 94 %
2026/09/24 10:38:14.627, NVIDIA L4, 23034 MiB, 21272 MiB, 1375 MiB, 94 %
2026/09/24 10:38:15.627, NVIDIA L4, 23034 MiB, 21272 MiB, 1375 MiB, 94 %
2026/09/24 10:38:16.627, NVIDIA L4, 23034 MiB, 21272 MiB, 1375 MiB, 94 %
2026/09/24 10:38:17.628, NVIDIA L4, 23034 MiB, 21272 MiB, 1375 MiB, 94 %
2026/09/24 10:38:18.628, NVIDIA L4, 23034 MiB, 21272 MiB, 1375 MiB, 94 %
2026/09/24 10:38:19.628, NVIDIA L4, 23034 MiB, 21272 MiB, 1375 MiB, 94 %
2026/09/24 10:38:20.629, NVIDIA L4, 23034 MiB, 21272 MiB, 1375 MiB, 94 %
2026/09/24 10:38:21.629, NVIDIA L4, 23034 MiB, 21272 MiB, 1375 MiB, 94 %
2026/09/24 10:38:22.629, NVIDIA L4, 23034 MiB, 21272 MiB, 1375 MiB, 94 %
2026/09/24 10:38:23.629, NVIDIA L4, 23034 MiB, 21272 MiB, 1375 MiB, 94 %
2026/09/24 10:38:24.630, NVIDIA L4, 23034 MiB, 21272 MiB, 1375 MiB, 94 %
2026/09/24 10:38:25.630, NVIDIA L4, 23034 MiB, 21272 MiB, 1375 MiB, 81 %
2026/09/24 10:38:26.630, NVIDIA L4, 23034 MiB, 21272 MiB, 1375 MiB, 94 %
2026/09/24 10:38:27.630, NVIDIA L4, 23034 MiB, 21272 MiB, 1375 MiB, 94 %
2026/09/24 10:38:28.631, NVIDIA L4, 23034 MiB, 21272 MiB, 1375 MiB, 94 %
2026/09/24 10:38:29.631, NVIDIA L4, 23034 MiB, 21272 MiB, 1375 MiB, 94 %
2026/09/24 10:38:30.631, NVIDIA L4, 23034 MiB, 21272 MiB, 1375 MiB, 94 %
2026/09/24 10:38:31.632, NVIDIA L4, 23034 MiB, 21272 MiB, 1375 MiB, 94 %
2026/09/24 10:38:32.632, NVIDIA L4, 23034 MiB, 21272 MiB, 1375 MiB, 94 %
2026/09/24 10:38:33.632, NVIDIA L4, 23034 MiB, 21272 MiB, 1375 MiB, 92 %
2026/09/24 10:38:34.632, NVIDIA L4, 23034 MiB, 21272 MiB, 1375 MiB, 95 %
2026/09/24 10:38:35.633, NVIDIA L4, 23034 MiB, 21272 MiB, 1375 MiB, 94 %
2026/09/24 10:38:36.633, NVIDIA L4, 23034 MiB, 21272 MiB, 1375 MiB, 95 %
2026/09/24 10:38:37.633, NVIDIA L4, 23034 MiB, 21272 MiB, 1375 MiB, 94 %
2026/09/24 10:38:38.634, NVIDIA L4, 23034 MiB, 21272 MiB, 1375 MiB, 66 %
2026/09/24 10:38:39.634, NVIDIA L4, 23034 MiB, 21272 MiB, 1375 MiB, 94 %
2026/09/24 10:38:40.634, NVIDIA L4, 23034 MiB, 21272 MiB, 1375 MiB, 94 %
2026/09/24 10:38:41.634, NVIDIA L4, 23034 MiB, 21272 MiB, 1375 MiB, 94 %
2026/09/24 10:38:42.635, NVIDIA L4, 23034 MiB, 21272 MiB, 1375 MiB, 94 %
2026/09/24 10:38:43.635, NVIDIA L4, 23034 MiB, 21272 MiB, 1375 MiB, 93 %
2026/09/24 10:38:44.635, NVIDIA L4, 23034 MiB, 21272 MiB, 1375 MiB, 94 %
2026/09/24 10:38:45.636, NVIDIA L4, 23034 MiB, 21272 MiB, 1375 MiB, 94 %
2026/09/24 10:38:46.636, NVIDIA L4, 23034 MiB, 21272 MiB, 1375 MiB, 93 %
2026/09/24 10:38:47.636, NVIDIA L4, 23034 MiB, 21272 MiB, 1375 MiB, 93 %
2026/09/24 10:38:48.636, NVIDIA L4, 23034 MiB, 21272 MiB, 1375 MiB, 94 %
2026/09/24 10:38:49.637, NVIDIA L4, 23034 MiB, 21272 MiB, 1375 MiB, 94 %
2026/09/24 10:38:50.637, NVIDIA L4, 23034 MiB, 21272 MiB, 1375 MiB, 94 %
2026/09/24 10:38:51.637, NVIDIA L4, 23034 MiB, 21272 MiB, 1375 MiB, 94 %
2026/09/24 10:38:52.637, NVIDIA L4, 23034 MiB, 21272 MiB, 1375 MiB, 94 %
2026/09/24 10:38:53.638, NVIDIA L4, 23034 MiB, 21272 MiB, 1375 MiB, 94 %
2026/09/24 10:38:54.638, NVIDIA L4, 23034 MiB, 21272 MiB, 1375 MiB, 94 %
2026/09/24 10:38:55.638, NVIDIA L4, 23034 MiB, 21272 MiB, 1375 MiB, 94 %
2026/09/24 10:38:56.639, NVIDIA L4, 23034 MiB, 21272 MiB, 1375 MiB, 94 %
2026/09/24 10:38:57.639, NVIDIA L4, 23034 MiB, 21272 MiB, 1375 MiB, 94 %
2026/09/24 10:38:58.639, NVIDIA L4, 23034 MiB, 21272 MiB, 1375 MiB, 94 %
2026/09/24 10:38:59.639, NVIDIA L4, 23034 MiB, 21272 MiB, 1375 MiB, 94 %
2026/09/24 10:39:00.640, NVIDIA L4, 23034 MiB, 21272 MiB, 1375 MiB, 94 %
2026/09/24 10:39:01.640, NVIDIA L4, 23034 MiB, 21272 MiB, 1375 MiB, 93 %
2026/09/24 10:39:02.640, NVIDIA L4, 23034 MiB, 21272 MiB, 1375 MiB, 93 %
2026/09/24 10:39:03.641, NVIDIA L4, 23034 MiB, 21272 MiB, 1375 MiB, 92 %
2026/09/24 10:39:04.641, NVIDIA L4, 23034 MiB, 21272 MiB, 1375 MiB, 94 %
2026/09/24 10:39:05.641, NVIDIA L4, 23034 MiB, 21272 MiB, 1375 MiB, 94 %
2026/09/24 10:39:06.641, NVIDIA L4, 23034 MiB, 21272 MiB, 1375 MiB, 94 %
2026/09/24 10:39:07.642, NVIDIA L4, 23034 MiB, 21272 MiB, 1375 MiB, 94 %
2026/09/24 10:39:08.642, NVIDIA L4, 23034 MiB, 21272 MiB, 1375 MiB, 94 %
2026/09/24 10:39:09.642, NVIDIA L4, 23034 MiB, 21272 MiB, 1375 MiB, 94 %
2026/09/24 10:39:10.643, NVIDIA L4, 23034 MiB, 21272 MiB, 1375 MiB, 79 %
2026/09/24 10:39:11.643, NVIDIA L4, 23034 MiB, 21272 MiB, 1375 MiB, 94 %
2026/09/24 10:39:12.643, NVIDIA L4, 23034 MiB, 21272 MiB, 1375 MiB, 94 %
2026/09/24 10:39:13.643, NVIDIA L4, 23034 MiB, 21272 MiB, 1375 MiB, 94 %
2026/09/24 10:39:14.644, NVIDIA L4, 23034 MiB, 21272 MiB, 1375 MiB, 94 %
2026/09/24 10:39:15.644, NVIDIA L4, 23034 MiB, 21272 MiB, 1375 MiB, 92 %
2026/09/24 10:39:16.644, NVIDIA L4, 23034 MiB, 21272 MiB, 1375 MiB, 94 %
2026/09/24 10:39:17.645, NVIDIA L4, 23034 MiB, 21272 MiB, 1375 MiB, 94 %
2026/09/24 10:39:18.645, NVIDIA L4, 23034 MiB, 21272 MiB, 1375 MiB, 94 %
2026/09/24 10:39:19.645, NVIDIA L4, 23034 MiB, 21272 MiB, 1375 MiB, 94 %
2026/09/24 10:39:20.645, NVIDIA L4, 23034 MiB, 21272 MiB, 1375 MiB, 94 %
2026/09/24 10:39:21.646, NVIDIA L4, 23034 MiB, 21272 MiB, 1375 MiB, 94 %
2026/09/24 10:39:22.646, NVIDIA L4, 23034 MiB, 21272 MiB, 1375 MiB, 91 %
2026/09/24 10:39:23.646, NVIDIA L4, 23034 MiB, 21272 MiB, 1375 MiB, 93 %
2026/09/24 10:39:24.646, NVIDIA L4, 23034 MiB, 21272 MiB, 1375 MiB, 94 %
2026/09/24 10:39:25.647, NVIDIA L4, 23034 MiB, 21272 MiB, 1375 MiB, 94 %
2026/09/24 10:39:26.647, NVIDIA L4, 23034 MiB, 21272 MiB, 1375 MiB, 94 %
2026/09/24 10:39:27.647, NVIDIA L4, 23034 MiB, 21272 MiB, 1375 MiB, 94 %
2026/09/24 10:39:28.648, NVIDIA L4, 23034 MiB, 21272 MiB, 1375 MiB, 94 %
2026/09/24 10:39:29.648, NVIDIA L4, 23034 MiB, 21272 MiB, 1375 MiB, 94 %
2026/09/24 10:39:30.648, NVIDIA L4, 23034 MiB, 21272 MiB, 1375 MiB, 94 %
2026/09/24 10:39:31.648, NVIDIA L4, 23034 MiB, 21272 MiB, 1375 MiB, 95 %
2026/09/24 10:39:32.649, NVIDIA L4, 23034 MiB, 21272 MiB, 1375 MiB, 94 %
2026/09/24 10:39:33.649, NVIDIA L4, 23034 MiB, 21272 MiB, 1375 MiB, 94 %
2026/09/24 10:39:34.649, NVIDIA L4, 23034 MiB, 21272 MiB, 1375 MiB, 94 %
2026/09/24 10:39:35.649, NVIDIA L4, 23034 MiB, 21272 MiB, 1375 MiB, 92 %
2026/09/24 10:39:36.650, NVIDIA L4, 23034 MiB, 21272 MiB, 1375 MiB, 92 %
2026/09/24 10:39:37.650, NVIDIA L4, 23034 MiB, 21272 MiB, 1375 MiB, 93 %
2026/09/24 10:39:38.650, NVIDIA L4, 23034 MiB, 21272 MiB, 1375 MiB, 94 %
2026/09/24 10:39:39.651, NVIDIA L4, 23034 MiB, 21272 MiB, 1375 MiB, 94 %
2026/09/24 10:39:40.651, NVIDIA L4, 23034 MiB, 21272 MiB, 1375 MiB, 94 %
2026/09/24 10:39:41.651, NVIDIA L4, 23034 MiB, 21272 MiB, 1375 MiB, 94 %
2026/09/24 10:39:42.651, NVIDIA L4, 23034 MiB, 21272 MiB, 1375 MiB, 94 %
2026/09/24 10:39:43.652, NVIDIA L4, 23034 MiB, 21272 MiB, 1375 MiB, 94 %
2026/09/24 10:39:44.652, NVIDIA L4, 23034 MiB, 21272 MiB, 1375 MiB, 94 %
2026/09/24 10:39:45.652, NVIDIA L4, 23034 MiB, 21272 MiB, 1375 MiB, 90 %
2026/09/24 10:39:46.652, NVIDIA L4, 23034 MiB, 21272 MiB, 1375 MiB, 94 %
2026/09/24 10:39:47.653, NVIDIA L4, 23034 MiB, 21272 MiB, 1375 MiB, 94 %
2026/09/24 10:39:48.653, NVIDIA L4, 23034 MiB, 21272 MiB, 1375 MiB, 94 %
2026/09/24 10:39:49.653, NVIDIA L4, 23034 MiB, 21272 MiB, 1375 MiB, 94 %
2026/09/24 10:39:50.653, NVIDIA L4, 23034 MiB, 21272 MiB, 1375 MiB, 0 %
2026/09/24 10:39:51.654, NVIDIA L4, 23034 MiB, 21272 MiB, 1375 MiB, 0 %
2026/09/24 10:39:52.654, NVIDIA L4, 23034 MiB, 21272 MiB, 1375 MiB, 94 %
2026/09/24 10:39:53.654, NVIDIA L4, 23034 MiB, 21272 MiB, 1375 MiB, 94 %
2026/09/24 10:39:54.655, NVIDIA L4, 23034 MiB, 21272 MiB, 1375 MiB, 94 %
2026/09/24 10:39:55.655, NVIDIA L4, 23034 MiB, 21272 MiB, 1375 MiB, 94 %
2026/09/24 10:39:56.655, NVIDIA L4, 23034 MiB, 21272 MiB, 1375 MiB, 94 %
2026/09/24 10:39:57.655, NVIDIA L4, 23034 MiB, 21272 MiB, 1375 MiB, 94 %
2026/09/24 10:39:58.656, NVIDIA L4, 23034 MiB, 21272 MiB, 1375 MiB, 94 %
2026/09/24 10:39:59.656, NVIDIA L4, 23034 MiB, 21272 MiB, 1375 MiB, 94 %
2026/09/24 10:40:00.656, NVIDIA L4, 23034 MiB, 21272 MiB, 1375 MiB, 93 %
2026/09/24 10:40:01.657, NVIDIA L4, 23034 MiB, 21272 MiB, 1375 MiB, 93 %
2026/09/24 10:40:02.657, NVIDIA L4, 23034 MiB, 21272 MiB, 1375 MiB, 93 %
2026/09/24 10:40:03.657, NVIDIA L4, 23034 MiB, 21272 MiB, 1375 MiB, 94 %
2026/09/24 10:40:04.657, NVIDIA L4, 23034 MiB, 21272 MiB, 1375 MiB, 94 %
2026/09/24 10:40:05.658, NVIDIA L4, 23034 MiB, 21272 MiB, 1375 MiB, 93 %
2026/09/24 10:40:06.658, NVIDIA L4, 23034 MiB, 21272 MiB, 1375 MiB, 94 %
2026/09/24 10:40:07.658, NVIDIA L4, 23034 MiB, 21272 MiB, 1375 MiB, 93 %
2026/09/24 10:40:08.659, NVIDIA L4, 23034 MiB, 21272 MiB, 1375 MiB, 94 %
2026/09/24 10:40:09.659, NVIDIA L4, 23034 MiB, 21272 MiB, 1375 MiB, 94 %
2026/09/24 10:40:10.659, NVIDIA L4, 23034 MiB, 21272 MiB, 1375 MiB, 94 %
2026/09/24 10:40:11.659, NVIDIA L4, 23034 MiB, 21272 MiB, 1375 MiB, 94 %
2026/09/24 10:40:12.660, NVIDIA L4, 23034 MiB, 21272 MiB, 1375 MiB, 93 %
2026/09/24 10:40:13.660, NVIDIA L4, 23034 MiB, 21272 MiB, 1375 MiB, 93 %
2026/09/24 10:40:14.660, NVIDIA L4, 23034 MiB, 21272 MiB, 1375 MiB, 92 %
2026/09/24 10:40:15.661, NVIDIA L4, 23034 MiB, 21272 MiB, 1375 MiB, 94 %
2026/09/24 10:40:16.661, NVIDIA L4, 23034 MiB, 21272 MiB, 1375 MiB, 94 %
2026/09/24 10:40:17.661, NVIDIA L4, 23034 MiB, 21272 MiB, 1375 MiB, 94 %
2026/09/24 10:40:18.662, NVIDIA L4, 23034 MiB, 21272 MiB, 1375 MiB, 93 %
2026/09/24 10:40:19.662, NVIDIA L4, 23034 MiB, 21272 MiB, 1375 MiB, 93 %
2026/09/24 10:40:20.662, NVIDIA L4, 23034 MiB, 21272 MiB, 1375 MiB, 94 %
2026/09/24 10:40:21.664, NVIDIA L4, 23034 MiB, 21272 MiB, 1375 MiB, 94 %
2026/09/24 10:40:22.664, NVIDIA L4, 23034 MiB, 21272 MiB, 1375 MiB, 93 %
2026/09/24 10:40:23.664, NVIDIA L4, 23034 MiB, 21272 MiB, 1375 MiB, 92 %
2026/09/24 10:40:24.664, NVIDIA L4, 23034 MiB, 21272 MiB, 1375 MiB, 94 %
2026/09/24 10:40:25.665, NVIDIA L4, 23034 MiB, 21272 MiB, 1375 MiB, 93 %
2026/09/24 10:40:26.665, NVIDIA L4, 23034 MiB, 21272 MiB, 1375 MiB, 92 %
2026/09/24 10:40:27.665, NVIDIA L4, 23034 MiB, 21272 MiB, 1375 MiB, 93 %
2026/09/24 10:40:28.666, NVIDIA L4, 23034 MiB, 21272 MiB, 1375 MiB, 94 %
2026/09/24 10:40:29.666, NVIDIA L4, 23034 MiB, 21272 MiB, 1375 MiB, 93 %
2026/09/24 10:40:30.666, NVIDIA L4, 23034 MiB, 21272 MiB, 1375 MiB, 93 %
2026/09/24 10:40:31.667, NVIDIA L4, 23034 MiB, 21272 MiB, 1375 MiB, 93 %
2026/09/24 10:40:32.667, NVIDIA L4, 23034 MiB, 21272 MiB, 1375 MiB, 93 %
2026/09/24 10:40:33.667, NVIDIA L4, 23034 MiB, 21272 MiB, 1375 MiB, 93 %
2026/09/24 10:40:34.668, NVIDIA L4, 23034 MiB, 21272 MiB, 1375 MiB, 93 %
2026/09/24 10:40:35.668, NVIDIA L4, 23034 MiB, 21272 MiB, 1375 MiB, 93 %
2026/09/24 10:40:36.668, NVIDIA L4, 23034 MiB, 21272 MiB, 1375 MiB, 93 %
2026/09/24 10:40:37.669, NVIDIA L4, 23034 MiB, 21272 MiB, 1375 MiB, 92 %
2026/09/24 10:40:38.669, NVIDIA L4, 23034 MiB, 21272 MiB, 1375 MiB, 94 %
2026/09/24 10:40:39.669, NVIDIA L4, 23034 MiB, 21272 MiB, 1375 MiB, 93 %
2026/09/24 10:40:40.670, NVIDIA L4, 23034 MiB, 21272 MiB, 1375 MiB, 93 %
2026/09/24 10:40:41.670, NVIDIA L4, 23034 MiB, 21272 MiB, 1375 MiB, 93 %
2026/09/24 10:40:42.670, NVIDIA L4, 23034 MiB, 21272 MiB, 1375 MiB, 93 %
2026/09/24 10:40:43.671, NVIDIA L4, 23034 MiB, 21272 MiB, 1375 MiB, 93 %
2026/09/24 10:40:44.671, NVIDIA L4, 23034 MiB, 21272 MiB, 1375 MiB, 93 %
2026/09/24 10:40:45.671, NVIDIA L4, 23034 MiB, 21272 MiB, 1375 MiB, 93 %
2026/09/24 10:40:46.672, NVIDIA L4, 23034 MiB, 21272 MiB, 1375 MiB, 93 %
2026/09/24 10:40:47.672, NVIDIA L4, 23034 MiB, 21272 MiB, 1375 MiB, 93 %
2026/09/24 10:40:48.672, NVIDIA L4, 23034 MiB, 21272 MiB, 1375 MiB, 92 %
2026/09/24 10:40:49.672, NVIDIA L4, 23034 MiB, 21272 MiB, 1375 MiB, 93 %
2026/09/24 10:40:50.673, NVIDIA L4, 23034 MiB, 21272 MiB, 1375 MiB, 93 %
2026/09/24 10:40:51.673, NVIDIA L4, 23034 MiB, 21272 MiB, 1375 MiB, 93 %
2026/09/24 10:40:52.673, NVIDIA L4, 23034 MiB, 21272 MiB, 1375 MiB, 93 %
2026/09/24 10:40:53.674, NVIDIA L4, 23034 MiB, 21272 MiB, 1375 MiB, 93 %
2026/09/24 10:40:54.674, NVIDIA L4, 23034 MiB, 21272 MiB, 1375 MiB, 92 %
2026/09/24 10:40:55.674, NVIDIA L4, 23034 MiB, 21272 MiB, 1375 MiB, 93 %
2026/09/24 10:40:56.674, NVIDIA L4, 23034 MiB, 21272 MiB, 1375 MiB, 93 %
2026/09/24 10:40:57.675, NVIDIA L4, 23034 MiB, 21272 MiB, 1375 MiB, 93 %
2026/09/24 10:40:58.675, NVIDIA L4, 23034 MiB, 21272 MiB, 1375 MiB, 93 %
2026/09/24 10:40:59.675, NVIDIA L4, 23034 MiB, 21272 MiB, 1375 MiB, 93 %
2026/09/24 10:41:00.676, NVIDIA L4, 23034 MiB, 21272 MiB, 1375 MiB, 93 %
2026/09/24 10:41:01.676, NVIDIA L4, 23034 MiB, 21272 MiB, 1375 MiB, 0 %
2026/09/24 10:41:02.676, NVIDIA L4, 23034 MiB, 21272 MiB, 1375 MiB, 93 %
2026/09/24 10:41:03.677, NVIDIA L4, 23034 MiB, 21272 MiB, 1375 MiB, 92 %
2026/09/24 10:41:04.677, NVIDIA L4, 23034 MiB, 21272 MiB, 1375 MiB, 93 %
2026/09/24 10:41:05.677, NVIDIA L4, 23034 MiB, 21272 MiB, 1375 MiB, 94 %
2026/09/24 10:41:06.678, NVIDIA L4, 23034 MiB, 21272 MiB, 1375 MiB, 94 %
2026/09/24 10:41:07.678, NVIDIA L4, 23034 MiB, 21272 MiB, 1375 MiB, 94 %
2026/09/24 10:41:08.678, NVIDIA L4, 23034 MiB, 21272 MiB, 1375 MiB, 93 %
2026/09/24 10:41:09.679, NVIDIA L4, 23034 MiB, 21272 MiB, 1375 MiB, 93 %
2026/09/24 10:41:10.679, NVIDIA L4, 23034 MiB, 21272 MiB, 1375 MiB, 66 %
2026/09/24 10:41:11.679, NVIDIA L4, 23034 MiB, 21272 MiB, 1375 MiB, 94 %
2026/09/24 10:41:12.679, NVIDIA L4, 23034 MiB, 21272 MiB, 1375 MiB, 94 %
2026/09/24 10:41:13.680, NVIDIA L4, 23034 MiB, 21272 MiB, 1375 MiB, 94 %
2026/09/24 10:41:14.680, NVIDIA L4, 23034 MiB, 21272 MiB, 1375 MiB, 93 %
2026/09/24 10:41:15.680, NVIDIA L4, 23034 MiB, 21272 MiB, 1375 MiB, 93 %
2026/09/24 10:41:16.681, NVIDIA L4, 23034 MiB, 21272 MiB, 1375 MiB, 93 %
2026/09/24 10:41:17.681, NVIDIA L4, 23034 MiB, 21272 MiB, 1375 MiB, 93 %
2026/09/24 10:41:18.681, NVIDIA L4, 23034 MiB, 21272 MiB, 1375 MiB, 93 %
2026/09/24 10:41:19.682, NVIDIA L4, 23034 MiB, 21272 MiB, 1375 MiB, 92 %
2026/09/24 10:41:20.682, NVIDIA L4, 23034 MiB, 21272 MiB, 1375 MiB, 94 %
2026/09/24 10:41:21.682, NVIDIA L4, 23034 MiB, 21272 MiB, 1375 MiB, 93 %
2026/09/24 10:41:22.683, NVIDIA L4, 23034 MiB, 21272 MiB, 1375 MiB, 92 %
2026/09/24 10:41:23.683, NVIDIA L4, 23034 MiB, 21272 MiB, 1375 MiB, 93 %
2026/09/24 10:41:24.683, NVIDIA L4, 23034 MiB, 21272 MiB, 1375 MiB, 93 %
2026/09/24 10:41:25.684, NVIDIA L4, 23034 MiB, 21272 MiB, 1375 MiB, 92 %
2026/09/24 10:41:26.684, NVIDIA L4, 23034 MiB, 21272 MiB, 1375 MiB, 94 %
2026/09/24 10:41:27.684, NVIDIA L4, 23034 MiB, 21272 MiB, 1375 MiB, 94 %
2026/09/24 10:41:28.685, NVIDIA L4, 23034 MiB, 21272 MiB, 1375 MiB, 92 %
2026/09/24 10:41:29.685, NVIDIA L4, 23034 MiB, 21272 MiB, 1375 MiB, 76 %
2026/09/24 10:41:30.685, NVIDIA L4, 23034 MiB, 21272 MiB, 1375 MiB, 93 %
2026/09/24 10:41:31.686, NVIDIA L4, 23034 MiB, 21272 MiB, 1375 MiB, 92 %
2026/09/24 10:41:32.686, NVIDIA L4, 23034 MiB, 21272 MiB, 1375 MiB, 94 %
2026/09/24 10:41:33.686, NVIDIA L4, 23034 MiB, 21272 MiB, 1375 MiB, 93 %
2026/09/24 10:41:34.687, NVIDIA L4, 23034 MiB, 21272 MiB, 1375 MiB, 94 %
2026/09/24 10:41:35.687, NVIDIA L4, 23034 MiB, 21272 MiB, 1375 MiB, 94 %
2026/09/24 10:41:36.687, NVIDIA L4, 23034 MiB, 21272 MiB, 1375 MiB, 94 %
2026/09/24 10:41:37.688, NVIDIA L4, 23034 MiB, 21272 MiB, 1375 MiB, 94 %
2026/09/24 10:41:38.688, NVIDIA L4, 23034 MiB, 21272 MiB, 1375 MiB, 94 %
2026/09/24 10:41:39.688, NVIDIA L4, 23034 MiB, 21272 MiB, 1375 MiB, 92 %
2026/09/24 10:41:40.688, NVIDIA L4, 23034 MiB, 21272 MiB, 1375 MiB, 94 %
2026/09/24 10:41:41.689, NVIDIA L4, 23034 MiB, 21272 MiB, 1375 MiB, 94 %
2026/09/24 10:41:42.689, NVIDIA L4, 23034 MiB, 21272 MiB, 1375 MiB, 94 %
2026/09/24 10:41:43.689, NVIDIA L4, 23034 MiB, 21272 MiB, 1375 MiB, 94 %
2026/09/24 10:41:44.689, NVIDIA L4, 23034 MiB, 21272 MiB, 1375 MiB, 93 %
2026/09/24 10:41:45.690, NVIDIA L4, 23034 MiB, 21272 MiB, 1375 MiB, 43 %
2026/09/24 10:41:46.690, NVIDIA L4, 23034 MiB, 21272 MiB, 1375 MiB, 94 %
2026/09/24 10:41:47.690, NVIDIA L4, 23034 MiB, 21272 MiB, 1375 MiB, 91 %
2026/09/24 10:41:48.691, NVIDIA L4, 23034 MiB, 21272 MiB, 1375 MiB, 94 %
2026/09/24 10:41:49.691, NVIDIA L4, 23034 MiB, 21272 MiB, 1375 MiB, 94 %
2026/09/24 10:41:50.691, NVIDIA L4, 23034 MiB, 21272 MiB, 1375 MiB, 94 %
2026/09/24 10:41:51.691, NVIDIA L4, 23034 MiB, 21272 MiB, 1375 MiB, 94 %
2026/09/24 10:41:52.692, NVIDIA L4, 23034 MiB, 21272 MiB, 1375 MiB, 92 %
2026/09/24 10:41:53.692, NVIDIA L4, 23034 MiB, 21272 MiB, 1375 MiB, 94 %
2026/09/24 10:41:54.692, NVIDIA L4, 23034 MiB, 21272 MiB, 1375 MiB, 94 %
2026/09/24 10:41:55.692, NVIDIA L4, 23034 MiB, 21272 MiB, 1375 MiB, 94 %
2026/09/24 10:41:56.693, NVIDIA L4, 23034 MiB, 21272 MiB, 1375 MiB, 94 %
2026/09/24 10:41:57.693, NVIDIA L4, 23034 MiB, 21272 MiB, 1375 MiB, 94 %
2026/09/24 10:41:58.693, NVIDIA L4, 23034 MiB, 21272 MiB, 1375 MiB, 6 %
2026/09/24 10:41:59.694, NVIDIA L4, 23034 MiB, 21272 MiB, 1375 MiB, 94 %
2026/09/24 10:42:00.694, NVIDIA L4, 23034 MiB, 21272 MiB, 1375 MiB, 94 %
2026/09/24 10:42:01.694, NVIDIA L4, 23034 MiB, 21272 MiB, 1375 MiB, 94 %
2026/09/24 10:42:02.694, NVIDIA L4, 23034 MiB, 21272 MiB, 1375 MiB, 93 %
2026/09/24 10:42:03.695, NVIDIA L4, 23034 MiB, 21272 MiB, 1375 MiB, 94 %
2026/09/24 10:42:04.695, NVIDIA L4, 23034 MiB, 21272 MiB, 1375 MiB, 94 %
2026/09/24 10:42:05.695, NVIDIA L4, 23034 MiB, 21272 MiB, 1375 MiB, 15 %
2026/09/24 10:42:06.695, NVIDIA L4, 23034 MiB, 21272 MiB, 1375 MiB, 94 %
2026/09/24 10:42:07.696, NVIDIA L4, 23034 MiB, 21272 MiB, 1375 MiB, 94 %
2026/09/24 10:42:08.696, NVIDIA L4, 23034 MiB, 21272 MiB, 1375 MiB, 94 %
2026/09/24 10:42:09.696, NVIDIA L4, 23034 MiB, 21272 MiB, 1375 MiB, 94 %
2026/09/24 10:42:10.697, NVIDIA L4, 23034 MiB, 21272 MiB, 1375 MiB, 94 %
2026/09/24 10:42:11.697, NVIDIA L4, 23034 MiB, 21272 MiB, 1375 MiB, 93 %
2026/09/24 10:42:12.697, NVIDIA L4, 23034 MiB, 21272 MiB, 1375 MiB, 94 %
2026/09/24 10:42:13.698, NVIDIA L4, 23034 MiB, 21272 MiB, 1375 MiB, 94 %
2026/09/24 10:42:14.698, NVIDIA L4, 23034 MiB, 21272 MiB, 1375 MiB, 94 %
2026/09/24 10:42:15.698, NVIDIA L4, 23034 MiB, 21272 MiB, 1375 MiB, 94 %
2026/09/24 10:42:16.699, NVIDIA L4, 23034 MiB, 21272 MiB, 1375 MiB, 94 %
2026/09/24 10:42:17.699, NVIDIA L4, 23034 MiB, 21272 MiB, 1375 MiB, 94 %
2026/09/24 10:42:18.699, NVIDIA L4, 23034 MiB, 21272 MiB, 1375 MiB, 94 %
2026/09/24 10:42:19.699, NVIDIA L4, 23034 MiB, 21272 MiB, 1375 MiB, 93 %
2026/09/24 10:42:20.700, NVIDIA L4, 23034 MiB, 21272 MiB, 1375 MiB, 93 %
2026/09/24 10:42:21.700, NVIDIA L4, 23034 MiB, 21272 MiB, 1375 MiB, 94 %
2026/09/24 10:42:22.700, NVIDIA L4, 23034 MiB, 21272 MiB, 1375 MiB, 93 %
2026/09/24 10:42:23.701, NVIDIA L4, 23034 MiB, 21272 MiB, 1375 MiB, 94 %
2026/09/24 10:42:24.701, NVIDIA L4, 23034 MiB, 21272 MiB, 1375 MiB, 93 %
2026/09/24 10:42:25.701, NVIDIA L4, 23034 MiB, 21272 MiB, 1375 MiB, 93 %
2026/09/24 10:42:26.701, NVIDIA L4, 23034 MiB, 21272 MiB, 1375 MiB, 93 %
2026/09/24 10:42:27.702, NVIDIA L4, 23034 MiB, 21272 MiB, 1375 MiB, 94 %
2026/09/24 10:42:28.702, NVIDIA L4, 23034 MiB, 21272 MiB, 1375 MiB, 94 %
2026/09/24 10:42:29.702, NVIDIA L4, 23034 MiB, 21272 MiB, 1375 MiB, 93 %
2026/09/24 10:42:30.703, NVIDIA L4, 23034 MiB, 21272 MiB, 1375 MiB, 94 %
2026/09/24 10:42:31.703, NVIDIA L4, 23034 MiB, 21272 MiB, 1375 MiB, 94 %
2026/09/24 10:42:32.703, NVIDIA L4, 23034 MiB, 21272 MiB, 1375 MiB, 93 %
2026/09/24 10:42:33.703, NVIDIA L4, 23034 MiB, 21272 MiB, 1375 MiB, 94 %
2026/09/24 10:42:34.704, NVIDIA L4, 23034 MiB, 21272 MiB, 1375 MiB, 93 %
2026/09/24 10:42:35.704, NVIDIA L4, 23034 MiB, 21272 MiB, 1375 MiB, 93 %
2026/09/24 10:42:36.704, NVIDIA L4, 23034 MiB, 21272 MiB, 1375 MiB, 93 %
2026/09/24 10:42:37.705, NVIDIA L4, 23034 MiB, 21272 MiB, 1375 MiB, 92 %
2026/09/24 10:42:38.705, NVIDIA L4, 23034 MiB, 21272 MiB, 1375 MiB, 92 %
2026/09/24 10:42:39.705, NVIDIA L4, 23034 MiB, 21272 MiB, 1375 MiB, 92 %
2026/09/24 10:42:40.706, NVIDIA L4, 23034 MiB, 21272 MiB, 1375 MiB, 93 %
2026/09/24 10:42:41.706, NVIDIA L4, 23034 MiB, 21272 MiB, 1375 MiB, 93 %
2026/09/24 10:42:42.706, NVIDIA L4, 23034 MiB, 21272 MiB, 1375 MiB, 0 %
2026/09/24 10:42:43.707, NVIDIA L4, 23034 MiB, 21272 MiB, 1375 MiB, 0 %
2026/09/24 10:42:44.707, NVIDIA L4, 23034 MiB, 21272 MiB, 1375 MiB, 93 %
2026/09/24 10:42:45.707, NVIDIA L4, 23034 MiB, 21272 MiB, 1375 MiB, 92 %
2026/09/24 10:42:46.707, NVIDIA L4, 23034 MiB, 21272 MiB, 1375 MiB, 93 %
2026/09/24 10:42:47.708, NVIDIA L4, 23034 MiB, 21272 MiB, 1375 MiB, 93 %
2026/09/24 10:42:48.708, NVIDIA L4, 23034 MiB, 21272 MiB, 1375 MiB, 93 %
2026/09/24 10:42:49.708, NVIDIA L4, 23034 MiB, 21272 MiB, 1375 MiB, 93 %
2026/09/24 10:42:50.709, NVIDIA L4, 23034 MiB, 21272 MiB, 1375 MiB, 93 %
2026/09/24 10:42:51.709, NVIDIA L4, 23034 MiB, 21272 MiB, 1375 MiB, 92 %
2026/09/24 10:42:52.709, NVIDIA L4, 23034 MiB, 21272 MiB, 1375 MiB, 93 %
2026/09/24 10:42:53.710, NVIDIA L4, 23034 MiB, 21272 MiB, 1375 MiB, 93 %
2026/09/24 10:42:54.710, NVIDIA L4, 23034 MiB, 21272 MiB, 1375 MiB, 94 %
2026/09/24 10:42:55.710, NVIDIA L4, 23034 MiB, 21272 MiB, 1375 MiB, 93 %
2026/09/24 10:42:56.711, NVIDIA L4, 23034 MiB, 21272 MiB, 1375 MiB, 93 %
2026/09/24 10:42:57.711, NVIDIA L4, 23034 MiB, 21272 MiB, 1375 MiB, 92 %
2026/09/24 10:42:58.711, NVIDIA L4, 23034 MiB, 21272 MiB, 1375 MiB, 91 %
2026/09/24 10:42:59.711, NVIDIA L4, 23034 MiB, 21272 MiB, 1375 MiB, 93 %
2026/09/24 10:43:00.712, NVIDIA L4, 23034 MiB, 21272 MiB, 1375 MiB, 93 %
2026/09/24 10:43:01.712, NVIDIA L4, 23034 MiB, 21272 MiB, 1375 MiB, 93 %
2026/09/24 10:43:02.712, NVIDIA L4, 23034 MiB, 21272 MiB, 1375 MiB, 93 %
2026/09/24 10:43:03.713, NVIDIA L4, 23034 MiB, 21272 MiB, 1375 MiB, 94 %
2026/09/24 10:43:04.713, NVIDIA L4, 23034 MiB, 21272 MiB, 1375 MiB, 92 %
2026/09/24 10:43:05.713, NVIDIA L4, 23034 MiB, 21272 MiB, 1375 MiB, 93 %
2026/09/24 10:43:06.714, NVIDIA L4, 23034 MiB, 21272 MiB, 1375 MiB, 94 %
2026/09/24 10:43:07.714, NVIDIA L4, 23034 MiB, 21272 MiB, 1375 MiB, 92 %
2026/09/24 10:43:08.714, NVIDIA L4, 23034 MiB, 21272 MiB, 1375 MiB, 94 %
2026/09/24 10:43:09.715, NVIDIA L4, 23034 MiB, 21272 MiB, 1375 MiB, 94 %
2026/09/24 10:43:10.715, NVIDIA L4, 23034 MiB, 21272 MiB, 1375 MiB, 93 %
2026/09/24 10:43:11.715, NVIDIA L4, 23034 MiB, 21272 MiB, 1375 MiB, 93 %
2026/09/24 10:43:12.715, NVIDIA L4, 23034 MiB, 21272 MiB, 1375 MiB, 94 %
2026/09/24 10:43:13.716, NVIDIA L4, 23034 MiB, 21272 MiB, 1375 MiB, 92 %
2026/09/24 10:43:14.716, NVIDIA L4, 23034 MiB, 21272 MiB, 1375 MiB, 93 %
2026/09/24 10:43:15.716, NVIDIA L4, 23034 MiB, 21272 MiB, 1375 MiB, 93 %
2026/09/24 10:43:16.717, NVIDIA L4, 23034 MiB, 21272 MiB, 1375 MiB, 93 %
2026/09/24 10:43:17.717, NVIDIA L4, 23034 MiB, 21272 MiB, 1375 MiB, 91 %
2026/09/24 10:43:18.717, NVIDIA L4, 23034 MiB, 21272 MiB, 1375 MiB, 93 %
2026/09/24 10:43:19.718, NVIDIA L4, 23034 MiB, 21272 MiB, 1375 MiB, 92 %
2026/09/24 10:43:20.718, NVIDIA L4, 23034 MiB, 21272 MiB, 1375 MiB, 93 %
2026/09/24 10:43:21.718, NVIDIA L4, 23034 MiB, 21272 MiB, 1375 MiB, 93 %
2026/09/24 10:43:22.718, NVIDIA L4, 23034 MiB, 21272 MiB, 1375 MiB, 92 %
2026/09/24 10:43:23.719, NVIDIA L4, 23034 MiB, 21272 MiB, 1375 MiB, 93 %
2026/09/24 10:43:24.719, NVIDIA L4, 23034 MiB, 21272 MiB, 1375 MiB, 93 %
2026/09/24 10:43:25.720, NVIDIA L4, 23034 MiB, 21272 MiB, 1375 MiB, 93 %
2026/09/24 10:43:26.720, NVIDIA L4, 23034 MiB, 21272 MiB, 1375 MiB, 93 %
2026/09/24 10:43:27.720, NVIDIA L4, 23034 MiB, 21272 MiB, 1375 MiB, 93 %
2026/09/24 10:43:28.720, NVIDIA L4, 23034 MiB, 21272 MiB, 1375 MiB, 93 %
2026/09/24 10:43:29.721, NVIDIA L4, 23034 MiB, 21272 MiB, 1375 MiB, 93 %
2026/09/24 10:43:30.721, NVIDIA L4, 23034 MiB, 21272 MiB, 1375 MiB, 42 %
2026/09/24 10:43:31.721, NVIDIA L4, 23034 MiB, 21272 MiB, 1375 MiB, 91 %
2026/09/24 10:43:32.722, NVIDIA L4, 23034 MiB, 21272 MiB, 1375 MiB, 93 %
2026/09/24 10:43:33.722, NVIDIA L4, 23034 MiB, 21272 MiB, 1375 MiB, 93 %
2026/09/24 10:43:34.722, NVIDIA L4, 23034 MiB, 21272 MiB, 1375 MiB, 93 %
2026/09/24 10:43:35.723, NVIDIA L4, 23034 MiB, 21272 MiB, 1375 MiB, 93 %
2026/09/24 10:43:36.723, NVIDIA L4, 23034 MiB, 21272 MiB, 1375 MiB, 94 %
2026/09/24 10:43:37.723, NVIDIA L4, 23034 MiB, 21272 MiB, 1375 MiB, 93 %
2026/09/24 10:43:38.723, NVIDIA L4, 23034 MiB, 21272 MiB, 1375 MiB, 93 %
2026/09/24 10:43:39.724, NVIDIA L4, 23034 MiB, 21272 MiB, 1375 MiB, 93 %
2026/09/24 10:43:40.724, NVIDIA L4, 23034 MiB, 21272 MiB, 1375 MiB, 93 %
2026/09/24 10:43:41.724, NVIDIA L4, 23034 MiB, 21272 MiB, 1375 MiB, 91 %
2026/09/24 10:43:42.725, NVIDIA L4, 23034 MiB, 21272 MiB, 1375 MiB, 93 %
2026/09/24 10:43:43.725, NVIDIA L4, 23034 MiB, 21272 MiB, 1375 MiB, 93 %
2026/09/24 10:43:44.725, NVIDIA L4, 23034 MiB, 21272 MiB, 1375 MiB, 92 %
2026/09/24 10:43:45.726, NVIDIA L4, 23034 MiB, 21272 MiB, 1375 MiB, 92 %
2026/09/24 10:43:46.726, NVIDIA L4, 23034 MiB, 21272 MiB, 1375 MiB, 91 %
2026/09/24 10:43:47.726, NVIDIA L4, 23034 MiB, 21272 MiB, 1375 MiB, 93 %
2026/09/24 10:43:48.726, NVIDIA L4, 23034 MiB, 21272 MiB, 1375 MiB, 93 %
2026/09/24 10:43:49.727, NVIDIA L4, 23034 MiB, 21272 MiB, 1375 MiB, 93 %
2026/09/24 10:43:50.727, NVIDIA L4, 23034 MiB, 21272 MiB, 1375 MiB, 94 %
2026/09/24 10:43:51.727, NVIDIA L4, 23034 MiB, 21272 MiB, 1375 MiB, 93 %
2026/09/24 10:43:52.728, NVIDIA L4, 23034 MiB, 21272 MiB, 1375 MiB, 93 %
2026/09/24 10:43:53.728, NVIDIA L4, 23034 MiB, 21272 MiB, 1375 MiB, 93 %
2026/09/24 10:43:54.728, NVIDIA L4, 23034 MiB, 21272 MiB, 1375 MiB, 93 %
2026/09/24 10:43:55.728, NVIDIA L4, 23034 MiB, 21272 MiB, 1375 MiB, 93 %
2026/09/24 10:43:56.729, NVIDIA L4, 23034 MiB, 21272 MiB, 1375 MiB, 93 %
2026/09/24 10:43:57.729, NVIDIA L4, 23034 MiB, 21272 MiB, 1375 MiB, 93 %
2026/09/24 10:43:58.729, NVIDIA L4, 23034 MiB, 21272 MiB, 1375 MiB, 93 %
2026/09/24 10:43:59.730, NVIDIA L4, 23034 MiB, 21272 MiB, 1375 MiB, 93 %
2026/09/24 10:44:00.730, NVIDIA L4, 23034 MiB, 21272 MiB, 1375 MiB, 92 %
2026/09/24 10:44:01.730, NVIDIA L4, 23034 MiB, 21272 MiB, 1375 MiB, 94 %
2026/09/24 10:44:02.730, NVIDIA L4, 23034 MiB, 21272 MiB, 1375 MiB, 91 %
2026/09/24 10:44:03.731, NVIDIA L4, 23034 MiB, 21272 MiB, 1375 MiB, 93 %
2026/09/24 10:44:04.731, NVIDIA L4, 23034 MiB, 21272 MiB, 1375 MiB, 93 %
2026/09/24 10:44:05.731, NVIDIA L4, 23034 MiB, 21272 MiB, 1375 MiB, 93 %
2026/09/24 10:44:06.733, NVIDIA L4, 23034 MiB, 21272 MiB, 1375 MiB, 93 %
2026/09/24 10:44:07.733, NVIDIA L4, 23034 MiB, 21272 MiB, 1375 MiB, 93 %
2026/09/24 10:44:08.733, NVIDIA L4, 23034 MiB, 21272 MiB, 1375 MiB, 93 %
2026/09/24 10:44:09.733, NVIDIA L4, 23034 MiB, 21272 MiB, 1375 MiB, 94 %
2026/09/24 10:44:10.734, NVIDIA L4, 23034 MiB, 21272 MiB, 1375 MiB, 93 %
2026/09/24 10:44:11.734, NVIDIA L4, 23034 MiB, 21272 MiB, 1375 MiB, 93 %
2026/09/24 10:44:12.734, NVIDIA L4, 23034 MiB, 21272 MiB, 1375 MiB, 93 %
2026/09/24 10:44:13.735, NVIDIA L4, 23034 MiB, 21272 MiB, 1375 MiB, 93 %
2026/09/24 10:44:14.735, NVIDIA L4, 23034 MiB, 21272 MiB, 1375 MiB, 93 %
2026/09/24 10:44:15.735, NVIDIA L4, 23034 MiB, 21272 MiB, 1375 MiB, 92 %
2026/09/24 10:44:16.736, NVIDIA L4, 23034 MiB, 21272 MiB, 1375 MiB, 92 %
2026/09/24 10:44:17.736, NVIDIA L4, 23034 MiB, 21272 MiB, 1375 MiB, 92 %
2026/09/24 10:44:18.736, NVIDIA L4, 23034 MiB, 21272 MiB, 1375 MiB, 93 %
2026/09/24 10:44:19.737, NVIDIA L4, 23034 MiB, 21272 MiB, 1375 MiB, 93 %
2026/09/24 10:44:20.737, NVIDIA L4, 23034 MiB, 21272 MiB, 1375 MiB, 93 %
2026/09/24 10:44:21.737, NVIDIA L4, 23034 MiB, 21272 MiB, 1375 MiB, 92 %
2026/09/24 10:44:22.738, NVIDIA L4, 23034 MiB, 21272 MiB, 1375 MiB, 92 %
2026/09/24 10:44:23.738, NVIDIA L4, 23034 MiB, 21272 MiB, 1375 MiB, 93 %
2026/09/24 10:44:24.738, NVIDIA L4, 23034 MiB, 21272 MiB, 1375 MiB, 93 %
2026/09/24 10:44:25.739, NVIDIA L4, 23034 MiB, 21272 MiB, 1375 MiB, 92 %
2026/09/24 10:44:26.739, NVIDIA L4, 23034 MiB, 21272 MiB, 1375 MiB, 93 %
2026/09/24 10:44:27.739, NVIDIA L4, 23034 MiB, 21272 MiB, 1375 MiB, 93 %
2026/09/24 10:44:28.740, NVIDIA L4, 23034 MiB, 21272 MiB, 1375 MiB, 93 %
2026/09/24 10:44:29.740, NVIDIA L4, 23034 MiB, 21272 MiB, 1375 MiB, 92 %
2026/09/24 10:44:30.740, NVIDIA L4, 23034 MiB, 21272 MiB, 1375 MiB, 93 %
2026/09/24 10:44:31.740, NVIDIA L4, 23034 MiB, 21272 MiB, 1375 MiB, 93 %
2026/09/24 10:44:32.741, NVIDIA L4, 23034 MiB, 21272 MiB, 1375 MiB, 93 %
2026/09/24 10:44:33.741, NVIDIA L4, 23034 MiB, 21272 MiB, 1375 MiB, 93 %
2026/09/24 10:44:34.741, NVIDIA L4, 23034 MiB, 21272 MiB, 1375 MiB, 92 %
2026/09/24 10:44:35.742, NVIDIA L4, 23034 MiB, 21272 MiB, 1375 MiB, 93 %
2026/09/24 10:44:36.742, NVIDIA L4, 23034 MiB, 21272 MiB, 1375 MiB, 93 %
2026/09/24 10:44:37.742, NVIDIA L4, 23034 MiB, 21272 MiB, 1375 MiB, 93 %
2026/09/24 10:44:38.743, NVIDIA L4, 23034 MiB, 21272 MiB, 1375 MiB, 93 %
2026/09/24 10:44:39.743, NVIDIA L4, 23034 MiB, 21272 MiB, 1375 MiB, 93 %
2026/09/24 10:44:40.743, NVIDIA L4, 23034 MiB, 21272 MiB, 1375 MiB, 93 %
2026/09/24 10:44:41.744, NVIDIA L4, 23034 MiB, 21272 MiB, 1375 MiB, 93 %
2026/09/24 10:44:42.744, NVIDIA L4, 23034 MiB, 21272 MiB, 1375 MiB, 93 %
2026/09/24 10:44:43.744, NVIDIA L4, 23034 MiB, 21272 MiB, 1375 MiB, 93 %
2026/09/24 10:44:44.745, NVIDIA L4, 23034 MiB, 21272 MiB, 1375 MiB, 93 %
2026/09/24 10:44:45.745, NVIDIA L4, 23034 MiB, 21272 MiB, 1375 MiB, 93 %
2026/09/24 10:44:46.745, NVIDIA L4, 23034 MiB, 21272 MiB, 1375 MiB, 93 %
2026/09/24 10:44:47.746, NVIDIA L4, 23034 MiB, 21272 MiB, 1375 MiB, 93 %
2026/09/24 10:44:48.746, NVIDIA L4, 23034 MiB, 21272 MiB, 1375 MiB, 93 %
2026/09/24 10:44:49.746, NVIDIA L4, 23034 MiB, 21272 MiB, 1375 MiB, 92 %
2026/09/24 10:44:50.747, NVIDIA L4, 23034 MiB, 21272 MiB, 1375 MiB, 93 %
2026/09/24 10:44:51.747, NVIDIA L4, 23034 MiB, 21272 MiB, 1375 MiB, 91 %
2026/09/24 10:44:52.747, NVIDIA L4, 23034 MiB, 21272 MiB, 1375 MiB, 93 %
2026/09/24 10:44:53.748, NVIDIA L4, 23034 MiB, 21272 MiB, 1375 MiB, 93 %
2026/09/24 10:44:54.748, NVIDIA L4, 23034 MiB, 21272 MiB, 1375 MiB, 93 %
2026/09/24 10:44:55.748, NVIDIA L4, 23034 MiB, 21272 MiB, 1375 MiB, 93 %
2026/09/24 10:44:56.749, NVIDIA L4, 23034 MiB, 21272 MiB, 1375 MiB, 93 %
2026/09/24 10:44:57.749, NVIDIA L4, 23034 MiB, 21272 MiB, 1375 MiB, 93 %
2026/09/24 10:44:58.749, NVIDIA L4, 23034 MiB, 21272 MiB, 1375 MiB, 93 %
2026/09/24 10:44:59.749, NVIDIA L4, 23034 MiB, 21272 MiB, 1375 MiB, 92 %
2026/09/24 10:45:00.750, NVIDIA L4, 23034 MiB, 21272 MiB, 1375 MiB, 93 %
2026/09/24 10:45:01.750, NVIDIA L4, 23034 MiB, 21272 MiB, 1375 MiB, 93 %
2026/09/24 10:45:02.750, NVIDIA L4, 23034 MiB, 21272 MiB, 1375 MiB, 93 %
2026/09/24 10:45:03.751, NVIDIA L4, 23034 MiB, 21272 MiB, 1375 MiB, 93 %
2026/09/24 10:45:04.751, NVIDIA L4, 23034 MiB, 21272 MiB, 1375 MiB, 93 %
2026/09/24 10:45:05.751, NVIDIA L4, 23034 MiB, 21272 MiB, 1375 MiB, 93 %
2026/09/24 10:45:06.752, NVIDIA L4, 23034 MiB, 21272 MiB, 1375 MiB, 93 %
2026/09/24 10:45:07.752, NVIDIA L4, 23034 MiB, 21272 MiB, 1375 MiB, 94 %
2026/09/24 10:45:08.752, NVIDIA L4, 23034 MiB, 21272 MiB, 1375 MiB, 94 %
2026/09/24 10:45:09.752, NVIDIA L4, 23034 MiB, 21272 MiB, 1375 MiB, 92 %
2026/09/24 10:45:10.753, NVIDIA L4, 23034 MiB, 21272 MiB, 1375 MiB, 93 %
2026/09/24 10:45:11.753, NVIDIA L4, 23034 MiB, 21350 MiB, 1297 MiB, 94 %
2026/09/24 10:45:12.753, NVIDIA L4, 23034 MiB, 21350 MiB, 1297 MiB, 94 %
2026/09/24 10:45:13.754, NVIDIA L4, 23034 MiB, 21350 MiB, 1297 MiB, 93 %
2026/09/24 10:45:14.754, NVIDIA L4, 23034 MiB, 21350 MiB, 1297 MiB, 92 %
2026/09/24 10:45:15.755, NVIDIA L4, 23034 MiB, 21350 MiB, 1297 MiB, 93 %
2026/09/24 10:45:16.755, NVIDIA L4, 23034 MiB, 21350 MiB, 1297 MiB, 94 %
2026/09/24 10:45:17.755, NVIDIA L4, 23034 MiB, 21350 MiB, 1297 MiB, 55 %
2026/09/24 10:45:18.756, NVIDIA L4, 23034 MiB, 21350 MiB, 1297 MiB, 94 %
2026/09/24 10:45:19.756, NVIDIA L4, 23034 MiB, 21350 MiB, 1297 MiB, 92 %
2026/09/24 10:45:20.756, NVIDIA L4, 23034 MiB, 21350 MiB, 1297 MiB, 94 %
2026/09/24 10:45:21.756, NVIDIA L4, 23034 MiB, 21350 MiB, 1297 MiB, 94 %
2026/09/24 10:45:22.757, NVIDIA L4, 23034 MiB, 21350 MiB, 1297 MiB, 93 %
2026/09/24 10:45:23.757, NVIDIA L4, 23034 MiB, 21350 MiB, 1297 MiB, 94 %
2026/09/24 10:45:24.757, NVIDIA L4, 23034 MiB, 21350 MiB, 1297 MiB, 92 %
2026/09/24 10:45:25.758, NVIDIA L4, 23034 MiB, 21350 MiB, 1297 MiB, 94 %
2026/09/24 10:45:26.758, NVIDIA L4, 23034 MiB, 21350 MiB, 1297 MiB, 94 %
2026/09/24 10:45:27.758, NVIDIA L4, 23034 MiB, 21350 MiB, 1297 MiB, 94 %
2026/09/24 10:45:28.758, NVIDIA L4, 23034 MiB, 21350 MiB, 1297 MiB, 94 %
2026/09/24 10:45:29.759, NVIDIA L4, 23034 MiB, 21350 MiB, 1297 MiB, 93 %
2026/09/24 10:45:30.759, NVIDIA L4, 23034 MiB, 21350 MiB, 1297 MiB, 94 %
2026/09/24 10:45:31.759, NVIDIA L4, 23034 MiB, 21350 MiB, 1297 MiB, 94 %
2026/09/24 10:45:32.760, NVIDIA L4, 23034 MiB, 21350 MiB, 1297 MiB, 94 %
2026/09/24 10:45:33.760, NVIDIA L4, 23034 MiB, 21350 MiB, 1297 MiB, 93 %
2026/09/24 10:45:34.760, NVIDIA L4, 23034 MiB, 21350 MiB, 1297 MiB, 94 %
2026/09/24 10:45:35.761, NVIDIA L4, 23034 MiB, 21350 MiB, 1297 MiB, 94 %
2026/09/24 10:45:36.761, NVIDIA L4, 23034 MiB, 21350 MiB, 1297 MiB, 94 %
2026/09/24 10:45:37.761, NVIDIA L4, 23034 MiB, 21350 MiB, 1297 MiB, 94 %
2026/09/24 10:45:38.761, NVIDIA L4, 23034 MiB, 21350 MiB, 1297 MiB, 94 %
2026/09/24 10:45:39.762, NVIDIA L4, 23034 MiB, 21350 MiB, 1297 MiB, 92 %
2026/09/24 10:45:40.762, NVIDIA L4, 23034 MiB, 21350 MiB, 1297 MiB, 93 %
2026/09/24 10:45:41.762, NVIDIA L4, 23034 MiB, 21350 MiB, 1297 MiB, 94 %
2026/09/24 10:45:42.764, NVIDIA L4, 23034 MiB, 21350 MiB, 1297 MiB, 93 %
2026/09/24 10:45:43.764, NVIDIA L4, 23034 MiB, 21350 MiB, 1297 MiB, 92 %
2026/09/24 10:45:44.764, NVIDIA L4, 23034 MiB, 21350 MiB, 1297 MiB, 94 %
2026/09/24 10:45:45.765, NVIDIA L4, 23034 MiB, 21350 MiB, 1297 MiB, 93 %
2026/09/24 10:45:46.765, NVIDIA L4, 23034 MiB, 21350 MiB, 1297 MiB, 94 %
2026/09/24 10:45:47.765, NVIDIA L4, 23034 MiB, 21350 MiB, 1297 MiB, 93 %
2026/09/24 10:45:48.766, NVIDIA L4, 23034 MiB, 21350 MiB, 1297 MiB, 93 %
2026/09/24 10:45:49.766, NVIDIA L4, 23034 MiB, 21350 MiB, 1297 MiB, 93 %
2026/09/24 10:45:50.766, NVIDIA L4, 23034 MiB, 21350 MiB, 1297 MiB, 94 %
2026/09/24 10:45:51.766, NVIDIA L4, 23034 MiB, 21350 MiB, 1297 MiB, 93 %
2026/09/24 10:45:52.767, NVIDIA L4, 23034 MiB, 21350 MiB, 1297 MiB, 92 %
2026/09/24 10:45:53.767, NVIDIA L4, 23034 MiB, 21350 MiB, 1297 MiB, 93 %
2026/09/24 10:45:54.767, NVIDIA L4, 23034 MiB, 21350 MiB, 1297 MiB, 93 %
2026/09/24 10:45:55.768, NVIDIA L4, 23034 MiB, 21350 MiB, 1297 MiB, 92 %
2026/09/24 10:45:56.768, NVIDIA L4, 23034 MiB, 21350 MiB, 1297 MiB, 91 %
2026/09/24 10:45:57.768, NVIDIA L4, 23034 MiB, 21350 MiB, 1297 MiB, 93 %
2026/09/24 10:45:58.769, NVIDIA L4, 23034 MiB, 21350 MiB, 1297 MiB, 91 %
2026/09/24 10:45:59.769, NVIDIA L4, 23034 MiB, 21350 MiB, 1297 MiB, 92 %
2026/09/24 10:46:00.769, NVIDIA L4, 23034 MiB, 21350 MiB, 1297 MiB, 93 %
2026/09/24 10:46:01.770, NVIDIA L4, 23034 MiB, 21350 MiB, 1297 MiB, 0 %
2026/09/24 10:46:02.770, NVIDIA L4, 23034 MiB, 21350 MiB, 1297 MiB, 0 %
2026/09/24 10:46:03.770, NVIDIA L4, 23034 MiB, 21350 MiB, 1297 MiB, 90 %
2026/09/24 10:46:04.770, NVIDIA L4, 23034 MiB, 21350 MiB, 1297 MiB, 93 %
2026/09/24 10:46:05.771, NVIDIA L4, 23034 MiB, 21350 MiB, 1297 MiB, 93 %
2026/09/24 10:46:06.771, NVIDIA L4, 23034 MiB, 21350 MiB, 1297 MiB, 93 %
2026/09/24 10:46:07.771, NVIDIA L4, 23034 MiB, 21350 MiB, 1297 MiB, 91 %
2026/09/24 10:46:08.772, NVIDIA L4, 23034 MiB, 21350 MiB, 1297 MiB, 92 %
2026/09/24 10:46:09.772, NVIDIA L4, 23034 MiB, 21350 MiB, 1297 MiB, 91 %
2026/09/24 10:46:10.772, NVIDIA L4, 23034 MiB, 21350 MiB, 1297 MiB, 93 %
2026/09/24 10:46:11.773, NVIDIA L4, 23034 MiB, 21350 MiB, 1297 MiB, 92 %
2026/09/24 10:46:12.773, NVIDIA L4, 23034 MiB, 21350 MiB, 1297 MiB, 93 %
2026/09/24 10:46:13.773, NVIDIA L4, 23034 MiB, 21350 MiB, 1297 MiB, 92 %
2026/09/24 10:46:14.774, NVIDIA L4, 23034 MiB, 21350 MiB, 1297 MiB, 92 %
2026/09/24 10:46:15.774, NVIDIA L4, 23034 MiB, 21350 MiB, 1297 MiB, 92 %
2026/09/24 10:46:16.774, NVIDIA L4, 23034 MiB, 21350 MiB, 1297 MiB, 92 %
2026/09/24 10:46:17.774, NVIDIA L4, 23034 MiB, 21350 MiB, 1297 MiB, 92 %
2026/09/24 10:46:18.775, NVIDIA L4, 23034 MiB, 21350 MiB, 1297 MiB, 92 %
2026/09/24 10:46:19.775, NVIDIA L4, 23034 MiB, 21350 MiB, 1297 MiB, 93 %
2026/09/24 10:46:20.775, NVIDIA L4, 23034 MiB, 21350 MiB, 1297 MiB, 93 %
2026/09/24 10:46:21.776, NVIDIA L4, 23034 MiB, 21350 MiB, 1297 MiB, 93 %
2026/09/24 10:46:22.776, NVIDIA L4, 23034 MiB, 21350 MiB, 1297 MiB, 93 %
2026/09/24 10:46:23.776, NVIDIA L4, 23034 MiB, 21350 MiB, 1297 MiB, 92 %
2026/09/24 10:46:24.776, NVIDIA L4, 23034 MiB, 21350 MiB, 1297 MiB, 94 %
2026/09/24 10:46:25.777, NVIDIA L4, 23034 MiB, 21350 MiB, 1297 MiB, 67 %
2026/09/24 10:46:26.777, NVIDIA L4, 23034 MiB, 21350 MiB, 1297 MiB, 94 %
2026/09/24 10:46:27.777, NVIDIA L4, 23034 MiB, 21350 MiB, 1297 MiB, 93 %
2026/09/24 10:46:28.778, NVIDIA L4, 23034 MiB, 21350 MiB, 1297 MiB, 94 %
2026/09/24 10:46:29.778, NVIDIA L4, 23034 MiB, 21350 MiB, 1297 MiB, 93 %
2026/09/24 10:46:30.778, NVIDIA L4, 23034 MiB, 21350 MiB, 1297 MiB, 93 %
2026/09/24 10:46:31.779, NVIDIA L4, 23034 MiB, 21350 MiB, 1297 MiB, 94 %
2026/09/24 10:46:32.779, NVIDIA L4, 23034 MiB, 21350 MiB, 1297 MiB, 93 %
2026/09/24 10:46:33.779, NVIDIA L4, 23034 MiB, 21350 MiB, 1297 MiB, 70 %
2026/09/24 10:46:34.779, NVIDIA L4, 23034 MiB, 21350 MiB, 1297 MiB, 93 %
2026/09/24 10:46:35.780, NVIDIA L4, 23034 MiB, 21350 MiB, 1297 MiB, 94 %
2026/09/24 10:46:36.780, NVIDIA L4, 23034 MiB, 21350 MiB, 1297 MiB, 94 %
2026/09/24 10:46:37.780, NVIDIA L4, 23034 MiB, 21350 MiB, 1297 MiB, 93 %
2026/09/24 10:46:38.781, NVIDIA L4, 23034 MiB, 21350 MiB, 1297 MiB, 94 %
2026/09/24 10:46:39.781, NVIDIA L4, 23034 MiB, 21350 MiB, 1297 MiB, 93 %
2026/09/24 10:46:40.781, NVIDIA L4, 23034 MiB, 21350 MiB, 1297 MiB, 93 %
2026/09/24 10:46:41.781, NVIDIA L4, 23034 MiB, 21350 MiB, 1297 MiB, 94 %
2026/09/24 10:46:42.782, NVIDIA L4, 23034 MiB, 21350 MiB, 1297 MiB, 93 %
2026/09/24 10:46:43.782, NVIDIA L4, 23034 MiB, 21350 MiB, 1297 MiB, 94 %
2026/09/24 10:46:44.782, NVIDIA L4, 23034 MiB, 21350 MiB, 1297 MiB, 94 %
2026/09/24 10:46:45.783, NVIDIA L4, 23034 MiB, 21350 MiB, 1297 MiB, 94 %
2026/09/24 10:46:46.783, NVIDIA L4, 23034 MiB, 21350 MiB, 1297 MiB, 93 %
2026/09/24 10:46:47.783, NVIDIA L4, 23034 MiB, 21350 MiB, 1297 MiB, 93 %
2026/09/24 10:46:48.783, NVIDIA L4, 23034 MiB, 21350 MiB, 1297 MiB, 94 %
2026/09/24 10:46:49.784, NVIDIA L4, 23034 MiB, 21350 MiB, 1297 MiB, 93 %
2026/09/24 10:46:50.784, NVIDIA L4, 23034 MiB, 21350 MiB, 1297 MiB, 94 %
2026/09/24 10:46:51.784, NVIDIA L4, 23034 MiB, 21350 MiB, 1297 MiB, 94 %
2026/09/24 10:46:52.785, NVIDIA L4, 23034 MiB, 21350 MiB, 1297 MiB, 93 %
2026/09/24 10:46:53.785, NVIDIA L4, 23034 MiB, 21350 MiB, 1297 MiB, 92 %
2026/09/24 10:46:54.785, NVIDIA L4, 23034 MiB, 21350 MiB, 1297 MiB, 94 %
2026/09/24 10:46:55.786, NVIDIA L4, 23034 MiB, 21350 MiB, 1297 MiB, 93 %
2026/09/24 10:46:56.786, NVIDIA L4, 23034 MiB, 21350 MiB, 1297 MiB, 91 %
2026/09/24 10:46:57.786, NVIDIA L4, 23034 MiB, 21350 MiB, 1297 MiB, 93 %
2026/09/24 10:46:58.786, NVIDIA L4, 23034 MiB, 21350 MiB, 1297 MiB, 94 %
2026/09/24 10:46:59.787, NVIDIA L4, 23034 MiB, 21350 MiB, 1297 MiB, 93 %
2026/09/24 10:47:00.787, NVIDIA L4, 23034 MiB, 21350 MiB, 1297 MiB, 93 %
2026/09/24 10:47:01.787, NVIDIA L4, 23034 MiB, 21350 MiB, 1297 MiB, 93 %
2026/09/24 10:47:02.788, NVIDIA L4, 23034 MiB, 21350 MiB, 1297 MiB, 93 %
2026/09/24 10:47:03.788, NVIDIA L4, 23034 MiB, 21350 MiB, 1297 MiB, 92 %
2026/09/24 10:47:04.788, NVIDIA L4, 23034 MiB, 21350 MiB, 1297 MiB, 92 %
2026/09/24 10:47:05.789, NVIDIA L4, 23034 MiB, 21350 MiB, 1297 MiB, 93 %
2026/09/24 10:47:06.789, NVIDIA L4, 23034 MiB, 21350 MiB, 1297 MiB, 93 %
2026/09/24 10:47:07.789, NVIDIA L4, 23034 MiB, 21350 MiB, 1297 MiB, 12 %
2026/09/24 10:47:08.790, NVIDIA L4, 23034 MiB, 21350 MiB, 1297 MiB, 93 %
2026/09/24 10:47:09.790, NVIDIA L4, 23034 MiB, 21350 MiB, 1297 MiB, 91 %
2026/09/24 10:47:10.790, NVIDIA L4, 23034 MiB, 21350 MiB, 1297 MiB, 94 %
2026/09/24 10:47:11.791, NVIDIA L4, 23034 MiB, 21350 MiB, 1297 MiB, 93 %
2026/09/24 10:47:12.791, NVIDIA L4, 23034 MiB, 21350 MiB, 1297 MiB, 93 %
2026/09/24 10:47:13.791, NVIDIA L4, 23034 MiB, 21350 MiB, 1297 MiB, 92 %
2026/09/24 10:47:14.792, NVIDIA L4, 23034 MiB, 21350 MiB, 1297 MiB, 93 %
2026/09/24 10:47:15.792, NVIDIA L4, 23034 MiB, 21350 MiB, 1297 MiB, 91 %
2026/09/24 10:47:16.792, NVIDIA L4, 23034 MiB, 21350 MiB, 1297 MiB, 93 %
2026/09/24 10:47:17.792, NVIDIA L4, 23034 MiB, 21350 MiB, 1297 MiB, 93 %
2026/09/24 10:47:18.793, NVIDIA L4, 23034 MiB, 21350 MiB, 1297 MiB, 92 %
2026/09/24 10:47:19.793, NVIDIA L4, 23034 MiB, 21350 MiB, 1297 MiB, 93 %
2026/09/24 10:47:20.793, NVIDIA L4, 23034 MiB, 21350 MiB, 1297 MiB, 93 %
2026/09/24 10:47:21.794, NVIDIA L4, 23034 MiB, 21350 MiB, 1297 MiB, 94 %
2026/09/24 10:47:22.794, NVIDIA L4, 23034 MiB, 21350 MiB, 1297 MiB, 93 %
2026/09/24 10:47:23.794, NVIDIA L4, 23034 MiB, 21350 MiB, 1297 MiB, 94 %
2026/09/24 10:47:24.794, NVIDIA L4, 23034 MiB, 21350 MiB, 1297 MiB, 94 %
2026/09/24 10:47:25.795, NVIDIA L4, 23034 MiB, 21350 MiB, 1297 MiB, 92 %
2026/09/24 10:47:26.795, NVIDIA L4, 23034 MiB, 21350 MiB, 1297 MiB, 93 %
2026/09/24 10:47:27.795, NVIDIA L4, 23034 MiB, 21350 MiB, 1297 MiB, 94 %
2026/09/24 10:47:28.796, NVIDIA L4, 23034 MiB, 21350 MiB, 1297 MiB, 92 %
2026/09/24 10:47:29.796, NVIDIA L4, 23034 MiB, 21350 MiB, 1297 MiB, 93 %
2026/09/24 10:47:30.796, NVIDIA L4, 23034 MiB, 21350 MiB, 1297 MiB, 94 %
2026/09/24 10:47:31.796, NVIDIA L4, 23034 MiB, 21350 MiB, 1297 MiB, 93 %
2026/09/24 10:47:32.797, NVIDIA L4, 23034 MiB, 21350 MiB, 1297 MiB, 91 %
2026/09/24 10:47:33.797, NVIDIA L4, 23034 MiB, 21350 MiB, 1297 MiB, 93 %
2026/09/24 10:47:34.797, NVIDIA L4, 23034 MiB, 21350 MiB, 1297 MiB, 94 %
2026/09/24 10:47:35.797, NVIDIA L4, 23034 MiB, 21350 MiB, 1297 MiB, 93 %
2026/09/24 10:47:36.798, NVIDIA L4, 23034 MiB, 21350 MiB, 1297 MiB, 94 %
2026/09/24 10:47:37.798, NVIDIA L4, 23034 MiB, 21350 MiB, 1297 MiB, 92 %
2026/09/24 10:47:38.798, NVIDIA L4, 23034 MiB, 21350 MiB, 1297 MiB, 94 %
2026/09/24 10:47:39.799, NVIDIA L4, 23034 MiB, 21350 MiB, 1297 MiB, 93 %
2026/09/24 10:47:40.799, NVIDIA L4, 23034 MiB, 21350 MiB, 1297 MiB, 92 %
2026/09/24 10:47:41.799, NVIDIA L4, 23034 MiB, 21350 MiB, 1297 MiB, 94 %
2026/09/24 10:47:42.799, NVIDIA L4, 23034 MiB, 21350 MiB, 1297 MiB, 94 %
2026/09/24 10:47:43.800, NVIDIA L4, 23034 MiB, 21350 MiB, 1297 MiB, 94 %
2026/09/24 10:47:44.800, NVIDIA L4, 23034 MiB, 21350 MiB, 1297 MiB, 94 %
2026/09/24 10:47:45.800, NVIDIA L4, 23034 MiB, 21350 MiB, 1297 MiB, 94 %
2026/09/24 10:47:46.800, NVIDIA L4, 23034 MiB, 21350 MiB, 1297 MiB, 94 %
2026/09/24 10:47:47.801, NVIDIA L4, 23034 MiB, 21350 MiB, 1297 MiB, 28 %
2026/09/24 10:47:48.801, NVIDIA L4, 23034 MiB, 21350 MiB, 1297 MiB, 93 %
2026/09/24 10:47:49.801, NVIDIA L4, 23034 MiB, 21350 MiB, 1297 MiB, 93 %
2026/09/24 10:47:50.802, NVIDIA L4, 23034 MiB, 21350 MiB, 1297 MiB, 93 %
2026/09/24 10:47:51.802, NVIDIA L4, 23034 MiB, 21350 MiB, 1297 MiB, 94 %
2026/09/24 10:47:52.802, NVIDIA L4, 23034 MiB, 21350 MiB, 1297 MiB, 94 %
2026/09/24 10:47:53.802, NVIDIA L4, 23034 MiB, 21350 MiB, 1297 MiB, 94 %
2026/09/24 10:47:54.803, NVIDIA L4, 23034 MiB, 21350 MiB, 1297 MiB, 93 %
2026/09/24 10:47:55.803, NVIDIA L4, 23034 MiB, 21350 MiB, 1297 MiB, 92 %
2026/09/24 10:47:56.803, NVIDIA L4, 23034 MiB, 21350 MiB, 1297 MiB, 93 %
2026/09/24 10:47:57.804, NVIDIA L4, 23034 MiB, 21350 MiB, 1297 MiB, 94 %
2026/09/24 10:47:58.804, NVIDIA L4, 23034 MiB, 21350 MiB, 1297 MiB, 94 %
2026/09/24 10:47:59.804, NVIDIA L4, 23034 MiB, 21350 MiB, 1297 MiB, 93 %
2026/09/24 10:48:00.804, NVIDIA L4, 23034 MiB, 21350 MiB, 1297 MiB, 94 %
2026/09/24 10:48:01.805, NVIDIA L4, 23034 MiB, 21350 MiB, 1297 MiB, 94 %
2026/09/24 10:48:02.805, NVIDIA L4, 23034 MiB, 21350 MiB, 1297 MiB, 93 %
2026/09/24 10:48:03.805, NVIDIA L4, 23034 MiB, 21350 MiB, 1297 MiB, 94 %
2026/09/24 10:48:04.806, NVIDIA L4, 23034 MiB, 21350 MiB, 1297 MiB, 93 %
2026/09/24 10:48:05.806, NVIDIA L4, 23034 MiB, 21350 MiB, 1297 MiB, 67 %
2026/09/24 10:48:06.806, NVIDIA L4, 23034 MiB, 21350 MiB, 1297 MiB, 0 %
2026/09/24 10:48:07.807, NVIDIA L4, 23034 MiB, 21350 MiB, 1297 MiB, 92 %
2026/09/24 10:48:08.807, NVIDIA L4, 23034 MiB, 21350 MiB, 1297 MiB, 94 %
2026/09/24 10:48:09.807, NVIDIA L4, 23034 MiB, 21350 MiB, 1297 MiB, 93 %
2026/09/24 10:48:10.807, NVIDIA L4, 23034 MiB, 21350 MiB, 1297 MiB, 94 %
2026/09/24 10:48:11.808, NVIDIA L4, 23034 MiB, 21350 MiB, 1297 MiB, 92 %
2026/09/24 10:48:12.808, NVIDIA L4, 23034 MiB, 21350 MiB, 1297 MiB, 94 %
2026/09/24 10:48:13.808, NVIDIA L4, 23034 MiB, 21350 MiB, 1297 MiB, 94 %
2026/09/24 10:48:14.808, NVIDIA L4, 23034 MiB, 21350 MiB, 1297 MiB, 94 %
2026/09/24 10:48:15.809, NVIDIA L4, 23034 MiB, 21350 MiB, 1297 MiB, 93 %
2026/09/24 10:48:16.809, NVIDIA L4, 23034 MiB, 21350 MiB, 1297 MiB, 93 %
2026/09/24 10:48:17.810, NVIDIA L4, 23034 MiB, 21350 MiB, 1297 MiB, 93 %
2026/09/24 10:48:18.810, NVIDIA L4, 23034 MiB, 21350 MiB, 1297 MiB, 93 %
2026/09/24 10:48:19.810, NVIDIA L4, 23034 MiB, 21350 MiB, 1297 MiB, 93 %
2026/09/24 10:48:20.810, NVIDIA L4, 23034 MiB, 21350 MiB, 1297 MiB, 94 %
2026/09/24 10:48:21.811, NVIDIA L4, 23034 MiB, 21350 MiB, 1297 MiB, 93 %
2026/09/24 10:48:22.811, NVIDIA L4, 23034 MiB, 21350 MiB, 1297 MiB, 94 %
2026/09/24 10:48:23.811, NVIDIA L4, 23034 MiB, 21350 MiB, 1297 MiB, 94 %
2026/09/24 10:48:24.812, NVIDIA L4, 23034 MiB, 21350 MiB, 1297 MiB, 94 %
2026/09/24 10:48:25.812, NVIDIA L4, 23034 MiB, 21350 MiB, 1297 MiB, 91 %
2026/09/24 10:48:26.812, NVIDIA L4, 23034 MiB, 21350 MiB, 1297 MiB, 93 %
2026/09/24 10:48:27.813, NVIDIA L4, 23034 MiB, 21350 MiB, 1297 MiB, 92 %
2026/09/24 10:48:28.813, NVIDIA L4, 23034 MiB, 21350 MiB, 1297 MiB, 94 %
2026/09/24 10:48:29.813, NVIDIA L4, 23034 MiB, 21350 MiB, 1297 MiB, 94 %
2026/09/24 10:48:30.813, NVIDIA L4, 23034 MiB, 21350 MiB, 1297 MiB, 94 %
2026/09/24 10:48:31.814, NVIDIA L4, 23034 MiB, 21350 MiB, 1297 MiB, 94 %
2026/09/24 10:48:32.814, NVIDIA L4, 23034 MiB, 21350 MiB, 1297 MiB, 93 %
2026/09/24 10:48:33.814, NVIDIA L4, 23034 MiB, 21350 MiB, 1297 MiB, 94 %
2026/09/24 10:48:34.814, NVIDIA L4, 23034 MiB, 21350 MiB, 1297 MiB, 93 %
2026/09/24 10:48:35.815, NVIDIA L4, 23034 MiB, 21350 MiB, 1297 MiB, 94 %
2026/09/24 10:48:36.815, NVIDIA L4, 23034 MiB, 21350 MiB, 1297 MiB, 94 %
2026/09/24 10:48:37.815, NVIDIA L4, 23034 MiB, 21350 MiB, 1297 MiB, 94 %
2026/09/24 10:48:38.816, NVIDIA L4, 23034 MiB, 21350 MiB, 1297 MiB, 93 %
2026/09/24 10:48:39.816, NVIDIA L4, 23034 MiB, 21350 MiB, 1297 MiB, 93 %
2026/09/24 10:48:40.816, NVIDIA L4, 23034 MiB, 21350 MiB, 1297 MiB, 93 %
2026/09/24 10:48:41.816, NVIDIA L4, 23034 MiB, 21350 MiB, 1297 MiB, 94 %
2026/09/24 10:48:42.817, NVIDIA L4, 23034 MiB, 21350 MiB, 1297 MiB, 93 %
2026/09/24 10:48:43.817, NVIDIA L4, 23034 MiB, 21350 MiB, 1297 MiB, 13 %
2026/09/24 10:48:44.817, NVIDIA L4, 23034 MiB, 21350 MiB, 1297 MiB, 92 %
2026/09/24 10:48:45.817, NVIDIA L4, 23034 MiB, 21350 MiB, 1297 MiB, 93 %
2026/09/24 10:48:46.818, NVIDIA L4, 23034 MiB, 21350 MiB, 1297 MiB, 94 %
2026/09/24 10:48:47.818, NVIDIA L4, 23034 MiB, 21350 MiB, 1297 MiB, 94 %
2026/09/24 10:48:48.818, NVIDIA L4, 23034 MiB, 21350 MiB, 1297 MiB, 94 %
2026/09/24 10:48:49.819, NVIDIA L4, 23034 MiB, 21350 MiB, 1297 MiB, 94 %
2026/09/24 10:48:50.819, NVIDIA L4, 23034 MiB, 21350 MiB, 1297 MiB, 94 %
2026/09/24 10:48:51.819, NVIDIA L4, 23034 MiB, 21350 MiB, 1297 MiB, 94 %
2026/09/24 10:48:52.819, NVIDIA L4, 23034 MiB, 21350 MiB, 1297 MiB, 94 %
2026/09/24 10:48:53.820, NVIDIA L4, 23034 MiB, 21350 MiB, 1297 MiB, 92 %
2026/09/24 10:48:54.820, NVIDIA L4, 23034 MiB, 21350 MiB, 1297 MiB, 94 %
2026/09/24 10:48:55.820, NVIDIA L4, 23034 MiB, 21350 MiB, 1297 MiB, 93 %
2026/09/24 10:48:56.821, NVIDIA L4, 23034 MiB, 21350 MiB, 1297 MiB, 93 %
2026/09/24 10:48:57.821, NVIDIA L4, 23034 MiB, 21350 MiB, 1297 MiB, 94 %
2026/09/24 10:48:58.821, NVIDIA L4, 23034 MiB, 21350 MiB, 1297 MiB, 94 %
2026/09/24 10:48:59.821, NVIDIA L4, 23034 MiB, 21350 MiB, 1297 MiB, 93 %
2026/09/24 10:49:00.822, NVIDIA L4, 23034 MiB, 21350 MiB, 1297 MiB, 94 %
2026/09/24 10:49:01.822, NVIDIA L4, 23034 MiB, 21350 MiB, 1297 MiB, 93 %
2026/09/24 10:49:02.822, NVIDIA L4, 23034 MiB, 21350 MiB, 1297 MiB, 94 %
2026/09/24 10:49:03.823, NVIDIA L4, 23034 MiB, 21350 MiB, 1297 MiB, 94 %
2026/09/24 10:49:04.823, NVIDIA L4, 23034 MiB, 21350 MiB, 1297 MiB, 93 %
2026/09/24 10:49:05.823, NVIDIA L4, 23034 MiB, 21350 MiB, 1297 MiB, 94 %
2026/09/24 10:49:06.823, NVIDIA L4, 23034 MiB, 21350 MiB, 1297 MiB, 94 %
2026/09/24 10:49:07.824, NVIDIA L4, 23034 MiB, 21350 MiB, 1297 MiB, 94 %
2026/09/24 10:49:08.824, NVIDIA L4, 23034 MiB, 21350 MiB, 1297 MiB, 94 %
2026/09/24 10:49:09.824, NVIDIA L4, 23034 MiB, 21350 MiB, 1297 MiB, 92 %
2026/09/24 10:49:10.825, NVIDIA L4, 23034 MiB, 21350 MiB, 1297 MiB, 94 %
2026/09/24 10:49:11.826, NVIDIA L4, 23034 MiB, 21350 MiB, 1297 MiB, 94 %
2026/09/24 10:49:12.826, NVIDIA L4, 23034 MiB, 21350 MiB, 1297 MiB, 93 %
2026/09/24 10:49:13.826, NVIDIA L4, 23034 MiB, 21350 MiB, 1297 MiB, 94 %
2026/09/24 10:49:14.827, NVIDIA L4, 23034 MiB, 21350 MiB, 1297 MiB, 94 %
2026/09/24 10:49:15.827, NVIDIA L4, 23034 MiB, 21350 MiB, 1297 MiB, 94 %
2026/09/24 10:49:16.827, NVIDIA L4, 23034 MiB, 21350 MiB, 1297 MiB, 94 %
2026/09/24 10:49:17.828, NVIDIA L4, 23034 MiB, 21350 MiB, 1297 MiB, 94 %
2026/09/24 10:49:18.828, NVIDIA L4, 23034 MiB, 21350 MiB, 1297 MiB, 94 %
2026/09/24 10:49:19.828, NVIDIA L4, 23034 MiB, 21350 MiB, 1297 MiB, 93 %
2026/09/24 10:49:20.829, NVIDIA L4, 23034 MiB, 21350 MiB, 1297 MiB, 94 %
2026/09/24 10:49:21.829, NVIDIA L4, 23034 MiB, 21350 MiB, 1297 MiB, 94 %
2026/09/24 10:49:22.829, NVIDIA L4, 23034 MiB, 21350 MiB, 1297 MiB, 94 %
2026/09/24 10:49:23.829, NVIDIA L4, 23034 MiB, 21350 MiB, 1297 MiB, 94 %
2026/09/24 10:49:24.830, NVIDIA L4, 23034 MiB, 21350 MiB, 1297 MiB, 94 %
2026/09/24 10:49:25.830, NVIDIA L4, 23034 MiB, 21350 MiB, 1297 MiB, 94 %
2026/09/24 10:49:26.830, NVIDIA L4, 23034 MiB, 21350 MiB, 1297 MiB, 94 %
2026/09/24 10:49:27.831, NVIDIA L4, 23034 MiB, 21350 MiB, 1297 MiB, 93 %
2026/09/24 10:49:28.831, NVIDIA L4, 23034 MiB, 21350 MiB, 1297 MiB, 94 %
2026/09/24 10:49:29.831, NVIDIA L4, 23034 MiB, 21350 MiB, 1297 MiB, 93 %
2026/09/24 10:49:30.831, NVIDIA L4, 23034 MiB, 21350 MiB, 1297 MiB, 93 %
2026/09/24 10:49:31.832, NVIDIA L4, 23034 MiB, 21350 MiB, 1297 MiB, 93 %
2026/09/24 10:49:32.832, NVIDIA L4, 23034 MiB, 21350 MiB, 1297 MiB, 94 %
2026/09/24 10:49:33.832, NVIDIA L4, 23034 MiB, 21350 MiB, 1297 MiB, 94 %
2026/09/24 10:49:34.833, NVIDIA L4, 23034 MiB, 21350 MiB, 1297 MiB, 94 %
2026/09/24 10:49:35.833, NVIDIA L4, 23034 MiB, 21350 MiB, 1297 MiB, 94 %
2026/09/24 10:49:36.833, NVIDIA L4, 23034 MiB, 21350 MiB, 1297 MiB, 94 %
2026/09/24 10:49:37.833, NVIDIA L4, 23034 MiB, 21350 MiB, 1297 MiB, 94 %
2026/09/24 10:49:38.834, NVIDIA L4, 23034 MiB, 21350 MiB, 1297 MiB, 93 %
2026/09/24 10:49:39.834, NVIDIA L4, 23034 MiB, 21350 MiB, 1297 MiB, 93 %
2026/09/24 10:49:40.834, NVIDIA L4, 23034 MiB, 21350 MiB, 1297 MiB, 94 %
2026/09/24 10:49:41.835, NVIDIA L4, 23034 MiB, 21350 MiB, 1297 MiB, 94 %
2026/09/24 10:49:42.835, NVIDIA L4, 23034 MiB, 21350 MiB, 1297 MiB, 93 %
2026/09/24 10:49:43.835, NVIDIA L4, 23034 MiB, 21350 MiB, 1297 MiB, 94 %
2026/09/24 10:49:44.836, NVIDIA L4, 23034 MiB, 21350 MiB, 1297 MiB, 94 %
2026/09/24 10:49:45.836, NVIDIA L4, 23034 MiB, 21350 MiB, 1297 MiB, 93 %
2026/09/24 10:49:46.836, NVIDIA L4, 23034 MiB, 21350 MiB, 1297 MiB, 92 %
2026/09/24 10:49:47.836, NVIDIA L4, 23034 MiB, 21350 MiB, 1297 MiB, 93 %
2026/09/24 10:49:48.837, NVIDIA L4, 23034 MiB, 21350 MiB, 1297 MiB, 94 %
2026/09/24 10:49:49.837, NVIDIA L4, 23034 MiB, 21350 MiB, 1297 MiB, 94 %
2026/09/24 10:49:50.837, NVIDIA L4, 23034 MiB, 21350 MiB, 1297 MiB, 94 %
2026/09/24 10:49:51.838, NVIDIA L4, 23034 MiB, 21350 MiB, 1297 MiB, 92 %
2026/09/24 10:49:52.838, NVIDIA L4, 23034 MiB, 21350 MiB, 1297 MiB, 94 %
2026/09/24 10:49:53.838, NVIDIA L4, 23034 MiB, 21350 MiB, 1297 MiB, 94 %
2026/09/24 10:49:54.839, NVIDIA L4, 23034 MiB, 21350 MiB, 1297 MiB, 93 %
2026/09/24 10:49:55.839, NVIDIA L4, 23034 MiB, 21350 MiB, 1297 MiB, 93 %
2026/09/24 10:49:56.840, NVIDIA L4, 23034 MiB, 21350 MiB, 1297 MiB, 94 %
2026/09/24 10:49:57.840, NVIDIA L4, 23034 MiB, 21350 MiB, 1297 MiB, 0 %
2026/09/24 10:49:58.840, NVIDIA L4, 23034 MiB, 21350 MiB, 1297 MiB, 0 %
2026/09/24 10:49:59.841, NVIDIA L4, 23034 MiB, 21350 MiB, 1297 MiB, 93 %
2026/09/24 10:50:00.841, NVIDIA L4, 23034 MiB, 21350 MiB, 1297 MiB, 93 %
2026/09/24 10:50:01.841, NVIDIA L4, 23034 MiB, 21350 MiB, 1297 MiB, 91 %
2026/09/24 10:50:02.841, NVIDIA L4, 23034 MiB, 21350 MiB, 1297 MiB, 94 %
2026/09/24 10:50:03.842, NVIDIA L4, 23034 MiB, 21350 MiB, 1297 MiB, 94 %
2026/09/24 10:50:04.842, NVIDIA L4, 23034 MiB, 21350 MiB, 1297 MiB, 94 %
2026/09/24 10:50:05.842, NVIDIA L4, 23034 MiB, 21350 MiB, 1297 MiB, 92 %
2026/09/24 10:50:06.843, NVIDIA L4, 23034 MiB, 21350 MiB, 1297 MiB, 94 %
2026/09/24 10:50:07.843, NVIDIA L4, 23034 MiB, 21350 MiB, 1297 MiB, 94 %
2026/09/24 10:50:08.843, NVIDIA L4, 23034 MiB, 21350 MiB, 1297 MiB, 91 %
2026/09/24 10:50:09.844, NVIDIA L4, 23034 MiB, 21350 MiB, 1297 MiB, 92 %
2026/09/24 10:50:10.844, NVIDIA L4, 23034 MiB, 21350 MiB, 1297 MiB, 92 %
2026/09/24 10:50:11.844, NVIDIA L4, 23034 MiB, 21350 MiB, 1297 MiB, 94 %
2026/09/24 10:50:12.844, NVIDIA L4, 23034 MiB, 21350 MiB, 1297 MiB, 94 %
2026/09/24 10:50:13.845, NVIDIA L4, 23034 MiB, 21350 MiB, 1297 MiB, 94 %
2026/09/24 10:50:14.845, NVIDIA L4, 23034 MiB, 21350 MiB, 1297 MiB, 92 %
2026/09/24 10:50:15.845, NVIDIA L4, 23034 MiB, 21350 MiB, 1297 MiB, 94 %
2026/09/24 10:50:16.846, NVIDIA L4, 23034 MiB, 21350 MiB, 1297 MiB, 94 %
2026/09/24 10:50:17.846, NVIDIA L4, 23034 MiB, 21350 MiB, 1297 MiB, 93 %
2026/09/24 10:50:18.847, NVIDIA L4, 23034 MiB, 21350 MiB, 1297 MiB, 94 %
2026/09/24 10:50:19.847, NVIDIA L4, 23034 MiB, 21350 MiB, 1297 MiB, 93 %
2026/09/24 10:50:20.847, NVIDIA L4, 23034 MiB, 21350 MiB, 1297 MiB, 92 %
2026/09/24 10:50:21.848, NVIDIA L4, 23034 MiB, 21350 MiB, 1297 MiB, 94 %
2026/09/24 10:50:22.848, NVIDIA L4, 23034 MiB, 21350 MiB, 1297 MiB, 94 %
2026/09/24 10:50:23.848, NVIDIA L4, 23034 MiB, 21350 MiB, 1297 MiB, 93 %
2026/09/24 10:50:24.848, NVIDIA L4, 23034 MiB, 21350 MiB, 1297 MiB, 94 %
2026/09/24 10:50:25.849, NVIDIA L4, 23034 MiB, 21350 MiB, 1297 MiB, 93 %
2026/09/24 10:50:26.849, NVIDIA L4, 23034 MiB, 21350 MiB, 1297 MiB, 94 %
2026/09/24 10:50:27.849, NVIDIA L4, 23034 MiB, 21350 MiB, 1297 MiB, 94 %
2026/09/24 10:50:28.850, NVIDIA L4, 23034 MiB, 21350 MiB, 1297 MiB, 93 %
2026/09/24 10:50:29.850, NVIDIA L4, 23034 MiB, 21350 MiB, 1297 MiB, 93 %
2026/09/24 10:50:30.850, NVIDIA L4, 23034 MiB, 21350 MiB, 1297 MiB, 94 %
2026/09/24 10:50:31.850, NVIDIA L4, 23034 MiB, 21350 MiB, 1297 MiB, 94 %
2026/09/24 10:50:32.851, NVIDIA L4, 23034 MiB, 21350 MiB, 1297 MiB, 94 %
2026/09/24 10:50:33.851, NVIDIA L4, 23034 MiB, 21350 MiB, 1297 MiB, 94 %
2026/09/24 10:50:34.851, NVIDIA L4, 23034 MiB, 21350 MiB, 1297 MiB, 92 %
2026/09/24 10:50:35.851, NVIDIA L4, 23034 MiB, 21350 MiB, 1297 MiB, 92 %
2026/09/24 10:50:36.852, NVIDIA L4, 23034 MiB, 21350 MiB, 1297 MiB, 93 %
2026/09/24 10:50:37.852, NVIDIA L4, 23034 MiB, 21350 MiB, 1297 MiB, 94 %
2026/09/24 10:50:38.852, NVIDIA L4, 23034 MiB, 21350 MiB, 1297 MiB, 94 %
2026/09/24 10:50:39.853, NVIDIA L4, 23034 MiB, 21350 MiB, 1297 MiB, 92 %
2026/09/24 10:50:40.853, NVIDIA L4, 23034 MiB, 21350 MiB, 1297 MiB, 93 %
2026/09/24 10:50:41.853, NVIDIA L4, 23034 MiB, 21350 MiB, 1297 MiB, 94 %
2026/09/24 10:50:42.854, NVIDIA L4, 23034 MiB, 21350 MiB, 1297 MiB, 92 %
2026/09/24 10:50:43.854, NVIDIA L4, 23034 MiB, 21350 MiB, 1297 MiB, 94 %
2026/09/24 10:50:44.854, NVIDIA L4, 23034 MiB, 21350 MiB, 1297 MiB, 93 %
2026/09/24 10:50:45.855, NVIDIA L4, 23034 MiB, 21350 MiB, 1297 MiB, 93 %
2026/09/24 10:50:46.855, NVIDIA L4, 23034 MiB, 21350 MiB, 1297 MiB, 94 %
2026/09/24 10:50:47.855, NVIDIA L4, 23034 MiB, 21350 MiB, 1297 MiB, 93 %
2026/09/24 10:50:48.855, NVIDIA L4, 23034 MiB, 21350 MiB, 1297 MiB, 94 %
2026/09/24 10:50:49.856, NVIDIA L4, 23034 MiB, 21350 MiB, 1297 MiB, 93 %
2026/09/24 10:50:50.856, NVIDIA L4, 23034 MiB, 21350 MiB, 1297 MiB, 94 %
2026/09/24 10:50:51.856, NVIDIA L4, 23034 MiB, 21350 MiB, 1297 MiB, 93 %
2026/09/24 10:50:52.857, NVIDIA L4, 23034 MiB, 21350 MiB, 1297 MiB, 93 %
2026/09/24 10:50:53.857, NVIDIA L4, 23034 MiB, 21350 MiB, 1297 MiB, 94 %
2026/09/24 10:50:54.857, NVIDIA L4, 23034 MiB, 21350 MiB, 1297 MiB, 93 %
2026/09/24 10:50:55.858, NVIDIA L4, 23034 MiB, 21350 MiB, 1297 MiB, 93 %
2026/09/24 10:50:56.858, NVIDIA L4, 23034 MiB, 21350 MiB, 1297 MiB, 94 %
2026/09/24 10:50:57.858, NVIDIA L4, 23034 MiB, 21350 MiB, 1297 MiB, 93 %
2026/09/24 10:50:58.858, NVIDIA L4, 23034 MiB, 21350 MiB, 1297 MiB, 93 %
2026/09/24 10:50:59.859, NVIDIA L4, 23034 MiB, 21350 MiB, 1297 MiB, 36 %
2026/09/24 10:51:00.859, NVIDIA L4, 23034 MiB, 21350 MiB, 1297 MiB, 94 %
2026/09/24 10:51:01.859, NVIDIA L4, 23034 MiB, 21350 MiB, 1297 MiB, 94 %
2026/09/24 10:51:02.860, NVIDIA L4, 23034 MiB, 21350 MiB, 1297 MiB, 93 %
2026/09/24 10:51:03.860, NVIDIA L4, 23034 MiB, 21350 MiB, 1297 MiB, 94 %
2026/09/24 10:51:04.860, NVIDIA L4, 23034 MiB, 21350 MiB, 1297 MiB, 71 %
2026/09/24 10:51:05.861, NVIDIA L4, 23034 MiB, 21350 MiB, 1297 MiB, 93 %
2026/09/24 10:51:06.861, NVIDIA L4, 23034 MiB, 21350 MiB, 1297 MiB, 94 %
2026/09/24 10:51:07.861, NVIDIA L4, 23034 MiB, 21350 MiB, 1297 MiB, 94 %
2026/09/24 10:51:08.862, NVIDIA L4, 23034 MiB, 21350 MiB, 1297 MiB, 94 %
2026/09/24 10:51:09.862, NVIDIA L4, 23034 MiB, 21350 MiB, 1297 MiB, 94 %
2026/09/24 10:51:10.862, NVIDIA L4, 23034 MiB, 21350 MiB, 1297 MiB, 93 %
2026/09/24 10:51:11.862, NVIDIA L4, 23034 MiB, 21350 MiB, 1297 MiB, 93 %
2026/09/24 10:51:12.863, NVIDIA L4, 23034 MiB, 21350 MiB, 1297 MiB, 93 %
2026/09/24 10:51:13.863, NVIDIA L4, 23034 MiB, 21350 MiB, 1297 MiB, 94 %
2026/09/24 10:51:14.863, NVIDIA L4, 23034 MiB, 21350 MiB, 1297 MiB, 94 %
2026/09/24 10:51:15.864, NVIDIA L4, 23034 MiB, 21350 MiB, 1297 MiB, 93 %
2026/09/24 10:51:16.864, NVIDIA L4, 23034 MiB, 21350 MiB, 1297 MiB, 94 %
2026/09/24 10:51:17.864, NVIDIA L4, 23034 MiB, 21350 MiB, 1297 MiB, 93 %
2026/09/24 10:51:18.864, NVIDIA L4, 23034 MiB, 21350 MiB, 1297 MiB, 94 %
2026/09/24 10:51:19.865, NVIDIA L4, 23034 MiB, 21350 MiB, 1297 MiB, 93 %
2026/09/24 10:51:20.865, NVIDIA L4, 23034 MiB, 21350 MiB, 1297 MiB, 93 %
2026/09/24 10:51:21.865, NVIDIA L4, 23034 MiB, 21350 MiB, 1297 MiB, 93 %
2026/09/24 10:51:22.866, NVIDIA L4, 23034 MiB, 21350 MiB, 1297 MiB, 94 %
2026/09/24 10:51:23.866, NVIDIA L4, 23034 MiB, 21350 MiB, 1297 MiB, 94 %
2026/09/24 10:51:24.866, NVIDIA L4, 23034 MiB, 21350 MiB, 1297 MiB, 91 %
2026/09/24 10:51:25.867, NVIDIA L4, 23034 MiB, 21350 MiB, 1297 MiB, 93 %
2026/09/24 10:51:26.867, NVIDIA L4, 23034 MiB, 21350 MiB, 1297 MiB, 93 %
2026/09/24 10:51:27.867, NVIDIA L4, 23034 MiB, 21350 MiB, 1297 MiB, 94 %
2026/09/24 10:51:28.868, NVIDIA L4, 23034 MiB, 21350 MiB, 1297 MiB, 92 %
2026/09/24 10:51:29.868, NVIDIA L4, 23034 MiB, 21350 MiB, 1297 MiB, 94 %
2026/09/24 10:51:30.868, NVIDIA L4, 23034 MiB, 21350 MiB, 1297 MiB, 94 %
2026/09/24 10:51:31.869, NVIDIA L4, 23034 MiB, 21350 MiB, 1297 MiB, 94 %
2026/09/24 10:51:32.869, NVIDIA L4, 23034 MiB, 21350 MiB, 1297 MiB, 92 %
2026/09/24 10:51:33.869, NVIDIA L4, 23034 MiB, 21350 MiB, 1297 MiB, 92 %
2026/09/24 10:51:34.869, NVIDIA L4, 23034 MiB, 21350 MiB, 1297 MiB, 94 %
2026/09/24 10:51:35.870, NVIDIA L4, 23034 MiB, 21350 MiB, 1297 MiB, 93 %
2026/09/24 10:51:36.870, NVIDIA L4, 23034 MiB, 21350 MiB, 1297 MiB, 94 %
2026/09/24 10:51:37.870, NVIDIA L4, 23034 MiB, 21350 MiB, 1297 MiB, 94 %
2026/09/24 10:51:38.871, NVIDIA L4, 23034 MiB, 21350 MiB, 1297 MiB, 94 %
2026/09/24 10:51:39.871, NVIDIA L4, 23034 MiB, 21350 MiB, 1297 MiB, 94 %
2026/09/24 10:51:40.871, NVIDIA L4, 23034 MiB, 21350 MiB, 1297 MiB, 94 %
2026/09/24 10:51:41.871, NVIDIA L4, 23034 MiB, 21350 MiB, 1297 MiB, 94 %
2026/09/24 10:51:42.872, NVIDIA L4, 23034 MiB, 21350 MiB, 1297 MiB, 93 %
2026/09/24 10:51:43.872, NVIDIA L4, 23034 MiB, 21350 MiB, 1297 MiB, 94 %
2026/09/24 10:51:44.872, NVIDIA L4, 23034 MiB, 21350 MiB, 1297 MiB, 94 %
2026/09/24 10:51:45.873, NVIDIA L4, 23034 MiB, 21350 MiB, 1297 MiB, 94 %
2026/09/24 10:51:46.873, NVIDIA L4, 23034 MiB, 21350 MiB, 1297 MiB, 94 %
2026/09/24 10:51:47.873, NVIDIA L4, 23034 MiB, 21350 MiB, 1297 MiB, 93 %
2026/09/24 10:51:48.873, NVIDIA L4, 23034 MiB, 21350 MiB, 1297 MiB, 93 %
2026/09/24 10:51:49.874, NVIDIA L4, 23034 MiB, 21350 MiB, 1297 MiB, 93 %
2026/09/24 10:51:50.874, NVIDIA L4, 23034 MiB, 21350 MiB, 1297 MiB, 94 %
2026/09/24 10:51:51.874, NVIDIA L4, 23034 MiB, 21350 MiB, 1297 MiB, 92 %
2026/09/24 10:51:52.875, NVIDIA L4, 23034 MiB, 21350 MiB, 1297 MiB, 92 %
2026/09/24 10:51:53.875, NVIDIA L4, 23034 MiB, 21350 MiB, 1297 MiB, 94 %
2026/09/24 10:51:54.875, NVIDIA L4, 23034 MiB, 21350 MiB, 1297 MiB, 94 %
2026/09/24 10:51:55.875, NVIDIA L4, 23034 MiB, 21350 MiB, 1297 MiB, 93 %
2026/09/24 10:51:56.876, NVIDIA L4, 23034 MiB, 21350 MiB, 1297 MiB, 94 %
2026/09/24 10:51:57.876, NVIDIA L4, 23034 MiB, 21350 MiB, 1297 MiB, 89 %
2026/09/24 10:51:58.876, NVIDIA L4, 23034 MiB, 21350 MiB, 1297 MiB, 93 %
2026/09/24 10:51:59.877, NVIDIA L4, 23034 MiB, 21350 MiB, 1297 MiB, 92 %
2026/09/24 10:52:00.877, NVIDIA L4, 23034 MiB, 21350 MiB, 1297 MiB, 93 %
2026/09/24 10:52:01.877, NVIDIA L4, 23034 MiB, 21350 MiB, 1297 MiB, 94 %
2026/09/24 10:52:02.878, NVIDIA L4, 23034 MiB, 21350 MiB, 1297 MiB, 93 %
2026/09/24 10:52:03.878, NVIDIA L4, 23034 MiB, 21350 MiB, 1297 MiB, 94 %
2026/09/24 10:52:04.878, NVIDIA L4, 23034 MiB, 21350 MiB, 1297 MiB, 92 %
2026/09/24 10:52:05.878, NVIDIA L4, 23034 MiB, 21350 MiB, 1297 MiB, 93 %
2026/09/24 10:52:06.879, NVIDIA L4, 23034 MiB, 21350 MiB, 1297 MiB, 94 %
2026/09/24 10:52:07.879, NVIDIA L4, 23034 MiB, 21350 MiB, 1297 MiB, 93 %
2026/09/24 10:52:08.879, NVIDIA L4, 23034 MiB, 21350 MiB, 1297 MiB, 94 %
2026/09/24 10:52:09.880, NVIDIA L4, 23034 MiB, 21350 MiB, 1297 MiB, 93 %
2026/09/24 10:52:10.880, NVIDIA L4, 23034 MiB, 21350 MiB, 1297 MiB, 94 %
2026/09/24 10:52:11.880, NVIDIA L4, 23034 MiB, 21350 MiB, 1297 MiB, 0 %
2026/09/24 10:52:12.881, NVIDIA L4, 23034 MiB, 21350 MiB, 1297 MiB, 0 %
2026/09/24 10:52:13.881, NVIDIA L4, 23034 MiB, 21350 MiB, 1297 MiB, 91 %
2026/09/24 10:52:14.881, NVIDIA L4, 23034 MiB, 21350 MiB, 1297 MiB, 93 %
2026/09/24 10:52:15.881, NVIDIA L4, 23034 MiB, 21350 MiB, 1297 MiB, 92 %
2026/09/24 10:52:16.882, NVIDIA L4, 23034 MiB, 21350 MiB, 1297 MiB, 93 %
2026/09/24 10:52:17.882, NVIDIA L4, 23034 MiB, 21350 MiB, 1297 MiB, 93 %
2026/09/24 10:52:18.882, NVIDIA L4, 23034 MiB, 21350 MiB, 1297 MiB, 93 %
2026/09/24 10:52:19.883, NVIDIA L4, 23034 MiB, 21350 MiB, 1297 MiB, 92 %
2026/09/24 10:52:20.883, NVIDIA L4, 23034 MiB, 21350 MiB, 1297 MiB, 93 %
2026/09/24 10:52:21.883, NVIDIA L4, 23034 MiB, 21350 MiB, 1297 MiB, 93 %
2026/09/24 10:52:22.884, NVIDIA L4, 23034 MiB, 21350 MiB, 1297 MiB, 93 %
2026/09/24 10:52:23.884, NVIDIA L4, 23034 MiB, 21350 MiB, 1297 MiB, 92 %
2026/09/24 10:52:24.884, NVIDIA L4, 23034 MiB, 21350 MiB, 1297 MiB, 94 %
2026/09/24 10:52:25.885, NVIDIA L4, 23034 MiB, 21350 MiB, 1297 MiB, 93 %
2026/09/24 10:52:26.885, NVIDIA L4, 23034 MiB, 21350 MiB, 1297 MiB, 93 %
2026/09/24 10:52:27.885, NVIDIA L4, 23034 MiB, 21350 MiB, 1297 MiB, 93 %
2026/09/24 10:52:28.885, NVIDIA L4, 23034 MiB, 21350 MiB, 1297 MiB, 94 %
2026/09/24 10:52:29.886, NVIDIA L4, 23034 MiB, 21350 MiB, 1297 MiB, 93 %
2026/09/24 10:52:30.886, NVIDIA L4, 23034 MiB, 21350 MiB, 1297 MiB, 94 %
2026/09/24 10:52:31.886, NVIDIA L4, 23034 MiB, 21350 MiB, 1297 MiB, 94 %
2026/09/24 10:52:32.887, NVIDIA L4, 23034 MiB, 21350 MiB, 1297 MiB, 93 %
2026/09/24 10:52:33.887, NVIDIA L4, 23034 MiB, 21350 MiB, 1297 MiB, 94 %
2026/09/24 10:52:34.887, NVIDIA L4, 23034 MiB, 21350 MiB, 1297 MiB, 93 %
2026/09/24 10:52:35.887, NVIDIA L4, 23034 MiB, 21350 MiB, 1297 MiB, 94 %
2026/09/24 10:52:36.888, NVIDIA L4, 23034 MiB, 21350 MiB, 1297 MiB, 93 %
2026/09/24 10:52:37.888, NVIDIA L4, 23034 MiB, 21350 MiB, 1297 MiB, 94 %
2026/09/24 10:52:38.888, NVIDIA L4, 23034 MiB, 21350 MiB, 1297 MiB, 94 %
2026/09/24 10:52:39.889, NVIDIA L4, 23034 MiB, 21350 MiB, 1297 MiB, 93 %
2026/09/24 10:52:40.889, NVIDIA L4, 23034 MiB, 21350 MiB, 1297 MiB, 94 %
2026/09/24 10:52:41.889, NVIDIA L4, 23034 MiB, 21350 MiB, 1297 MiB, 92 %
2026/09/24 10:52:42.889, NVIDIA L4, 23034 MiB, 21350 MiB, 1297 MiB, 93 %
2026/09/24 10:52:43.890, NVIDIA L4, 23034 MiB, 21350 MiB, 1297 MiB, 94 %
2026/09/24 10:52:44.890, NVIDIA L4, 23034 MiB, 21350 MiB, 1297 MiB, 94 %
2026/09/24 10:52:45.890, NVIDIA L4, 23034 MiB, 21350 MiB, 1297 MiB, 94 %
2026/09/24 10:52:46.891, NVIDIA L4, 23034 MiB, 21350 MiB, 1297 MiB, 94 %
2026/09/24 10:52:47.891, NVIDIA L4, 23034 MiB, 21350 MiB, 1297 MiB, 92 %
2026/09/24 10:52:48.891, NVIDIA L4, 23034 MiB, 21350 MiB, 1297 MiB, 94 %
2026/09/24 10:52:49.891, NVIDIA L4, 23034 MiB, 21350 MiB, 1297 MiB, 93 %
2026/09/24 10:52:50.892, NVIDIA L4, 23034 MiB, 21350 MiB, 1297 MiB, 94 %
2026/09/24 10:52:51.892, NVIDIA L4, 23034 MiB, 21350 MiB, 1297 MiB, 93 %
2026/09/24 10:52:52.892, NVIDIA L4, 23034 MiB, 21350 MiB, 1297 MiB, 93 %
2026/09/24 10:52:53.894, NVIDIA L4, 23034 MiB, 21350 MiB, 1297 MiB, 58 %
2026/09/24 10:52:54.894, NVIDIA L4, 23034 MiB, 21350 MiB, 1297 MiB, 93 %
2026/09/24 10:52:55.894, NVIDIA L4, 23034 MiB, 21350 MiB, 1297 MiB, 91 %
2026/09/24 10:52:56.895, NVIDIA L4, 23034 MiB, 21350 MiB, 1297 MiB, 93 %
2026/09/24 10:52:57.895, NVIDIA L4, 23034 MiB, 21350 MiB, 1297 MiB, 94 %
2026/09/24 10:52:58.895, NVIDIA L4, 23034 MiB, 21350 MiB, 1297 MiB, 94 %
2026/09/24 10:52:59.895, NVIDIA L4, 23034 MiB, 21350 MiB, 1297 MiB, 92 %
2026/09/24 10:53:00.896, NVIDIA L4, 23034 MiB, 21350 MiB, 1297 MiB, 94 %
2026/09/24 10:53:01.896, NVIDIA L4, 23034 MiB, 21350 MiB, 1297 MiB, 94 %
2026/09/24 10:53:02.896, NVIDIA L4, 23034 MiB, 21350 MiB, 1297 MiB, 94 %
2026/09/24 10:53:03.897, NVIDIA L4, 23034 MiB, 21350 MiB, 1297 MiB, 94 %
2026/09/24 10:53:04.897, NVIDIA L4, 23034 MiB, 21350 MiB, 1297 MiB, 93 %
2026/09/24 10:53:05.897, NVIDIA L4, 23034 MiB, 21350 MiB, 1297 MiB, 93 %
2026/09/24 10:53:06.898, NVIDIA L4, 23034 MiB, 21350 MiB, 1297 MiB, 91 %
2026/09/24 10:53:07.898, NVIDIA L4, 23034 MiB, 21350 MiB, 1297 MiB, 94 %
2026/09/24 10:53:08.898, NVIDIA L4, 23034 MiB, 21350 MiB, 1297 MiB, 94 %
2026/09/24 10:53:09.898, NVIDIA L4, 23034 MiB, 21350 MiB, 1297 MiB, 94 %
2026/09/24 10:53:10.899, NVIDIA L4, 23034 MiB, 21350 MiB, 1297 MiB, 93 %
2026/09/24 10:53:11.900, NVIDIA L4, 23034 MiB, 21350 MiB, 1297 MiB, 38 %
2026/09/24 10:53:12.900, NVIDIA L4, 23034 MiB, 21350 MiB, 1297 MiB, 94 %
2026/09/24 10:53:13.901, NVIDIA L4, 23034 MiB, 21350 MiB, 1297 MiB, 93 %
2026/09/24 10:53:14.901, NVIDIA L4, 23034 MiB, 21350 MiB, 1297 MiB, 93 %
2026/09/24 10:53:15.901, NVIDIA L4, 23034 MiB, 21350 MiB, 1297 MiB, 93 %
2026/09/24 10:53:16.901, NVIDIA L4, 23034 MiB, 21350 MiB, 1297 MiB, 93 %
2026/09/24 10:53:17.902, NVIDIA L4, 23034 MiB, 21350 MiB, 1297 MiB, 93 %
2026/09/24 10:53:18.902, NVIDIA L4, 23034 MiB, 21350 MiB, 1297 MiB, 93 %
2026/09/24 10:53:19.902, NVIDIA L4, 23034 MiB, 21350 MiB, 1297 MiB, 93 %
2026/09/24 10:53:20.903, NVIDIA L4, 23034 MiB, 21350 MiB, 1297 MiB, 92 %
2026/09/24 10:53:21.903, NVIDIA L4, 23034 MiB, 21350 MiB, 1297 MiB, 93 %
2026/09/24 10:53:22.903, NVIDIA L4, 23034 MiB, 21350 MiB, 1297 MiB, 92 %
2026/09/24 10:53:23.903, NVIDIA L4, 23034 MiB, 21350 MiB, 1297 MiB, 92 %
2026/09/24 10:53:24.904, NVIDIA L4, 23034 MiB, 21350 MiB, 1297 MiB, 94 %
2026/09/24 10:53:25.904, NVIDIA L4, 23034 MiB, 21350 MiB, 1297 MiB, 94 %
2026/09/24 10:53:26.904, NVIDIA L4, 23034 MiB, 21350 MiB, 1297 MiB, 93 %
2026/09/24 10:53:27.905, NVIDIA L4, 23034 MiB, 21350 MiB, 1297 MiB, 59 %
2026/09/24 10:53:28.905, NVIDIA L4, 23034 MiB, 21350 MiB, 1297 MiB, 93 %
2026/09/24 10:53:29.905, NVIDIA L4, 23034 MiB, 21350 MiB, 1297 MiB, 93 %
2026/09/24 10:53:30.905, NVIDIA L4, 23034 MiB, 21350 MiB, 1297 MiB, 93 %
2026/09/24 10:53:31.906, NVIDIA L4, 23034 MiB, 21350 MiB, 1297 MiB, 93 %
2026/09/24 10:53:32.906, NVIDIA L4, 23034 MiB, 21350 MiB, 1297 MiB, 93 %
2026/09/24 10:53:33.906, NVIDIA L4, 23034 MiB, 21350 MiB, 1297 MiB, 93 %
2026/09/24 10:53:34.906, NVIDIA L4, 23034 MiB, 21350 MiB, 1297 MiB, 94 %
2026/09/24 10:53:35.907, NVIDIA L4, 23034 MiB, 21350 MiB, 1297 MiB, 93 %
2026/09/24 10:53:36.907, NVIDIA L4, 23034 MiB, 21350 MiB, 1297 MiB, 34 %
2026/09/24 10:53:37.907, NVIDIA L4, 23034 MiB, 21350 MiB, 1297 MiB, 94 %
2026/09/24 10:53:38.908, NVIDIA L4, 23034 MiB, 21350 MiB, 1297 MiB, 94 %
2026/09/24 10:53:39.908, NVIDIA L4, 23034 MiB, 21350 MiB, 1297 MiB, 93 %
2026/09/24 10:53:40.908, NVIDIA L4, 23034 MiB, 21350 MiB, 1297 MiB, 94 %
2026/09/24 10:53:41.908, NVIDIA L4, 23034 MiB, 21350 MiB, 1297 MiB, 93 %
2026/09/24 10:53:42.909, NVIDIA L4, 23034 MiB, 21350 MiB, 1297 MiB, 94 %
2026/09/24 10:53:43.909, NVIDIA L4, 23034 MiB, 21350 MiB, 1297 MiB, 94 %
2026/09/24 10:53:44.909, NVIDIA L4, 23034 MiB, 21350 MiB, 1297 MiB, 93 %
2026/09/24 10:53:45.910, NVIDIA L4, 23034 MiB, 21350 MiB, 1297 MiB, 93 %
2026/09/24 10:53:46.910, NVIDIA L4, 23034 MiB, 21350 MiB, 1297 MiB, 94 %
2026/09/24 10:53:47.910, NVIDIA L4, 23034 MiB, 21350 MiB, 1297 MiB, 94 %
2026/09/24 10:53:48.910, NVIDIA L4, 23034 MiB, 21350 MiB, 1297 MiB, 94 %
2026/09/24 10:53:49.911, NVIDIA L4, 23034 MiB, 21350 MiB, 1297 MiB, 93 %
2026/09/24 10:53:50.911, NVIDIA L4, 23034 MiB, 21350 MiB, 1297 MiB, 94 %
2026/09/24 10:53:51.911, NVIDIA L4, 23034 MiB, 21350 MiB, 1297 MiB, 94 %
2026/09/24 10:53:52.912, NVIDIA L4, 23034 MiB, 21350 MiB, 1297 MiB, 93 %
2026/09/24 10:53:53.912, NVIDIA L4, 23034 MiB, 21350 MiB, 1297 MiB, 94 %
2026/09/24 10:53:54.912, NVIDIA L4, 23034 MiB, 21350 MiB, 1297 MiB, 94 %
2026/09/24 10:53:55.912, NVIDIA L4, 23034 MiB, 21350 MiB, 1297 MiB, 94 %
2026/09/24 10:53:56.913, NVIDIA L4, 23034 MiB, 21350 MiB, 1297 MiB, 94 %
2026/09/24 10:53:57.913, NVIDIA L4, 23034 MiB, 21350 MiB, 1297 MiB, 93 %
2026/09/24 10:53:58.913, NVIDIA L4, 23034 MiB, 21350 MiB, 1297 MiB, 94 %
2026/09/24 10:53:59.913, NVIDIA L4, 23034 MiB, 21350 MiB, 1297 MiB, 93 %
2026/09/24 10:54:00.914, NVIDIA L4, 23034 MiB, 21350 MiB, 1297 MiB, 93 %
2026/09/24 10:54:01.914, NVIDIA L4, 23034 MiB, 21350 MiB, 1297 MiB, 94 %
2026/09/24 10:54:02.914, NVIDIA L4, 23034 MiB, 21350 MiB, 1297 MiB, 92 %
2026/09/24 10:54:03.915, NVIDIA L4, 23034 MiB, 21350 MiB, 1297 MiB, 94 %
2026/09/24 10:54:04.915, NVIDIA L4, 23034 MiB, 21350 MiB, 1297 MiB, 94 %
2026/09/24 10:54:05.915, NVIDIA L4, 23034 MiB, 21350 MiB, 1297 MiB, 94 %
2026/09/24 10:54:06.915, NVIDIA L4, 23034 MiB, 21350 MiB, 1297 MiB, 94 %
2026/09/24 10:54:07.916, NVIDIA L4, 23034 MiB, 21350 MiB, 1297 MiB, 94 %
2026/09/24 10:54:08.916, NVIDIA L4, 23034 MiB, 21350 MiB, 1297 MiB, 94 %
2026/09/24 10:54:09.916, NVIDIA L4, 23034 MiB, 21350 MiB, 1297 MiB, 93 %
2026/09/24 10:54:10.917, NVIDIA L4, 23034 MiB, 21350 MiB, 1297 MiB, 94 %
2026/09/24 10:54:11.917, NVIDIA L4, 23034 MiB, 21350 MiB, 1297 MiB, 94 %
2026/09/24 10:54:12.917, NVIDIA L4, 23034 MiB, 21350 MiB, 1297 MiB, 94 %
2026/09/24 10:54:13.917, NVIDIA L4, 23034 MiB, 21350 MiB, 1297 MiB, 93 %
2026/09/24 10:54:14.918, NVIDIA L4, 23034 MiB, 21350 MiB, 1297 MiB, 93 %
2026/09/24 10:54:15.918, NVIDIA L4, 23034 MiB, 21350 MiB, 1297 MiB, 93 %
2026/09/24 10:54:16.918, NVIDIA L4, 23034 MiB, 21350 MiB, 1297 MiB, 93 %
2026/09/24 10:54:17.919, NVIDIA L4, 23034 MiB, 21350 MiB, 1297 MiB, 94 %
2026/09/24 10:54:18.919, NVIDIA L4, 23034 MiB, 21350 MiB, 1297 MiB, 94 %
2026/09/24 10:54:19.919, NVIDIA L4, 23034 MiB, 21350 MiB, 1297 MiB, 93 %
2026/09/24 10:54:20.919, NVIDIA L4, 23034 MiB, 21350 MiB, 1297 MiB, 94 %
2026/09/24 10:54:21.920, NVIDIA L4, 23034 MiB, 21350 MiB, 1297 MiB, 94 %
2026/09/24 10:54:22.920, NVIDIA L4, 23034 MiB, 21350 MiB, 1297 MiB, 94 %
2026/09/24 10:54:23.920, NVIDIA L4, 23034 MiB, 21350 MiB, 1297 MiB, 93 %
2026/09/24 10:54:24.921, NVIDIA L4, 23034 MiB, 21350 MiB, 1297 MiB, 63 %
2026/09/24 10:54:25.921, NVIDIA L4, 23034 MiB, 21350 MiB, 1297 MiB, 93 %
2026/09/24 10:54:26.921, NVIDIA L4, 23034 MiB, 21350 MiB, 1297 MiB, 93 %
2026/09/24 10:54:27.921, NVIDIA L4, 23034 MiB, 21350 MiB, 1297 MiB, 93 %
2026/09/24 10:54:28.922, NVIDIA L4, 23034 MiB, 21350 MiB, 1297 MiB, 94 %
2026/09/24 10:54:29.922, NVIDIA L4, 23034 MiB, 21350 MiB, 1297 MiB, 93 %
2026/09/24 10:54:30.922, NVIDIA L4, 23034 MiB, 21350 MiB, 1297 MiB, 93 %
2026/09/24 10:54:31.923, NVIDIA L4, 23034 MiB, 21350 MiB, 1297 MiB, 93 %
2026/09/24 10:54:32.923, NVIDIA L4, 23034 MiB, 21350 MiB, 1297 MiB, 93 %
2026/09/24 10:54:33.923, NVIDIA L4, 23034 MiB, 21350 MiB, 1297 MiB, 94 %
2026/09/24 10:54:34.924, NVIDIA L4, 23034 MiB, 21350 MiB, 1297 MiB, 93 %
2026/09/24 10:54:35.924, NVIDIA L4, 23034 MiB, 21350 MiB, 1297 MiB, 93 %
2026/09/24 10:54:36.924, NVIDIA L4, 23034 MiB, 21350 MiB, 1297 MiB, 94 %
2026/09/24 10:54:37.924, NVIDIA L4, 23034 MiB, 21350 MiB, 1297 MiB, 94 %
2026/09/24 10:54:38.925, NVIDIA L4, 23034 MiB, 21350 MiB, 1297 MiB, 93 %
2026/09/24 10:54:39.925, NVIDIA L4, 23034 MiB, 21350 MiB, 1297 MiB, 94 %
2026/09/24 10:54:40.925, NVIDIA L4, 23034 MiB, 21350 MiB, 1297 MiB, 94 %
2026/09/24 10:54:41.926, NVIDIA L4, 23034 MiB, 21350 MiB, 1297 MiB, 93 %
2026/09/24 10:54:42.926, NVIDIA L4, 23034 MiB, 21350 MiB, 1297 MiB, 94 %
2026/09/24 10:54:43.926, NVIDIA L4, 23034 MiB, 21350 MiB, 1297 MiB, 93 %
2026/09/24 10:54:44.926, NVIDIA L4, 23034 MiB, 21350 MiB, 1297 MiB, 94 %
2026/09/24 10:54:45.927, NVIDIA L4, 23034 MiB, 21350 MiB, 1297 MiB, 94 %
2026/09/24 10:54:46.927, NVIDIA L4, 23034 MiB, 21350 MiB, 1297 MiB, 93 %
2026/09/24 10:54:47.927, NVIDIA L4, 23034 MiB, 21350 MiB, 1297 MiB, 94 %
2026/09/24 10:54:48.928, NVIDIA L4, 23034 MiB, 21350 MiB, 1297 MiB, 94 %
2026/09/24 10:54:49.928, NVIDIA L4, 23034 MiB, 21350 MiB, 1297 MiB, 93 %
2026/09/24 10:54:50.928, NVIDIA L4, 23034 MiB, 21350 MiB, 1297 MiB, 93 %
2026/09/24 10:54:51.929, NVIDIA L4, 23034 MiB, 21350 MiB, 1297 MiB, 93 %
2026/09/24 10:54:52.929, NVIDIA L4, 23034 MiB, 21350 MiB, 1297 MiB, 94 %
2026/09/24 10:54:53.929, NVIDIA L4, 23034 MiB, 21350 MiB, 1297 MiB, 94 %
2026/09/24 10:54:54.929, NVIDIA L4, 23034 MiB, 21350 MiB, 1297 MiB, 94 %
2026/09/24 10:54:55.930, NVIDIA L4, 23034 MiB, 21350 MiB, 1297 MiB, 94 %
2026/09/24 10:54:56.930, NVIDIA L4, 23034 MiB, 21350 MiB, 1297 MiB, 94 %
2026/09/24 10:54:57.930, NVIDIA L4, 23034 MiB, 21350 MiB, 1297 MiB, 94 %
2026/09/24 10:54:58.931, NVIDIA L4, 23034 MiB, 21350 MiB, 1297 MiB, 92 %
2026/09/24 10:54:59.931, NVIDIA L4, 23034 MiB, 21350 MiB, 1297 MiB, 94 %
2026/09/24 10:55:00.931, NVIDIA L4, 23034 MiB, 21350 MiB, 1297 MiB, 94 %
2026/09/24 10:55:01.932, NVIDIA L4, 23034 MiB, 21350 MiB, 1297 MiB, 93 %
2026/09/24 10:55:02.932, NVIDIA L4, 23034 MiB, 21350 MiB, 1297 MiB, 94 %
2026/09/24 10:55:03.932, NVIDIA L4, 23034 MiB, 21350 MiB, 1297 MiB, 92 %
2026/09/24 10:55:04.932, NVIDIA L4, 23034 MiB, 21350 MiB, 1297 MiB, 94 %
2026/09/24 10:55:05.933, NVIDIA L4, 23034 MiB, 21350 MiB, 1297 MiB, 94 %
2026/09/24 10:55:06.933, NVIDIA L4, 23034 MiB, 21350 MiB, 1297 MiB, 93 %
2026/09/24 10:55:07.933, NVIDIA L4, 23034 MiB, 21350 MiB, 1297 MiB, 94 %
2026/09/24 10:55:08.934, NVIDIA L4, 23034 MiB, 21350 MiB, 1297 MiB, 93 %
2026/09/24 10:55:09.934, NVIDIA L4, 23034 MiB, 21350 MiB, 1297 MiB, 94 %
2026/09/24 10:55:10.934, NVIDIA L4, 23034 MiB, 21350 MiB, 1297 MiB, 94 %
2026/09/24 10:55:11.935, NVIDIA L4, 23034 MiB, 21350 MiB, 1297 MiB, 91 %
2026/09/24 10:55:12.935, NVIDIA L4, 23034 MiB, 21350 MiB, 1297 MiB, 92 %
2026/09/24 10:55:13.935, NVIDIA L4, 23034 MiB, 21350 MiB, 1297 MiB, 93 %
2026/09/24 10:55:14.935, NVIDIA L4, 23034 MiB, 21350 MiB, 1297 MiB, 0 %
2026/09/24 10:55:15.936, NVIDIA L4, 23034 MiB, 21350 MiB, 1297 MiB, 0 %
2026/09/24 10:55:16.936, NVIDIA L4, 23034 MiB, 21350 MiB, 1297 MiB, 90 %
2026/09/24 10:55:17.936, NVIDIA L4, 23034 MiB, 21350 MiB, 1297 MiB, 94 %
2026/09/24 10:55:18.936, NVIDIA L4, 23034 MiB, 21350 MiB, 1297 MiB, 93 %
2026/09/24 10:55:19.937, NVIDIA L4, 23034 MiB, 21350 MiB, 1297 MiB, 94 %
2026/09/24 10:55:20.937, NVIDIA L4, 23034 MiB, 21350 MiB, 1297 MiB, 92 %
2026/09/24 10:55:21.937, NVIDIA L4, 23034 MiB, 21350 MiB, 1297 MiB, 93 %
2026/09/24 10:55:22.938, NVIDIA L4, 23034 MiB, 21350 MiB, 1297 MiB, 92 %
2026/09/24 10:55:23.938, NVIDIA L4, 23034 MiB, 21350 MiB, 1297 MiB, 93 %
2026/09/24 10:55:24.938, NVIDIA L4, 23034 MiB, 21350 MiB, 1297 MiB, 88 %
2026/09/24 10:55:25.939, NVIDIA L4, 23034 MiB, 21350 MiB, 1297 MiB, 92 %
2026/09/24 10:55:26.939, NVIDIA L4, 23034 MiB, 21350 MiB, 1297 MiB, 94 %
2026/09/24 10:55:27.939, NVIDIA L4, 23034 MiB, 21350 MiB, 1297 MiB, 93 %
2026/09/24 10:55:28.940, NVIDIA L4, 23034 MiB, 21350 MiB, 1297 MiB, 94 %
2026/09/24 10:55:29.940, NVIDIA L4, 23034 MiB, 21350 MiB, 1297 MiB, 93 %
2026/09/24 10:55:30.940, NVIDIA L4, 23034 MiB, 21350 MiB, 1297 MiB, 93 %
2026/09/24 10:55:31.940, NVIDIA L4, 23034 MiB, 21350 MiB, 1297 MiB, 93 %
2026/09/24 10:55:32.941, NVIDIA L4, 23034 MiB, 21350 MiB, 1297 MiB, 93 %
2026/09/24 10:55:33.941, NVIDIA L4, 23034 MiB, 21350 MiB, 1297 MiB, 93 %
2026/09/24 10:55:34.941, NVIDIA L4, 23034 MiB, 21350 MiB, 1297 MiB, 93 %
2026/09/24 10:55:35.942, NVIDIA L4, 23034 MiB, 21350 MiB, 1297 MiB, 44 %
2026/09/24 10:55:36.942, NVIDIA L4, 23034 MiB, 21350 MiB, 1297 MiB, 91 %
2026/09/24 10:55:37.942, NVIDIA L4, 23034 MiB, 21350 MiB, 1297 MiB, 93 %
2026/09/24 10:55:38.943, NVIDIA L4, 23034 MiB, 21350 MiB, 1297 MiB, 94 %
2026/09/24 10:55:39.943, NVIDIA L4, 23034 MiB, 21350 MiB, 1297 MiB, 93 %
2026/09/24 10:55:40.943, NVIDIA L4, 23034 MiB, 21350 MiB, 1297 MiB, 93 %
2026/09/24 10:55:41.944, NVIDIA L4, 23034 MiB, 21350 MiB, 1297 MiB, 93 %
2026/09/24 10:55:42.944, NVIDIA L4, 23034 MiB, 21350 MiB, 1297 MiB, 94 %
2026/09/24 10:55:43.944, NVIDIA L4, 23034 MiB, 21350 MiB, 1297 MiB, 93 %
2026/09/24 10:55:44.944, NVIDIA L4, 23034 MiB, 21350 MiB, 1297 MiB, 93 %
2026/09/24 10:55:45.945, NVIDIA L4, 23034 MiB, 21350 MiB, 1297 MiB, 93 %
2026/09/24 10:55:46.945, NVIDIA L4, 23034 MiB, 21350 MiB, 1297 MiB, 94 %
2026/09/24 10:55:47.945, NVIDIA L4, 23034 MiB, 21350 MiB, 1297 MiB, 94 %
2026/09/24 10:55:48.946, NVIDIA L4, 23034 MiB, 21350 MiB, 1297 MiB, 94 %
2026/09/24 10:55:49.946, NVIDIA L4, 23034 MiB, 21350 MiB, 1297 MiB, 93 %
2026/09/24 10:55:50.946, NVIDIA L4, 23034 MiB, 21350 MiB, 1297 MiB, 94 %
2026/09/24 10:55:51.947, NVIDIA L4, 23034 MiB, 21350 MiB, 1297 MiB, 94 %
2026/09/24 10:55:52.947, NVIDIA L4, 23034 MiB, 21350 MiB, 1297 MiB, 93 %
2026/09/24 10:55:53.947, NVIDIA L4, 23034 MiB, 21350 MiB, 1297 MiB, 91 %
2026/09/24 10:55:54.948, NVIDIA L4, 23034 MiB, 21350 MiB, 1297 MiB, 93 %
2026/09/24 10:55:55.948, NVIDIA L4, 23034 MiB, 21350 MiB, 1297 MiB, 93 %
2026/09/24 10:55:56.948, NVIDIA L4, 23034 MiB, 21350 MiB, 1297 MiB, 93 %
2026/09/24 10:55:57.948, NVIDIA L4, 23034 MiB, 21350 MiB, 1297 MiB, 92 %
2026/09/24 10:55:58.949, NVIDIA L4, 23034 MiB, 21350 MiB, 1297 MiB, 93 %
2026/09/24 10:55:59.949, NVIDIA L4, 23034 MiB, 21350 MiB, 1297 MiB, 92 %
2026/09/24 10:56:00.949, NVIDIA L4, 23034 MiB, 21350 MiB, 1297 MiB, 92 %
2026/09/24 10:56:01.950, NVIDIA L4, 23034 MiB, 21350 MiB, 1297 MiB, 93 %
2026/09/24 10:56:02.950, NVIDIA L4, 23034 MiB, 21350 MiB, 1297 MiB, 93 %
2026/09/24 10:56:03.950, NVIDIA L4, 23034 MiB, 21350 MiB, 1297 MiB, 93 %
2026/09/24 10:56:04.950, NVIDIA L4, 23034 MiB, 21350 MiB, 1297 MiB, 93 %
2026/09/24 10:56:05.951, NVIDIA L4, 23034 MiB, 21350 MiB, 1297 MiB, 93 %
2026/09/24 10:56:06.951, NVIDIA L4, 23034 MiB, 21350 MiB, 1297 MiB, 93 %
2026/09/24 10:56:07.951, NVIDIA L4, 23034 MiB, 21350 MiB, 1297 MiB, 93 %
2026/09/24 10:56:08.952, NVIDIA L4, 23034 MiB, 21350 MiB, 1297 MiB, 93 %
2026/09/24 10:56:09.952, NVIDIA L4, 23034 MiB, 21350 MiB, 1297 MiB, 92 %
2026/09/24 10:56:10.952, NVIDIA L4, 23034 MiB, 21350 MiB, 1297 MiB, 94 %
2026/09/24 10:56:11.953, NVIDIA L4, 23034 MiB, 21350 MiB, 1297 MiB, 93 %
2026/09/24 10:56:12.953, NVIDIA L4, 23034 MiB, 21350 MiB, 1297 MiB, 93 %
2026/09/24 10:56:13.953, NVIDIA L4, 23034 MiB, 21350 MiB, 1297 MiB, 93 %
2026/09/24 10:56:14.953, NVIDIA L4, 23034 MiB, 21350 MiB, 1297 MiB, 93 %
2026/09/24 10:56:15.954, NVIDIA L4, 23034 MiB, 21350 MiB, 1297 MiB, 93 %
2026/09/24 10:56:16.954, NVIDIA L4, 23034 MiB, 21350 MiB, 1297 MiB, 93 %
2026/09/24 10:56:17.954, NVIDIA L4, 23034 MiB, 21350 MiB, 1297 MiB, 92 %
2026/09/24 10:56:18.955, NVIDIA L4, 23034 MiB, 21350 MiB, 1297 MiB, 93 %
2026/09/24 10:56:19.955, NVIDIA L4, 23034 MiB, 21350 MiB, 1297 MiB, 91 %
2026/09/24 10:56:20.955, NVIDIA L4, 23034 MiB, 21350 MiB, 1297 MiB, 93 %
2026/09/24 10:56:21.955, NVIDIA L4, 23034 MiB, 21350 MiB, 1297 MiB, 93 %
2026/09/24 10:56:22.956, NVIDIA L4, 23034 MiB, 21350 MiB, 1297 MiB, 93 %
2026/09/24 10:56:23.956, NVIDIA L4, 23034 MiB, 21350 MiB, 1297 MiB, 93 %
2026/09/24 10:56:24.956, NVIDIA L4, 23034 MiB, 21350 MiB, 1297 MiB, 93 %
2026/09/24 10:56:25.957, NVIDIA L4, 23034 MiB, 21350 MiB, 1297 MiB, 93 %
2026/09/24 10:56:26.957, NVIDIA L4, 23034 MiB, 21350 MiB, 1297 MiB, 92 %
2026/09/24 10:56:27.957, NVIDIA L4, 23034 MiB, 21350 MiB, 1297 MiB, 94 %
2026/09/24 10:56:28.958, NVIDIA L4, 23034 MiB, 21350 MiB, 1297 MiB, 93 %
2026/09/24 10:56:29.958, NVIDIA L4, 23034 MiB, 21350 MiB, 1297 MiB, 93 %
2026/09/24 10:56:30.958, NVIDIA L4, 23034 MiB, 21350 MiB, 1297 MiB, 93 %
2026/09/24 10:56:31.958, NVIDIA L4, 23034 MiB, 21350 MiB, 1297 MiB, 93 %
2026/09/24 10:56:32.959, NVIDIA L4, 23034 MiB, 21350 MiB, 1297 MiB, 93 %
2026/09/24 10:56:33.959, NVIDIA L4, 23034 MiB, 21350 MiB, 1297 MiB, 93 %
2026/09/24 10:56:34.959, NVIDIA L4, 23034 MiB, 21350 MiB, 1297 MiB, 94 %
2026/09/24 10:56:35.960, NVIDIA L4, 23034 MiB, 21350 MiB, 1297 MiB, 94 %
2026/09/24 10:56:36.960, NVIDIA L4, 23034 MiB, 21350 MiB, 1297 MiB, 93 %
2026/09/24 10:56:37.960, NVIDIA L4, 23034 MiB, 21350 MiB, 1297 MiB, 94 %
2026/09/24 10:56:38.960, NVIDIA L4, 23034 MiB, 21350 MiB, 1297 MiB, 93 %
2026/09/24 10:56:39.961, NVIDIA L4, 23034 MiB, 21350 MiB, 1297 MiB, 92 %
2026/09/24 10:56:40.961, NVIDIA L4, 23034 MiB, 21350 MiB, 1297 MiB, 93 %
2026/09/24 10:56:41.961, NVIDIA L4, 23034 MiB, 21350 MiB, 1297 MiB, 93 %
2026/09/24 10:56:42.962, NVIDIA L4, 23034 MiB, 21350 MiB, 1297 MiB, 93 %
2026/09/24 10:56:43.962, NVIDIA L4, 23034 MiB, 21350 MiB, 1297 MiB, 92 %
2026/09/24 10:56:44.962, NVIDIA L4, 23034 MiB, 21350 MiB, 1297 MiB, 93 %
2026/09/24 10:56:45.963, NVIDIA L4, 23034 MiB, 21350 MiB, 1297 MiB, 93 %
2026/09/24 10:56:46.963, NVIDIA L4, 23034 MiB, 21350 MiB, 1297 MiB, 93 %
2026/09/24 10:56:47.964, NVIDIA L4, 23034 MiB, 21350 MiB, 1297 MiB, 93 %
2026/09/24 10:56:48.964, NVIDIA L4, 23034 MiB, 21350 MiB, 1297 MiB, 92 %
2026/09/24 10:56:49.965, NVIDIA L4, 23034 MiB, 21350 MiB, 1297 MiB, 93 %
2026/09/24 10:56:50.965, NVIDIA L4, 23034 MiB, 21350 MiB, 1297 MiB, 93 %
2026/09/24 10:56:51.965, NVIDIA L4, 23034 MiB, 21350 MiB, 1297 MiB, 91 %
2026/09/24 10:56:52.967, NVIDIA L4, 23034 MiB, 21350 MiB, 1297 MiB, 92 %
2026/09/24 10:56:53.967, NVIDIA L4, 23034 MiB, 21350 MiB, 1297 MiB, 93 %
2026/09/24 10:56:54.967, NVIDIA L4, 23034 MiB, 21350 MiB, 1297 MiB, 93 %
2026/09/24 10:56:55.968, NVIDIA L4, 23034 MiB, 21350 MiB, 1297 MiB, 93 %
2026/09/24 10:56:56.968, NVIDIA L4, 23034 MiB, 21350 MiB, 1297 MiB, 93 %
2026/09/24 10:56:57.968, NVIDIA L4, 23034 MiB, 21350 MiB, 1297 MiB, 93 %
2026/09/24 10:56:58.969, NVIDIA L4, 23034 MiB, 21350 MiB, 1297 MiB, 93 %
2026/09/24 10:56:59.969, NVIDIA L4, 23034 MiB, 21350 MiB, 1297 MiB, 93 %
2026/09/24 10:57:00.969, NVIDIA L4, 23034 MiB, 21350 MiB, 1297 MiB, 94 %
2026/09/24 10:57:01.970, NVIDIA L4, 23034 MiB, 21350 MiB, 1297 MiB, 92 %
2026/09/24 10:57:02.970, NVIDIA L4, 23034 MiB, 21350 MiB, 1297 MiB, 93 %
2026/09/24 10:57:03.970, NVIDIA L4, 23034 MiB, 21350 MiB, 1297 MiB, 93 %
2026/09/24 10:57:04.970, NVIDIA L4, 23034 MiB, 21350 MiB, 1297 MiB, 93 %
2026/09/24 10:57:05.971, NVIDIA L4, 23034 MiB, 21350 MiB, 1297 MiB, 93 %
2026/09/24 10:57:06.971, NVIDIA L4, 23034 MiB, 21350 MiB, 1297 MiB, 93 %
2026/09/24 10:57:07.971, NVIDIA L4, 23034 MiB, 21350 MiB, 1297 MiB, 93 %
2026/09/24 10:57:08.972, NVIDIA L4, 23034 MiB, 21350 MiB, 1297 MiB, 93 %
2026/09/24 10:57:09.972, NVIDIA L4, 23034 MiB, 21350 MiB, 1297 MiB, 94 %
2026/09/24 10:57:10.972, NVIDIA L4, 23034 MiB, 21350 MiB, 1297 MiB, 94 %
2026/09/24 10:57:11.972, NVIDIA L4, 23034 MiB, 21350 MiB, 1297 MiB, 93 %
2026/09/24 10:57:12.973, NVIDIA L4, 23034 MiB, 21350 MiB, 1297 MiB, 93 %
2026/09/24 10:57:13.973, NVIDIA L4, 23034 MiB, 21350 MiB, 1297 MiB, 93 %
2026/09/24 10:57:14.973, NVIDIA L4, 23034 MiB, 21350 MiB, 1297 MiB, 93 %
2026/09/24 10:57:15.974, NVIDIA L4, 23034 MiB, 21350 MiB, 1297 MiB, 93 %
2026/09/24 10:57:16.974, NVIDIA L4, 23034 MiB, 21350 MiB, 1297 MiB, 92 %
2026/09/24 10:57:17.974, NVIDIA L4, 23034 MiB, 21350 MiB, 1297 MiB, 94 %
2026/09/24 10:57:18.976, NVIDIA L4, 23034 MiB, 21350 MiB, 1297 MiB, 93 %
2026/09/24 10:57:19.976, NVIDIA L4, 23034 MiB, 21350 MiB, 1297 MiB, 93 %
2026/09/24 10:57:20.976, NVIDIA L4, 23034 MiB, 21350 MiB, 1297 MiB, 93 %
2026/09/24 10:57:21.977, NVIDIA L4, 23034 MiB, 21350 MiB, 1297 MiB, 93 %
2026/09/24 10:57:22.977, NVIDIA L4, 23034 MiB, 21350 MiB, 1297 MiB, 94 %
2026/09/24 10:57:23.977, NVIDIA L4, 23034 MiB, 21350 MiB, 1297 MiB, 93 %
2026/09/24 10:57:24.978, NVIDIA L4, 23034 MiB, 21350 MiB, 1297 MiB, 92 %
2026/09/24 10:57:25.978, NVIDIA L4, 23034 MiB, 21350 MiB, 1297 MiB, 93 %
2026/09/24 10:57:26.978, NVIDIA L4, 23034 MiB, 21350 MiB, 1297 MiB, 93 %
2026/09/24 10:57:27.979, NVIDIA L4, 23034 MiB, 21350 MiB, 1297 MiB, 89 %
2026/09/24 10:57:28.979, NVIDIA L4, 23034 MiB, 21350 MiB, 1297 MiB, 91 %
2026/09/24 10:57:29.979, NVIDIA L4, 23034 MiB, 21350 MiB, 1297 MiB, 93 %
2026/09/24 10:57:30.980, NVIDIA L4, 23034 MiB, 21350 MiB, 1297 MiB, 86 %
2026/09/24 10:57:31.980, NVIDIA L4, 23034 MiB, 21350 MiB, 1297 MiB, 93 %
2026/09/24 10:57:32.980, NVIDIA L4, 23034 MiB, 21350 MiB, 1297 MiB, 93 %
2026/09/24 10:57:33.980, NVIDIA L4, 23034 MiB, 21350 MiB, 1297 MiB, 93 %
2026/09/24 10:57:34.981, NVIDIA L4, 23034 MiB, 21350 MiB, 1297 MiB, 93 %
2026/09/24 10:57:35.981, NVIDIA L4, 23034 MiB, 21350 MiB, 1297 MiB, 93 %
2026/09/24 10:57:36.981, NVIDIA L4, 23034 MiB, 21350 MiB, 1297 MiB, 92 %
2026/09/24 10:57:37.982, NVIDIA L4, 23034 MiB, 21350 MiB, 1297 MiB, 93 %
2026/09/24 10:57:38.982, NVIDIA L4, 23034 MiB, 21350 MiB, 1297 MiB, 93 %
2026/09/24 10:57:39.982, NVIDIA L4, 23034 MiB, 21350 MiB, 1297 MiB, 93 %
2026/09/24 10:57:40.983, NVIDIA L4, 23034 MiB, 21350 MiB, 1297 MiB, 93 %
2026/09/24 10:57:41.983, NVIDIA L4, 23034 MiB, 21350 MiB, 1297 MiB, 93 %
2026/09/24 10:57:42.983, NVIDIA L4, 23034 MiB, 21350 MiB, 1297 MiB, 93 %
2026/09/24 10:57:43.983, NVIDIA L4, 23034 MiB, 21350 MiB, 1297 MiB, 94 %
2026/09/24 10:57:44.984, NVIDIA L4, 23034 MiB, 21350 MiB, 1297 MiB, 93 %
2026/09/24 10:57:45.984, NVIDIA L4, 23034 MiB, 21350 MiB, 1297 MiB, 93 %
2026/09/24 10:57:46.984, NVIDIA L4, 23034 MiB, 21350 MiB, 1297 MiB, 94 %
2026/09/24 10:57:47.985, NVIDIA L4, 23034 MiB, 21350 MiB, 1297 MiB, 0 %
2026/09/24 10:57:48.985, NVIDIA L4, 23034 MiB, 21350 MiB, 1297 MiB, 0 %
2026/09/24 10:57:49.985, NVIDIA L4, 23034 MiB, 21350 MiB, 1297 MiB, 93 %
2026/09/24 10:57:50.985, NVIDIA L4, 23034 MiB, 21350 MiB, 1297 MiB, 94 %
2026/09/24 10:57:51.986, NVIDIA L4, 23034 MiB, 21350 MiB, 1297 MiB, 93 %
2026/09/24 10:57:52.986, NVIDIA L4, 23034 MiB, 21350 MiB, 1297 MiB, 93 %
2026/09/24 10:57:53.986, NVIDIA L4, 23034 MiB, 21350 MiB, 1297 MiB, 93 %
2026/09/24 10:57:54.987, NVIDIA L4, 23034 MiB, 21350 MiB, 1297 MiB, 93 %
2026/09/24 10:57:55.987, NVIDIA L4, 23034 MiB, 21350 MiB, 1297 MiB, 94 %
2026/09/24 10:57:56.987, NVIDIA L4, 23034 MiB, 21350 MiB, 1297 MiB, 94 %
2026/09/24 10:57:57.987, NVIDIA L4, 23034 MiB, 21350 MiB, 1297 MiB, 93 %
2026/09/24 10:57:58.988, NVIDIA L4, 23034 MiB, 21350 MiB, 1297 MiB, 94 %
2026/09/24 10:57:59.988, NVIDIA L4, 23034 MiB, 21350 MiB, 1297 MiB, 92 %
2026/09/24 10:58:00.988, NVIDIA L4, 23034 MiB, 21350 MiB, 1297 MiB, 93 %
2026/09/24 10:58:01.989, NVIDIA L4, 23034 MiB, 21350 MiB, 1297 MiB, 93 %
2026/09/24 10:58:02.989, NVIDIA L4, 23034 MiB, 21350 MiB, 1297 MiB, 94 %
2026/09/24 10:58:03.989, NVIDIA L4, 23034 MiB, 21350 MiB, 1297 MiB, 93 %
2026/09/24 10:58:04.989, NVIDIA L4, 23034 MiB, 21350 MiB, 1297 MiB, 93 %
2026/09/24 10:58:05.990, NVIDIA L4, 23034 MiB, 21350 MiB, 1297 MiB, 94 %
2026/09/24 10:58:06.990, NVIDIA L4, 23034 MiB, 21350 MiB, 1297 MiB, 94 %
2026/09/24 10:58:07.990, NVIDIA L4, 23034 MiB, 21350 MiB, 1297 MiB, 94 %
2026/09/24 10:58:08.990, NVIDIA L4, 23034 MiB, 21350 MiB, 1297 MiB, 94 %
2026/09/24 10:58:09.991, NVIDIA L4, 23034 MiB, 21350 MiB, 1297 MiB, 92 %
2026/09/24 10:58:10.991, NVIDIA L4, 23034 MiB, 21350 MiB, 1297 MiB, 94 %
2026/09/24 10:58:11.991, NVIDIA L4, 23034 MiB, 21350 MiB, 1297 MiB, 93 %
2026/09/24 10:58:12.992, NVIDIA L4, 23034 MiB, 21350 MiB, 1297 MiB, 94 %
2026/09/24 10:58:13.992, NVIDIA L4, 23034 MiB, 21350 MiB, 1297 MiB, 94 %
2026/09/24 10:58:14.992, NVIDIA L4, 23034 MiB, 21350 MiB, 1297 MiB, 94 %
2026/09/24 10:58:15.992, NVIDIA L4, 23034 MiB, 21350 MiB, 1297 MiB, 94 %
2026/09/24 10:58:16.993, NVIDIA L4, 23034 MiB, 21350 MiB, 1297 MiB, 93 %
2026/09/24 10:58:17.993, NVIDIA L4, 23034 MiB, 21350 MiB, 1297 MiB, 94 %
2026/09/24 10:58:18.993, NVIDIA L4, 23034 MiB, 21350 MiB, 1297 MiB, 92 %
2026/09/24 10:58:19.993, NVIDIA L4, 23034 MiB, 21350 MiB, 1297 MiB, 92 %
2026/09/24 10:58:20.994, NVIDIA L4, 23034 MiB, 21350 MiB, 1297 MiB, 94 %
2026/09/24 10:58:21.994, NVIDIA L4, 23034 MiB, 21350 MiB, 1297 MiB, 93 %
2026/09/24 10:58:22.994, NVIDIA L4, 23034 MiB, 21350 MiB, 1297 MiB, 51 %
2026/09/24 10:58:23.995, NVIDIA L4, 23034 MiB, 21350 MiB, 1297 MiB, 93 %
2026/09/24 10:58:24.995, NVIDIA L4, 23034 MiB, 21350 MiB, 1297 MiB, 93 %
2026/09/24 10:58:25.995, NVIDIA L4, 23034 MiB, 21350 MiB, 1297 MiB, 94 %
2026/09/24 10:58:26.995, NVIDIA L4, 23034 MiB, 21350 MiB, 1297 MiB, 93 %
2026/09/24 10:58:27.996, NVIDIA L4, 23034 MiB, 21350 MiB, 1297 MiB, 94 %
2026/09/24 10:58:28.996, NVIDIA L4, 23034 MiB, 21350 MiB, 1297 MiB, 94 %
2026/09/24 10:58:29.996, NVIDIA L4, 23034 MiB, 21350 MiB, 1297 MiB, 94 %
2026/09/24 10:58:30.997, NVIDIA L4, 23034 MiB, 21350 MiB, 1297 MiB, 94 %
2026/09/24 10:58:31.997, NVIDIA L4, 23034 MiB, 21350 MiB, 1297 MiB, 93 %
2026/09/24 10:58:32.997, NVIDIA L4, 23034 MiB, 21350 MiB, 1297 MiB, 93 %
2026/09/24 10:58:33.997, NVIDIA L4, 23034 MiB, 21350 MiB, 1297 MiB, 93 %
2026/09/24 10:58:34.998, NVIDIA L4, 23034 MiB, 21350 MiB, 1297 MiB, 91 %
2026/09/24 10:58:35.998, NVIDIA L4, 23034 MiB, 21350 MiB, 1297 MiB, 92 %
2026/09/24 10:58:36.998, NVIDIA L4, 23034 MiB, 21350 MiB, 1297 MiB, 93 %
2026/09/24 10:58:37.999, NVIDIA L4, 23034 MiB, 21350 MiB, 1297 MiB, 93 %
2026/09/24 10:58:38.999, NVIDIA L4, 23034 MiB, 21350 MiB, 1297 MiB, 93 %
2026/09/24 10:58:39.999, NVIDIA L4, 23034 MiB, 21350 MiB, 1297 MiB, 93 %
2026/09/24 10:58:40.999, NVIDIA L4, 23034 MiB, 21350 MiB, 1297 MiB, 94 %
2026/09/24 10:58:42.000, NVIDIA L4, 23034 MiB, 21350 MiB, 1297 MiB, 94 %
2026/09/24 10:58:43.000, NVIDIA L4, 23034 MiB, 21350 MiB, 1297 MiB, 94 %
2026/09/24 10:58:44.000, NVIDIA L4, 23034 MiB, 21350 MiB, 1297 MiB, 93 %
2026/09/24 10:58:45.000, NVIDIA L4, 23034 MiB, 21350 MiB, 1297 MiB, 94 %
2026/09/24 10:58:46.001, NVIDIA L4, 23034 MiB, 21350 MiB, 1297 MiB, 93 %
2026/09/24 10:58:47.001, NVIDIA L4, 23034 MiB, 21350 MiB, 1297 MiB, 94 %
2026/09/24 10:58:48.001, NVIDIA L4, 23034 MiB, 21350 MiB, 1297 MiB, 94 %
2026/09/24 10:58:49.002, NVIDIA L4, 23034 MiB, 21350 MiB, 1297 MiB, 92 %
2026/09/24 10:58:50.002, NVIDIA L4, 23034 MiB, 21350 MiB, 1297 MiB, 94 %
2026/09/24 10:58:51.002, NVIDIA L4, 23034 MiB, 21350 MiB, 1297 MiB, 94 %
2026/09/24 10:58:52.002, NVIDIA L4, 23034 MiB, 21350 MiB, 1297 MiB, 92 %
2026/09/24 10:58:53.003, NVIDIA L4, 23034 MiB, 21350 MiB, 1297 MiB, 93 %
2026/09/24 10:58:54.003, NVIDIA L4, 23034 MiB, 21350 MiB, 1297 MiB, 93 %
2026/09/24 10:58:55.003, NVIDIA L4, 23034 MiB, 21350 MiB, 1297 MiB, 93 %
2026/09/24 10:58:56.004, NVIDIA L4, 23034 MiB, 21350 MiB, 1297 MiB, 94 %
2026/09/24 10:58:57.004, NVIDIA L4, 23034 MiB, 21350 MiB, 1297 MiB, 94 %
2026/09/24 10:58:58.004, NVIDIA L4, 23034 MiB, 21350 MiB, 1297 MiB, 92 %
2026/09/24 10:58:59.005, NVIDIA L4, 23034 MiB, 21350 MiB, 1297 MiB, 93 %
2026/09/24 10:59:00.005, NVIDIA L4, 23034 MiB, 21350 MiB, 1297 MiB, 93 %
2026/09/24 10:59:01.005, NVIDIA L4, 23034 MiB, 21350 MiB, 1297 MiB, 67 %
2026/09/24 10:59:02.005, NVIDIA L4, 23034 MiB, 21350 MiB, 1297 MiB, 93 %
2026/09/24 10:59:03.006, NVIDIA L4, 23034 MiB, 21350 MiB, 1297 MiB, 93 %
2026/09/24 10:59:04.006, NVIDIA L4, 23034 MiB, 21350 MiB, 1297 MiB, 93 %
2026/09/24 10:59:05.006, NVIDIA L4, 23034 MiB, 21350 MiB, 1297 MiB, 94 %
2026/09/24 10:59:06.007, NVIDIA L4, 23034 MiB, 21350 MiB, 1297 MiB, 91 %
2026/09/24 10:59:07.007, NVIDIA L4, 23034 MiB, 21350 MiB, 1297 MiB, 92 %
2026/09/24 10:59:08.007, NVIDIA L4, 23034 MiB, 21350 MiB, 1297 MiB, 94 %
2026/09/24 10:59:09.007, NVIDIA L4, 23034 MiB, 21350 MiB, 1297 MiB, 93 %
2026/09/24 10:59:10.008, NVIDIA L4, 23034 MiB, 21350 MiB, 1297 MiB, 93 %
2026/09/24 10:59:11.008, NVIDIA L4, 23034 MiB, 21350 MiB, 1297 MiB, 94 %
2026/09/24 10:59:12.008, NVIDIA L4, 23034 MiB, 21350 MiB, 1297 MiB, 94 %
2026/09/24 10:59:13.008, NVIDIA L4, 23034 MiB, 21350 MiB, 1297 MiB, 92 %
2026/09/24 10:59:14.009, NVIDIA L4, 23034 MiB, 21350 MiB, 1297 MiB, 94 %
2026/09/24 10:59:15.009, NVIDIA L4, 23034 MiB, 21350 MiB, 1297 MiB, 94 %
2026/09/24 10:59:16.009, NVIDIA L4, 23034 MiB, 21350 MiB, 1297 MiB, 93 %
2026/09/24 10:59:17.010, NVIDIA L4, 23034 MiB, 21350 MiB, 1297 MiB, 94 %
2026/09/24 10:59:18.010, NVIDIA L4, 23034 MiB, 21350 MiB, 1297 MiB, 93 %
2026/09/24 10:59:19.010, NVIDIA L4, 23034 MiB, 21350 MiB, 1297 MiB, 94 %
2026/09/24 10:59:20.011, NVIDIA L4, 23034 MiB, 21350 MiB, 1297 MiB, 93 %
2026/09/24 10:59:21.011, NVIDIA L4, 23034 MiB, 21350 MiB, 1297 MiB, 94 %
2026/09/24 10:59:22.011, NVIDIA L4, 23034 MiB, 21350 MiB, 1297 MiB, 92 %
2026/09/24 10:59:23.011, NVIDIA L4, 23034 MiB, 21350 MiB, 1297 MiB, 91 %
2026/09/24 10:59:24.012, NVIDIA L4, 23034 MiB, 21350 MiB, 1297 MiB, 93 %
2026/09/24 10:59:25.012, NVIDIA L4, 23034 MiB, 21350 MiB, 1297 MiB, 94 %
2026/09/24 10:59:26.012, NVIDIA L4, 23034 MiB, 21350 MiB, 1297 MiB, 94 %
2026/09/24 10:59:27.013, NVIDIA L4, 23034 MiB, 21350 MiB, 1297 MiB, 93 %
2026/09/24 10:59:28.013, NVIDIA L4, 23034 MiB, 21350 MiB, 1297 MiB, 93 %
2026/09/24 10:59:29.013, NVIDIA L4, 23034 MiB, 21350 MiB, 1297 MiB, 94 %
2026/09/24 10:59:30.013, NVIDIA L4, 23034 MiB, 21350 MiB, 1297 MiB, 93 %
2026/09/24 10:59:31.014, NVIDIA L4, 23034 MiB, 21350 MiB, 1297 MiB, 94 %
2026/09/24 10:59:32.014, NVIDIA L4, 23034 MiB, 21350 MiB, 1297 MiB, 92 %
2026/09/24 10:59:33.014, NVIDIA L4, 23034 MiB, 21350 MiB, 1297 MiB, 92 %
2026/09/24 10:59:34.015, NVIDIA L4, 23034 MiB, 21350 MiB, 1297 MiB, 94 %
2026/09/24 10:59:35.015, NVIDIA L4, 23034 MiB, 21350 MiB, 1297 MiB, 94 %
2026/09/24 10:59:36.015, NVIDIA L4, 23034 MiB, 21350 MiB, 1297 MiB, 93 %
2026/09/24 10:59:37.016, NVIDIA L4, 23034 MiB, 21350 MiB, 1297 MiB, 94 %
2026/09/24 10:59:38.016, NVIDIA L4, 23034 MiB, 21350 MiB, 1297 MiB, 93 %
2026/09/24 10:59:39.016, NVIDIA L4, 23034 MiB, 21350 MiB, 1297 MiB, 93 %
2026/09/24 10:59:40.016, NVIDIA L4, 23034 MiB, 21350 MiB, 1297 MiB, 93 %
2026/09/24 10:59:41.017, NVIDIA L4, 23034 MiB, 21350 MiB, 1297 MiB, 93 %
2026/09/24 10:59:42.017, NVIDIA L4, 23034 MiB, 21350 MiB, 1297 MiB, 93 %
2026/09/24 10:59:43.017, NVIDIA L4, 23034 MiB, 21350 MiB, 1297 MiB, 92 %
2026/09/24 10:59:44.018, NVIDIA L4, 23034 MiB, 21350 MiB, 1297 MiB, 94 %
2026/09/24 10:59:45.018, NVIDIA L4, 23034 MiB, 21350 MiB, 1297 MiB, 94 %
2026/09/24 10:59:46.018, NVIDIA L4, 23034 MiB, 21350 MiB, 1297 MiB, 93 %
2026/09/24 10:59:47.018, NVIDIA L4, 23034 MiB, 21350 MiB, 1297 MiB, 94 %
2026/09/24 10:59:48.019, NVIDIA L4, 23034 MiB, 21350 MiB, 1297 MiB, 93 %
2026/09/24 10:59:49.019, NVIDIA L4, 23034 MiB, 21350 MiB, 1297 MiB, 12 %
2026/09/24 10:59:50.019, NVIDIA L4, 23034 MiB, 21350 MiB, 1297 MiB, 93 %
2026/09/24 10:59:51.020, NVIDIA L4, 23034 MiB, 21350 MiB, 1297 MiB, 94 %
2026/09/24 10:59:52.020, NVIDIA L4, 23034 MiB, 21350 MiB, 1297 MiB, 93 %
2026/09/24 10:59:53.020, NVIDIA L4, 23034 MiB, 21350 MiB, 1297 MiB, 94 %
2026/09/24 10:59:54.020, NVIDIA L4, 23034 MiB, 21350 MiB, 1297 MiB, 92 %
2026/09/24 10:59:55.021, NVIDIA L4, 23034 MiB, 21350 MiB, 1297 MiB, 94 %
2026/09/24 10:59:56.021, NVIDIA L4, 23034 MiB, 21350 MiB, 1297 MiB, 94 %
2026/09/24 10:59:57.021, NVIDIA L4, 23034 MiB, 21350 MiB, 1297 MiB, 94 %
2026/09/24 10:59:58.022, NVIDIA L4, 23034 MiB, 21350 MiB, 1297 MiB, 94 %
2026/09/24 10:59:59.022, NVIDIA L4, 23034 MiB, 21350 MiB, 1297 MiB, 93 %
2026/09/24 11:00:00.022, NVIDIA L4, 23034 MiB, 21350 MiB, 1297 MiB, 93 %
2026/09/24 11:00:01.022, NVIDIA L4, 23034 MiB, 21350 MiB, 1297 MiB, 94 %
2026/09/24 11:00:02.023, NVIDIA L4, 23034 MiB, 21350 MiB, 1297 MiB, 92 %
2026/09/24 11:00:03.023, NVIDIA L4, 23034 MiB, 21350 MiB, 1297 MiB, 93 %
2026/09/24 11:00:04.023, NVIDIA L4, 23034 MiB, 21350 MiB, 1297 MiB, 92 %
2026/09/24 11:00:05.024, NVIDIA L4, 23034 MiB, 21350 MiB, 1297 MiB, 93 %
2026/09/24 11:00:06.024, NVIDIA L4, 23034 MiB, 21350 MiB, 1297 MiB, 94 %
2026/09/24 11:00:07.024, NVIDIA L4, 23034 MiB, 21350 MiB, 1297 MiB, 94 %
2026/09/24 11:00:08.024, NVIDIA L4, 23034 MiB, 21350 MiB, 1297 MiB, 91 %
2026/09/24 11:00:09.025, NVIDIA L4, 23034 MiB, 21350 MiB, 1297 MiB, 94 %
2026/09/24 11:00:10.025, NVIDIA L4, 23034 MiB, 21350 MiB, 1297 MiB, 94 %
2026/09/24 11:00:11.025, NVIDIA L4, 23034 MiB, 21350 MiB, 1297 MiB, 94 %
2026/09/24 11:00:12.026, NVIDIA L4, 23034 MiB, 21350 MiB, 1297 MiB, 93 %
2026/09/24 11:00:13.026, NVIDIA L4, 23034 MiB, 21350 MiB, 1297 MiB, 94 %
2026/09/24 11:00:14.026, NVIDIA L4, 23034 MiB, 21350 MiB, 1297 MiB, 93 %
2026/09/24 11:00:15.026, NVIDIA L4, 23034 MiB, 21350 MiB, 1297 MiB, 93 %
2026/09/24 11:00:16.027, NVIDIA L4, 23034 MiB, 21350 MiB, 1297 MiB, 94 %
2026/09/24 11:00:17.027, NVIDIA L4, 23034 MiB, 21350 MiB, 1297 MiB, 94 %
2026/09/24 11:00:18.027, NVIDIA L4, 23034 MiB, 21350 MiB, 1297 MiB, 93 %
2026/09/24 11:00:19.028, NVIDIA L4, 23034 MiB, 21350 MiB, 1297 MiB, 93 %
2026/09/24 11:00:20.028, NVIDIA L4, 23034 MiB, 21350 MiB, 1297 MiB, 93 %
2026/09/24 11:00:21.028, NVIDIA L4, 23034 MiB, 21350 MiB, 1297 MiB, 93 %
2026/09/24 11:00:22.028, NVIDIA L4, 23034 MiB, 21350 MiB, 1297 MiB, 93 %
2026/09/24 11:00:23.029, NVIDIA L4, 23034 MiB, 21350 MiB, 1297 MiB, 92 %
2026/09/24 11:00:24.029, NVIDIA L4, 23034 MiB, 21350 MiB, 1297 MiB, 93 %
2026/09/24 11:00:25.029, NVIDIA L4, 23034 MiB, 21350 MiB, 1297 MiB, 93 %
2026/09/24 11:00:26.030, NVIDIA L4, 23034 MiB, 21350 MiB, 1297 MiB, 93 %
2026/09/24 11:00:27.030, NVIDIA L4, 23034 MiB, 21350 MiB, 1297 MiB, 94 %
2026/09/24 11:00:28.030, NVIDIA L4, 23034 MiB, 21350 MiB, 1297 MiB, 0 %
2026/09/24 11:00:29.031, NVIDIA L4, 23034 MiB, 21350 MiB, 1297 MiB, 0 %
2026/09/24 11:00:30.031, NVIDIA L4, 23034 MiB, 21350 MiB, 1297 MiB, 94 %
2026/09/24 11:00:31.031, NVIDIA L4, 23034 MiB, 21350 MiB, 1297 MiB, 93 %
2026/09/24 11:00:32.031, NVIDIA L4, 23034 MiB, 21350 MiB, 1297 MiB, 93 %
2026/09/24 11:00:33.032, NVIDIA L4, 23034 MiB, 21350 MiB, 1297 MiB, 94 %
2026/09/24 11:00:34.032, NVIDIA L4, 23034 MiB, 21350 MiB, 1297 MiB, 93 %
2026/09/24 11:00:35.033, NVIDIA L4, 23034 MiB, 21350 MiB, 1297 MiB, 93 %
2026/09/24 11:00:36.033, NVIDIA L4, 23034 MiB, 21350 MiB, 1297 MiB, 93 %
2026/09/24 11:00:37.033, NVIDIA L4, 23034 MiB, 21350 MiB, 1297 MiB, 94 %
2026/09/24 11:00:38.033, NVIDIA L4, 23034 MiB, 21350 MiB, 1297 MiB, 93 %
2026/09/24 11:00:39.034, NVIDIA L4, 23034 MiB, 21350 MiB, 1297 MiB, 93 %
2026/09/24 11:00:40.034, NVIDIA L4, 23034 MiB, 21350 MiB, 1297 MiB, 42 %
2026/09/24 11:00:41.034, NVIDIA L4, 23034 MiB, 21350 MiB, 1297 MiB, 92 %
2026/09/24 11:00:42.035, NVIDIA L4, 23034 MiB, 21350 MiB, 1297 MiB, 92 %
2026/09/24 11:00:43.035, NVIDIA L4, 23034 MiB, 21350 MiB, 1297 MiB, 93 %
2026/09/24 11:00:44.035, NVIDIA L4, 23034 MiB, 21350 MiB, 1297 MiB, 93 %
2026/09/24 11:00:45.036, NVIDIA L4, 23034 MiB, 21350 MiB, 1297 MiB, 94 %
2026/09/24 11:00:46.036, NVIDIA L4, 23034 MiB, 21350 MiB, 1297 MiB, 93 %
2026/09/24 11:00:47.036, NVIDIA L4, 23034 MiB, 21350 MiB, 1297 MiB, 94 %
2026/09/24 11:00:48.036, NVIDIA L4, 23034 MiB, 21350 MiB, 1297 MiB, 92 %
2026/09/24 11:00:49.037, NVIDIA L4, 23034 MiB, 21350 MiB, 1297 MiB, 94 %
2026/09/24 11:00:50.037, NVIDIA L4, 23034 MiB, 21350 MiB, 1297 MiB, 94 %
2026/09/24 11:00:51.037, NVIDIA L4, 23034 MiB, 21350 MiB, 1297 MiB, 93 %
2026/09/24 11:00:52.038, NVIDIA L4, 23034 MiB, 21350 MiB, 1297 MiB, 93 %
2026/09/24 11:00:53.038, NVIDIA L4, 23034 MiB, 21350 MiB, 1297 MiB, 94 %
2026/09/24 11:00:54.038, NVIDIA L4, 23034 MiB, 21350 MiB, 1297 MiB, 94 %
2026/09/24 11:00:55.038, NVIDIA L4, 23034 MiB, 21350 MiB, 1297 MiB, 92 %
2026/09/24 11:00:56.039, NVIDIA L4, 23034 MiB, 21350 MiB, 1297 MiB, 93 %
2026/09/24 11:00:57.039, NVIDIA L4, 23034 MiB, 21350 MiB, 1297 MiB, 94 %
2026/09/24 11:00:58.039, NVIDIA L4, 23034 MiB, 21350 MiB, 1297 MiB, 94 %
2026/09/24 11:00:59.040, NVIDIA L4, 23034 MiB, 21350 MiB, 1297 MiB, 93 %
2026/09/24 11:01:00.040, NVIDIA L4, 23034 MiB, 21350 MiB, 1297 MiB, 93 %
2026/09/24 11:01:01.040, NVIDIA L4, 23034 MiB, 21350 MiB, 1297 MiB, 93 %
2026/09/24 11:01:02.040, NVIDIA L4, 23034 MiB, 21350 MiB, 1297 MiB, 93 %
2026/09/24 11:01:03.041, NVIDIA L4, 23034 MiB, 21350 MiB, 1297 MiB, 93 %
2026/09/24 11:01:04.041, NVIDIA L4, 23034 MiB, 21350 MiB, 1297 MiB, 93 %
2026/09/24 11:01:05.041, NVIDIA L4, 23034 MiB, 21350 MiB, 1297 MiB, 92 %
2026/09/24 11:01:06.042, NVIDIA L4, 23034 MiB, 21350 MiB, 1297 MiB, 93 %
2026/09/24 11:01:07.042, NVIDIA L4, 23034 MiB, 21350 MiB, 1297 MiB, 93 %
2026/09/24 11:01:08.042, NVIDIA L4, 23034 MiB, 21350 MiB, 1297 MiB, 92 %
2026/09/24 11:01:09.042, NVIDIA L4, 23034 MiB, 21350 MiB, 1297 MiB, 94 %
2026/09/24 11:01:10.043, NVIDIA L4, 23034 MiB, 21350 MiB, 1297 MiB, 93 %
2026/09/24 11:01:11.043, NVIDIA L4, 23034 MiB, 21350 MiB, 1297 MiB, 94 %
2026/09/24 11:01:12.043, NVIDIA L4, 23034 MiB, 21350 MiB, 1297 MiB, 93 %
2026/09/24 11:01:13.044, NVIDIA L4, 23034 MiB, 21350 MiB, 1297 MiB, 94 %
2026/09/24 11:01:14.044, NVIDIA L4, 23034 MiB, 21350 MiB, 1297 MiB, 94 %
2026/09/24 11:01:15.044, NVIDIA L4, 23034 MiB, 21350 MiB, 1297 MiB, 93 %
2026/09/24 11:01:16.044, NVIDIA L4, 23034 MiB, 21350 MiB, 1297 MiB, 93 %
2026/09/24 11:01:17.045, NVIDIA L4, 23034 MiB, 21350 MiB, 1297 MiB, 93 %
2026/09/24 11:01:18.045, NVIDIA L4, 23034 MiB, 21350 MiB, 1297 MiB, 90 %
2026/09/24 11:01:19.045, NVIDIA L4, 23034 MiB, 21350 MiB, 1297 MiB, 93 %
2026/09/24 11:01:20.046, NVIDIA L4, 23034 MiB, 21350 MiB, 1297 MiB, 93 %
2026/09/24 11:01:21.046, NVIDIA L4, 23034 MiB, 21350 MiB, 1297 MiB, 94 %
2026/09/24 11:01:22.046, NVIDIA L4, 23034 MiB, 21350 MiB, 1297 MiB, 93 %
2026/09/24 11:01:23.046, NVIDIA L4, 23034 MiB, 21350 MiB, 1297 MiB, 94 %
2026/09/24 11:01:24.047, NVIDIA L4, 23034 MiB, 21350 MiB, 1297 MiB, 93 %
2026/09/24 11:01:25.047, NVIDIA L4, 23034 MiB, 21350 MiB, 1297 MiB, 94 %
2026/09/24 11:01:26.047, NVIDIA L4, 23034 MiB, 21350 MiB, 1297 MiB, 94 %
2026/09/24 11:01:27.048, NVIDIA L4, 23034 MiB, 21350 MiB, 1297 MiB, 94 %
2026/09/24 11:01:28.048, NVIDIA L4, 23034 MiB, 21350 MiB, 1297 MiB, 93 %
2026/09/24 11:01:29.048, NVIDIA L4, 23034 MiB, 21350 MiB, 1297 MiB, 93 %
2026/09/24 11:01:30.048, NVIDIA L4, 23034 MiB, 21350 MiB, 1297 MiB, 93 %
2026/09/24 11:01:31.049, NVIDIA L4, 23034 MiB, 21350 MiB, 1297 MiB, 93 %
2026/09/24 11:01:32.049, NVIDIA L4, 23034 MiB, 21350 MiB, 1297 MiB, 93 %
2026/09/24 11:01:33.049, NVIDIA L4, 23034 MiB, 21350 MiB, 1297 MiB, 94 %
2026/09/24 11:01:34.050, NVIDIA L4, 23034 MiB, 21350 MiB, 1297 MiB, 92 %
2026/09/24 11:01:35.050, NVIDIA L4, 23034 MiB, 21350 MiB, 1297 MiB, 93 %
2026/09/24 11:01:36.050, NVIDIA L4, 23034 MiB, 21350 MiB, 1297 MiB, 94 %
2026/09/24 11:01:37.051, NVIDIA L4, 23034 MiB, 21350 MiB, 1297 MiB, 94 %
2026/09/24 11:01:38.051, NVIDIA L4, 23034 MiB, 21350 MiB, 1297 MiB, 94 %
2026/09/24 11:01:39.051, NVIDIA L4, 23034 MiB, 21350 MiB, 1297 MiB, 94 %
2026/09/24 11:01:40.052, NVIDIA L4, 23034 MiB, 21350 MiB, 1297 MiB, 94 %
2026/09/24 11:01:41.052, NVIDIA L4, 23034 MiB, 21350 MiB, 1297 MiB, 93 %
2026/09/24 11:01:42.052, NVIDIA L4, 23034 MiB, 21350 MiB, 1297 MiB, 93 %
2026/09/24 11:01:43.052, NVIDIA L4, 23034 MiB, 21350 MiB, 1297 MiB, 93 %
2026/09/24 11:01:44.053, NVIDIA L4, 23034 MiB, 21350 MiB, 1297 MiB, 93 %
2026/09/24 11:01:45.053, NVIDIA L4, 23034 MiB, 21350 MiB, 1297 MiB, 92 %
2026/09/24 11:01:46.053, NVIDIA L4, 23034 MiB, 21350 MiB, 1297 MiB, 91 %
2026/09/24 11:01:47.053, NVIDIA L4, 23034 MiB, 21350 MiB, 1297 MiB, 94 %
2026/09/24 11:01:48.054, NVIDIA L4, 23034 MiB, 21350 MiB, 1297 MiB, 94 %
2026/09/24 11:01:49.054, NVIDIA L4, 23034 MiB, 21350 MiB, 1297 MiB, 93 %
2026/09/24 11:01:50.054, NVIDIA L4, 23034 MiB, 21350 MiB, 1297 MiB, 94 %
2026/09/24 11:01:51.055, NVIDIA L4, 23034 MiB, 21350 MiB, 1297 MiB, 93 %
2026/09/24 11:01:52.055, NVIDIA L4, 23034 MiB, 21350 MiB, 1297 MiB, 93 %
2026/09/24 11:01:53.055, NVIDIA L4, 23034 MiB, 21350 MiB, 1297 MiB, 92 %
2026/09/24 11:01:54.056, NVIDIA L4, 23034 MiB, 21350 MiB, 1297 MiB, 93 %
2026/09/24 11:01:55.056, NVIDIA L4, 23034 MiB, 21350 MiB, 1297 MiB, 94 %
2026/09/24 11:01:56.056, NVIDIA L4, 23034 MiB, 21350 MiB, 1297 MiB, 93 %
2026/09/24 11:01:57.056, NVIDIA L4, 23034 MiB, 21350 MiB, 1297 MiB, 92 %
2026/09/24 11:01:58.057, NVIDIA L4, 23034 MiB, 21350 MiB, 1297 MiB, 93 %
2026/09/24 11:01:59.057, NVIDIA L4, 23034 MiB, 21350 MiB, 1297 MiB, 92 %
2026/09/24 11:02:00.057, NVIDIA L4, 23034 MiB, 21350 MiB, 1297 MiB, 94 %
2026/09/24 11:02:01.058, NVIDIA L4, 23034 MiB, 21350 MiB, 1297 MiB, 93 %
2026/09/24 11:02:02.059, NVIDIA L4, 23034 MiB, 21350 MiB, 1297 MiB, 93 %
2026/09/24 11:02:03.059, NVIDIA L4, 23034 MiB, 21350 MiB, 1297 MiB, 93 %
2026/09/24 11:02:04.059, NVIDIA L4, 23034 MiB, 21350 MiB, 1297 MiB, 93 %
2026/09/24 11:02:05.060, NVIDIA L4, 23034 MiB, 21350 MiB, 1297 MiB, 93 %
2026/09/24 11:02:06.060, NVIDIA L4, 23034 MiB, 21350 MiB, 1297 MiB, 93 %
2026/09/24 11:02:07.060, NVIDIA L4, 23034 MiB, 21350 MiB, 1297 MiB, 94 %
2026/09/24 11:02:08.060, NVIDIA L4, 23034 MiB, 21350 MiB, 1297 MiB, 93 %
2026/09/24 11:02:09.061, NVIDIA L4, 23034 MiB, 21350 MiB, 1297 MiB, 93 %
2026/09/24 11:02:10.062, NVIDIA L4, 23034 MiB, 21350 MiB, 1297 MiB, 94 %
2026/09/24 11:02:11.062, NVIDIA L4, 23034 MiB, 21350 MiB, 1297 MiB, 94 %
2026/09/24 11:02:12.063, NVIDIA L4, 23034 MiB, 21350 MiB, 1297 MiB, 93 %
2026/09/24 11:02:13.063, NVIDIA L4, 23034 MiB, 21350 MiB, 1297 MiB, 0 %
2026/09/24 11:02:14.063, NVIDIA L4, 23034 MiB, 21350 MiB, 1297 MiB, 0 %
2026/09/24 11:02:15.063, NVIDIA L4, 23034 MiB, 21350 MiB, 1297 MiB, 94 %
2026/09/24 11:02:16.064, NVIDIA L4, 23034 MiB, 21350 MiB, 1297 MiB, 94 %
2026/09/24 11:02:17.064, NVIDIA L4, 23034 MiB, 21350 MiB, 1297 MiB, 93 %
2026/09/24 11:02:18.064, NVIDIA L4, 23034 MiB, 21350 MiB, 1297 MiB, 92 %
2026/09/24 11:02:19.064, NVIDIA L4, 23034 MiB, 21350 MiB, 1297 MiB, 93 %
2026/09/24 11:02:20.065, NVIDIA L4, 23034 MiB, 21350 MiB, 1297 MiB, 94 %
2026/09/24 11:02:21.065, NVIDIA L4, 23034 MiB, 21350 MiB, 1297 MiB, 94 %
2026/09/24 11:02:22.065, NVIDIA L4, 23034 MiB, 21350 MiB, 1297 MiB, 93 %
2026/09/24 11:02:23.066, NVIDIA L4, 23034 MiB, 21350 MiB, 1297 MiB, 94 %
2026/09/24 11:02:24.066, NVIDIA L4, 23034 MiB, 21350 MiB, 1297 MiB, 93 %
2026/09/24 11:02:25.066, NVIDIA L4, 23034 MiB, 21350 MiB, 1297 MiB, 94 %
2026/09/24 11:02:26.067, NVIDIA L4, 23034 MiB, 21350 MiB, 1297 MiB, 92 %
2026/09/24 11:02:27.067, NVIDIA L4, 23034 MiB, 21350 MiB, 1297 MiB, 92 %
2026/09/24 11:02:28.067, NVIDIA L4, 23034 MiB, 21350 MiB, 1297 MiB, 92 %
2026/09/24 11:02:29.067, NVIDIA L4, 23034 MiB, 21350 MiB, 1297 MiB, 94 %
2026/09/24 11:02:30.068, NVIDIA L4, 23034 MiB, 21350 MiB, 1297 MiB, 94 %
2026/09/24 11:02:31.068, NVIDIA L4, 23034 MiB, 21350 MiB, 1297 MiB, 93 %
2026/09/24 11:02:32.068, NVIDIA L4, 23034 MiB, 21350 MiB, 1297 MiB, 94 %
2026/09/24 11:02:33.069, NVIDIA L4, 23034 MiB, 21350 MiB, 1297 MiB, 94 %
2026/09/24 11:02:34.069, NVIDIA L4, 23034 MiB, 21350 MiB, 1297 MiB, 93 %
2026/09/24 11:02:35.069, NVIDIA L4, 23034 MiB, 21350 MiB, 1297 MiB, 89 %
2026/09/24 11:02:36.070, NVIDIA L4, 23034 MiB, 21350 MiB, 1297 MiB, 94 %
2026/09/24 11:02:37.070, NVIDIA L4, 23034 MiB, 21350 MiB, 1297 MiB, 93 %
2026/09/24 11:02:38.070, NVIDIA L4, 23034 MiB, 21350 MiB, 1297 MiB, 89 %
2026/09/24 11:02:39.070, NVIDIA L4, 23034 MiB, 21350 MiB, 1297 MiB, 93 %
2026/09/24 11:02:40.071, NVIDIA L4, 23034 MiB, 21350 MiB, 1297 MiB, 94 %
2026/09/24 11:02:41.071, NVIDIA L4, 23034 MiB, 21350 MiB, 1297 MiB, 94 %
2026/09/24 11:02:42.072, NVIDIA L4, 23034 MiB, 21350 MiB, 1297 MiB, 93 %
2026/09/24 11:02:43.073, NVIDIA L4, 23034 MiB, 21350 MiB, 1297 MiB, 93 %
2026/09/24 11:02:44.073, NVIDIA L4, 23034 MiB, 21350 MiB, 1297 MiB, 93 %
2026/09/24 11:02:45.073, NVIDIA L4, 23034 MiB, 21350 MiB, 1297 MiB, 93 %
2026/09/24 11:02:46.073, NVIDIA L4, 23034 MiB, 21350 MiB, 1297 MiB, 93 %
2026/09/24 11:02:47.074, NVIDIA L4, 23034 MiB, 21350 MiB, 1297 MiB, 93 %
2026/09/24 11:02:48.074, NVIDIA L4, 23034 MiB, 21350 MiB, 1297 MiB, 90 %
2026/09/24 11:02:49.074, NVIDIA L4, 23034 MiB, 21350 MiB, 1297 MiB, 93 %
2026/09/24 11:02:50.075, NVIDIA L4, 23034 MiB, 21350 MiB, 1297 MiB, 94 %
2026/09/24 11:02:51.075, NVIDIA L4, 23034 MiB, 21350 MiB, 1297 MiB, 93 %
2026/09/24 11:02:52.075, NVIDIA L4, 23034 MiB, 21350 MiB, 1297 MiB, 92 %
2026/09/24 11:02:53.075, NVIDIA L4, 23034 MiB, 21350 MiB, 1297 MiB, 94 %
2026/09/24 11:02:54.076, NVIDIA L4, 23034 MiB, 21350 MiB, 1297 MiB, 93 %
2026/09/24 11:02:55.076, NVIDIA L4, 23034 MiB, 21350 MiB, 1297 MiB, 93 %
2026/09/24 11:02:56.076, NVIDIA L4, 23034 MiB, 21350 MiB, 1297 MiB, 93 %
2026/09/24 11:02:57.077, NVIDIA L4, 23034 MiB, 21350 MiB, 1297 MiB, 94 %
2026/09/24 11:02:58.077, NVIDIA L4, 23034 MiB, 21350 MiB, 1297 MiB, 94 %
2026/09/24 11:02:59.077, NVIDIA L4, 23034 MiB, 21350 MiB, 1297 MiB, 93 %
2026/09/24 11:03:00.077, NVIDIA L4, 23034 MiB, 21350 MiB, 1297 MiB, 93 %
2026/09/24 11:03:01.078, NVIDIA L4, 23034 MiB, 21350 MiB, 1297 MiB, 93 %
2026/09/24 11:03:02.078, NVIDIA L4, 23034 MiB, 21350 MiB, 1297 MiB, 93 %
2026/09/24 11:03:03.078, NVIDIA L4, 23034 MiB, 21350 MiB, 1297 MiB, 93 %
2026/09/24 11:03:04.078, NVIDIA L4, 23034 MiB, 21350 MiB, 1297 MiB, 93 %
2026/09/24 11:03:05.079, NVIDIA L4, 23034 MiB, 21350 MiB, 1297 MiB, 94 %
2026/09/24 11:03:06.079, NVIDIA L4, 23034 MiB, 21350 MiB, 1297 MiB, 93 %
2026/09/24 11:03:07.079, NVIDIA L4, 23034 MiB, 21350 MiB, 1297 MiB, 94 %
2026/09/24 11:03:08.080, NVIDIA L4, 23034 MiB, 21350 MiB, 1297 MiB, 91 %
2026/09/24 11:03:09.080, NVIDIA L4, 23034 MiB, 21350 MiB, 1297 MiB, 93 %
2026/09/24 11:03:10.080, NVIDIA L4, 23034 MiB, 21350 MiB, 1297 MiB, 94 %
2026/09/24 11:03:11.080, NVIDIA L4, 23034 MiB, 21350 MiB, 1297 MiB, 94 %
2026/09/24 11:03:12.081, NVIDIA L4, 23034 MiB, 21350 MiB, 1297 MiB, 93 %
2026/09/24 11:03:13.081, NVIDIA L4, 23034 MiB, 21350 MiB, 1297 MiB, 93 %
2026/09/24 11:03:14.081, NVIDIA L4, 23034 MiB, 21350 MiB, 1297 MiB, 93 %
2026/09/24 11:03:15.082, NVIDIA L4, 23034 MiB, 21350 MiB, 1297 MiB, 93 %
2026/09/24 11:03:16.082, NVIDIA L4, 23034 MiB, 21350 MiB, 1297 MiB, 92 %
2026/09/24 11:03:17.082, NVIDIA L4, 23034 MiB, 21350 MiB, 1297 MiB, 92 %
2026/09/24 11:03:18.082, NVIDIA L4, 23034 MiB, 21350 MiB, 1297 MiB, 93 %
2026/09/24 11:03:19.083, NVIDIA L4, 23034 MiB, 21350 MiB, 1297 MiB, 92 %
2026/09/24 11:03:20.083, NVIDIA L4, 23034 MiB, 21350 MiB, 1297 MiB, 93 %
2026/09/24 11:03:21.083, NVIDIA L4, 23034 MiB, 21350 MiB, 1297 MiB, 94 %
2026/09/24 11:03:22.084, NVIDIA L4, 23034 MiB, 21350 MiB, 1297 MiB, 93 %
2026/09/24 11:03:23.084, NVIDIA L4, 23034 MiB, 21350 MiB, 1297 MiB, 94 %
2026/09/24 11:03:24.084, NVIDIA L4, 23034 MiB, 21350 MiB, 1297 MiB, 93 %
2026/09/24 11:03:25.084, NVIDIA L4, 23034 MiB, 21350 MiB, 1297 MiB, 94 %
2026/09/24 11:03:26.085, NVIDIA L4, 23034 MiB, 21350 MiB, 1297 MiB, 93 %
2026/09/24 11:03:27.085, NVIDIA L4, 23034 MiB, 21350 MiB, 1297 MiB, 94 %
2026/09/24 11:03:28.085, NVIDIA L4, 23034 MiB, 21350 MiB, 1297 MiB, 94 %
2026/09/24 11:03:29.086, NVIDIA L4, 23034 MiB, 21350 MiB, 1297 MiB, 93 %
2026/09/24 11:03:30.086, NVIDIA L4, 23034 MiB, 21350 MiB, 1297 MiB, 94 %
2026/09/24 11:03:31.086, NVIDIA L4, 23034 MiB, 21350 MiB, 1297 MiB, 94 %
2026/09/24 11:03:32.086, NVIDIA L4, 23034 MiB, 21350 MiB, 1297 MiB, 93 %
2026/09/24 11:03:33.087, NVIDIA L4, 23034 MiB, 21350 MiB, 1297 MiB, 93 %
2026/09/24 11:03:34.087, NVIDIA L4, 23034 MiB, 21350 MiB, 1297 MiB, 93 %
2026/09/24 11:03:35.087, NVIDIA L4, 23034 MiB, 21350 MiB, 1297 MiB, 93 %
2026/09/24 11:03:36.088, NVIDIA L4, 23034 MiB, 21350 MiB, 1297 MiB, 93 %
2026/09/24 11:03:37.088, NVIDIA L4, 23034 MiB, 21350 MiB, 1297 MiB, 93 %
2026/09/24 11:03:38.088, NVIDIA L4, 23034 MiB, 21350 MiB, 1297 MiB, 94 %
2026/09/24 11:03:39.089, NVIDIA L4, 23034 MiB, 21350 MiB, 1297 MiB, 93 %
2026/09/24 11:03:40.089, NVIDIA L4, 23034 MiB, 21350 MiB, 1297 MiB, 93 %
2026/09/24 11:03:41.089, NVIDIA L4, 23034 MiB, 21350 MiB, 1297 MiB, 93 %
2026/09/24 11:03:42.089, NVIDIA L4, 23034 MiB, 21350 MiB, 1297 MiB, 93 %
2026/09/24 11:03:43.090, NVIDIA L4, 23034 MiB, 21350 MiB, 1297 MiB, 69 %
2026/09/24 11:03:44.090, NVIDIA L4, 23034 MiB, 21350 MiB, 1297 MiB, 92 %
2026/09/24 11:03:45.090, NVIDIA L4, 23034 MiB, 21350 MiB, 1297 MiB, 93 %
2026/09/24 11:03:46.090, NVIDIA L4, 23034 MiB, 21350 MiB, 1297 MiB, 93 %
2026/09/24 11:03:47.091, NVIDIA L4, 23034 MiB, 21350 MiB, 1297 MiB, 94 %
2026/09/24 11:03:48.091, NVIDIA L4, 23034 MiB, 21350 MiB, 1297 MiB, 94 %
2026/09/24 11:03:49.091, NVIDIA L4, 23034 MiB, 21350 MiB, 1297 MiB, 94 %
2026/09/24 11:03:50.092, NVIDIA L4, 23034 MiB, 21350 MiB, 1297 MiB, 94 %
2026/09/24 11:03:51.092, NVIDIA L4, 23034 MiB, 21350 MiB, 1297 MiB, 94 %
2026/09/24 11:03:52.092, NVIDIA L4, 23034 MiB, 21350 MiB, 1297 MiB, 94 %
2026/09/24 11:03:53.092, NVIDIA L4, 23034 MiB, 21350 MiB, 1297 MiB, 92 %
2026/09/24 11:03:54.093, NVIDIA L4, 23034 MiB, 21350 MiB, 1297 MiB, 92 %
2026/09/24 11:03:55.093, NVIDIA L4, 23034 MiB, 21350 MiB, 1297 MiB, 94 %
2026/09/24 11:03:56.093, NVIDIA L4, 23034 MiB, 21350 MiB, 1297 MiB, 94 %
2026/09/24 11:03:57.094, NVIDIA L4, 23034 MiB, 21350 MiB, 1297 MiB, 94 %
2026/09/24 11:03:58.094, NVIDIA L4, 23034 MiB, 21350 MiB, 1297 MiB, 93 %
2026/09/24 11:03:59.094, NVIDIA L4, 23034 MiB, 21350 MiB, 1297 MiB, 93 %
2026/09/24 11:04:00.095, NVIDIA L4, 23034 MiB, 21350 MiB, 1297 MiB, 93 %
2026/09/24 11:04:01.095, NVIDIA L4, 23034 MiB, 21350 MiB, 1297 MiB, 93 %
2026/09/24 11:04:02.095, NVIDIA L4, 23034 MiB, 21350 MiB, 1297 MiB, 93 %
2026/09/24 11:04:03.095, NVIDIA L4, 23034 MiB, 21350 MiB, 1297 MiB, 93 %
2026/09/24 11:04:04.096, NVIDIA L4, 23034 MiB, 21350 MiB, 1297 MiB, 93 %
2026/09/24 11:04:05.096, NVIDIA L4, 23034 MiB, 21350 MiB, 1297 MiB, 94 %
2026/09/24 11:04:06.096, NVIDIA L4, 23034 MiB, 21350 MiB, 1297 MiB, 94 %
2026/09/24 11:04:07.097, NVIDIA L4, 23034 MiB, 21350 MiB, 1297 MiB, 94 %
2026/09/24 11:04:08.097, NVIDIA L4, 23034 MiB, 21350 MiB, 1297 MiB, 94 %
2026/09/24 11:04:09.097, NVIDIA L4, 23034 MiB, 21350 MiB, 1297 MiB, 94 %
2026/09/24 11:04:10.097, NVIDIA L4, 23034 MiB, 21350 MiB, 1297 MiB, 93 %
2026/09/24 11:04:11.098, NVIDIA L4, 23034 MiB, 21350 MiB, 1297 MiB, 34 %
2026/09/24 11:04:12.098, NVIDIA L4, 23034 MiB, 21350 MiB, 1297 MiB, 0 %
2026/09/24 11:04:13.098, NVIDIA L4, 23034 MiB, 21350 MiB, 1297 MiB, 94 %
2026/09/24 11:04:14.099, NVIDIA L4, 23034 MiB, 21350 MiB, 1297 MiB, 93 %
2026/09/24 11:04:15.100, NVIDIA L4, 23034 MiB, 21350 MiB, 1297 MiB, 93 %
2026/09/24 11:04:16.100, NVIDIA L4, 23034 MiB, 21350 MiB, 1297 MiB, 94 %
2026/09/24 11:04:17.100, NVIDIA L4, 23034 MiB, 21350 MiB, 1297 MiB, 94 %
2026/09/24 11:04:18.101, NVIDIA L4, 23034 MiB, 21350 MiB, 1297 MiB, 94 %
2026/09/24 11:04:19.101, NVIDIA L4, 23034 MiB, 21350 MiB, 1297 MiB, 94 %
2026/09/24 11:04:20.101, NVIDIA L4, 23034 MiB, 21350 MiB, 1297 MiB, 94 %
2026/09/24 11:04:21.102, NVIDIA L4, 23034 MiB, 21350 MiB, 1297 MiB, 94 %
2026/09/24 11:04:22.102, NVIDIA L4, 23034 MiB, 21350 MiB, 1297 MiB, 93 %
2026/09/24 11:04:23.102, NVIDIA L4, 23034 MiB, 21350 MiB, 1297 MiB, 94 %
2026/09/24 11:04:24.102, NVIDIA L4, 23034 MiB, 21350 MiB, 1297 MiB, 94 %
2026/09/24 11:04:25.103, NVIDIA L4, 23034 MiB, 21350 MiB, 1297 MiB, 93 %
2026/09/24 11:04:26.103, NVIDIA L4, 23034 MiB, 21350 MiB, 1297 MiB, 94 %
2026/09/24 11:04:27.103, NVIDIA L4, 23034 MiB, 21350 MiB, 1297 MiB, 63 %
2026/09/24 11:04:28.104, NVIDIA L4, 23034 MiB, 21350 MiB, 1297 MiB, 94 %
2026/09/24 11:04:29.104, NVIDIA L4, 23034 MiB, 21350 MiB, 1297 MiB, 93 %
2026/09/24 11:04:30.104, NVIDIA L4, 23034 MiB, 21350 MiB, 1297 MiB, 93 %
2026/09/24 11:04:31.104, NVIDIA L4, 23034 MiB, 21350 MiB, 1297 MiB, 94 %
2026/09/24 11:04:32.105, NVIDIA L4, 23034 MiB, 21350 MiB, 1297 MiB, 93 %
2026/09/24 11:04:33.105, NVIDIA L4, 23034 MiB, 21350 MiB, 1297 MiB, 94 %
2026/09/24 11:04:34.105, NVIDIA L4, 23034 MiB, 21350 MiB, 1297 MiB, 93 %
2026/09/24 11:04:35.106, NVIDIA L4, 23034 MiB, 21350 MiB, 1297 MiB, 94 %
2026/09/24 11:04:36.106, NVIDIA L4, 23034 MiB, 21350 MiB, 1297 MiB, 94 %
2026/09/24 11:04:37.106, NVIDIA L4, 23034 MiB, 21350 MiB, 1297 MiB, 93 %
2026/09/24 11:04:38.106, NVIDIA L4, 23034 MiB, 21350 MiB, 1297 MiB, 90 %
2026/09/24 11:04:39.107, NVIDIA L4, 23034 MiB, 21350 MiB, 1297 MiB, 93 %
2026/09/24 11:04:40.107, NVIDIA L4, 23034 MiB, 21350 MiB, 1297 MiB, 87 %
2026/09/24 11:04:41.107, NVIDIA L4, 23034 MiB, 21350 MiB, 1297 MiB, 94 %
2026/09/24 11:04:42.108, NVIDIA L4, 23034 MiB, 21350 MiB, 1297 MiB, 93 %
2026/09/24 11:04:43.108, NVIDIA L4, 23034 MiB, 21350 MiB, 1297 MiB, 93 %
2026/09/24 11:04:44.108, NVIDIA L4, 23034 MiB, 21350 MiB, 1297 MiB, 93 %
2026/09/24 11:04:45.109, NVIDIA L4, 23034 MiB, 21350 MiB, 1297 MiB, 94 %
2026/09/24 11:04:46.109, NVIDIA L4, 23034 MiB, 21350 MiB, 1297 MiB, 93 %
2026/09/24 11:04:47.109, NVIDIA L4, 23034 MiB, 21350 MiB, 1297 MiB, 93 %
2026/09/24 11:04:48.109, NVIDIA L4, 23034 MiB, 21350 MiB, 1297 MiB, 92 %
2026/09/24 11:04:49.110, NVIDIA L4, 23034 MiB, 21350 MiB, 1297 MiB, 94 %
2026/09/24 11:04:50.110, NVIDIA L4, 23034 MiB, 21350 MiB, 1297 MiB, 94 %
2026/09/24 11:04:51.110, NVIDIA L4, 23034 MiB, 21350 MiB, 1297 MiB, 93 %
2026/09/24 11:04:52.111, NVIDIA L4, 23034 MiB, 21350 MiB, 1297 MiB, 94 %
2026/09/24 11:04:53.111, NVIDIA L4, 23034 MiB, 21350 MiB, 1297 MiB, 94 %
2026/09/24 11:04:54.111, NVIDIA L4, 23034 MiB, 21350 MiB, 1297 MiB, 93 %
2026/09/24 11:04:55.111, NVIDIA L4, 23034 MiB, 21350 MiB, 1297 MiB, 93 %
2026/09/24 11:04:56.112, NVIDIA L4, 23034 MiB, 21350 MiB, 1297 MiB, 93 %
2026/09/24 11:04:57.112, NVIDIA L4, 23034 MiB, 21350 MiB, 1297 MiB, 94 %
2026/09/24 11:04:58.112, NVIDIA L4, 23034 MiB, 21350 MiB, 1297 MiB, 94 %
2026/09/24 11:04:59.113, NVIDIA L4, 23034 MiB, 21350 MiB, 1297 MiB, 93 %
2026/09/24 11:05:00.113, NVIDIA L4, 23034 MiB, 21350 MiB, 1297 MiB, 94 %
2026/09/24 11:05:01.113, NVIDIA L4, 23034 MiB, 21350 MiB, 1297 MiB, 93 %
2026/09/24 11:05:02.114, NVIDIA L4, 23034 MiB, 21350 MiB, 1297 MiB, 93 %
2026/09/24 11:05:03.114, NVIDIA L4, 23034 MiB, 21350 MiB, 1297 MiB, 94 %
2026/09/24 11:05:04.114, NVIDIA L4, 23034 MiB, 21350 MiB, 1297 MiB, 93 %
2026/09/24 11:05:05.114, NVIDIA L4, 23034 MiB, 21350 MiB, 1297 MiB, 93 %
2026/09/24 11:05:06.115, NVIDIA L4, 23034 MiB, 21350 MiB, 1297 MiB, 94 %
2026/09/24 11:05:07.115, NVIDIA L4, 23034 MiB, 21350 MiB, 1297 MiB, 93 %
2026/09/24 11:05:08.115, NVIDIA L4, 23034 MiB, 21350 MiB, 1297 MiB, 91 %
2026/09/24 11:05:09.116, NVIDIA L4, 23034 MiB, 21350 MiB, 1297 MiB, 94 %
2026/09/24 11:05:10.116, NVIDIA L4, 23034 MiB, 21350 MiB, 1297 MiB, 93 %
2026/09/24 11:05:11.116, NVIDIA L4, 23034 MiB, 21350 MiB, 1297 MiB, 94 %
2026/09/24 11:05:12.116, NVIDIA L4, 23034 MiB, 21350 MiB, 1297 MiB, 92 %
2026/09/24 11:05:13.117, NVIDIA L4, 23034 MiB, 21350 MiB, 1297 MiB, 94 %
2026/09/24 11:05:14.117, NVIDIA L4, 23034 MiB, 21350 MiB, 1297 MiB, 93 %
2026/09/24 11:05:15.117, NVIDIA L4, 23034 MiB, 21350 MiB, 1297 MiB, 93 %
2026/09/24 11:05:16.118, NVIDIA L4, 23034 MiB, 21350 MiB, 1297 MiB, 93 %
2026/09/24 11:05:17.118, NVIDIA L4, 23034 MiB, 21350 MiB, 1297 MiB, 65 %
2026/09/24 11:05:18.118, NVIDIA L4, 23034 MiB, 21350 MiB, 1297 MiB, 94 %
2026/09/24 11:05:19.118, NVIDIA L4, 23034 MiB, 21350 MiB, 1297 MiB, 93 %
2026/09/24 11:05:20.119, NVIDIA L4, 23034 MiB, 21350 MiB, 1297 MiB, 94 %
2026/09/24 11:05:21.119, NVIDIA L4, 23034 MiB, 21350 MiB, 1297 MiB, 93 %
2026/09/24 11:05:22.119, NVIDIA L4, 23034 MiB, 21350 MiB, 1297 MiB, 93 %
2026/09/24 11:05:23.120, NVIDIA L4, 23034 MiB, 21350 MiB, 1297 MiB, 94 %
2026/09/24 11:05:24.120, NVIDIA L4, 23034 MiB, 21350 MiB, 1297 MiB, 93 %
2026/09/24 11:05:25.120, NVIDIA L4, 23034 MiB, 21350 MiB, 1297 MiB, 93 %
2026/09/24 11:05:26.121, NVIDIA L4, 23034 MiB, 21350 MiB, 1297 MiB, 94 %
2026/09/24 11:05:27.122, NVIDIA L4, 23034 MiB, 21350 MiB, 1297 MiB, 93 %
2026/09/24 11:05:28.122, NVIDIA L4, 23034 MiB, 21350 MiB, 1297 MiB, 94 %
2026/09/24 11:05:29.122, NVIDIA L4, 23034 MiB, 21350 MiB, 1297 MiB, 93 %
2026/09/24 11:05:30.123, NVIDIA L4, 23034 MiB, 21350 MiB, 1297 MiB, 94 %
2026/09/24 11:05:31.123, NVIDIA L4, 23034 MiB, 21350 MiB, 1297 MiB, 94 %
2026/09/24 11:05:32.123, NVIDIA L4, 23034 MiB, 21350 MiB, 1297 MiB, 92 %
2026/09/24 11:05:33.123, NVIDIA L4, 23034 MiB, 21350 MiB, 1297 MiB, 93 %
2026/09/24 11:05:34.124, NVIDIA L4, 23034 MiB, 21350 MiB, 1297 MiB, 93 %
2026/09/24 11:05:35.124, NVIDIA L4, 23034 MiB, 21350 MiB, 1297 MiB, 93 %
2026/09/24 11:05:36.124, NVIDIA L4, 23034 MiB, 21350 MiB, 1297 MiB, 94 %
2026/09/24 11:05:37.125, NVIDIA L4, 23034 MiB, 21350 MiB, 1297 MiB, 94 %
2026/09/24 11:05:38.125, NVIDIA L4, 23034 MiB, 21350 MiB, 1297 MiB, 94 %
2026/09/24 11:05:39.125, NVIDIA L4, 23034 MiB, 21350 MiB, 1297 MiB, 94 %
2026/09/24 11:05:40.125, NVIDIA L4, 23034 MiB, 21350 MiB, 1297 MiB, 94 %
2026/09/24 11:05:41.126, NVIDIA L4, 23034 MiB, 21350 MiB, 1297 MiB, 94 %
2026/09/24 11:05:42.126, NVIDIA L4, 23034 MiB, 21350 MiB, 1297 MiB, 94 %
2026/09/24 11:05:43.126, NVIDIA L4, 23034 MiB, 21350 MiB, 1297 MiB, 93 %
2026/09/24 11:05:44.127, NVIDIA L4, 23034 MiB, 21350 MiB, 1297 MiB, 93 %
2026/09/24 11:05:45.127, NVIDIA L4, 23034 MiB, 21350 MiB, 1297 MiB, 94 %
2026/09/24 11:05:46.127, NVIDIA L4, 23034 MiB, 21350 MiB, 1297 MiB, 93 %
2026/09/24 11:05:47.128, NVIDIA L4, 23034 MiB, 21350 MiB, 1297 MiB, 93 %
2026/09/24 11:05:48.128, NVIDIA L4, 23034 MiB, 21350 MiB, 1297 MiB, 92 %
2026/09/24 11:05:49.128, NVIDIA L4, 23034 MiB, 21350 MiB, 1297 MiB, 93 %
2026/09/24 11:05:50.129, NVIDIA L4, 23034 MiB, 21350 MiB, 1297 MiB, 94 %
2026/09/24 11:05:51.129, NVIDIA L4, 23034 MiB, 21350 MiB, 1297 MiB, 94 %
2026/09/24 11:05:52.129, NVIDIA L4, 23034 MiB, 21350 MiB, 1297 MiB, 91 %
2026/09/24 11:05:53.129, NVIDIA L4, 23034 MiB, 21350 MiB, 1297 MiB, 93 %
2026/09/24 11:05:54.130, NVIDIA L4, 23034 MiB, 21350 MiB, 1297 MiB, 93 %
2026/09/24 11:05:55.130, NVIDIA L4, 23034 MiB, 21350 MiB, 1297 MiB, 94 %
2026/09/24 11:05:56.130, NVIDIA L4, 23034 MiB, 21350 MiB, 1297 MiB, 0 %
2026/09/24 11:05:57.131, NVIDIA L4, 23034 MiB, 21350 MiB, 1297 MiB, 0 %
2026/09/24 11:05:58.131, NVIDIA L4, 23034 MiB, 21350 MiB, 1297 MiB, 94 %
2026/09/24 11:05:59.131, NVIDIA L4, 23034 MiB, 21350 MiB, 1297 MiB, 94 %
2026/09/24 11:06:00.131, NVIDIA L4, 23034 MiB, 21350 MiB, 1297 MiB, 93 %
2026/09/24 11:06:01.132, NVIDIA L4, 23034 MiB, 21350 MiB, 1297 MiB, 94 %
2026/09/24 11:06:02.132, NVIDIA L4, 23034 MiB, 21350 MiB, 1297 MiB, 93 %
2026/09/24 11:06:03.132, NVIDIA L4, 23034 MiB, 21350 MiB, 1297 MiB, 93 %
2026/09/24 11:06:04.133, NVIDIA L4, 23034 MiB, 21350 MiB, 1297 MiB, 93 %
2026/09/24 11:06:05.133, NVIDIA L4, 23034 MiB, 21350 MiB, 1297 MiB, 93 %
2026/09/24 11:06:06.133, NVIDIA L4, 23034 MiB, 21350 MiB, 1297 MiB, 93 %
2026/09/24 11:06:07.133, NVIDIA L4, 23034 MiB, 21350 MiB, 1297 MiB, 94 %
2026/09/24 11:06:08.134, NVIDIA L4, 23034 MiB, 21350 MiB, 1297 MiB, 92 %
2026/09/24 11:06:09.134, NVIDIA L4, 23034 MiB, 21350 MiB, 1297 MiB, 93 %
2026/09/24 11:06:10.134, NVIDIA L4, 23034 MiB, 21350 MiB, 1297 MiB, 94 %
2026/09/24 11:06:11.135, NVIDIA L4, 23034 MiB, 21350 MiB, 1297 MiB, 93 %
2026/09/24 11:06:12.135, NVIDIA L4, 23034 MiB, 21350 MiB, 1297 MiB, 93 %
2026/09/24 11:06:13.135, NVIDIA L4, 23034 MiB, 21350 MiB, 1297 MiB, 92 %
2026/09/24 11:06:14.136, NVIDIA L4, 23034 MiB, 21350 MiB, 1297 MiB, 94 %
2026/09/24 11:06:15.136, NVIDIA L4, 23034 MiB, 21350 MiB, 1297 MiB, 92 %
2026/09/24 11:06:16.136, NVIDIA L4, 23034 MiB, 21350 MiB, 1297 MiB, 93 %
2026/09/24 11:06:17.137, NVIDIA L4, 23034 MiB, 21350 MiB, 1297 MiB, 93 %
2026/09/24 11:06:18.137, NVIDIA L4, 23034 MiB, 21350 MiB, 1297 MiB, 94 %
2026/09/24 11:06:19.137, NVIDIA L4, 23034 MiB, 21350 MiB, 1297 MiB, 94 %
2026/09/24 11:06:20.138, NVIDIA L4, 23034 MiB, 21350 MiB, 1297 MiB, 94 %
2026/09/24 11:06:21.138, NVIDIA L4, 23034 MiB, 21350 MiB, 1297 MiB, 93 %
2026/09/24 11:06:22.138, NVIDIA L4, 23034 MiB, 21350 MiB, 1297 MiB, 94 %
2026/09/24 11:06:23.138, NVIDIA L4, 23034 MiB, 21350 MiB, 1297 MiB, 93 %
2026/09/24 11:06:24.139, NVIDIA L4, 23034 MiB, 21350 MiB, 1297 MiB, 94 %
2026/09/24 11:06:25.139, NVIDIA L4, 23034 MiB, 21350 MiB, 1297 MiB, 94 %
2026/09/24 11:06:26.139, NVIDIA L4, 23034 MiB, 21350 MiB, 1297 MiB, 93 %
2026/09/24 11:06:27.140, NVIDIA L4, 23034 MiB, 21350 MiB, 1297 MiB, 94 %
2026/09/24 11:06:28.140, NVIDIA L4, 23034 MiB, 21350 MiB, 1297 MiB, 94 %
2026/09/24 11:06:29.140, NVIDIA L4, 23034 MiB, 21350 MiB, 1297 MiB, 39 %
2026/09/24 11:06:30.140, NVIDIA L4, 23034 MiB, 21350 MiB, 1297 MiB, 92 %
2026/09/24 11:06:31.141, NVIDIA L4, 23034 MiB, 21350 MiB, 1297 MiB, 92 %
2026/09/24 11:06:32.141, NVIDIA L4, 23034 MiB, 21350 MiB, 1297 MiB, 93 %
2026/09/24 11:06:33.141, NVIDIA L4, 23034 MiB, 21350 MiB, 1297 MiB, 93 %
2026/09/24 11:06:34.141, NVIDIA L4, 23034 MiB, 21350 MiB, 1297 MiB, 92 %
2026/09/24 11:06:35.142, NVIDIA L4, 23034 MiB, 21350 MiB, 1297 MiB, 94 %
2026/09/24 11:06:36.142, NVIDIA L4, 23034 MiB, 21350 MiB, 1297 MiB, 93 %
2026/09/24 11:06:37.142, NVIDIA L4, 23034 MiB, 21350 MiB, 1297 MiB, 93 %
2026/09/24 11:06:38.143, NVIDIA L4, 23034 MiB, 21350 MiB, 1297 MiB, 93 %
2026/09/24 11:06:39.143, NVIDIA L4, 23034 MiB, 21350 MiB, 1297 MiB, 93 %
2026/09/24 11:06:40.143, NVIDIA L4, 23034 MiB, 21350 MiB, 1297 MiB, 92 %
2026/09/24 11:06:41.143, NVIDIA L4, 23034 MiB, 21350 MiB, 1297 MiB, 93 %
2026/09/24 11:06:42.144, NVIDIA L4, 23034 MiB, 21350 MiB, 1297 MiB, 91 %
2026/09/24 11:06:43.144, NVIDIA L4, 23034 MiB, 21350 MiB, 1297 MiB, 93 %
2026/09/24 11:06:44.145, NVIDIA L4, 23034 MiB, 21350 MiB, 1297 MiB, 93 %
2026/09/24 11:06:45.145, NVIDIA L4, 23034 MiB, 21350 MiB, 1297 MiB, 94 %
2026/09/24 11:06:46.145, NVIDIA L4, 23034 MiB, 21350 MiB, 1297 MiB, 93 %
2026/09/24 11:06:47.145, NVIDIA L4, 23034 MiB, 21350 MiB, 1297 MiB, 92 %
2026/09/24 11:06:48.146, NVIDIA L4, 23034 MiB, 21350 MiB, 1297 MiB, 94 %
2026/09/24 11:06:49.146, NVIDIA L4, 23034 MiB, 21350 MiB, 1297 MiB, 94 %
2026/09/24 11:06:50.146, NVIDIA L4, 23034 MiB, 21350 MiB, 1297 MiB, 93 %
2026/09/24 11:06:51.147, NVIDIA L4, 23034 MiB, 21350 MiB, 1297 MiB, 94 %
2026/09/24 11:06:52.147, NVIDIA L4, 23034 MiB, 21350 MiB, 1297 MiB, 94 %
2026/09/24 11:06:53.147, NVIDIA L4, 23034 MiB, 21350 MiB, 1297 MiB, 93 %
2026/09/24 11:06:54.147, NVIDIA L4, 23034 MiB, 21350 MiB, 1297 MiB, 93 %
2026/09/24 11:06:55.148, NVIDIA L4, 23034 MiB, 21350 MiB, 1297 MiB, 94 %
2026/09/24 11:06:56.148, NVIDIA L4, 23034 MiB, 21350 MiB, 1297 MiB, 94 %
2026/09/24 11:06:57.148, NVIDIA L4, 23034 MiB, 21350 MiB, 1297 MiB, 93 %
2026/09/24 11:06:58.149, NVIDIA L4, 23034 MiB, 21350 MiB, 1297 MiB, 94 %
2026/09/24 11:06:59.149, NVIDIA L4, 23034 MiB, 21350 MiB, 1297 MiB, 94 %
2026/09/24 11:07:00.149, NVIDIA L4, 23034 MiB, 21350 MiB, 1297 MiB, 93 %
2026/09/24 11:07:01.150, NVIDIA L4, 23034 MiB, 21350 MiB, 1297 MiB, 93 %
2026/09/24 11:07:02.150, NVIDIA L4, 23034 MiB, 21350 MiB, 1297 MiB, 92 %
2026/09/24 11:07:03.150, NVIDIA L4, 23034 MiB, 21350 MiB, 1297 MiB, 93 %
2026/09/24 11:07:04.150, NVIDIA L4, 23034 MiB, 21350 MiB, 1297 MiB, 93 %
2026/09/24 11:07:05.151, NVIDIA L4, 23034 MiB, 21350 MiB, 1297 MiB, 92 %
2026/09/24 11:07:06.151, NVIDIA L4, 23034 MiB, 21350 MiB, 1297 MiB, 93 %
2026/09/24 11:07:07.151, NVIDIA L4, 23034 MiB, 21350 MiB, 1297 MiB, 93 %
2026/09/24 11:07:08.152, NVIDIA L4, 23034 MiB, 21350 MiB, 1297 MiB, 93 %
2026/09/24 11:07:09.152, NVIDIA L4, 23034 MiB, 21350 MiB, 1297 MiB, 93 %
2026/09/24 11:07:10.152, NVIDIA L4, 23034 MiB, 21350 MiB, 1297 MiB, 92 %
2026/09/24 11:07:11.152, NVIDIA L4, 23034 MiB, 21350 MiB, 1297 MiB, 93 %
2026/09/24 11:07:12.153, NVIDIA L4, 23034 MiB, 21350 MiB, 1297 MiB, 93 %
2026/09/24 11:07:13.153, NVIDIA L4, 23034 MiB, 21350 MiB, 1297 MiB, 94 %
2026/09/24 11:07:14.153, NVIDIA L4, 23034 MiB, 21350 MiB, 1297 MiB, 93 %
2026/09/24 11:07:15.154, NVIDIA L4, 23034 MiB, 21350 MiB, 1297 MiB, 93 %
2026/09/24 11:07:16.154, NVIDIA L4, 23034 MiB, 21350 MiB, 1297 MiB, 94 %
2026/09/24 11:07:17.154, NVIDIA L4, 23034 MiB, 21350 MiB, 1297 MiB, 94 %
2026/09/24 11:07:18.155, NVIDIA L4, 23034 MiB, 21350 MiB, 1297 MiB, 93 %
2026/09/24 11:07:19.155, NVIDIA L4, 23034 MiB, 21350 MiB, 1297 MiB, 94 %
2026/09/24 11:07:20.155, NVIDIA L4, 23034 MiB, 21350 MiB, 1297 MiB, 94 %
2026/09/24 11:07:21.155, NVIDIA L4, 23034 MiB, 21350 MiB, 1297 MiB, 93 %
2026/09/24 11:07:22.156, NVIDIA L4, 23034 MiB, 21350 MiB, 1297 MiB, 94 %
2026/09/24 11:07:23.156, NVIDIA L4, 23034 MiB, 21350 MiB, 1297 MiB, 94 %
2026/09/24 11:07:24.156, NVIDIA L4, 23034 MiB, 21350 MiB, 1297 MiB, 93 %
2026/09/24 11:07:25.157, NVIDIA L4, 23034 MiB, 21350 MiB, 1297 MiB, 94 %
2026/09/24 11:07:26.157, NVIDIA L4, 23034 MiB, 21350 MiB, 1297 MiB, 94 %
2026/09/24 11:07:27.157, NVIDIA L4, 23034 MiB, 21350 MiB, 1297 MiB, 94 %
2026/09/24 11:07:28.158, NVIDIA L4, 23034 MiB, 21350 MiB, 1297 MiB, 94 %
2026/09/24 11:07:29.158, NVIDIA L4, 23034 MiB, 21350 MiB, 1297 MiB, 93 %
2026/09/24 11:07:30.158, NVIDIA L4, 23034 MiB, 21350 MiB, 1297 MiB, 93 %
2026/09/24 11:07:31.158, NVIDIA L4, 23034 MiB, 21350 MiB, 1297 MiB, 94 %
2026/09/24 11:07:32.159, NVIDIA L4, 23034 MiB, 21350 MiB, 1297 MiB, 94 %
2026/09/24 11:07:33.159, NVIDIA L4, 23034 MiB, 21350 MiB, 1297 MiB, 94 %
2026/09/24 11:07:34.159, NVIDIA L4, 23034 MiB, 21350 MiB, 1297 MiB, 92 %
2026/09/24 11:07:35.160, NVIDIA L4, 23034 MiB, 21350 MiB, 1297 MiB, 94 %
2026/09/24 11:07:36.160, NVIDIA L4, 23034 MiB, 21350 MiB, 1297 MiB, 94 %
2026/09/24 11:07:37.160, NVIDIA L4, 23034 MiB, 21350 MiB, 1297 MiB, 93 %
2026/09/24 11:07:38.161, NVIDIA L4, 23034 MiB, 21350 MiB, 1297 MiB, 94 %
2026/09/24 11:07:39.161, NVIDIA L4, 23034 MiB, 21350 MiB, 1297 MiB, 94 %
2026/09/24 11:07:40.161, NVIDIA L4, 23034 MiB, 21350 MiB, 1297 MiB, 93 %
2026/09/24 11:07:41.161, NVIDIA L4, 23034 MiB, 21350 MiB, 1297 MiB, 94 %
2026/09/24 11:07:42.162, NVIDIA L4, 23034 MiB, 21350 MiB, 1297 MiB, 94 %
2026/09/24 11:07:43.162, NVIDIA L4, 23034 MiB, 21350 MiB, 1297 MiB, 94 %
2026/09/24 11:07:44.163, NVIDIA L4, 23034 MiB, 21350 MiB, 1297 MiB, 94 %
2026/09/24 11:07:45.163, NVIDIA L4, 23034 MiB, 21350 MiB, 1297 MiB, 93 %
2026/09/24 11:07:46.163, NVIDIA L4, 23034 MiB, 21350 MiB, 1297 MiB, 92 %
2026/09/24 11:07:47.163, NVIDIA L4, 23034 MiB, 21350 MiB, 1297 MiB, 93 %
2026/09/24 11:07:48.164, NVIDIA L4, 23034 MiB, 21350 MiB, 1297 MiB, 94 %
2026/09/24 11:07:49.164, NVIDIA L4, 23034 MiB, 21350 MiB, 1297 MiB, 93 %
2026/09/24 11:07:50.164, NVIDIA L4, 23034 MiB, 21350 MiB, 1297 MiB, 94 %
2026/09/24 11:07:51.165, NVIDIA L4, 23034 MiB, 21350 MiB, 1297 MiB, 94 %
2026/09/24 11:07:52.166, NVIDIA L4, 23034 MiB, 21350 MiB, 1297 MiB, 93 %
2026/09/24 11:07:53.166, NVIDIA L4, 23034 MiB, 21350 MiB, 1297 MiB, 93 %
2026/09/24 11:07:54.166, NVIDIA L4, 23034 MiB, 21350 MiB, 1297 MiB, 94 %
2026/09/24 11:07:55.167, NVIDIA L4, 23034 MiB, 21350 MiB, 1297 MiB, 93 %
2026/09/24 11:07:56.167, NVIDIA L4, 23034 MiB, 21350 MiB, 1297 MiB, 94 %
2026/09/24 11:07:57.167, NVIDIA L4, 23034 MiB, 21350 MiB, 1297 MiB, 92 %
2026/09/24 11:07:58.168, NVIDIA L4, 23034 MiB, 21350 MiB, 1297 MiB, 94 %
2026/09/24 11:07:59.168, NVIDIA L4, 23034 MiB, 21350 MiB, 1297 MiB, 94 %
2026/09/24 11:08:00.168, NVIDIA L4, 23034 MiB, 21350 MiB, 1297 MiB, 94 %
2026/09/24 11:08:01.168, NVIDIA L4, 23034 MiB, 21350 MiB, 1297 MiB, 94 %
2026/09/24 11:08:02.169, NVIDIA L4, 23034 MiB, 21350 MiB, 1297 MiB, 93 %
2026/09/24 11:08:03.169, NVIDIA L4, 23034 MiB, 21350 MiB, 1297 MiB, 94 %
2026/09/24 11:08:04.169, NVIDIA L4, 23034 MiB, 21544 MiB, 1103 MiB, 93 %
2026/09/24 11:08:05.169, NVIDIA L4, 23034 MiB, 21544 MiB, 1103 MiB, 91 %
2026/09/24 11:08:06.170, NVIDIA L4, 23034 MiB, 21544 MiB, 1103 MiB, 93 %
2026/09/24 11:08:07.170, NVIDIA L4, 23034 MiB, 21544 MiB, 1103 MiB, 93 %
2026/09/24 11:08:08.170, NVIDIA L4, 23034 MiB, 21544 MiB, 1103 MiB, 94 %
2026/09/24 11:08:09.171, NVIDIA L4, 23034 MiB, 21544 MiB, 1103 MiB, 80 %
2026/09/24 11:08:10.171, NVIDIA L4, 23034 MiB, 21544 MiB, 1103 MiB, 94 %
2026/09/24 11:08:11.171, NVIDIA L4, 23034 MiB, 21544 MiB, 1103 MiB, 94 %
2026/09/24 11:08:12.171, NVIDIA L4, 23034 MiB, 21544 MiB, 1103 MiB, 93 %
2026/09/24 11:08:13.172, NVIDIA L4, 23034 MiB, 21544 MiB, 1103 MiB, 94 %
2026/09/24 11:08:14.172, NVIDIA L4, 23034 MiB, 21544 MiB, 1103 MiB, 93 %
2026/09/24 11:08:15.172, NVIDIA L4, 23034 MiB, 21544 MiB, 1103 MiB, 94 %
2026/09/24 11:08:16.173, NVIDIA L4, 23034 MiB, 21544 MiB, 1103 MiB, 93 %
2026/09/24 11:08:17.173, NVIDIA L4, 23034 MiB, 21544 MiB, 1103 MiB, 93 %
2026/09/24 11:08:18.173, NVIDIA L4, 23034 MiB, 21544 MiB, 1103 MiB, 93 %
2026/09/24 11:08:19.174, NVIDIA L4, 23034 MiB, 21544 MiB, 1103 MiB, 94 %
2026/09/24 11:08:20.174, NVIDIA L4, 23034 MiB, 21544 MiB, 1103 MiB, 93 %
2026/09/24 11:08:21.174, NVIDIA L4, 23034 MiB, 21544 MiB, 1103 MiB, 93 %
2026/09/24 11:08:22.174, NVIDIA L4, 23034 MiB, 21544 MiB, 1103 MiB, 93 %
2026/09/24 11:08:23.175, NVIDIA L4, 23034 MiB, 21544 MiB, 1103 MiB, 68 %
2026/09/24 11:08:24.175, NVIDIA L4, 23034 MiB, 21544 MiB, 1103 MiB, 93 %
2026/09/24 11:08:25.175, NVIDIA L4, 23034 MiB, 21544 MiB, 1103 MiB, 93 %
2026/09/24 11:08:26.176, NVIDIA L4, 23034 MiB, 21544 MiB, 1103 MiB, 93 %
2026/09/24 11:08:27.176, NVIDIA L4, 23034 MiB, 21544 MiB, 1103 MiB, 94 %
2026/09/24 11:08:28.176, NVIDIA L4, 23034 MiB, 21544 MiB, 1103 MiB, 93 %
2026/09/24 11:08:29.176, NVIDIA L4, 23034 MiB, 21544 MiB, 1103 MiB, 94 %
2026/09/24 11:08:30.177, NVIDIA L4, 23034 MiB, 21544 MiB, 1103 MiB, 94 %
2026/09/24 11:08:31.177, NVIDIA L4, 23034 MiB, 21544 MiB, 1103 MiB, 88 %
2026/09/24 11:08:32.177, NVIDIA L4, 23034 MiB, 21544 MiB, 1103 MiB, 93 %
2026/09/24 11:08:33.178, NVIDIA L4, 23034 MiB, 21544 MiB, 1103 MiB, 94 %
2026/09/24 11:08:34.178, NVIDIA L4, 23034 MiB, 21544 MiB, 1103 MiB, 93 %
2026/09/24 11:08:35.178, NVIDIA L4, 23034 MiB, 21544 MiB, 1103 MiB, 94 %
2026/09/24 11:08:36.178, NVIDIA L4, 23034 MiB, 21544 MiB, 1103 MiB, 94 %
2026/09/24 11:08:37.179, NVIDIA L4, 23034 MiB, 21544 MiB, 1103 MiB, 94 %
2026/09/24 11:08:38.179, NVIDIA L4, 23034 MiB, 21544 MiB, 1103 MiB, 92 %
2026/09/24 11:08:39.179, NVIDIA L4, 23034 MiB, 21544 MiB, 1103 MiB, 93 %
2026/09/24 11:08:40.180, NVIDIA L4, 23034 MiB, 21544 MiB, 1103 MiB, 94 %
2026/09/24 11:08:41.180, NVIDIA L4, 23034 MiB, 21544 MiB, 1103 MiB, 92 %
2026/09/24 11:08:42.180, NVIDIA L4, 23034 MiB, 21544 MiB, 1103 MiB, 94 %
2026/09/24 11:08:43.181, NVIDIA L4, 23034 MiB, 21544 MiB, 1103 MiB, 93 %
2026/09/24 11:08:44.181, NVIDIA L4, 23034 MiB, 21544 MiB, 1103 MiB, 93 %
2026/09/24 11:08:45.181, NVIDIA L4, 23034 MiB, 21544 MiB, 1103 MiB, 94 %
2026/09/24 11:08:46.182, NVIDIA L4, 23034 MiB, 21544 MiB, 1103 MiB, 92 %
2026/09/24 11:08:47.182, NVIDIA L4, 23034 MiB, 21544 MiB, 1103 MiB, 94 %
2026/09/24 11:08:48.182, NVIDIA L4, 23034 MiB, 21544 MiB, 1103 MiB, 94 %
2026/09/24 11:08:49.183, NVIDIA L4, 23034 MiB, 21544 MiB, 1103 MiB, 94 %
2026/09/24 11:08:50.183, NVIDIA L4, 23034 MiB, 21544 MiB, 1103 MiB, 94 %
2026/09/24 11:08:51.183, NVIDIA L4, 23034 MiB, 21544 MiB, 1103 MiB, 94 %
2026/09/24 11:08:52.183, NVIDIA L4, 23034 MiB, 21544 MiB, 1103 MiB, 94 %
2026/09/24 11:08:53.184, NVIDIA L4, 23034 MiB, 21544 MiB, 1103 MiB, 92 %
2026/09/24 11:08:54.184, NVIDIA L4, 23034 MiB, 21544 MiB, 1103 MiB, 94 %
2026/09/24 11:08:55.184, NVIDIA L4, 23034 MiB, 21544 MiB, 1103 MiB, 0 %
2026/09/24 11:08:56.185, NVIDIA L4, 23034 MiB, 21544 MiB, 1103 MiB, 0 %
2026/09/24 11:08:57.185, NVIDIA L4, 23034 MiB, 21544 MiB, 1103 MiB, 94 %
2026/09/24 11:08:58.185, NVIDIA L4, 23034 MiB, 21544 MiB, 1103 MiB, 94 %
2026/09/24 11:08:59.186, NVIDIA L4, 23034 MiB, 21544 MiB, 1103 MiB, 94 %
2026/09/24 11:09:00.186, NVIDIA L4, 23034 MiB, 21544 MiB, 1103 MiB, 93 %
2026/09/24 11:09:01.186, NVIDIA L4, 23034 MiB, 21544 MiB, 1103 MiB, 93 %
2026/09/24 11:09:02.187, NVIDIA L4, 23034 MiB, 21544 MiB, 1103 MiB, 94 %
2026/09/24 11:09:03.187, NVIDIA L4, 23034 MiB, 21544 MiB, 1103 MiB, 94 %
2026/09/24 11:09:04.187, NVIDIA L4, 23034 MiB, 21544 MiB, 1103 MiB, 94 %
2026/09/24 11:09:05.187, NVIDIA L4, 23034 MiB, 21544 MiB, 1103 MiB, 93 %
2026/09/24 11:09:06.188, NVIDIA L4, 23034 MiB, 21544 MiB, 1103 MiB, 94 %
2026/09/24 11:09:07.188, NVIDIA L4, 23034 MiB, 21544 MiB, 1103 MiB, 94 %
2026/09/24 11:09:08.188, NVIDIA L4, 23034 MiB, 21544 MiB, 1103 MiB, 94 %
2026/09/24 11:09:09.189, NVIDIA L4, 23034 MiB, 21544 MiB, 1103 MiB, 86 %
2026/09/24 11:09:10.189, NVIDIA L4, 23034 MiB, 21544 MiB, 1103 MiB, 94 %
2026/09/24 11:09:11.189, NVIDIA L4, 23034 MiB, 21544 MiB, 1103 MiB, 94 %
2026/09/24 11:09:12.190, NVIDIA L4, 23034 MiB, 21544 MiB, 1103 MiB, 94 %
2026/09/24 11:09:13.190, NVIDIA L4, 23034 MiB, 21544 MiB, 1103 MiB, 94 %
2026/09/24 11:09:14.190, NVIDIA L4, 23034 MiB, 21544 MiB, 1103 MiB, 94 %
2026/09/24 11:09:15.191, NVIDIA L4, 23034 MiB, 21544 MiB, 1103 MiB, 91 %
2026/09/24 11:09:16.192, NVIDIA L4, 23034 MiB, 21544 MiB, 1103 MiB, 93 %
2026/09/24 11:09:17.192, NVIDIA L4, 23034 MiB, 21544 MiB, 1103 MiB, 94 %
2026/09/24 11:09:18.193, NVIDIA L4, 23034 MiB, 21544 MiB, 1103 MiB, 93 %
2026/09/24 11:09:19.193, NVIDIA L4, 23034 MiB, 21544 MiB, 1103 MiB, 94 %
2026/09/24 11:09:20.193, NVIDIA L4, 23034 MiB, 21544 MiB, 1103 MiB, 94 %
2026/09/24 11:09:21.193, NVIDIA L4, 23034 MiB, 21544 MiB, 1103 MiB, 94 %
2026/09/24 11:09:22.194, NVIDIA L4, 23034 MiB, 21544 MiB, 1103 MiB, 94 %
2026/09/24 11:09:23.194, NVIDIA L4, 23034 MiB, 21544 MiB, 1103 MiB, 94 %
2026/09/24 11:09:24.194, NVIDIA L4, 23034 MiB, 21544 MiB, 1103 MiB, 93 %
2026/09/24 11:09:25.195, NVIDIA L4, 23034 MiB, 21544 MiB, 1103 MiB, 93 %
2026/09/24 11:09:26.195, NVIDIA L4, 23034 MiB, 21544 MiB, 1103 MiB, 93 %
2026/09/24 11:09:27.195, NVIDIA L4, 23034 MiB, 21544 MiB, 1103 MiB, 93 %
2026/09/24 11:09:28.195, NVIDIA L4, 23034 MiB, 21544 MiB, 1103 MiB, 94 %
2026/09/24 11:09:29.196, NVIDIA L4, 23034 MiB, 21544 MiB, 1103 MiB, 94 %
2026/09/24 11:09:30.196, NVIDIA L4, 23034 MiB, 21544 MiB, 1103 MiB, 94 %
2026/09/24 11:09:31.196, NVIDIA L4, 23034 MiB, 21544 MiB, 1103 MiB, 94 %
2026/09/24 11:09:32.196, NVIDIA L4, 23034 MiB, 21544 MiB, 1103 MiB, 94 %
2026/09/24 11:09:33.197, NVIDIA L4, 23034 MiB, 21544 MiB, 1103 MiB, 94 %
2026/09/24 11:09:34.197, NVIDIA L4, 23034 MiB, 21544 MiB, 1103 MiB, 94 %
2026/09/24 11:09:35.197, NVIDIA L4, 23034 MiB, 21544 MiB, 1103 MiB, 92 %
2026/09/24 11:09:36.198, NVIDIA L4, 23034 MiB, 21544 MiB, 1103 MiB, 93 %
2026/09/24 11:09:37.198, NVIDIA L4, 23034 MiB, 21544 MiB, 1103 MiB, 92 %
2026/09/24 11:09:38.198, NVIDIA L4, 23034 MiB, 21544 MiB, 1103 MiB, 93 %
2026/09/24 11:09:39.198, NVIDIA L4, 23034 MiB, 21544 MiB, 1103 MiB, 94 %
2026/09/24 11:09:40.199, NVIDIA L4, 23034 MiB, 21544 MiB, 1103 MiB, 94 %
2026/09/24 11:09:41.199, NVIDIA L4, 23034 MiB, 21544 MiB, 1103 MiB, 94 %
2026/09/24 11:09:42.199, NVIDIA L4, 23034 MiB, 21544 MiB, 1103 MiB, 94 %
2026/09/24 11:09:43.200, NVIDIA L4, 23034 MiB, 21544 MiB, 1103 MiB, 94 %
2026/09/24 11:09:44.200, NVIDIA L4, 23034 MiB, 21544 MiB, 1103 MiB, 94 %
2026/09/24 11:09:45.200, NVIDIA L4, 23034 MiB, 21544 MiB, 1103 MiB, 92 %
2026/09/24 11:09:46.200, NVIDIA L4, 23034 MiB, 21544 MiB, 1103 MiB, 93 %
2026/09/24 11:09:47.201, NVIDIA L4, 23034 MiB, 21544 MiB, 1103 MiB, 94 %
2026/09/24 11:09:48.201, NVIDIA L4, 23034 MiB, 21544 MiB, 1103 MiB, 94 %
2026/09/24 11:09:49.201, NVIDIA L4, 23034 MiB, 21544 MiB, 1103 MiB, 94 %
2026/09/24 11:09:50.202, NVIDIA L4, 23034 MiB, 21544 MiB, 1103 MiB, 93 %
2026/09/24 11:09:51.202, NVIDIA L4, 23034 MiB, 21544 MiB, 1103 MiB, 94 %
2026/09/24 11:09:52.202, NVIDIA L4, 23034 MiB, 21544 MiB, 1103 MiB, 94 %
2026/09/24 11:09:53.203, NVIDIA L4, 23034 MiB, 21544 MiB, 1103 MiB, 92 %
2026/09/24 11:09:54.203, NVIDIA L4, 23034 MiB, 21544 MiB, 1103 MiB, 94 %
2026/09/24 11:09:55.203, NVIDIA L4, 23034 MiB, 21544 MiB, 1103 MiB, 94 %
2026/09/24 11:09:56.203, NVIDIA L4, 23034 MiB, 21544 MiB, 1103 MiB, 94 %
2026/09/24 11:09:57.204, NVIDIA L4, 23034 MiB, 21544 MiB, 1103 MiB, 93 %
2026/09/24 11:09:58.204, NVIDIA L4, 23034 MiB, 21544 MiB, 1103 MiB, 94 %
2026/09/24 11:09:59.204, NVIDIA L4, 23034 MiB, 21544 MiB, 1103 MiB, 92 %
2026/09/24 11:10:00.204, NVIDIA L4, 23034 MiB, 21544 MiB, 1103 MiB, 93 %
2026/09/24 11:10:01.205, NVIDIA L4, 23034 MiB, 21544 MiB, 1103 MiB, 93 %
2026/09/24 11:10:02.205, NVIDIA L4, 23034 MiB, 21544 MiB, 1103 MiB, 93 %
2026/09/24 11:10:03.205, NVIDIA L4, 23034 MiB, 21544 MiB, 1103 MiB, 94 %
2026/09/24 11:10:04.206, NVIDIA L4, 23034 MiB, 21544 MiB, 1103 MiB, 94 %
2026/09/24 11:10:05.206, NVIDIA L4, 23034 MiB, 21544 MiB, 1103 MiB, 93 %
2026/09/24 11:10:06.206, NVIDIA L4, 23034 MiB, 21544 MiB, 1103 MiB, 94 %
2026/09/24 11:10:07.207, NVIDIA L4, 23034 MiB, 21544 MiB, 1103 MiB, 93 %
2026/09/24 11:10:08.207, NVIDIA L4, 23034 MiB, 21544 MiB, 1103 MiB, 93 %
2026/09/24 11:10:09.207, NVIDIA L4, 23034 MiB, 21544 MiB, 1103 MiB, 93 %
2026/09/24 11:10:10.207, NVIDIA L4, 23034 MiB, 21544 MiB, 1103 MiB, 93 %
2026/09/24 11:10:11.208, NVIDIA L4, 23034 MiB, 21544 MiB, 1103 MiB, 94 %
2026/09/24 11:10:12.208, NVIDIA L4, 23034 MiB, 21544 MiB, 1103 MiB, 93 %
2026/09/24 11:10:13.208, NVIDIA L4, 23034 MiB, 21544 MiB, 1103 MiB, 93 %
2026/09/24 11:10:14.208, NVIDIA L4, 23034 MiB, 21544 MiB, 1103 MiB, 91 %
2026/09/24 11:10:15.209, NVIDIA L4, 23034 MiB, 21544 MiB, 1103 MiB, 94 %
2026/09/24 11:10:16.209, NVIDIA L4, 23034 MiB, 21544 MiB, 1103 MiB, 94 %
2026/09/24 11:10:17.209, NVIDIA L4, 23034 MiB, 21544 MiB, 1103 MiB, 93 %
2026/09/24 11:10:18.210, NVIDIA L4, 23034 MiB, 21544 MiB, 1103 MiB, 94 %
2026/09/24 11:10:19.210, NVIDIA L4, 23034 MiB, 21544 MiB, 1103 MiB, 93 %
2026/09/24 11:10:20.210, NVIDIA L4, 23034 MiB, 21544 MiB, 1103 MiB, 94 %
2026/09/24 11:10:21.210, NVIDIA L4, 23034 MiB, 21544 MiB, 1103 MiB, 93 %
2026/09/24 11:10:22.211, NVIDIA L4, 23034 MiB, 21544 MiB, 1103 MiB, 94 %
2026/09/24 11:10:23.211, NVIDIA L4, 23034 MiB, 21544 MiB, 1103 MiB, 94 %
2026/09/24 11:10:24.211, NVIDIA L4, 23034 MiB, 21544 MiB, 1103 MiB, 93 %
2026/09/24 11:10:25.212, NVIDIA L4, 23034 MiB, 21544 MiB, 1103 MiB, 94 %
2026/09/24 11:10:26.212, NVIDIA L4, 23034 MiB, 21544 MiB, 1103 MiB, 94 %
2026/09/24 11:10:27.212, NVIDIA L4, 23034 MiB, 21544 MiB, 1103 MiB, 94 %
2026/09/24 11:10:28.212, NVIDIA L4, 23034 MiB, 21544 MiB, 1103 MiB, 94 %
2026/09/24 11:10:29.213, NVIDIA L4, 23034 MiB, 21544 MiB, 1103 MiB, 92 %
2026/09/24 11:10:30.213, NVIDIA L4, 23034 MiB, 21544 MiB, 1103 MiB, 94 %
2026/09/24 11:10:31.213, NVIDIA L4, 23034 MiB, 21544 MiB, 1103 MiB, 93 %
2026/09/24 11:10:32.214, NVIDIA L4, 23034 MiB, 21544 MiB, 1103 MiB, 93 %
2026/09/24 11:10:33.214, NVIDIA L4, 23034 MiB, 21544 MiB, 1103 MiB, 93 %
2026/09/24 11:10:34.214, NVIDIA L4, 23034 MiB, 21544 MiB, 1103 MiB, 93 %
2026/09/24 11:10:35.215, NVIDIA L4, 23034 MiB, 21544 MiB, 1103 MiB, 93 %
2026/09/24 11:10:36.216, NVIDIA L4, 23034 MiB, 21544 MiB, 1103 MiB, 94 %
2026/09/24 11:10:37.216, NVIDIA L4, 23034 MiB, 21544 MiB, 1103 MiB, 92 %
2026/09/24 11:10:38.216, NVIDIA L4, 23034 MiB, 21544 MiB, 1103 MiB, 94 %
2026/09/24 11:10:39.217, NVIDIA L4, 23034 MiB, 21544 MiB, 1103 MiB, 93 %
2026/09/24 11:10:40.217, NVIDIA L4, 23034 MiB, 21544 MiB, 1103 MiB, 94 %
2026/09/24 11:10:41.217, NVIDIA L4, 23034 MiB, 21544 MiB, 1103 MiB, 92 %
2026/09/24 11:10:42.217, NVIDIA L4, 23034 MiB, 21544 MiB, 1103 MiB, 94 %
2026/09/24 11:10:43.218, NVIDIA L4, 23034 MiB, 21544 MiB, 1103 MiB, 94 %
2026/09/24 11:10:44.218, NVIDIA L4, 23034 MiB, 21544 MiB, 1103 MiB, 93 %
2026/09/24 11:10:45.218, NVIDIA L4, 23034 MiB, 21544 MiB, 1103 MiB, 94 %
2026/09/24 11:10:46.219, NVIDIA L4, 23034 MiB, 21544 MiB, 1103 MiB, 92 %
2026/09/24 11:10:47.219, NVIDIA L4, 23034 MiB, 21544 MiB, 1103 MiB, 94 %
2026/09/24 11:10:48.219, NVIDIA L4, 23034 MiB, 21544 MiB, 1103 MiB, 94 %
2026/09/24 11:10:49.220, NVIDIA L4, 23034 MiB, 21544 MiB, 1103 MiB, 92 %
2026/09/24 11:10:50.220, NVIDIA L4, 23034 MiB, 21544 MiB, 1103 MiB, 75 %
2026/09/24 11:10:51.220, NVIDIA L4, 23034 MiB, 21544 MiB, 1103 MiB, 93 %
2026/09/24 11:10:52.220, NVIDIA L4, 23034 MiB, 21544 MiB, 1103 MiB, 93 %
2026/09/24 11:10:53.221, NVIDIA L4, 23034 MiB, 21544 MiB, 1103 MiB, 94 %
2026/09/24 11:10:54.221, NVIDIA L4, 23034 MiB, 21544 MiB, 1103 MiB, 0 %
2026/09/24 11:10:55.221, NVIDIA L4, 23034 MiB, 21544 MiB, 1103 MiB, 0 %
2026/09/24 11:10:56.222, NVIDIA L4, 23034 MiB, 21544 MiB, 1103 MiB, 92 %
2026/09/24 11:10:57.222, NVIDIA L4, 23034 MiB, 21544 MiB, 1103 MiB, 92 %
2026/09/24 11:10:58.222, NVIDIA L4, 23034 MiB, 21544 MiB, 1103 MiB, 93 %
2026/09/24 11:10:59.224, NVIDIA L4, 23034 MiB, 21544 MiB, 1103 MiB, 94 %
2026/09/24 11:11:00.224, NVIDIA L4, 23034 MiB, 21544 MiB, 1103 MiB, 93 %
2026/09/24 11:11:01.224, NVIDIA L4, 23034 MiB, 21544 MiB, 1103 MiB, 93 %
2026/09/24 11:11:02.224, NVIDIA L4, 23034 MiB, 21544 MiB, 1103 MiB, 93 %
2026/09/24 11:11:03.225, NVIDIA L4, 23034 MiB, 21544 MiB, 1103 MiB, 93 %
2026/09/24 11:11:04.226, NVIDIA L4, 23034 MiB, 21544 MiB, 1103 MiB, 94 %
2026/09/24 11:11:05.227, NVIDIA L4, 23034 MiB, 21544 MiB, 1103 MiB, 93 %
2026/09/24 11:11:06.227, NVIDIA L4, 23034 MiB, 21544 MiB, 1103 MiB, 93 %
2026/09/24 11:11:07.227, NVIDIA L4, 23034 MiB, 21544 MiB, 1103 MiB, 93 %
2026/09/24 11:11:08.227, NVIDIA L4, 23034 MiB, 21544 MiB, 1103 MiB, 93 %
2026/09/24 11:11:09.228, NVIDIA L4, 23034 MiB, 21544 MiB, 1103 MiB, 94 %
2026/09/24 11:11:10.228, NVIDIA L4, 23034 MiB, 21544 MiB, 1103 MiB, 93 %
2026/09/24 11:11:11.228, NVIDIA L4, 23034 MiB, 21544 MiB, 1103 MiB, 93 %
2026/09/24 11:11:12.229, NVIDIA L4, 23034 MiB, 21544 MiB, 1103 MiB, 94 %
2026/09/24 11:11:13.229, NVIDIA L4, 23034 MiB, 21544 MiB, 1103 MiB, 93 %
2026/09/24 11:11:14.229, NVIDIA L4, 23034 MiB, 21544 MiB, 1103 MiB, 94 %
2026/09/24 11:11:15.229, NVIDIA L4, 23034 MiB, 21544 MiB, 1103 MiB, 94 %
2026/09/24 11:11:16.230, NVIDIA L4, 23034 MiB, 21544 MiB, 1103 MiB, 93 %
2026/09/24 11:11:17.230, NVIDIA L4, 23034 MiB, 21544 MiB, 1103 MiB, 94 %
2026/09/24 11:11:18.230, NVIDIA L4, 23034 MiB, 21544 MiB, 1103 MiB, 93 %
2026/09/24 11:11:19.231, NVIDIA L4, 23034 MiB, 21544 MiB, 1103 MiB, 94 %
2026/09/24 11:11:20.231, NVIDIA L4, 23034 MiB, 21544 MiB, 1103 MiB, 94 %
2026/09/24 11:11:21.231, NVIDIA L4, 23034 MiB, 21544 MiB, 1103 MiB, 93 %
2026/09/24 11:11:22.231, NVIDIA L4, 23034 MiB, 21544 MiB, 1103 MiB, 94 %
2026/09/24 11:11:23.232, NVIDIA L4, 23034 MiB, 21544 MiB, 1103 MiB, 93 %
2026/09/24 11:11:24.232, NVIDIA L4, 23034 MiB, 21544 MiB, 1103 MiB, 94 %
2026/09/24 11:11:25.232, NVIDIA L4, 23034 MiB, 21544 MiB, 1103 MiB, 94 %
2026/09/24 11:11:26.233, NVIDIA L4, 23034 MiB, 21544 MiB, 1103 MiB, 94 %
2026/09/24 11:11:27.233, NVIDIA L4, 23034 MiB, 21544 MiB, 1103 MiB, 94 %
2026/09/24 11:11:28.233, NVIDIA L4, 23034 MiB, 21544 MiB, 1103 MiB, 94 %
2026/09/24 11:11:29.233, NVIDIA L4, 23034 MiB, 21544 MiB, 1103 MiB, 94 %
2026/09/24 11:11:30.234, NVIDIA L4, 23034 MiB, 21544 MiB, 1103 MiB, 94 %
2026/09/24 11:11:31.234, NVIDIA L4, 23034 MiB, 21544 MiB, 1103 MiB, 94 %
2026/09/24 11:11:32.234, NVIDIA L4, 23034 MiB, 21544 MiB, 1103 MiB, 92 %
2026/09/24 11:11:33.235, NVIDIA L4, 23034 MiB, 21544 MiB, 1103 MiB, 93 %
2026/09/24 11:11:34.235, NVIDIA L4, 23034 MiB, 21544 MiB, 1103 MiB, 94 %
2026/09/24 11:11:35.235, NVIDIA L4, 23034 MiB, 21544 MiB, 1103 MiB, 93 %
2026/09/24 11:11:36.236, NVIDIA L4, 23034 MiB, 21544 MiB, 1103 MiB, 94 %
2026/09/24 11:11:37.236, NVIDIA L4, 23034 MiB, 21544 MiB, 1103 MiB, 94 %
2026/09/24 11:11:38.236, NVIDIA L4, 23034 MiB, 21544 MiB, 1103 MiB, 93 %
2026/09/24 11:11:39.236, NVIDIA L4, 23034 MiB, 21544 MiB, 1103 MiB, 94 %
2026/09/24 11:11:40.237, NVIDIA L4, 23034 MiB, 21544 MiB, 1103 MiB, 94 %
2026/09/24 11:11:41.237, NVIDIA L4, 23034 MiB, 21544 MiB, 1103 MiB, 93 %
2026/09/24 11:11:42.237, NVIDIA L4, 23034 MiB, 21544 MiB, 1103 MiB, 94 %
2026/09/24 11:11:43.238, NVIDIA L4, 23034 MiB, 21544 MiB, 1103 MiB, 93 %
2026/09/24 11:11:44.238, NVIDIA L4, 23034 MiB, 21544 MiB, 1103 MiB, 92 %
2026/09/24 11:11:45.238, NVIDIA L4, 23034 MiB, 21544 MiB, 1103 MiB, 93 %
2026/09/24 11:11:46.238, NVIDIA L4, 23034 MiB, 21544 MiB, 1103 MiB, 93 %
2026/09/24 11:11:47.239, NVIDIA L4, 23034 MiB, 21544 MiB, 1103 MiB, 94 %
2026/09/24 11:11:48.239, NVIDIA L4, 23034 MiB, 21544 MiB, 1103 MiB, 94 %
2026/09/24 11:11:49.239, NVIDIA L4, 23034 MiB, 21544 MiB, 1103 MiB, 91 %
2026/09/24 11:11:50.240, NVIDIA L4, 23034 MiB, 21544 MiB, 1103 MiB, 93 %
2026/09/24 11:11:51.240, NVIDIA L4, 23034 MiB, 21544 MiB, 1103 MiB, 93 %
2026/09/24 11:11:52.240, NVIDIA L4, 23034 MiB, 21544 MiB, 1103 MiB, 93 %
2026/09/24 11:11:53.241, NVIDIA L4, 23034 MiB, 21544 MiB, 1103 MiB, 93 %
2026/09/24 11:11:54.241, NVIDIA L4, 23034 MiB, 21544 MiB, 1103 MiB, 92 %
2026/09/24 11:11:55.241, NVIDIA L4, 23034 MiB, 21544 MiB, 1103 MiB, 94 %
2026/09/24 11:11:56.241, NVIDIA L4, 23034 MiB, 21544 MiB, 1103 MiB, 94 %
2026/09/24 11:11:57.242, NVIDIA L4, 23034 MiB, 21544 MiB, 1103 MiB, 94 %
2026/09/24 11:11:58.242, NVIDIA L4, 23034 MiB, 21544 MiB, 1103 MiB, 93 %
2026/09/24 11:11:59.242, NVIDIA L4, 23034 MiB, 21544 MiB, 1103 MiB, 94 %
2026/09/24 11:12:00.243, NVIDIA L4, 23034 MiB, 21544 MiB, 1103 MiB, 93 %
2026/09/24 11:12:01.243, NVIDIA L4, 23034 MiB, 21544 MiB, 1103 MiB, 94 %
2026/09/24 11:12:02.243, NVIDIA L4, 23034 MiB, 21544 MiB, 1103 MiB, 93 %
2026/09/24 11:12:03.244, NVIDIA L4, 23034 MiB, 21544 MiB, 1103 MiB, 94 %
2026/09/24 11:12:04.244, NVIDIA L4, 23034 MiB, 21544 MiB, 1103 MiB, 93 %
2026/09/24 11:12:05.244, NVIDIA L4, 23034 MiB, 21544 MiB, 1103 MiB, 73 %
2026/09/24 11:12:06.244, NVIDIA L4, 23034 MiB, 21544 MiB, 1103 MiB, 94 %
2026/09/24 11:12:07.245, NVIDIA L4, 23034 MiB, 21544 MiB, 1103 MiB, 94 %
2026/09/24 11:12:08.245, NVIDIA L4, 23034 MiB, 21544 MiB, 1103 MiB, 94 %
2026/09/24 11:12:09.245, NVIDIA L4, 23034 MiB, 21544 MiB, 1103 MiB, 91 %
2026/09/24 11:12:10.246, NVIDIA L4, 23034 MiB, 21544 MiB, 1103 MiB, 94 %
2026/09/24 11:12:11.246, NVIDIA L4, 23034 MiB, 21544 MiB, 1103 MiB, 93 %
2026/09/24 11:12:12.246, NVIDIA L4, 23034 MiB, 21544 MiB, 1103 MiB, 93 %
2026/09/24 11:12:13.246, NVIDIA L4, 23034 MiB, 21544 MiB, 1103 MiB, 93 %
2026/09/24 11:12:14.247, NVIDIA L4, 23034 MiB, 21544 MiB, 1103 MiB, 42 %
2026/09/24 11:12:15.247, NVIDIA L4, 23034 MiB, 21544 MiB, 1103 MiB, 94 %
2026/09/24 11:12:16.247, NVIDIA L4, 23034 MiB, 21544 MiB, 1103 MiB, 93 %
2026/09/24 11:12:17.248, NVIDIA L4, 23034 MiB, 21544 MiB, 1103 MiB, 94 %
2026/09/24 11:12:18.248, NVIDIA L4, 23034 MiB, 21544 MiB, 1103 MiB, 94 %
2026/09/24 11:12:19.248, NVIDIA L4, 23034 MiB, 21544 MiB, 1103 MiB, 94 %
2026/09/24 11:12:20.248, NVIDIA L4, 23034 MiB, 21544 MiB, 1103 MiB, 94 %
2026/09/24 11:12:21.249, NVIDIA L4, 23034 MiB, 21544 MiB, 1103 MiB, 93 %
2026/09/24 11:12:22.249, NVIDIA L4, 23034 MiB, 21544 MiB, 1103 MiB, 94 %
2026/09/24 11:12:23.249, NVIDIA L4, 23034 MiB, 21544 MiB, 1103 MiB, 94 %
2026/09/24 11:12:24.250, NVIDIA L4, 23034 MiB, 21544 MiB, 1103 MiB, 94 %
2026/09/24 11:12:25.250, NVIDIA L4, 23034 MiB, 21544 MiB, 1103 MiB, 94 %
2026/09/24 11:12:26.250, NVIDIA L4, 23034 MiB, 21544 MiB, 1103 MiB, 0 %
2026/09/24 11:12:27.251, NVIDIA L4, 23034 MiB, 21544 MiB, 1103 MiB, 91 %
2026/09/24 11:12:28.251, NVIDIA L4, 23034 MiB, 21544 MiB, 1103 MiB, 93 %
2026/09/24 11:12:29.251, NVIDIA L4, 23034 MiB, 21544 MiB, 1103 MiB, 93 %
2026/09/24 11:12:30.251, NVIDIA L4, 23034 MiB, 21544 MiB, 1103 MiB, 94 %
2026/09/24 11:12:31.252, NVIDIA L4, 23034 MiB, 21544 MiB, 1103 MiB, 94 %
2026/09/24 11:12:32.252, NVIDIA L4, 23034 MiB, 21544 MiB, 1103 MiB, 94 %
2026/09/24 11:12:33.252, NVIDIA L4, 23034 MiB, 21544 MiB, 1103 MiB, 94 %
2026/09/24 11:12:34.253, NVIDIA L4, 23034 MiB, 21544 MiB, 1103 MiB, 93 %
2026/09/24 11:12:35.253, NVIDIA L4, 23034 MiB, 21544 MiB, 1103 MiB, 94 %
2026/09/24 11:12:36.253, NVIDIA L4, 23034 MiB, 21544 MiB, 1103 MiB, 94 %
2026/09/24 11:12:37.253, NVIDIA L4, 23034 MiB, 21544 MiB, 1103 MiB, 94 %
2026/09/24 11:12:38.254, NVIDIA L4, 23034 MiB, 21544 MiB, 1103 MiB, 93 %
2026/09/24 11:12:39.254, NVIDIA L4, 23034 MiB, 21544 MiB, 1103 MiB, 94 %
2026/09/24 11:12:40.254, NVIDIA L4, 23034 MiB, 21544 MiB, 1103 MiB, 94 %
2026/09/24 11:12:41.255, NVIDIA L4, 23034 MiB, 21544 MiB, 1103 MiB, 94 %
2026/09/24 11:12:42.255, NVIDIA L4, 23034 MiB, 21544 MiB, 1103 MiB, 94 %
2026/09/24 11:12:43.255, NVIDIA L4, 23034 MiB, 21544 MiB, 1103 MiB, 93 %
2026/09/24 11:12:44.256, NVIDIA L4, 23034 MiB, 21544 MiB, 1103 MiB, 93 %
2026/09/24 11:12:45.256, NVIDIA L4, 23034 MiB, 21544 MiB, 1103 MiB, 93 %
2026/09/24 11:12:46.256, NVIDIA L4, 23034 MiB, 21544 MiB, 1103 MiB, 94 %
2026/09/24 11:12:47.257, NVIDIA L4, 23034 MiB, 21544 MiB, 1103 MiB, 94 %
2026/09/24 11:12:48.257, NVIDIA L4, 23034 MiB, 21544 MiB, 1103 MiB, 92 %
2026/09/24 11:12:49.257, NVIDIA L4, 23034 MiB, 21544 MiB, 1103 MiB, 94 %
2026/09/24 11:12:50.258, NVIDIA L4, 23034 MiB, 21544 MiB, 1103 MiB, 93 %
2026/09/24 11:12:51.258, NVIDIA L4, 23034 MiB, 21544 MiB, 1103 MiB, 93 %
2026/09/24 11:12:52.258, NVIDIA L4, 23034 MiB, 21544 MiB, 1103 MiB, 94 %
2026/09/24 11:12:53.259, NVIDIA L4, 23034 MiB, 21544 MiB, 1103 MiB, 92 %
2026/09/24 11:12:54.259, NVIDIA L4, 23034 MiB, 21544 MiB, 1103 MiB, 93 %
2026/09/24 11:12:55.259, NVIDIA L4, 23034 MiB, 21544 MiB, 1103 MiB, 93 %
2026/09/24 11:12:56.260, NVIDIA L4, 23034 MiB, 21544 MiB, 1103 MiB, 94 %
2026/09/24 11:12:57.260, NVIDIA L4, 23034 MiB, 21544 MiB, 1103 MiB, 93 %
2026/09/24 11:12:58.260, NVIDIA L4, 23034 MiB, 21544 MiB, 1103 MiB, 93 %
2026/09/24 11:12:59.260, NVIDIA L4, 23034 MiB, 21544 MiB, 1103 MiB, 93 %
2026/09/24 11:13:00.261, NVIDIA L4, 23034 MiB, 21544 MiB, 1103 MiB, 93 %
2026/09/24 11:13:01.261, NVIDIA L4, 23034 MiB, 21544 MiB, 1103 MiB, 94 %
2026/09/24 11:13:02.261, NVIDIA L4, 23034 MiB, 21544 MiB, 1103 MiB, 93 %
2026/09/24 11:13:03.262, NVIDIA L4, 23034 MiB, 21544 MiB, 1103 MiB, 93 %
2026/09/24 11:13:04.262, NVIDIA L4, 23034 MiB, 21544 MiB, 1103 MiB, 94 %
2026/09/24 11:13:05.262, NVIDIA L4, 23034 MiB, 21544 MiB, 1103 MiB, 93 %
2026/09/24 11:13:06.263, NVIDIA L4, 23034 MiB, 21544 MiB, 1103 MiB, 93 %
2026/09/24 11:13:07.263, NVIDIA L4, 23034 MiB, 21544 MiB, 1103 MiB, 93 %
2026/09/24 11:13:08.263, NVIDIA L4, 23034 MiB, 21544 MiB, 1103 MiB, 94 %
2026/09/24 11:13:09.264, NVIDIA L4, 23034 MiB, 21544 MiB, 1103 MiB, 94 %
2026/09/24 11:13:10.264, NVIDIA L4, 23034 MiB, 21544 MiB, 1103 MiB, 94 %
2026/09/24 11:13:11.264, NVIDIA L4, 23034 MiB, 21544 MiB, 1103 MiB, 93 %
2026/09/24 11:13:12.265, NVIDIA L4, 23034 MiB, 21544 MiB, 1103 MiB, 94 %
2026/09/24 11:13:13.265, NVIDIA L4, 23034 MiB, 21544 MiB, 1103 MiB, 94 %
2026/09/24 11:13:14.265, NVIDIA L4, 23034 MiB, 21544 MiB, 1103 MiB, 94 %
2026/09/24 11:13:15.265, NVIDIA L4, 23034 MiB, 21544 MiB, 1103 MiB, 92 %
2026/09/24 11:13:16.266, NVIDIA L4, 23034 MiB, 21544 MiB, 1103 MiB, 93 %
2026/09/24 11:13:17.266, NVIDIA L4, 23034 MiB, 21544 MiB, 1103 MiB, 93 %
2026/09/24 11:13:18.266, NVIDIA L4, 23034 MiB, 21544 MiB, 1103 MiB, 94 %
2026/09/24 11:13:19.267, NVIDIA L4, 23034 MiB, 21544 MiB, 1103 MiB, 94 %
2026/09/24 11:13:20.267, NVIDIA L4, 23034 MiB, 21544 MiB, 1103 MiB, 94 %
2026/09/24 11:13:21.267, NVIDIA L4, 23034 MiB, 21544 MiB, 1103 MiB, 94 %
2026/09/24 11:13:22.267, NVIDIA L4, 23034 MiB, 21544 MiB, 1103 MiB, 94 %
2026/09/24 11:13:23.268, NVIDIA L4, 23034 MiB, 21544 MiB, 1103 MiB, 94 %
2026/09/24 11:13:24.268, NVIDIA L4, 23034 MiB, 21544 MiB, 1103 MiB, 55 %
2026/09/24 11:13:25.268, NVIDIA L4, 23034 MiB, 21544 MiB, 1103 MiB, 92 %
2026/09/24 11:13:26.269, NVIDIA L4, 23034 MiB, 21544 MiB, 1103 MiB, 93 %
2026/09/24 11:13:27.269, NVIDIA L4, 23034 MiB, 21544 MiB, 1103 MiB, 71 %
2026/09/24 11:13:28.269, NVIDIA L4, 23034 MiB, 21544 MiB, 1103 MiB, 94 %
2026/09/24 11:13:29.269, NVIDIA L4, 23034 MiB, 21544 MiB, 1103 MiB, 94 %
2026/09/24 11:13:30.270, NVIDIA L4, 23034 MiB, 21544 MiB, 1103 MiB, 94 %
2026/09/24 11:13:31.270, NVIDIA L4, 23034 MiB, 21544 MiB, 1103 MiB, 94 %
2026/09/24 11:13:32.270, NVIDIA L4, 23034 MiB, 21544 MiB, 1103 MiB, 94 %
2026/09/24 11:13:33.270, NVIDIA L4, 23034 MiB, 21544 MiB, 1103 MiB, 94 %
2026/09/24 11:13:34.271, NVIDIA L4, 23034 MiB, 21544 MiB, 1103 MiB, 93 %
2026/09/24 11:13:35.271, NVIDIA L4, 23034 MiB, 21544 MiB, 1103 MiB, 93 %
2026/09/24 11:13:36.271, NVIDIA L4, 23034 MiB, 21544 MiB, 1103 MiB, 94 %
2026/09/24 11:13:37.272, NVIDIA L4, 23034 MiB, 21544 MiB, 1103 MiB, 93 %
2026/09/24 11:13:38.272, NVIDIA L4, 23034 MiB, 21544 MiB, 1103 MiB, 94 %
2026/09/24 11:13:39.272, NVIDIA L4, 23034 MiB, 21544 MiB, 1103 MiB, 94 %
2026/09/24 11:13:40.272, NVIDIA L4, 23034 MiB, 21544 MiB, 1103 MiB, 91 %
2026/09/24 11:13:41.273, NVIDIA L4, 23034 MiB, 21544 MiB, 1103 MiB, 94 %
2026/09/24 11:13:42.273, NVIDIA L4, 23034 MiB, 21544 MiB, 1103 MiB, 94 %
2026/09/24 11:13:43.273, NVIDIA L4, 23034 MiB, 21544 MiB, 1103 MiB, 93 %
2026/09/24 11:13:44.274, NVIDIA L4, 23034 MiB, 21544 MiB, 1103 MiB, 93 %
2026/09/24 11:13:45.274, NVIDIA L4, 23034 MiB, 21544 MiB, 1103 MiB, 93 %
2026/09/24 11:13:46.274, NVIDIA L4, 23034 MiB, 21544 MiB, 1103 MiB, 93 %
2026/09/24 11:13:47.275, NVIDIA L4, 23034 MiB, 21544 MiB, 1103 MiB, 94 %
2026/09/24 11:13:48.275, NVIDIA L4, 23034 MiB, 21544 MiB, 1103 MiB, 94 %
2026/09/24 11:13:49.275, NVIDIA L4, 23034 MiB, 21544 MiB, 1103 MiB, 93 %
2026/09/24 11:13:50.275, NVIDIA L4, 23034 MiB, 21544 MiB, 1103 MiB, 93 %
2026/09/24 11:13:51.276, NVIDIA L4, 23034 MiB, 21544 MiB, 1103 MiB, 94 %
2026/09/24 11:13:52.276, NVIDIA L4, 23034 MiB, 21544 MiB, 1103 MiB, 93 %
2026/09/24 11:13:53.276, NVIDIA L4, 23034 MiB, 21544 MiB, 1103 MiB, 94 %
2026/09/24 11:13:54.277, NVIDIA L4, 23034 MiB, 21544 MiB, 1103 MiB, 92 %
2026/09/24 11:13:55.277, NVIDIA L4, 23034 MiB, 21544 MiB, 1103 MiB, 92 %
2026/09/24 11:13:56.277, NVIDIA L4, 23034 MiB, 21544 MiB, 1103 MiB, 94 %
2026/09/24 11:13:57.278, NVIDIA L4, 23034 MiB, 21544 MiB, 1103 MiB, 94 %
2026/09/24 11:13:58.278, NVIDIA L4, 23034 MiB, 21544 MiB, 1103 MiB, 94 %
2026/09/24 11:13:59.278, NVIDIA L4, 23034 MiB, 21544 MiB, 1103 MiB, 94 %
2026/09/24 11:14:00.278, NVIDIA L4, 23034 MiB, 21544 MiB, 1103 MiB, 94 %
2026/09/24 11:14:01.279, NVIDIA L4, 23034 MiB, 21544 MiB, 1103 MiB, 94 %
2026/09/24 11:14:02.279, NVIDIA L4, 23034 MiB, 21544 MiB, 1103 MiB, 93 %
2026/09/24 11:14:03.279, NVIDIA L4, 23034 MiB, 21544 MiB, 1103 MiB, 94 %
2026/09/24 11:14:04.280, NVIDIA L4, 23034 MiB, 21544 MiB, 1103 MiB, 94 %
2026/09/24 11:14:05.280, NVIDIA L4, 23034 MiB, 21544 MiB, 1103 MiB, 93 %
2026/09/24 11:14:06.280, NVIDIA L4, 23034 MiB, 21544 MiB, 1103 MiB, 93 %
2026/09/24 11:14:07.280, NVIDIA L4, 23034 MiB, 21544 MiB, 1103 MiB, 93 %
2026/09/24 11:14:08.281, NVIDIA L4, 23034 MiB, 21544 MiB, 1103 MiB, 94 %
2026/09/24 11:14:09.281, NVIDIA L4, 23034 MiB, 21544 MiB, 1103 MiB, 94 %
2026/09/24 11:14:10.281, NVIDIA L4, 23034 MiB, 21544 MiB, 1103 MiB, 94 %
2026/09/24 11:14:11.282, NVIDIA L4, 23034 MiB, 21544 MiB, 1103 MiB, 94 %
2026/09/24 11:14:12.282, NVIDIA L4, 23034 MiB, 21544 MiB, 1103 MiB, 93 %
2026/09/24 11:14:13.282, NVIDIA L4, 23034 MiB, 21544 MiB, 1103 MiB, 94 %
2026/09/24 11:14:14.282, NVIDIA L4, 23034 MiB, 21544 MiB, 1103 MiB, 94 %
2026/09/24 11:14:15.283, NVIDIA L4, 23034 MiB, 21544 MiB, 1103 MiB, 94 %
2026/09/24 11:14:16.284, NVIDIA L4, 23034 MiB, 21544 MiB, 1103 MiB, 93 %
2026/09/24 11:14:17.284, NVIDIA L4, 23034 MiB, 21544 MiB, 1103 MiB, 93 %
2026/09/24 11:14:18.284, NVIDIA L4, 23034 MiB, 21544 MiB, 1103 MiB, 92 %
2026/09/24 11:14:19.285, NVIDIA L4, 23034 MiB, 21544 MiB, 1103 MiB, 94 %
2026/09/24 11:14:20.285, NVIDIA L4, 23034 MiB, 21544 MiB, 1103 MiB, 94 %
2026/09/24 11:14:21.285, NVIDIA L4, 23034 MiB, 21544 MiB, 1103 MiB, 94 %
2026/09/24 11:14:22.286, NVIDIA L4, 23034 MiB, 21544 MiB, 1103 MiB, 94 %
2026/09/24 11:14:23.286, NVIDIA L4, 23034 MiB, 21544 MiB, 1103 MiB, 93 %
2026/09/24 11:14:24.286, NVIDIA L4, 23034 MiB, 21544 MiB, 1103 MiB, 94 %
2026/09/24 11:14:25.287, NVIDIA L4, 23034 MiB, 21544 MiB, 1103 MiB, 93 %
2026/09/24 11:14:26.287, NVIDIA L4, 23034 MiB, 21544 MiB, 1103 MiB, 94 %
2026/09/24 11:14:27.287, NVIDIA L4, 23034 MiB, 21544 MiB, 1103 MiB, 93 %
2026/09/24 11:14:28.288, NVIDIA L4, 23034 MiB, 21544 MiB, 1103 MiB, 94 %
2026/09/24 11:14:29.288, NVIDIA L4, 23034 MiB, 21544 MiB, 1103 MiB, 94 %
2026/09/24 11:14:30.288, NVIDIA L4, 23034 MiB, 21544 MiB, 1103 MiB, 94 %
2026/09/24 11:14:31.289, NVIDIA L4, 23034 MiB, 21544 MiB, 1103 MiB, 94 %
2026/09/24 11:14:32.290, NVIDIA L4, 23034 MiB, 21544 MiB, 1103 MiB, 93 %
2026/09/24 11:14:33.290, NVIDIA L4, 23034 MiB, 21544 MiB, 1103 MiB, 94 %
2026/09/24 11:14:34.290, NVIDIA L4, 23034 MiB, 21544 MiB, 1103 MiB, 94 %
2026/09/24 11:14:35.291, NVIDIA L4, 23034 MiB, 21544 MiB, 1103 MiB, 0 %
2026/09/24 11:14:36.291, NVIDIA L4, 23034 MiB, 21544 MiB, 1103 MiB, 0 %
2026/09/24 11:14:37.291, NVIDIA L4, 23034 MiB, 21544 MiB, 1103 MiB, 94 %
2026/09/24 11:14:38.291, NVIDIA L4, 23034 MiB, 21544 MiB, 1103 MiB, 94 %
2026/09/24 11:14:39.292, NVIDIA L4, 23034 MiB, 21544 MiB, 1103 MiB, 94 %
2026/09/24 11:14:40.292, NVIDIA L4, 23034 MiB, 21544 MiB, 1103 MiB, 94 %
2026/09/24 11:14:41.292, NVIDIA L4, 23034 MiB, 21544 MiB, 1103 MiB, 94 %
2026/09/24 11:14:42.293, NVIDIA L4, 23034 MiB, 21544 MiB, 1103 MiB, 91 %
2026/09/24 11:14:43.293, NVIDIA L4, 23034 MiB, 21544 MiB, 1103 MiB, 94 %
2026/09/24 11:14:44.293, NVIDIA L4, 23034 MiB, 21544 MiB, 1103 MiB, 94 %
2026/09/24 11:14:45.294, NVIDIA L4, 23034 MiB, 21544 MiB, 1103 MiB, 94 %
2026/09/24 11:14:46.294, NVIDIA L4, 23034 MiB, 21544 MiB, 1103 MiB, 94 %
2026/09/24 11:14:47.294, NVIDIA L4, 23034 MiB, 21544 MiB, 1103 MiB, 94 %
2026/09/24 11:14:48.295, NVIDIA L4, 23034 MiB, 21544 MiB, 1103 MiB, 94 %
2026/09/24 11:14:49.295, NVIDIA L4, 23034 MiB, 21544 MiB, 1103 MiB, 94 %
2026/09/24 11:14:50.295, NVIDIA L4, 23034 MiB, 21544 MiB, 1103 MiB, 94 %
2026/09/24 11:14:51.296, NVIDIA L4, 23034 MiB, 21544 MiB, 1103 MiB, 94 %
2026/09/24 11:14:52.296, NVIDIA L4, 23034 MiB, 21544 MiB, 1103 MiB, 94 %
2026/09/24 11:14:53.297, NVIDIA L4, 23034 MiB, 21544 MiB, 1103 MiB, 91 %
2026/09/24 11:14:54.297, NVIDIA L4, 23034 MiB, 21544 MiB, 1103 MiB, 93 %
2026/09/24 11:14:55.297, NVIDIA L4, 23034 MiB, 21544 MiB, 1103 MiB, 93 %
2026/09/24 11:14:56.298, NVIDIA L4, 23034 MiB, 21544 MiB, 1103 MiB, 93 %
2026/09/24 11:14:57.298, NVIDIA L4, 23034 MiB, 21544 MiB, 1103 MiB, 94 %
2026/09/24 11:14:58.298, NVIDIA L4, 23034 MiB, 21544 MiB, 1103 MiB, 94 %
2026/09/24 11:14:59.299, NVIDIA L4, 23034 MiB, 21544 MiB, 1103 MiB, 93 %
2026/09/24 11:15:00.299, NVIDIA L4, 23034 MiB, 21544 MiB, 1103 MiB, 93 %
2026/09/24 11:15:01.299, NVIDIA L4, 23034 MiB, 21544 MiB, 1103 MiB, 94 %
2026/09/24 11:15:02.299, NVIDIA L4, 23034 MiB, 21544 MiB, 1103 MiB, 94 %
2026/09/24 11:15:03.300, NVIDIA L4, 23034 MiB, 21544 MiB, 1103 MiB, 94 %
2026/09/24 11:15:04.300, NVIDIA L4, 23034 MiB, 21544 MiB, 1103 MiB, 93 %
2026/09/24 11:15:05.300, NVIDIA L4, 23034 MiB, 21544 MiB, 1103 MiB, 94 %
2026/09/24 11:15:06.301, NVIDIA L4, 23034 MiB, 21544 MiB, 1103 MiB, 94 %
2026/09/24 11:15:07.301, NVIDIA L4, 23034 MiB, 21544 MiB, 1103 MiB, 94 %
2026/09/24 11:15:08.301, NVIDIA L4, 23034 MiB, 21544 MiB, 1103 MiB, 92 %
2026/09/24 11:15:09.301, NVIDIA L4, 23034 MiB, 21544 MiB, 1103 MiB, 94 %
2026/09/24 11:15:10.302, NVIDIA L4, 23034 MiB, 21544 MiB, 1103 MiB, 93 %
2026/09/24 11:15:11.302, NVIDIA L4, 23034 MiB, 21544 MiB, 1103 MiB, 94 %
2026/09/24 11:15:12.302, NVIDIA L4, 23034 MiB, 21544 MiB, 1103 MiB, 94 %
2026/09/24 11:15:13.303, NVIDIA L4, 23034 MiB, 21544 MiB, 1103 MiB, 94 %
2026/09/24 11:15:14.303, NVIDIA L4, 23034 MiB, 21544 MiB, 1103 MiB, 94 %
2026/09/24 11:15:15.303, NVIDIA L4, 23034 MiB, 21544 MiB, 1103 MiB, 92 %
2026/09/24 11:15:16.303, NVIDIA L4, 23034 MiB, 21544 MiB, 1103 MiB, 92 %
2026/09/24 11:15:17.304, NVIDIA L4, 23034 MiB, 21544 MiB, 1103 MiB, 93 %
2026/09/24 11:15:18.304, NVIDIA L4, 23034 MiB, 21544 MiB, 1103 MiB, 94 %
2026/09/24 11:15:19.304, NVIDIA L4, 23034 MiB, 21544 MiB, 1103 MiB, 94 %
2026/09/24 11:15:20.305, NVIDIA L4, 23034 MiB, 21544 MiB, 1103 MiB, 64 %
2026/09/24 11:15:21.305, NVIDIA L4, 23034 MiB, 21544 MiB, 1103 MiB, 93 %
2026/09/24 11:15:22.305, NVIDIA L4, 23034 MiB, 21544 MiB, 1103 MiB, 94 %
2026/09/24 11:15:23.305, NVIDIA L4, 23034 MiB, 21544 MiB, 1103 MiB, 93 %
2026/09/24 11:15:24.306, NVIDIA L4, 23034 MiB, 21544 MiB, 1103 MiB, 94 %
2026/09/24 11:15:25.306, NVIDIA L4, 23034 MiB, 21544 MiB, 1103 MiB, 93 %
2026/09/24 11:15:26.306, NVIDIA L4, 23034 MiB, 21544 MiB, 1103 MiB, 93 %
2026/09/24 11:15:27.308, NVIDIA L4, 23034 MiB, 21544 MiB, 1103 MiB, 94 %
2026/09/24 11:15:28.308, NVIDIA L4, 23034 MiB, 21544 MiB, 1103 MiB, 93 %
2026/09/24 11:15:29.308, NVIDIA L4, 23034 MiB, 21544 MiB, 1103 MiB, 94 %
2026/09/24 11:15:30.309, NVIDIA L4, 23034 MiB, 21544 MiB, 1103 MiB, 94 %
2026/09/24 11:15:31.309, NVIDIA L4, 23034 MiB, 21544 MiB, 1103 MiB, 94 %
2026/09/24 11:15:32.309, NVIDIA L4, 23034 MiB, 21544 MiB, 1103 MiB, 94 %
2026/09/24 11:15:33.309, NVIDIA L4, 23034 MiB, 21544 MiB, 1103 MiB, 94 %
2026/09/24 11:15:34.310, NVIDIA L4, 23034 MiB, 21544 MiB, 1103 MiB, 93 %
2026/09/24 11:15:35.310, NVIDIA L4, 23034 MiB, 21544 MiB, 1103 MiB, 94 %
2026/09/24 11:15:36.310, NVIDIA L4, 23034 MiB, 21544 MiB, 1103 MiB, 94 %
2026/09/24 11:15:37.311, NVIDIA L4, 23034 MiB, 21544 MiB, 1103 MiB, 94 %
2026/09/24 11:15:38.311, NVIDIA L4, 23034 MiB, 21544 MiB, 1103 MiB, 94 %
2026/09/24 11:15:39.311, NVIDIA L4, 23034 MiB, 21544 MiB, 1103 MiB, 92 %
2026/09/24 11:15:40.311, NVIDIA L4, 23034 MiB, 21544 MiB, 1103 MiB, 93 %
2026/09/24 11:15:41.312, NVIDIA L4, 23034 MiB, 21544 MiB, 1103 MiB, 94 %
2026/09/24 11:15:42.312, NVIDIA L4, 23034 MiB, 21544 MiB, 1103 MiB, 94 %
2026/09/24 11:15:43.312, NVIDIA L4, 23034 MiB, 21544 MiB, 1103 MiB, 94 %
2026/09/24 11:15:44.313, NVIDIA L4, 23034 MiB, 21544 MiB, 1103 MiB, 93 %
2026/09/24 11:15:45.313, NVIDIA L4, 23034 MiB, 21544 MiB, 1103 MiB, 93 %
2026/09/24 11:15:46.313, NVIDIA L4, 23034 MiB, 21544 MiB, 1103 MiB, 94 %
2026/09/24 11:15:47.314, NVIDIA L4, 23034 MiB, 21544 MiB, 1103 MiB, 94 %
2026/09/24 11:15:48.314, NVIDIA L4, 23034 MiB, 21544 MiB, 1103 MiB, 93 %
2026/09/24 11:15:49.314, NVIDIA L4, 23034 MiB, 21544 MiB, 1103 MiB, 92 %
2026/09/24 11:15:50.314, NVIDIA L4, 23034 MiB, 21544 MiB, 1103 MiB, 94 %
2026/09/24 11:15:51.315, NVIDIA L4, 23034 MiB, 21544 MiB, 1103 MiB, 94 %
2026/09/24 11:15:52.315, NVIDIA L4, 23034 MiB, 21544 MiB, 1103 MiB, 94 %
2026/09/24 11:15:53.315, NVIDIA L4, 23034 MiB, 21544 MiB, 1103 MiB, 92 %
2026/09/24 11:15:54.316, NVIDIA L4, 23034 MiB, 21544 MiB, 1103 MiB, 93 %
2026/09/24 11:15:55.316, NVIDIA L4, 23034 MiB, 21544 MiB, 1103 MiB, 93 %
2026/09/24 11:15:56.316, NVIDIA L4, 23034 MiB, 21544 MiB, 1103 MiB, 93 %
2026/09/24 11:15:57.316, NVIDIA L4, 23034 MiB, 21544 MiB, 1103 MiB, 94 %
2026/09/24 11:15:58.317, NVIDIA L4, 23034 MiB, 21544 MiB, 1103 MiB, 94 %
2026/09/24 11:15:59.317, NVIDIA L4, 23034 MiB, 21544 MiB, 1103 MiB, 94 %
2026/09/24 11:16:00.317, NVIDIA L4, 23034 MiB, 21544 MiB, 1103 MiB, 93 %
2026/09/24 11:16:01.318, NVIDIA L4, 23034 MiB, 21544 MiB, 1103 MiB, 93 %
2026/09/24 11:16:02.318, NVIDIA L4, 23034 MiB, 21544 MiB, 1103 MiB, 94 %
2026/09/24 11:16:03.318, NVIDIA L4, 23034 MiB, 21544 MiB, 1103 MiB, 94 %
2026/09/24 11:16:04.318, NVIDIA L4, 23034 MiB, 21544 MiB, 1103 MiB, 93 %
2026/09/24 11:16:05.319, NVIDIA L4, 23034 MiB, 21544 MiB, 1103 MiB, 93 %
2026/09/24 11:16:06.319, NVIDIA L4, 23034 MiB, 21544 MiB, 1103 MiB, 94 %
2026/09/24 11:16:07.319, NVIDIA L4, 23034 MiB, 21544 MiB, 1103 MiB, 94 %
2026/09/24 11:16:08.320, NVIDIA L4, 23034 MiB, 21544 MiB, 1103 MiB, 94 %
2026/09/24 11:16:09.320, NVIDIA L4, 23034 MiB, 21544 MiB, 1103 MiB, 94 %
2026/09/24 11:16:10.320, NVIDIA L4, 23034 MiB, 21544 MiB, 1103 MiB, 94 %
2026/09/24 11:16:11.320, NVIDIA L4, 23034 MiB, 21544 MiB, 1103 MiB, 92 %
2026/09/24 11:16:12.321, NVIDIA L4, 23034 MiB, 21544 MiB, 1103 MiB, 93 %
2026/09/24 11:16:13.321, NVIDIA L4, 23034 MiB, 21544 MiB, 1103 MiB, 92 %
2026/09/24 11:16:14.321, NVIDIA L4, 23034 MiB, 21544 MiB, 1103 MiB, 94 %
2026/09/24 11:16:15.322, NVIDIA L4, 23034 MiB, 21544 MiB, 1103 MiB, 93 %
2026/09/24 11:16:16.322, NVIDIA L4, 23034 MiB, 21544 MiB, 1103 MiB, 93 %
2026/09/24 11:16:17.322, NVIDIA L4, 23034 MiB, 21544 MiB, 1103 MiB, 94 %
2026/09/24 11:16:18.322, NVIDIA L4, 23034 MiB, 21544 MiB, 1103 MiB, 93 %
2026/09/24 11:16:19.323, NVIDIA L4, 23034 MiB, 21544 MiB, 1103 MiB, 94 %
2026/09/24 11:16:20.323, NVIDIA L4, 23034 MiB, 21544 MiB, 1103 MiB, 92 %
2026/09/24 11:16:21.323, NVIDIA L4, 23034 MiB, 21544 MiB, 1103 MiB, 94 %
2026/09/24 11:16:22.324, NVIDIA L4, 23034 MiB, 21544 MiB, 1103 MiB, 94 %
2026/09/24 11:16:23.324, NVIDIA L4, 23034 MiB, 21544 MiB, 1103 MiB, 93 %
2026/09/24 11:16:24.324, NVIDIA L4, 23034 MiB, 21544 MiB, 1103 MiB, 94 %
2026/09/24 11:16:25.324, NVIDIA L4, 23034 MiB, 21544 MiB, 1103 MiB, 94 %
2026/09/24 11:16:26.325, NVIDIA L4, 23034 MiB, 21544 MiB, 1103 MiB, 93 %
2026/09/24 11:16:27.325, NVIDIA L4, 23034 MiB, 21544 MiB, 1103 MiB, 94 %
2026/09/24 11:16:28.325, NVIDIA L4, 23034 MiB, 21544 MiB, 1103 MiB, 94 %
2026/09/24 11:16:29.325, NVIDIA L4, 23034 MiB, 21544 MiB, 1103 MiB, 94 %
2026/09/24 11:16:30.326, NVIDIA L4, 23034 MiB, 21544 MiB, 1103 MiB, 93 %
2026/09/24 11:16:31.326, NVIDIA L4, 23034 MiB, 21544 MiB, 1103 MiB, 93 %
2026/09/24 11:16:32.326, NVIDIA L4, 23034 MiB, 21544 MiB, 1103 MiB, 93 %
2026/09/24 11:16:33.327, NVIDIA L4, 23034 MiB, 21544 MiB, 1103 MiB, 94 %
2026/09/24 11:16:34.327, NVIDIA L4, 23034 MiB, 21544 MiB, 1103 MiB, 94 %
2026/09/24 11:16:35.327, NVIDIA L4, 23034 MiB, 21544 MiB, 1103 MiB, 93 %
2026/09/24 11:16:36.329, NVIDIA L4, 23034 MiB, 21544 MiB, 1103 MiB, 94 %
2026/09/24 11:16:37.329, NVIDIA L4, 23034 MiB, 21544 MiB, 1103 MiB, 92 %
2026/09/24 11:16:38.329, NVIDIA L4, 23034 MiB, 21544 MiB, 1103 MiB, 94 %
2026/09/24 11:16:39.330, NVIDIA L4, 23034 MiB, 21544 MiB, 1103 MiB, 93 %
2026/09/24 11:16:40.330, NVIDIA L4, 23034 MiB, 21544 MiB, 1103 MiB, 0 %
2026/09/24 11:16:41.330, NVIDIA L4, 23034 MiB, 21544 MiB, 1103 MiB, 0 %
2026/09/24 11:16:42.331, NVIDIA L4, 23034 MiB, 21544 MiB, 1103 MiB, 94 %
2026/09/24 11:16:43.331, NVIDIA L4, 23034 MiB, 21544 MiB, 1103 MiB, 93 %
2026/09/24 11:16:44.331, NVIDIA L4, 23034 MiB, 21544 MiB, 1103 MiB, 94 %
2026/09/24 11:16:45.332, NVIDIA L4, 23034 MiB, 21544 MiB, 1103 MiB, 93 %
2026/09/24 11:16:46.332, NVIDIA L4, 23034 MiB, 21544 MiB, 1103 MiB, 93 %
2026/09/24 11:16:47.332, NVIDIA L4, 23034 MiB, 21544 MiB, 1103 MiB, 93 %
2026/09/24 11:16:48.332, NVIDIA L4, 23034 MiB, 21544 MiB, 1103 MiB, 93 %
2026/09/24 11:16:49.333, NVIDIA L4, 23034 MiB, 21544 MiB, 1103 MiB, 94 %
2026/09/24 11:16:50.333, NVIDIA L4, 23034 MiB, 21544 MiB, 1103 MiB, 94 %
2026/09/24 11:16:51.333, NVIDIA L4, 23034 MiB, 21544 MiB, 1103 MiB, 94 %
2026/09/24 11:16:52.333, NVIDIA L4, 23034 MiB, 21544 MiB, 1103 MiB, 94 %
2026/09/24 11:16:53.334, NVIDIA L4, 23034 MiB, 21544 MiB, 1103 MiB, 94 %
2026/09/24 11:16:54.334, NVIDIA L4, 23034 MiB, 21544 MiB, 1103 MiB, 94 %
2026/09/24 11:16:55.334, NVIDIA L4, 23034 MiB, 21544 MiB, 1103 MiB, 93 %
2026/09/24 11:16:56.335, NVIDIA L4, 23034 MiB, 21544 MiB, 1103 MiB, 94 %
2026/09/24 11:16:57.335, NVIDIA L4, 23034 MiB, 21544 MiB, 1103 MiB, 94 %
2026/09/24 11:16:58.335, NVIDIA L4, 23034 MiB, 21544 MiB, 1103 MiB, 92 %
2026/09/24 11:16:59.336, NVIDIA L4, 23034 MiB, 21544 MiB, 1103 MiB, 93 %
2026/09/24 11:17:00.336, NVIDIA L4, 23034 MiB, 21544 MiB, 1103 MiB, 94 %
2026/09/24 11:17:01.336, NVIDIA L4, 23034 MiB, 21544 MiB, 1103 MiB, 94 %
2026/09/24 11:17:02.336, NVIDIA L4, 23034 MiB, 21544 MiB, 1103 MiB, 93 %
2026/09/24 11:17:03.337, NVIDIA L4, 23034 MiB, 21544 MiB, 1103 MiB, 93 %
2026/09/24 11:17:04.337, NVIDIA L4, 23034 MiB, 21544 MiB, 1103 MiB, 92 %
2026/09/24 11:17:05.337, NVIDIA L4, 23034 MiB, 21544 MiB, 1103 MiB, 92 %
2026/09/24 11:17:06.337, NVIDIA L4, 23034 MiB, 21544 MiB, 1103 MiB, 94 %
2026/09/24 11:17:07.338, NVIDIA L4, 23034 MiB, 21544 MiB, 1103 MiB, 92 %
2026/09/24 11:17:08.338, NVIDIA L4, 23034 MiB, 21544 MiB, 1103 MiB, 94 %
2026/09/24 11:17:09.338, NVIDIA L4, 23034 MiB, 21544 MiB, 1103 MiB, 93 %
2026/09/24 11:17:10.339, NVIDIA L4, 23034 MiB, 21544 MiB, 1103 MiB, 94 %
2026/09/24 11:17:11.339, NVIDIA L4, 23034 MiB, 21544 MiB, 1103 MiB, 93 %
2026/09/24 11:17:12.339, NVIDIA L4, 23034 MiB, 21544 MiB, 1103 MiB, 94 %
2026/09/24 11:17:13.340, NVIDIA L4, 23034 MiB, 21544 MiB, 1103 MiB, 94 %
2026/09/24 11:17:14.340, NVIDIA L4, 23034 MiB, 21544 MiB, 1103 MiB, 94 %
2026/09/24 11:17:15.340, NVIDIA L4, 23034 MiB, 21544 MiB, 1103 MiB, 93 %
2026/09/24 11:17:16.340, NVIDIA L4, 23034 MiB, 21544 MiB, 1103 MiB, 93 %
2026/09/24 11:17:17.341, NVIDIA L4, 23034 MiB, 21544 MiB, 1103 MiB, 94 %
2026/09/24 11:17:18.341, NVIDIA L4, 23034 MiB, 21544 MiB, 1103 MiB, 94 %
2026/09/24 11:17:19.341, NVIDIA L4, 23034 MiB, 21544 MiB, 1103 MiB, 94 %
2026/09/24 11:17:20.341, NVIDIA L4, 23034 MiB, 21544 MiB, 1103 MiB, 92 %
2026/09/24 11:17:21.342, NVIDIA L4, 23034 MiB, 21544 MiB, 1103 MiB, 94 %
2026/09/24 11:17:22.342, NVIDIA L4, 23034 MiB, 21544 MiB, 1103 MiB, 94 %
2026/09/24 11:17:23.342, NVIDIA L4, 23034 MiB, 21544 MiB, 1103 MiB, 93 %
2026/09/24 11:17:24.343, NVIDIA L4, 23034 MiB, 21544 MiB, 1103 MiB, 94 %
2026/09/24 11:17:25.343, NVIDIA L4, 23034 MiB, 21544 MiB, 1103 MiB, 94 %
2026/09/24 11:17:26.343, NVIDIA L4, 23034 MiB, 21544 MiB, 1103 MiB, 94 %
2026/09/24 11:17:27.343, NVIDIA L4, 23034 MiB, 21544 MiB, 1103 MiB, 91 %
2026/09/24 11:17:28.344, NVIDIA L4, 23034 MiB, 21544 MiB, 1103 MiB, 94 %
2026/09/24 11:17:29.344, NVIDIA L4, 23034 MiB, 21544 MiB, 1103 MiB, 91 %
2026/09/24 11:17:30.344, NVIDIA L4, 23034 MiB, 21544 MiB, 1103 MiB, 94 %
2026/09/24 11:17:31.344, NVIDIA L4, 23034 MiB, 21544 MiB, 1103 MiB, 94 %
2026/09/24 11:17:32.345, NVIDIA L4, 23034 MiB, 21544 MiB, 1103 MiB, 94 %
2026/09/24 11:17:33.345, NVIDIA L4, 23034 MiB, 21544 MiB, 1103 MiB, 92 %
2026/09/24 11:17:34.345, NVIDIA L4, 23034 MiB, 21544 MiB, 1103 MiB, 94 %
2026/09/24 11:17:35.346, NVIDIA L4, 23034 MiB, 21544 MiB, 1103 MiB, 94 %
2026/09/24 11:17:36.346, NVIDIA L4, 23034 MiB, 21544 MiB, 1103 MiB, 94 %
2026/09/24 11:17:37.346, NVIDIA L4, 23034 MiB, 21544 MiB, 1103 MiB, 94 %
2026/09/24 11:17:38.346, NVIDIA L4, 23034 MiB, 21544 MiB, 1103 MiB, 94 %
2026/09/24 11:17:39.347, NVIDIA L4, 23034 MiB, 21544 MiB, 1103 MiB, 93 %
2026/09/24 11:17:40.347, NVIDIA L4, 23034 MiB, 21544 MiB, 1103 MiB, 94 %
2026/09/24 11:17:41.347, NVIDIA L4, 23034 MiB, 21544 MiB, 1103 MiB, 91 %
2026/09/24 11:17:42.348, NVIDIA L4, 23034 MiB, 21544 MiB, 1103 MiB, 94 %
2026/09/24 11:17:43.348, NVIDIA L4, 23034 MiB, 21544 MiB, 1103 MiB, 94 %
2026/09/24 11:17:44.348, NVIDIA L4, 23034 MiB, 21544 MiB, 1103 MiB, 94 %
2026/09/24 11:17:45.348, NVIDIA L4, 23034 MiB, 21544 MiB, 1103 MiB, 94 %
2026/09/24 11:17:46.349, NVIDIA L4, 23034 MiB, 21544 MiB, 1103 MiB, 93 %
2026/09/24 11:17:47.349, NVIDIA L4, 23034 MiB, 21544 MiB, 1103 MiB, 94 %
2026/09/24 11:17:48.349, NVIDIA L4, 23034 MiB, 21544 MiB, 1103 MiB, 93 %
2026/09/24 11:17:49.350, NVIDIA L4, 23034 MiB, 21544 MiB, 1103 MiB, 92 %
2026/09/24 11:17:50.350, NVIDIA L4, 23034 MiB, 21544 MiB, 1103 MiB, 94 %
2026/09/24 11:17:51.350, NVIDIA L4, 23034 MiB, 21544 MiB, 1103 MiB, 93 %
2026/09/24 11:17:52.350, NVIDIA L4, 23034 MiB, 21544 MiB, 1103 MiB, 94 %
2026/09/24 11:17:53.351, NVIDIA L4, 23034 MiB, 21544 MiB, 1103 MiB, 93 %
2026/09/24 11:17:54.351, NVIDIA L4, 23034 MiB, 21544 MiB, 1103 MiB, 93 %
2026/09/24 11:17:55.351, NVIDIA L4, 23034 MiB, 21544 MiB, 1103 MiB, 94 %
2026/09/24 11:17:56.351, NVIDIA L4, 23034 MiB, 21544 MiB, 1103 MiB, 94 %
2026/09/24 11:17:57.352, NVIDIA L4, 23034 MiB, 21544 MiB, 1103 MiB, 93 %
2026/09/24 11:17:58.352, NVIDIA L4, 23034 MiB, 21544 MiB, 1103 MiB, 94 %
2026/09/24 11:17:59.354, NVIDIA L4, 23034 MiB, 21544 MiB, 1103 MiB, 94 %
2026/09/24 11:18:00.354, NVIDIA L4, 23034 MiB, 21544 MiB, 1103 MiB, 93 %
2026/09/24 11:18:01.354, NVIDIA L4, 23034 MiB, 21544 MiB, 1103 MiB, 94 %
2026/09/24 11:18:02.354, NVIDIA L4, 23034 MiB, 21544 MiB, 1103 MiB, 93 %
2026/09/24 11:18:03.355, NVIDIA L4, 23034 MiB, 21544 MiB, 1103 MiB, 94 %
2026/09/24 11:18:04.355, NVIDIA L4, 23034 MiB, 21544 MiB, 1103 MiB, 94 %
2026/09/24 11:18:05.355, NVIDIA L4, 23034 MiB, 21544 MiB, 1103 MiB, 94 %
2026/09/24 11:18:06.356, NVIDIA L4, 23034 MiB, 21544 MiB, 1103 MiB, 94 %
2026/09/24 11:18:07.356, NVIDIA L4, 23034 MiB, 21544 MiB, 1103 MiB, 93 %
2026/09/24 11:18:08.356, NVIDIA L4, 23034 MiB, 21544 MiB, 1103 MiB, 94 %
2026/09/24 11:18:09.356, NVIDIA L4, 23034 MiB, 21544 MiB, 1103 MiB, 94 %
2026/09/24 11:18:10.357, NVIDIA L4, 23034 MiB, 21544 MiB, 1103 MiB, 93 %
2026/09/24 11:18:11.357, NVIDIA L4, 23034 MiB, 21544 MiB, 1103 MiB, 94 %
2026/09/24 11:18:12.357, NVIDIA L4, 23034 MiB, 21544 MiB, 1103 MiB, 94 %
2026/09/24 11:18:13.358, NVIDIA L4, 23034 MiB, 21544 MiB, 1103 MiB, 94 %
2026/09/24 11:18:14.358, NVIDIA L4, 23034 MiB, 21544 MiB, 1103 MiB, 93 %
2026/09/24 11:18:15.358, NVIDIA L4, 23034 MiB, 21544 MiB, 1103 MiB, 93 %
2026/09/24 11:18:16.358, NVIDIA L4, 23034 MiB, 21544 MiB, 1103 MiB, 71 %
2026/09/24 11:18:17.359, NVIDIA L4, 23034 MiB, 21544 MiB, 1103 MiB, 93 %
2026/09/24 11:18:18.359, NVIDIA L4, 23034 MiB, 21544 MiB, 1103 MiB, 94 %
2026/09/24 11:18:19.359, NVIDIA L4, 23034 MiB, 21544 MiB, 1103 MiB, 93 %
2026/09/24 11:18:20.359, NVIDIA L4, 23034 MiB, 21544 MiB, 1103 MiB, 94 %
2026/09/24 11:18:21.360, NVIDIA L4, 23034 MiB, 21544 MiB, 1103 MiB, 93 %
2026/09/24 11:18:22.360, NVIDIA L4, 23034 MiB, 21544 MiB, 1103 MiB, 94 %
2026/09/24 11:18:23.360, NVIDIA L4, 23034 MiB, 21544 MiB, 1103 MiB, 93 %
2026/09/24 11:18:24.361, NVIDIA L4, 23034 MiB, 21544 MiB, 1103 MiB, 93 %
2026/09/24 11:18:25.361, NVIDIA L4, 23034 MiB, 21544 MiB, 1103 MiB, 93 %
2026/09/24 11:18:26.361, NVIDIA L4, 23034 MiB, 21544 MiB, 1103 MiB, 94 %
2026/09/24 11:18:27.361, NVIDIA L4, 23034 MiB, 21544 MiB, 1103 MiB, 94 %
2026/09/24 11:18:28.362, NVIDIA L4, 23034 MiB, 21544 MiB, 1103 MiB, 93 %
2026/09/24 11:18:29.362, NVIDIA L4, 23034 MiB, 21544 MiB, 1103 MiB, 93 %
2026/09/24 11:18:30.362, NVIDIA L4, 23034 MiB, 21544 MiB, 1103 MiB, 93 %
2026/09/24 11:18:31.363, NVIDIA L4, 23034 MiB, 21544 MiB, 1103 MiB, 93 %
2026/09/24 11:18:32.363, NVIDIA L4, 23034 MiB, 21544 MiB, 1103 MiB, 94 %
2026/09/24 11:18:33.363, NVIDIA L4, 23034 MiB, 21544 MiB, 1103 MiB, 92 %
2026/09/24 11:18:34.363, NVIDIA L4, 23034 MiB, 21544 MiB, 1103 MiB, 0 %
2026/09/24 11:18:35.364, NVIDIA L4, 23034 MiB, 3 MiB, 22643 MiB, 19 %
2026/09/24 11:18:36.364, NVIDIA L4, 23034 MiB, 3 MiB, 22643 MiB, 0 %
2026/09/24 11:18:37.364, NVIDIA L4, 23034 MiB, 0 MiB, 22646 MiB, 0 %
2026/09/24 11:18:38.365, NVIDIA L4, 23034 MiB, 0 MiB, 22646 MiB, 0 %
2026/09/24 11:18:39.365, NVIDIA L4, 23034 MiB, 0 MiB, 22646 MiB, 0 %
2026/09/24 11:18:40.365, NVIDIA L4, 23034 MiB, 0 MiB, 22646 MiB, 0 %
2026/09/24 11:18:41.366, NVIDIA L4, 23034 MiB, 0 MiB, 22646 MiB, 0 %
2026/09/24 11:18:42.366, NVIDIA L4, 23034 MiB, 0 MiB, 22646 MiB, 0 %
2026/09/24 11:18:43.366, NVIDIA L4, 23034 MiB, 0 MiB, 22646 MiB, 0 %
2026/09/24 11:18:44.367, NVIDIA L4, 23034 MiB, 0 MiB, 22646 MiB, 0 %
2026/09/24 11:18:45.367, NVIDIA L4, 23034 MiB, 0 MiB, 22646 MiB, 0 %
2026/09/24 11:18:46.367, NVIDIA L4, 23034 MiB, 0 MiB, 22646 MiB, 0 %
2026/09/24 11:18:47.367, NVIDIA L4, 23034 MiB, 0 MiB, 22646 MiB, 0 %
2026/09/24 11:18:48.368, NVIDIA L4, 23034 MiB, 0 MiB, 22646 MiB, 0 %
2026/09/24 11:18:49.368, NVIDIA L4, 23034 MiB, 0 MiB, 22646 MiB, 0 %
2026/09/24 11:18:50.368, NVIDIA L4, 23034 MiB, 0 MiB, 22646 MiB, 0 %
2026/09/24 11:18:51.369, NVIDIA L4, 23034 MiB, 0 MiB, 22646 MiB, 0 %
2026/09/24 11:18:52.369, NVIDIA L4, 23034 MiB, 0 MiB, 22646 MiB, 0 %
2026/09/24 11:18:53.369, NVIDIA L4, 23034 MiB, 0 MiB, 22646 MiB, 0 %
2026/09/24 11:18:54.370, NVIDIA L4, 23034 MiB, 0 MiB, 22646 MiB, 0 %
2026/09/24 11:18:55.370, NVIDIA L4, 23034 MiB, 0 MiB, 22646 MiB, 0 %
2026/09/24 11:18:56.372, NVIDIA L4, 23034 MiB, 0 MiB, 22646 MiB, 0 %
2026/09/24 11:18:57.372, NVIDIA L4, 23034 MiB, 0 MiB, 22646 MiB, 0 %
2026/09/24 11:18:58.372, NVIDIA L4, 23034 MiB, 0 MiB, 22646 MiB, 0 %
2026/09/24 11:18:59.373, NVIDIA L4, 23034 MiB, 0 MiB, 22646 MiB, 0 %
2026/09/24 11:19:00.373, NVIDIA L4, 23034 MiB, 0 MiB, 22646 MiB, 0 %
2026/09/24 11:19:01.373, NVIDIA L4, 23034 MiB, 0 MiB, 22646 MiB, 0 %
2026/09/24 11:19:02.374, NVIDIA L4, 23034 MiB, 0 MiB, 22646 MiB, 0 %
2026/09/24 11:19:03.374, NVIDIA L4, 23034 MiB, 0 MiB, 22646 MiB, 0 %
2026/09/24 11:19:04.374, NVIDIA L4, 23034 MiB, 0 MiB, 22646 MiB, 0 %
2026/09/24 11:19:05.375, NVIDIA L4, 23034 MiB, 0 MiB, 22646 MiB, 0 %
2026/09/24 11:19:06.375, NVIDIA L4, 23034 MiB, 0 MiB, 22646 MiB, 0 %
2026/09/24 11:19:07.375, NVIDIA L4, 23034 MiB, 0 MiB, 22646 MiB, 0 %
2026/09/24 11:19:08.375, NVIDIA L4, 23034 MiB, 0 MiB, 22646 MiB, 0 %
2026/09/24 11:19:09.376, NVIDIA L4, 23034 MiB, 0 MiB, 22646 MiB, 0 %
2026/09/24 11:19:10.376, NVIDIA L4, 23034 MiB, 0 MiB, 22646 MiB, 0 %
2026/09/24 11:19:11.376, NVIDIA L4, 23034 MiB, 0 MiB, 22646 MiB, 0 %
2026/09/24 11:19:12.377, NVIDIA L4, 23034 MiB, 0 MiB, 22646 MiB, 0 %
2026/09/24 11:19:13.377, NVIDIA L4, 23034 MiB, 0 MiB, 22646 MiB, 0 %
2026/09/24 11:19:14.377, NVIDIA L4, 23034 MiB, 0 MiB, 22646 MiB, 0 %
2026/09/24 11:19:15.378, NVIDIA L4, 23034 MiB, 0 MiB, 22646 MiB, 0 %
2026/09/24 11:19:16.378, NVIDIA L4, 23034 MiB, 0 MiB, 22646 MiB, 0 %
2026/09/24 11:19:17.378, NVIDIA L4, 23034 MiB, 0 MiB, 22646 MiB, 0 %
2026/09/24 11:19:18.379, NVIDIA L4, 23034 MiB, 0 MiB, 22646 MiB, 0 %
2026/09/24 11:19:19.379, NVIDIA L4, 23034 MiB, 0 MiB, 22646 MiB, 0 %
2026/09/24 11:19:20.379, NVIDIA L4, 23034 MiB, 0 MiB, 22646 MiB, 0 %
2026/09/24 11:19:21.379, NVIDIA L4, 23034 MiB, 0 MiB, 22646 MiB, 0 %
2026/09/24 11:19:22.381, NVIDIA L4, 23034 MiB, 0 MiB, 22646 MiB, 0 %
2026/09/24 11:19:23.381, NVIDIA L4, 23034 MiB, 0 MiB, 22646 MiB, 0 %
2026/09/24 11:19:24.381, NVIDIA L4, 23034 MiB, 0 MiB, 22646 MiB, 0 %
2026/09/24 11:19:25.382, NVIDIA L4, 23034 MiB, 0 MiB, 22646 MiB, 0 %
2026/09/24 11:19:26.382, NVIDIA L4, 23034 MiB, 0 MiB, 22646 MiB, 0 %
2026/09/24 11:19:27.382, NVIDIA L4, 23034 MiB, 0 MiB, 22646 MiB, 0 %
2026/09/24 11:19:28.383, NVIDIA L4, 23034 MiB, 0 MiB, 22646 MiB, 0 %
2026/09/24 11:19:29.383, NVIDIA L4, 23034 MiB, 0 MiB, 22646 MiB, 0 %
2026/09/24 11:19:30.383, NVIDIA L4, 23034 MiB, 0 MiB, 22646 MiB, 0 %
2026/09/24 11:19:31.384, NVIDIA L4, 23034 MiB, 0 MiB, 22646 MiB, 0 %
2026/09/24 11:19:32.384, NVIDIA L4, 23034 MiB, 0 MiB, 22646 MiB, 0 %
2026/09/24 11:19:33.384, NVIDIA L4, 23034 MiB, 0 MiB, 22646 MiB, 0 %
2026/09/24 11:19:34.384, NVIDIA L4, 23034 MiB, 0 MiB, 22646 MiB, 0 %
2026/09/24 11:19:35.385, NVIDIA L4, 23034 MiB, 0 MiB, 22646 MiB, 0 %
2026/09/24 11:19:36.385, NVIDIA L4, 23034 MiB, 0 MiB, 22646 MiB, 0 %
2026/09/24 11:19:37.385, NVIDIA L4, 23034 MiB, 0 MiB, 22646 MiB, 0 %
2026/09/24 11:19:38.386, NVIDIA L4, 23034 MiB, 0 MiB, 22646 MiB, 0 %
2026/09/24 11:19:39.386, NVIDIA L4, 23034 MiB, 0 MiB, 22646 MiB, 0 %
2026/09/24 11:19:40.386, NVIDIA L4, 23034 MiB, 0 MiB, 22646 MiB, 0 %
2026/09/24 11:19:41.386, NVIDIA L4, 23034 MiB, 0 MiB, 22646 MiB, 0 %
2026/09/24 11:19:42.387, NVIDIA L4, 23034 MiB, 0 MiB, 22646 MiB, 0 %
2026/09/24 11:19:43.387, NVIDIA L4, 23034 MiB, 0 MiB, 22646 MiB, 0 %
2026/09/24 11:19:44.387, NVIDIA L4, 23034 MiB, 0 MiB, 22646 MiB, 0 %
2026/09/24 11:19:45.388, NVIDIA L4, 23034 MiB, 0 MiB, 22646 MiB, 0 %
2026/09/24 11:19:46.388, NVIDIA L4, 23034 MiB, 0 MiB, 22646 MiB, 0 %
2026/09/24 11:19:47.388, NVIDIA L4, 23034 MiB, 0 MiB, 22646 MiB, 0 %
2026/09/24 11:19:48.389, NVIDIA L4, 23034 MiB, 0 MiB, 22646 MiB, 0 %
2026/09/24 11:19:49.389, NVIDIA L4, 23034 MiB, 0 MiB, 22646 MiB, 0 %
2026/09/24 11:19:50.389, NVIDIA L4, 23034 MiB, 0 MiB, 22646 MiB, 0 %
2026/09/24 11:19:51.389, NVIDIA L4, 23034 MiB, 0 MiB, 22646 MiB, 0 %
2026/09/24 11:19:52.390, NVIDIA L4, 23034 MiB, 0 MiB, 22646 MiB, 0 %
2026/09/24 11:19:53.391, NVIDIA L4, 23034 MiB, 0 MiB, 22646 MiB, 0 %
2026/09/24 11:19:54.391, NVIDIA L4, 23034 MiB, 0 MiB, 22646 MiB, 0 %
2026/09/24 11:19:55.391, NVIDIA L4, 23034 MiB, 0 MiB, 22646 MiB, 0 %
2026/09/24 11:19:56.392, NVIDIA L4, 23034 MiB, 0 MiB, 22646 MiB, 0 %
2026/09/24 11:19:57.392, NVIDIA L4, 23034 MiB, 0 MiB, 22646 MiB, 0 %
2026/09/24 11:19:58.392, NVIDIA L4, 23034 MiB, 0 MiB, 22646 MiB, 0 %
2026/09/24 11:19:59.392, NVIDIA L4, 23034 MiB, 0 MiB, 22646 MiB, 0 %
2026/09/24 11:20:00.393, NVIDIA L4, 23034 MiB, 0 MiB, 22646 MiB, 0 %
2026/09/24 11:20:01.393, NVIDIA L4, 23034 MiB, 0 MiB, 22646 MiB, 0 %
2026/09/24 11:20:02.394, NVIDIA L4, 23034 MiB, 0 MiB, 22646 MiB, 0 %
2026/09/24 11:20:03.394, NVIDIA L4, 23034 MiB, 0 MiB, 22646 MiB, 0 %
2026/09/24 11:20:04.394, NVIDIA L4, 23034 MiB, 0 MiB, 22646 MiB, 0 %
2026/09/24 11:20:05.394, NVIDIA L4, 23034 MiB, 0 MiB, 22646 MiB, 0 %
2026/09/24 11:20:06.395, NVIDIA L4, 23034 MiB, 0 MiB, 22646 MiB, 0 %
2026/09/24 11:20:07.395, NVIDIA L4, 23034 MiB, 0 MiB, 22646 MiB, 0 %
2026/09/24 11:20:08.395, NVIDIA L4, 23034 MiB, 0 MiB, 22646 MiB, 0 %
2026/09/24 11:20:09.396, NVIDIA L4, 23034 MiB, 0 MiB, 22646 MiB, 0 %
2026/09/24 11:20:10.396, NVIDIA L4, 23034 MiB, 0 MiB, 22646 MiB, 0 %
2026/09/24 11:20:11.396, NVIDIA L4, 23034 MiB, 0 MiB, 22646 MiB, 0 %
2026/09/24 11:20:12.396, NVIDIA L4, 23034 MiB, 0 MiB, 22646 MiB, 0 %
2026/09/24 11:20:13.397, NVIDIA L4, 23034 MiB, 0 MiB, 22646 MiB, 0 %
2026/09/24 11:20:14.397, NVIDIA L4, 23034 MiB, 0 MiB, 22646 MiB, 0 %
2026/09/24 11:20:15.397, NVIDIA L4, 23034 MiB, 0 MiB, 22646 MiB, 0 %
2026/09/24 11:20:16.398, NVIDIA L4, 23034 MiB, 0 MiB, 22646 MiB, 0 %
2026/09/24 11:20:17.398, NVIDIA L4, 23034 MiB, 0 MiB, 22646 MiB, 0 %
2026/09/24 11:20:18.398, NVIDIA L4, 23034 MiB, 0 MiB, 22646 MiB, 0 %
2026/09/24 11:20:19.399, NVIDIA L4, 23034 MiB, 0 MiB, 22646 MiB, 0 %
2026/09/24 11:20:20.399, NVIDIA L4, 23034 MiB, 0 MiB, 22646 MiB, 0 %
2026/09/24 11:20:21.399, NVIDIA L4, 23034 MiB, 0 MiB, 22646 MiB, 0 %
2026/09/24 11:20:22.400, NVIDIA L4, 23034 MiB, 0 MiB, 22646 MiB, 0 %
2026/09/24 11:20:23.400, NVIDIA L4, 23034 MiB, 0 MiB, 22646 MiB, 0 %
2026/09/24 11:20:24.400, NVIDIA L4, 23034 MiB, 0 MiB, 22646 MiB, 0 %
2026/09/24 11:20:25.400, NVIDIA L4, 23034 MiB, 0 MiB, 22646 MiB, 0 %
2026/09/24 11:20:26.401, NVIDIA L4, 23034 MiB, 0 MiB, 22646 MiB, 0 %
2026/09/24 11:20:27.401, NVIDIA L4, 23034 MiB, 0 MiB, 22646 MiB, 0 %
2026/09/24 11:20:28.401, NVIDIA L4, 23034 MiB, 0 MiB, 22646 MiB, 0 %
2026/09/24 11:20:29.402, NVIDIA L4, 23034 MiB, 0 MiB, 22646 MiB, 0 %
2026/09/24 11:20:30.402, NVIDIA L4, 23034 MiB, 0 MiB, 22646 MiB, 0 %
2026/09/24 11:20:31.402, NVIDIA L4, 23034 MiB, 0 MiB, 22646 MiB, 0 %
2026/09/24 11:20:32.403, NVIDIA L4, 23034 MiB, 0 MiB, 22646 MiB, 0 %
2026/09/24 11:20:33.403, NVIDIA L4, 23034 MiB, 0 MiB, 22646 MiB, 0 %
2026/09/24 11:20:34.403, NVIDIA L4, 23034 MiB, 0 MiB, 22646 MiB, 0 %
2026/09/24 11:20:35.404, NVIDIA L4, 23034 MiB, 0 MiB, 22646 MiB, 0 %
2026/09/24 11:20:36.404, NVIDIA L4, 23034 MiB, 0 MiB, 22646 MiB, 0 %
2026/09/24 11:20:37.404, NVIDIA L4, 23034 MiB, 0 MiB, 22646 MiB, 0 %
2026/09/24 11:20:38.404, NVIDIA L4, 23034 MiB, 0 MiB, 22646 MiB, 0 %
2026/09/24 11:20:39.405, NVIDIA L4, 23034 MiB, 0 MiB, 22646 MiB, 0 %
2026/09/24 11:20:40.405, NVIDIA L4, 23034 MiB, 0 MiB, 22646 MiB, 0 %
2026/09/24 11:20:41.405, NVIDIA L4, 23034 MiB, 0 MiB, 22646 MiB, 0 %
2026/09/24 11:20:42.406, NVIDIA L4, 23034 MiB, 0 MiB, 22646 MiB, 0 %
2026/09/24 11:20:43.406, NVIDIA L4, 23034 MiB, 0 MiB, 22646 MiB, 0 %
2026/09/24 11:20:44.406, NVIDIA L4, 23034 MiB, 0 MiB, 22646 MiB, 0 %
2026/09/24 11:20:45.407, NVIDIA L4, 23034 MiB, 0 MiB, 22646 MiB, 0 %
2026/09/24 11:20:46.407, NVIDIA L4, 23034 MiB, 0 MiB, 22646 MiB, 0 %
2026/09/24 11:20:47.407, NVIDIA L4, 23034 MiB, 0 MiB, 22646 MiB, 0 %
2026/09/24 11:20:48.408, NVIDIA L4, 23034 MiB, 0 MiB, 22646 MiB, 0 %
2026/09/24 11:20:49.408, NVIDIA L4, 23034 MiB, 0 MiB, 22646 MiB, 0 %
2026/09/24 11:20:50.408, NVIDIA L4, 23034 MiB, 0 MiB, 22646 MiB, 0 %
2026/09/24 11:20:51.408, NVIDIA L4, 23034 MiB, 0 MiB, 22646 MiB, 0 %
2026/09/24 11:20:52.409, NVIDIA L4, 23034 MiB, 0 MiB, 22646 MiB, 0 %
2026/09/24 11:20:53.409, NVIDIA L4, 23034 MiB, 0 MiB, 22646 MiB, 0 %
2026/09/24 11:20:54.409, NVIDIA L4, 23034 MiB, 0 MiB, 22646 MiB, 0 %
2026/09/24 11:20:55.410, NVIDIA L4, 23034 MiB, 0 MiB, 22646 MiB, 0 %
2026/09/24 11:20:56.410, NVIDIA L4, 23034 MiB, 0 MiB, 22646 MiB, 0 %
2026/09/24 11:20:57.410, NVIDIA L4, 23034 MiB, 0 MiB, 22646 MiB, 0 %
2026/09/24 11:20:58.411, NVIDIA L4, 23034 MiB, 0 MiB, 22646 MiB, 0 %
2026/09/24 11:20:59.411, NVIDIA L4, 23034 MiB, 0 MiB, 22646 MiB, 0 %
2026/09/24 11:21:00.411, NVIDIA L4, 23034 MiB, 0 MiB, 22646 MiB, 0 %
2026/09/24 11:21:01.412, NVIDIA L4, 23034 MiB, 0 MiB, 22646 MiB, 0 %
2026/09/24 11:21:02.412, NVIDIA L4, 23034 MiB, 0 MiB, 22646 MiB, 0 %
2026/09/24 11:21:03.412, NVIDIA L4, 23034 MiB, 0 MiB, 22646 MiB, 0 %
2026/09/24 11:21:04.413, NVIDIA L4, 23034 MiB, 0 MiB, 22646 MiB, 0 %
2026/09/24 11:21:05.413, NVIDIA L4, 23034 MiB, 0 MiB, 22646 MiB, 0 %
2026/09/24 11:21:06.413, NVIDIA L4, 23034 MiB, 0 MiB, 22646 MiB, 0 %
2026/09/24 11:21:07.414, NVIDIA L4, 23034 MiB, 0 MiB, 22646 MiB, 0 %
2026/09/24 11:21:08.414, NVIDIA L4, 23034 MiB, 0 MiB, 22646 MiB, 0 %
2026/09/24 11:21:09.414, NVIDIA L4, 23034 MiB, 0 MiB, 22646 MiB, 0 %
2026/09/24 11:21:10.415, NVIDIA L4, 23034 MiB, 0 MiB, 22646 MiB, 0 %
2026/09/24 11:21:11.415, NVIDIA L4, 23034 MiB, 0 MiB, 22646 MiB, 0 %
2026/09/24 11:21:12.415, NVIDIA L4, 23034 MiB, 0 MiB, 22646 MiB, 0 %
2026/09/24 11:21:13.416, NVIDIA L4, 23034 MiB, 0 MiB, 22646 MiB, 0 %
2026/09/24 11:21:14.416, NVIDIA L4, 23034 MiB, 0 MiB, 22646 MiB, 0 %
2026/09/24 11:21:15.416, NVIDIA L4, 23034 MiB, 0 MiB, 22646 MiB, 0 %
2026/09/24 11:21:16.416, NVIDIA L4, 23034 MiB, 0 MiB, 22646 MiB, 0 %
2026/09/24 11:21:17.417, NVIDIA L4, 23034 MiB, 0 MiB, 22646 MiB, 0 %
2026/09/24 11:21:18.417, NVIDIA L4, 23034 MiB, 0 MiB, 22646 MiB, 0 %
2026/09/24 11:21:19.417, NVIDIA L4, 23034 MiB, 0 MiB, 22646 MiB, 0 %
2026/09/24 11:21:20.418, NVIDIA L4, 23034 MiB, 0 MiB, 22646 MiB, 0 %
2026/09/24 11:21:21.418, NVIDIA L4, 23034 MiB, 0 MiB, 22646 MiB, 0 %
2026/09/24 11:21:22.418, NVIDIA L4, 23034 MiB, 0 MiB, 22646 MiB, 0 %
2026/09/24 11:21:23.419, NVIDIA L4, 23034 MiB, 0 MiB, 22646 MiB, 0 %
2026/09/24 11:21:24.419, NVIDIA L4, 23034 MiB, 0 MiB, 22646 MiB, 0 %
2026/09/24 11:21:25.419, NVIDIA L4, 23034 MiB, 0 MiB, 22646 MiB, 0 %
2026/09/24 11:21:26.420, NVIDIA L4, 23034 MiB, 0 MiB, 22646 MiB, 0 %
2026/09/24 11:21:27.420, NVIDIA L4, 23034 MiB, 0 MiB, 22646 MiB, 0 %
2026/09/24 11:21:28.420, NVIDIA L4, 23034 MiB, 0 MiB, 22646 MiB, 0 %
2026/09/24 11:21:29.421, NVIDIA L4, 23034 MiB, 0 MiB, 22646 MiB, 0 %
2026/09/24 11:21:30.421, NVIDIA L4, 23034 MiB, 0 MiB, 22646 MiB, 0 %
2026/09/24 11:21:31.421, NVIDIA L4, 23034 MiB, 0 MiB, 22646 MiB, 0 %
2026/09/24 11:21:32.421, NVIDIA L4, 23034 MiB, 0 MiB, 22646 MiB, 0 %
2026/09/24 11:21:33.422, NVIDIA L4, 23034 MiB, 0 MiB, 22646 MiB, 0 %
2026/09/24 11:21:34.422, NVIDIA L4, 23034 MiB, 0 MiB, 22646 MiB, 0 %
2026/09/24 11:21:35.422, NVIDIA L4, 23034 MiB, 0 MiB, 22646 MiB, 0 %
2026/09/24 11:21:36.423, NVIDIA L4, 23034 MiB, 0 MiB, 22646 MiB, 0 %
2026/09/24 11:21:37.423, NVIDIA L4, 23034 MiB, 0 MiB, 22646 MiB, 0 %
2026/09/24 11:21:38.423, NVIDIA L4, 23034 MiB, 0 MiB, 22646 MiB, 0 %
2026/09/24 11:21:39.424, NVIDIA L4, 23034 MiB, 0 MiB, 22646 MiB, 0 %
2026/09/24 11:21:40.424, NVIDIA L4, 23034 MiB, 0 MiB, 22646 MiB, 0 %
2026/09/24 11:21:41.424, NVIDIA L4, 23034 MiB, 0 MiB, 22646 MiB, 0 %
2026/09/24 11:21:42.425, NVIDIA L4, 23034 MiB, 0 MiB, 22646 MiB, 0 %
2026/09/24 11:21:43.425, NVIDIA L4, 23034 MiB, 0 MiB, 22646 MiB, 0 %
2026/09/24 11:21:44.425, NVIDIA L4, 23034 MiB, 0 MiB, 22646 MiB, 0 %
2026/09/24 11:21:45.426, NVIDIA L4, 23034 MiB, 0 MiB, 22646 MiB, 0 %
2026/09/24 11:21:46.426, NVIDIA L4, 23034 MiB, 0 MiB, 22646 MiB, 0 %
2026/09/24 11:21:47.426, NVIDIA L4, 23034 MiB, 0 MiB, 22646 MiB, 0 %
2026/09/24 11:21:48.426, NVIDIA L4, 23034 MiB, 0 MiB, 22646 MiB, 0 %
2026/09/24 11:21:49.427, NVIDIA L4, 23034 MiB, 0 MiB, 22646 MiB, 0 %
2026/09/24 11:21:50.427, NVIDIA L4, 23034 MiB, 0 MiB, 22646 MiB, 0 %
2026/09/24 11:21:51.427, NVIDIA L4, 23034 MiB, 0 MiB, 22646 MiB, 0 %
2026/09/24 11:21:52.428, NVIDIA L4, 23034 MiB, 0 MiB, 22646 MiB, 0 %
2026/09/24 11:21:53.428, NVIDIA L4, 23034 MiB, 0 MiB, 22646 MiB, 0 %
2026/09/24 11:21:54.428, NVIDIA L4, 23034 MiB, 0 MiB, 22646 MiB, 0 %
2026/09/24 11:21:55.429, NVIDIA L4, 23034 MiB, 0 MiB, 22646 MiB, 0 %
2026/09/24 11:21:56.429, NVIDIA L4, 23034 MiB, 0 MiB, 22646 MiB, 0 %
2026/09/24 11:21:57.429, NVIDIA L4, 23034 MiB, 0 MiB, 22646 MiB, 0 %
2026/09/24 11:21:58.429, NVIDIA L4, 23034 MiB, 0 MiB, 22646 MiB, 0 %
2026/09/24 11:21:59.430, NVIDIA L4, 23034 MiB, 0 MiB, 22646 MiB, 0 %
2026/09/24 11:22:00.430, NVIDIA L4, 23034 MiB, 0 MiB, 22646 MiB, 0 %
2026/09/24 11:22:01.430, NVIDIA L4, 23034 MiB, 0 MiB, 22646 MiB, 0 %
2026/09/24 11:22:02.431, NVIDIA L4, 23034 MiB, 0 MiB, 22646 MiB, 0 %
2026/09/24 11:22:03.431, NVIDIA L4, 23034 MiB, 0 MiB, 22646 MiB, 0 %
2026/09/24 11:22:04.431, NVIDIA L4, 23034 MiB, 0 MiB, 22646 MiB, 0 %
2026/09/24 11:22:05.432, NVIDIA L4, 23034 MiB, 0 MiB, 22646 MiB, 0 %
2026/09/24 11:22:06.432, NVIDIA L4, 23034 MiB, 0 MiB, 22646 MiB, 0 %
2026/09/24 11:22:07.432, NVIDIA L4, 23034 MiB, 0 MiB, 22646 MiB, 0 %
2026/09/24 11:22:08.433, NVIDIA L4, 23034 MiB, 0 MiB, 22646 MiB, 0 %
2026/09/24 11:22:09.433, NVIDIA L4, 23034 MiB, 0 MiB, 22646 MiB, 0 %
2026/09/24 11:22:10.433, NVIDIA L4, 23034 MiB, 0 MiB, 22646 MiB, 0 %
2026/09/24 11:22:11.434, NVIDIA L4, 23034 MiB, 0 MiB, 22646 MiB, 0 %
2026/09/24 11:22:12.434, NVIDIA L4, 23034 MiB, 0 MiB, 22646 MiB, 0 %
2026/09/24 11:22:13.434, NVIDIA L4, 23034 MiB, 0 MiB, 22646 MiB, 0 %
2026/09/24 11:22:14.434, NVIDIA L4, 23034 MiB, 0 MiB, 22646 MiB, 0 %
2026/09/24 11:22:15.435, NVIDIA L4, 23034 MiB, 0 MiB, 22646 MiB, 0 %
2026/09/24 11:22:16.435, NVIDIA L4, 23034 MiB, 0 MiB, 22646 MiB, 0 %
2026/09/24 11:22:17.435, NVIDIA L4, 23034 MiB, 0 MiB, 22646 MiB, 0 %
2026/09/24 11:22:18.436, NVIDIA L4, 23034 MiB, 0 MiB, 22646 MiB, 0 %
2026/09/24 11:22:19.436, NVIDIA L4, 23034 MiB, 0 MiB, 22646 MiB, 0 %
2026/09/24 11:22:20.436, NVIDIA L4, 23034 MiB, 0 MiB, 22646 MiB, 0 %
2026/09/24 11:22:21.437, NVIDIA L4, 23034 MiB, 0 MiB, 22646 MiB, 0 %
2026/09/24 11:22:22.437, NVIDIA L4, 23034 MiB, 0 MiB, 22646 MiB, 0 %
2026/09/24 11:22:23.437, NVIDIA L4, 23034 MiB, 0 MiB, 22646 MiB, 0 %
2026/09/24 11:22:24.437, NVIDIA L4, 23034 MiB, 0 MiB, 22646 MiB, 0 %
2026/09/24 11:22:25.438, NVIDIA L4, 23034 MiB, 0 MiB, 22646 MiB, 0 %
2026/09/24 11:22:26.438, NVIDIA L4, 23034 MiB, 0 MiB, 22646 MiB, 0 %
2026/09/24 11:22:27.438, NVIDIA L4, 23034 MiB, 0 MiB, 22646 MiB, 0 %
2026/09/24 11:22:28.439, NVIDIA L4, 23034 MiB, 0 MiB, 22646 MiB, 0 %
2026/09/24 11:22:29.439, NVIDIA L4, 23034 MiB, 0 MiB, 22646 MiB, 0 %
2026/09/24 11:22:30.439, NVIDIA L4, 23034 MiB, 0 MiB, 22646 MiB, 0 %
2026/09/24 11:22:31.439, NVIDIA L4, 23034 MiB, 0 MiB, 22646 MiB, 0 %
2026/09/24 11:22:32.440, NVIDIA L4, 23034 MiB, 0 MiB, 22646 MiB, 0 %
2026/09/24 11:22:33.440, NVIDIA L4, 23034 MiB, 0 MiB, 22646 MiB, 0 %
2026/09/24 11:22:34.440, NVIDIA L4, 23034 MiB, 0 MiB, 22646 MiB, 0 %
2026/09/24 11:22:35.441, NVIDIA L4, 23034 MiB, 0 MiB, 22646 MiB, 0 %
2026/09/24 11:22:36.441, NVIDIA L4, 23034 MiB, 0 MiB, 22646 MiB, 0 %
2026/09/24 11:22:37.441, NVIDIA L4, 23034 MiB, 0 MiB, 22646 MiB, 0 %
2026/09/24 11:22:38.441, NVIDIA L4, 23034 MiB, 0 MiB, 22646 MiB, 0 %
2026/09/24 11:22:39.442, NVIDIA L4, 23034 MiB, 0 MiB, 22646 MiB, 0 %
2026/09/24 11:22:40.442, NVIDIA L4, 23034 MiB, 0 MiB, 22646 MiB, 0 %
2026/09/24 11:22:41.442, NVIDIA L4, 23034 MiB, 0 MiB, 22646 MiB, 0 %
2026/09/24 11:22:42.443, NVIDIA L4, 23034 MiB, 0 MiB, 22646 MiB, 0 %
2026/09/24 11:22:43.443, NVIDIA L4, 23034 MiB, 0 MiB, 22646 MiB, 0 %
2026/09/24 11:22:44.444, NVIDIA L4, 23034 MiB, 0 MiB, 22646 MiB, 0 %
2026/09/24 11:22:45.444, NVIDIA L4, 23034 MiB, 0 MiB, 22646 MiB, 0 %
2026/09/24 11:22:46.444, NVIDIA L4, 23034 MiB, 0 MiB, 22646 MiB, 0 %
2026/09/24 11:22:47.444, NVIDIA L4, 23034 MiB, 0 MiB, 22646 MiB, 0 %
2026/09/24 11:22:48.445, NVIDIA L4, 23034 MiB, 0 MiB, 22646 MiB, 0 %
2026/09/24 11:22:49.445, NVIDIA L4, 23034 MiB, 0 MiB, 22646 MiB, 0 %
2026/09/24 11:22:50.445, NVIDIA L4, 23034 MiB, 0 MiB, 22646 MiB, 0 %
2026/09/24 11:22:51.446, NVIDIA L4, 23034 MiB, 0 MiB, 22646 MiB, 0 %
2026/09/24 11:22:52.446, NVIDIA L4, 23034 MiB, 0 MiB, 22646 MiB, 0 %
2026/09/24 11:22:53.446, NVIDIA L4, 23034 MiB, 0 MiB, 22646 MiB, 0 %
2026/09/24 11:22:54.447, NVIDIA L4, 23034 MiB, 0 MiB, 22646 MiB, 0 %
2026/09/24 11:22:55.447, NVIDIA L4, 23034 MiB, 0 MiB, 22646 MiB, 0 %
2026/09/24 11:22:56.447, NVIDIA L4, 23034 MiB, 0 MiB, 22646 MiB, 0 %
2026/09/24 11:22:57.448, NVIDIA L4, 23034 MiB, 0 MiB, 22646 MiB, 0 %
2026/09/24 11:22:58.448, NVIDIA L4, 23034 MiB, 0 MiB, 22646 MiB, 0 %
2026/09/24 11:22:59.448, NVIDIA L4, 23034 MiB, 0 MiB, 22646 MiB, 0 %
2026/09/24 11:23:00.449, NVIDIA L4, 23034 MiB, 0 MiB, 22646 MiB, 0 %
2026/09/24 11:23:01.449, NVIDIA L4, 23034 MiB, 0 MiB, 22646 MiB, 0 %
2026/09/24 11:23:02.449, NVIDIA L4, 23034 MiB, 0 MiB, 22646 MiB, 0 %
2026/09/24 11:23:03.450, NVIDIA L4, 23034 MiB, 0 MiB, 22646 MiB, 0 %
2026/09/24 11:23:04.450, NVIDIA L4, 23034 MiB, 0 MiB, 22646 MiB, 0 %
2026/09/24 11:23:05.450, NVIDIA L4, 23034 MiB, 0 MiB, 22646 MiB, 0 %
2026/09/24 11:23:06.451, NVIDIA L4, 23034 MiB, 0 MiB, 22646 MiB, 0 %
2026/09/24 11:23:07.451, NVIDIA L4, 23034 MiB, 0 MiB, 22646 MiB, 0 %
2026/09/24 11:23:08.451, NVIDIA L4, 23034 MiB, 0 MiB, 22646 MiB, 0 %
2026/09/24 11:23:09.452, NVIDIA L4, 23034 MiB, 0 MiB, 22646 MiB, 0 %
2026/09/24 11:23:10.452, NVIDIA L4, 23034 MiB, 0 MiB, 22646 MiB, 0 %
2026/09/24 11:23:11.452, NVIDIA L4, 23034 MiB, 0 MiB, 22646 MiB, 0 %
2026/09/24 11:23:12.453, NVIDIA L4, 23034 MiB, 0 MiB, 22646 MiB, 0 %
2026/09/24 11:23:13.453, NVIDIA L4, 23034 MiB, 0 MiB, 22646 MiB, 0 %
2026/09/24 11:23:14.453, NVIDIA L4, 23034 MiB, 0 MiB, 22646 MiB, 0 %
2026/09/24 11:23:15.454, NVIDIA L4, 23034 MiB, 0 MiB, 22646 MiB, 0 %
2026/09/24 11:23:16.454, NVIDIA L4, 23034 MiB, 0 MiB, 22646 MiB, 0 %
2026/09/24 11:23:17.454, NVIDIA L4, 23034 MiB, 0 MiB, 22646 MiB, 0 %
2026/09/24 11:23:18.455, NVIDIA L4, 23034 MiB, 0 MiB, 22646 MiB, 0 %
2026/09/24 11:23:19.455, NVIDIA L4, 23034 MiB, 0 MiB, 22646 MiB, 0 %
2026/09/24 11:23:20.455, NVIDIA L4, 23034 MiB, 0 MiB, 22646 MiB, 0 %
2026/09/24 11:23:21.456, NVIDIA L4, 23034 MiB, 0 MiB, 22646 MiB, 0 %
2026/09/24 11:23:22.456, NVIDIA L4, 23034 MiB, 0 MiB, 22646 MiB, 0 %
2026/09/24 11:23:23.456, NVIDIA L4, 23034 MiB, 0 MiB, 22646 MiB, 0 %
2026/09/24 11:23:24.457, NVIDIA L4, 23034 MiB, 0 MiB, 22646 MiB, 0 %
2026/09/24 11:23:25.457, NVIDIA L4, 23034 MiB, 0 MiB, 22646 MiB, 0 %
2026/09/24 11:23:26.457, NVIDIA L4, 23034 MiB, 0 MiB, 22646 MiB, 0 %
2026/09/24 11:23:27.458, NVIDIA L4, 23034 MiB, 0 MiB, 22646 MiB, 0 %
2026/09/24 11:23:28.458, NVIDIA L4, 23034 MiB, 0 MiB, 22646 MiB, 0 %
2026/09/24 11:23:29.458, NVIDIA L4, 23034 MiB, 0 MiB, 22646 MiB, 0 %
2026/09/24 11:23:30.459, NVIDIA L4, 23034 MiB, 0 MiB, 22646 MiB, 0 %
2026/09/24 11:23:31.459, NVIDIA L4, 23034 MiB, 0 MiB, 22646 MiB, 0 %
2026/09/24 11:23:32.459, NVIDIA L4, 23034 MiB, 0 MiB, 22646 MiB, 0 %
2026/09/24 11:23:33.459, NVIDIA L4, 23034 MiB, 0 MiB, 22646 MiB, 0 %
2026/09/24 11:23:34.460, NVIDIA L4, 23034 MiB, 0 MiB, 22646 MiB, 0 %
2026/09/24 11:23:35.460, NVIDIA L4, 23034 MiB, 0 MiB, 22646 MiB, 0 %
2026/09/24 11:23:36.460, NVIDIA L4, 23034 MiB, 0 MiB, 22646 MiB, 0 %
2026/09/24 11:23:37.461, NVIDIA L4, 23034 MiB, 0 MiB, 22646 MiB, 0 %
2026/09/24 11:23:38.461, NVIDIA L4, 23034 MiB, 0 MiB, 22646 MiB, 0 %
2026/09/24 11:23:39.461, NVIDIA L4, 23034 MiB, 0 MiB, 22646 MiB, 0 %
2026/09/24 11:23:40.462, NVIDIA L4, 23034 MiB, 0 MiB, 22646 MiB, 0 %
2026/09/24 11:23:41.462, NVIDIA L4, 23034 MiB, 0 MiB, 22646 MiB, 0 %
2026/09/24 11:23:42.462, NVIDIA L4, 23034 MiB, 0 MiB, 22646 MiB, 0 %
2026/09/24 11:23:43.463, NVIDIA L4, 23034 MiB, 0 MiB, 22646 MiB, 0 %
2026/09/24 11:23:44.463, NVIDIA L4, 23034 MiB, 0 MiB, 22646 MiB, 0 %
2026/09/24 11:23:45.463, NVIDIA L4, 23034 MiB, 0 MiB, 22646 MiB, 0 %
2026/09/24 11:23:46.463, NVIDIA L4, 23034 MiB, 0 MiB, 22646 MiB, 0 %
2026/09/24 11:23:47.464, NVIDIA L4, 23034 MiB, 0 MiB, 22646 MiB, 0 %
2026/09/24 11:23:48.464, NVIDIA L4, 23034 MiB, 0 MiB, 22646 MiB, 0 %
2026/09/24 11:23:49.464, NVIDIA L4, 23034 MiB, 0 MiB, 22646 MiB, 0 %
2026/09/24 11:23:50.465, NVIDIA L4, 23034 MiB, 0 MiB, 22646 MiB, 0 %
2026/09/24 11:23:51.465, NVIDIA L4, 23034 MiB, 0 MiB, 22646 MiB, 0 %
2026/09/24 11:23:52.465, NVIDIA L4, 23034 MiB, 0 MiB, 22646 MiB, 0 %
2026/09/24 11:23:53.466, NVIDIA L4, 23034 MiB, 0 MiB, 22646 MiB, 0 %
2026/09/24 11:23:54.466, NVIDIA L4, 23034 MiB, 0 MiB, 22646 MiB, 0 %
2026/09/24 11:23:55.466, NVIDIA L4, 23034 MiB, 0 MiB, 22646 MiB, 0 %
2026/09/24 11:23:56.467, NVIDIA L4, 23034 MiB, 0 MiB, 22646 MiB, 0 %
2026/09/24 11:23:57.467, NVIDIA L4, 23034 MiB, 0 MiB, 22646 MiB, 0 %
2026/09/24 11:23:58.467, NVIDIA L4, 23034 MiB, 0 MiB, 22646 MiB, 0 %
2026/09/24 11:23:59.468, NVIDIA L4, 23034 MiB, 0 MiB, 22646 MiB, 0 %
2026/09/24 11:24:00.468, NVIDIA L4, 23034 MiB, 0 MiB, 22646 MiB, 0 %
2026/09/24 11:24:01.468, NVIDIA L4, 23034 MiB, 0 MiB, 22646 MiB, 0 %
2026/09/24 11:24:02.469, NVIDIA L4, 23034 MiB, 0 MiB, 22646 MiB, 0 %
2026/09/24 11:24:03.469, NVIDIA L4, 23034 MiB, 0 MiB, 22646 MiB, 0 %
2026/09/24 11:24:04.469, NVIDIA L4, 23034 MiB, 0 MiB, 22646 MiB, 0 %
2026/09/24 11:24:05.470, NVIDIA L4, 23034 MiB, 0 MiB, 22646 MiB, 0 %
2026/09/24 11:24:06.470, NVIDIA L4, 23034 MiB, 0 MiB, 22646 MiB, 0 %
2026/09/24 11:24:07.470, NVIDIA L4, 23034 MiB, 0 MiB, 22646 MiB, 0 %
2026/09/24 11:24:08.471, NVIDIA L4, 23034 MiB, 0 MiB, 22646 MiB, 0 %
2026/09/24 11:24:09.471, NVIDIA L4, 23034 MiB, 0 MiB, 22646 MiB, 0 %
2026/09/24 11:24:10.471, NVIDIA L4, 23034 MiB, 0 MiB, 22646 MiB, 0 %
2026/09/24 11:24:11.472, NVIDIA L4, 23034 MiB, 0 MiB, 22646 MiB, 0 %
2026/09/24 11:24:12.472, NVIDIA L4, 23034 MiB, 0 MiB, 22646 MiB, 0 %
2026/09/24 11:24:13.472, NVIDIA L4, 23034 MiB, 0 MiB, 22646 MiB, 0 %
2026/09/24 11:24:14.473, NVIDIA L4, 23034 MiB, 0 MiB, 22646 MiB, 0 %
2026/09/24 11:24:15.473, NVIDIA L4, 23034 MiB, 0 MiB, 22646 MiB, 0 %
2026/09/24 11:24:16.473, NVIDIA L4, 23034 MiB, 0 MiB, 22646 MiB, 0 %
2026/09/24 11:24:17.474, NVIDIA L4, 23034 MiB, 0 MiB, 22646 MiB, 0 %
2026/09/24 11:24:18.474, NVIDIA L4, 23034 MiB, 0 MiB, 22646 MiB, 0 %
2026/09/24 11:24:19.474, NVIDIA L4, 23034 MiB, 0 MiB, 22646 MiB, 0 %
2026/09/24 11:24:20.475, NVIDIA L4, 23034 MiB, 0 MiB, 22646 MiB, 0 %
2026/09/24 11:24:21.475, NVIDIA L4, 23034 MiB, 0 MiB, 22646 MiB, 0 %
2026/09/24 11:24:22.475, NVIDIA L4, 23034 MiB, 0 MiB, 22646 MiB, 0 %
2026/09/24 11:24:23.476, NVIDIA L4, 23034 MiB, 0 MiB, 22646 MiB, 0 %
2026/09/24 11:24:24.476, NVIDIA L4, 23034 MiB, 0 MiB, 22646 MiB, 0 %
2026/09/24 11:24:25.476, NVIDIA L4, 23034 MiB, 0 MiB, 22646 MiB, 0 %
2026/09/24 11:24:26.477, NVIDIA L4, 23034 MiB, 0 MiB, 22646 MiB, 0 %
2026/09/24 11:24:27.477, NVIDIA L4, 23034 MiB, 0 MiB, 22646 MiB, 0 %
2026/09/24 11:24:28.477, NVIDIA L4, 23034 MiB, 0 MiB, 22646 MiB, 0 %
2026/09/24 11:24:29.477, NVIDIA L4, 23034 MiB, 0 MiB, 22646 MiB, 0 %
2026/09/24 11:24:30.478, NVIDIA L4, 23034 MiB, 0 MiB, 22646 MiB, 0 %
2026/09/24 11:24:31.478, NVIDIA L4, 23034 MiB, 0 MiB, 22646 MiB, 0 %
2026/09/24 11:24:32.478, NVIDIA L4, 23034 MiB, 0 MiB, 22646 MiB, 0 %
2026/09/24 11:24:33.479, NVIDIA L4, 23034 MiB, 0 MiB, 22646 MiB, 0 %
2026/09/24 11:24:34.479, NVIDIA L4, 23034 MiB, 0 MiB, 22646 MiB, 0 %
2026/09/24 11:24:35.479, NVIDIA L4, 23034 MiB, 0 MiB, 22646 MiB, 0 %
2026/09/24 11:24:36.480, NVIDIA L4, 23034 MiB, 0 MiB, 22646 MiB, 0 %
2026/09/24 11:24:37.480, NVIDIA L4, 23034 MiB, 0 MiB, 22646 MiB, 0 %
2026/09/24 11:24:38.480, NVIDIA L4, 23034 MiB, 0 MiB, 22646 MiB, 0 %
2026/09/24 11:24:39.481, NVIDIA L4, 23034 MiB, 0 MiB, 22646 MiB, 0 %
2026/09/24 11:24:40.481, NVIDIA L4, 23034 MiB, 0 MiB, 22646 MiB, 0 %
2026/09/24 11:24:41.481, NVIDIA L4, 23034 MiB, 0 MiB, 22646 MiB, 0 %
2026/09/24 11:24:42.481, NVIDIA L4, 23034 MiB, 0 MiB, 22646 MiB, 0 %
2026/09/24 11:24:43.482, NVIDIA L4, 23034 MiB, 0 MiB, 22646 MiB, 0 %
2026/09/24 11:24:44.482, NVIDIA L4, 23034 MiB, 0 MiB, 22646 MiB, 0 %
2026/09/24 11:24:45.482, NVIDIA L4, 23034 MiB, 0 MiB, 22646 MiB, 0 %
2026/09/24 11:24:46.483, NVIDIA L4, 23034 MiB, 0 MiB, 22646 MiB, 0 %
2026/09/24 11:24:47.483, NVIDIA L4, 23034 MiB, 0 MiB, 22646 MiB, 0 %
2026/09/24 11:24:48.483, NVIDIA L4, 23034 MiB, 0 MiB, 22646 MiB, 0 %
2026/09/24 11:24:49.484, NVIDIA L4, 23034 MiB, 0 MiB, 22646 MiB, 0 %
2026/09/24 11:24:50.484, NVIDIA L4, 23034 MiB, 0 MiB, 22646 MiB, 0 %
2026/09/24 11:24:51.484, NVIDIA L4, 23034 MiB, 0 MiB, 22646 MiB, 0 %
2026/09/24 11:24:52.484, NVIDIA L4, 23034 MiB, 0 MiB, 22646 MiB, 0 %
2026/09/24 11:24:53.485, NVIDIA L4, 23034 MiB, 0 MiB, 22646 MiB, 0 %
2026/09/24 11:24:54.485, NVIDIA L4, 23034 MiB, 0 MiB, 22646 MiB, 0 %
2026/09/24 11:24:55.485, NVIDIA L4, 23034 MiB, 0 MiB, 22646 MiB, 0 %
2026/09/24 11:24:56.486, NVIDIA L4, 23034 MiB, 0 MiB, 22646 MiB, 0 %
2026/09/24 11:24:57.486, NVIDIA L4, 23034 MiB, 0 MiB, 22646 MiB, 0 %
2026/09/24 11:24:58.486, NVIDIA L4, 23034 MiB, 0 MiB, 22646 MiB, 0 %
2026/09/24 11:24:59.487, NVIDIA L4, 23034 MiB, 0 MiB, 22646 MiB, 0 %
2026/09/24 11:25:00.487, NVIDIA L4, 23034 MiB, 0 MiB, 22646 MiB, 0 %
2026/09/24 11:25:01.487, NVIDIA L4, 23034 MiB, 0 MiB, 22646 MiB, 0 %
2026/09/24 11:25:02.487, NVIDIA L4, 23034 MiB, 0 MiB, 22646 MiB, 0 %
2026/09/24 11:25:03.488, NVIDIA L4, 23034 MiB, 0 MiB, 22646 MiB, 0 %
2026/09/24 11:25:04.488, NVIDIA L4, 23034 MiB, 0 MiB, 22646 MiB, 0 %
2026/09/24 11:25:05.488, NVIDIA L4, 23034 MiB, 0 MiB, 22646 MiB, 0 %
2026/09/24 11:25:06.489, NVIDIA L4, 23034 MiB, 0 MiB, 22646 MiB, 0 %
2026/09/24 11:25:07.489, NVIDIA L4, 23034 MiB, 0 MiB, 22646 MiB, 0 %
2026/09/24 11:25:08.489, NVIDIA L4, 23034 MiB, 0 MiB, 22646 MiB, 0 %
2026/09/24 11:25:09.490, NVIDIA L4, 23034 MiB, 0 MiB, 22646 MiB, 0 %
2026/09/24 11:25:10.490, NVIDIA L4, 23034 MiB, 0 MiB, 22646 MiB, 0 %
2026/09/24 11:25:11.490, NVIDIA L4, 23034 MiB, 0 MiB, 22646 MiB, 0 %
2026/09/24 11:25:12.491, NVIDIA L4, 23034 MiB, 0 MiB, 22646 MiB, 0 %
2026/09/24 11:25:13.491, NVIDIA L4, 23034 MiB, 0 MiB, 22646 MiB, 0 %
2026/09/24 11:25:14.491, NVIDIA L4, 23034 MiB, 0 MiB, 22646 MiB, 0 %
2026/09/24 11:25:15.491, NVIDIA L4, 23034 MiB, 0 MiB, 22646 MiB, 0 %
2026/09/24 11:25:16.492, NVIDIA L4, 23034 MiB, 0 MiB, 22646 MiB, 0 %
2026/09/24 11:25:17.492, NVIDIA L4, 23034 MiB, 0 MiB, 22646 MiB, 0 %
2026/09/24 11:25:18.492, NVIDIA L4, 23034 MiB, 0 MiB, 22646 MiB, 0 %
2026/09/24 11:25:19.493, NVIDIA L4, 23034 MiB, 0 MiB, 22646 MiB, 0 %
2026/09/24 11:25:20.493, NVIDIA L4, 23034 MiB, 0 MiB, 22646 MiB, 0 %
2026/09/24 11:25:21.493, NVIDIA L4, 23034 MiB, 0 MiB, 22646 MiB, 0 %
2026/09/24 11:25:22.494, NVIDIA L4, 23034 MiB, 0 MiB, 22646 MiB, 0 %
2026/09/24 11:25:23.494, NVIDIA L4, 23034 MiB, 0 MiB, 22646 MiB, 0 %
2026/09/24 11:25:24.494, NVIDIA L4, 23034 MiB, 0 MiB, 22646 MiB, 0 %
2026/09/24 11:25:25.496, NVIDIA L4, 23034 MiB, 0 MiB, 22646 MiB, 0 %
2026/09/24 11:25:26.496, NVIDIA L4, 23034 MiB, 0 MiB, 22646 MiB, 0 %
2026/09/24 11:25:27.496, NVIDIA L4, 23034 MiB, 0 MiB, 22646 MiB, 0 %
2026/09/24 11:25:28.496, NVIDIA L4, 23034 MiB, 0 MiB, 22646 MiB, 0 %
2026/09/24 11:25:29.497, NVIDIA L4, 23034 MiB, 0 MiB, 22646 MiB, 0 %
2026/09/24 11:25:30.497, NVIDIA L4, 23034 MiB, 0 MiB, 22646 MiB, 0 %
2026/09/24 11:25:31.497, NVIDIA L4, 23034 MiB, 0 MiB, 22646 MiB, 0 %
2026/09/24 11:25:32.498, NVIDIA L4, 23034 MiB, 0 MiB, 22646 MiB, 0 %
2026/09/24 11:25:33.498, NVIDIA L4, 23034 MiB, 0 MiB, 22646 MiB, 0 %
2026/09/24 11:25:34.498, NVIDIA L4, 23034 MiB, 0 MiB, 22646 MiB, 0 %
2026/09/24 11:25:35.499, NVIDIA L4, 23034 MiB, 0 MiB, 22646 MiB, 0 %
2026/09/24 11:25:36.499, NVIDIA L4, 23034 MiB, 0 MiB, 22646 MiB, 0 %
2026/09/24 11:25:37.499, NVIDIA L4, 23034 MiB, 0 MiB, 22646 MiB, 0 %
2026/09/24 11:25:38.499, NVIDIA L4, 23034 MiB, 0 MiB, 22646 MiB, 0 %
2026/09/24 11:25:39.500, NVIDIA L4, 23034 MiB, 0 MiB, 22646 MiB, 0 %
2026/09/24 11:25:40.500, NVIDIA L4, 23034 MiB, 0 MiB, 22646 MiB, 0 %
2026/09/24 11:25:41.500, NVIDIA L4, 23034 MiB, 0 MiB, 22646 MiB, 0 %
2026/09/24 11:25:42.501, NVIDIA L4, 23034 MiB, 0 MiB, 22646 MiB, 0 %
2026/09/24 11:25:43.501, NVIDIA L4, 23034 MiB, 0 MiB, 22646 MiB, 0 %
2026/09/24 11:25:44.501, NVIDIA L4, 23034 MiB, 0 MiB, 22646 MiB, 0 %
2026/09/24 11:25:45.502, NVIDIA L4, 23034 MiB, 0 MiB, 22646 MiB, 0 %
2026/09/24 11:25:46.502, NVIDIA L4, 23034 MiB, 0 MiB, 22646 MiB, 0 %
2026/09/24 11:25:47.502, NVIDIA L4, 23034 MiB, 0 MiB, 22646 MiB, 0 %
2026/09/24 11:25:48.503, NVIDIA L4, 23034 MiB, 0 MiB, 22646 MiB, 0 %
2026/09/24 11:25:49.503, NVIDIA L4, 23034 MiB, 0 MiB, 22646 MiB, 0 %
2026/09/24 11:25:50.503, NVIDIA L4, 23034 MiB, 0 MiB, 22646 MiB, 0 %
2026/09/24 11:25:51.504, NVIDIA L4, 23034 MiB, 0 MiB, 22646 MiB, 0 %
2026/09/24 11:25:52.504, NVIDIA L4, 23034 MiB, 0 MiB, 22646 MiB, 0 %
2026/09/24 11:25:53.504, NVIDIA L4, 23034 MiB, 0 MiB, 22646 MiB, 0 %
2026/09/24 11:25:54.505, NVIDIA L4, 23034 MiB, 0 MiB, 22646 MiB, 0 %
2026/09/24 11:25:55.505, NVIDIA L4, 23034 MiB, 0 MiB, 22646 MiB, 0 %
2026/09/24 11:25:56.505, NVIDIA L4, 23034 MiB, 0 MiB, 22646 MiB, 0 %
2026/09/24 11:25:57.506, NVIDIA L4, 23034 MiB, 0 MiB, 22646 MiB, 0 %
2026/09/24 11:25:58.506, NVIDIA L4, 23034 MiB, 0 MiB, 22646 MiB, 0 %
2026/09/24 11:25:59.506, NVIDIA L4, 23034 MiB, 0 MiB, 22646 MiB, 0 %
2026/09/24 11:26:00.507, NVIDIA L4, 23034 MiB, 0 MiB, 22646 MiB, 0 %
2026/09/24 11:26:01.507, NVIDIA L4, 23034 MiB, 0 MiB, 22646 MiB, 0 %
2026/09/24 11:26:02.507, NVIDIA L4, 23034 MiB, 0 MiB, 22646 MiB, 0 %
2026/09/24 11:26:03.508, NVIDIA L4, 23034 MiB, 0 MiB, 22646 MiB, 0 %
2026/09/24 11:26:04.508, NVIDIA L4, 23034 MiB, 0 MiB, 22646 MiB, 0 %
2026/09/24 11:26:05.508, NVIDIA L4, 23034 MiB, 0 MiB, 22646 MiB, 0 %
2026/09/24 11:26:06.508, NVIDIA L4, 23034 MiB, 0 MiB, 22646 MiB, 0 %
2026/09/24 11:26:07.509, NVIDIA L4, 23034 MiB, 0 MiB, 22646 MiB, 0 %
2026/09/24 11:26:08.509, NVIDIA L4, 23034 MiB, 0 MiB, 22646 MiB, 0 %
2026/09/24 11:26:09.509, NVIDIA L4, 23034 MiB, 0 MiB, 22646 MiB, 0 %
2026/09/24 11:26:10.510, NVIDIA L4, 23034 MiB, 0 MiB, 22646 MiB, 0 %
2026/09/24 11:26:11.510, NVIDIA L4, 23034 MiB, 0 MiB, 22646 MiB, 0 %
2026/09/24 11:26:12.510, NVIDIA L4, 23034 MiB, 0 MiB, 22646 MiB, 0 %
2026/09/24 11:26:13.511, NVIDIA L4, 23034 MiB, 0 MiB, 22646 MiB, 0 %
2026/09/24 11:26:14.511, NVIDIA L4, 23034 MiB, 0 MiB, 22646 MiB, 0 %
2026/09/24 11:26:15.511, NVIDIA L4, 23034 MiB, 0 MiB, 22646 MiB, 0 %
2026/09/24 11:26:16.512, NVIDIA L4, 23034 MiB, 0 MiB, 22646 MiB, 0 %
2026/09/24 11:26:17.512, NVIDIA L4, 23034 MiB, 0 MiB, 22646 MiB, 0 %
2026/09/24 11:26:18.512, NVIDIA L4, 23034 MiB, 0 MiB, 22646 MiB, 0 %
2026/09/24 11:26:19.513, NVIDIA L4, 23034 MiB, 0 MiB, 22646 MiB, 0 %
2026/09/24 11:26:20.513, NVIDIA L4, 23034 MiB, 0 MiB, 22646 MiB, 0 %
2026/09/24 11:26:21.513, NVIDIA L4, 23034 MiB, 0 MiB, 22646 MiB, 0 %
2026/09/24 11:26:22.514, NVIDIA L4, 23034 MiB, 0 MiB, 22646 MiB, 0 %
2026/09/24 11:26:23.514, NVIDIA L4, 23034 MiB, 0 MiB, 22646 MiB, 0 %
2026/09/24 11:26:24.514, NVIDIA L4, 23034 MiB, 0 MiB, 22646 MiB, 0 %
2026/09/24 11:26:25.515, NVIDIA L4, 23034 MiB, 0 MiB, 22646 MiB, 0 %
2026/09/24 11:26:26.515, NVIDIA L4, 23034 MiB, 0 MiB, 22646 MiB, 0 %
2026/09/24 11:26:27.515, NVIDIA L4, 23034 MiB, 0 MiB, 22646 MiB, 0 %
2026/09/24 11:26:28.516, NVIDIA L4, 23034 MiB, 0 MiB, 22646 MiB, 0 %
2026/09/24 11:26:29.516, NVIDIA L4, 23034 MiB, 0 MiB, 22646 MiB, 0 %
2026/09/24 11:26:30.516, NVIDIA L4, 23034 MiB, 0 MiB, 22646 MiB, 0 %
2026/09/24 11:26:31.517, NVIDIA L4, 23034 MiB, 0 MiB, 22646 MiB, 0 %
2026/09/24 11:26:32.517, NVIDIA L4, 23034 MiB, 0 MiB, 22646 MiB, 0 %
2026/09/24 11:26:33.517, NVIDIA L4, 23034 MiB, 0 MiB, 22646 MiB, 0 %
2026/09/24 11:26:34.518, NVIDIA L4, 23034 MiB, 0 MiB, 22646 MiB, 0 %
2026/09/24 11:26:35.518, NVIDIA L4, 23034 MiB, 0 MiB, 22646 MiB, 0 %
2026/09/24 11:26:36.518, NVIDIA L4, 23034 MiB, 0 MiB, 22646 MiB, 0 %
2026/09/24 11:26:37.519, NVIDIA L4, 23034 MiB, 0 MiB, 22646 MiB, 0 %
2026/09/24 11:26:38.519, NVIDIA L4, 23034 MiB, 0 MiB, 22646 MiB, 0 %
2026/09/24 11:26:39.519, NVIDIA L4, 23034 MiB, 0 MiB, 22646 MiB, 0 %
2026/09/24 11:26:40.519, NVIDIA L4, 23034 MiB, 0 MiB, 22646 MiB, 0 %
2026/09/24 11:26:41.520, NVIDIA L4, 23034 MiB, 0 MiB, 22646 MiB, 0 %
2026/09/24 11:26:42.520, NVIDIA L4, 23034 MiB, 0 MiB, 22646 MiB, 0 %
2026/09/24 11:26:43.520, NVIDIA L4, 23034 MiB, 0 MiB, 22646 MiB, 0 %
2026/09/24 11:26:44.521, NVIDIA L4, 23034 MiB, 0 MiB, 22646 MiB, 0 %
2026/09/24 11:26:45.521, NVIDIA L4, 23034 MiB, 0 MiB, 22646 MiB, 0 %
2026/09/24 11:26:46.521, NVIDIA L4, 23034 MiB, 0 MiB, 22646 MiB, 0 %
2026/09/24 11:26:47.521, NVIDIA L4, 23034 MiB, 0 MiB, 22646 MiB, 0 %
2026/09/24 11:26:48.522, NVIDIA L4, 23034 MiB, 0 MiB, 22646 MiB, 0 %
2026/09/24 11:26:49.522, NVIDIA L4, 23034 MiB, 0 MiB, 22646 MiB, 0 %
2026/09/24 11:26:50.522, NVIDIA L4, 23034 MiB, 0 MiB, 22646 MiB, 0 %
2026/09/24 11:26:51.523, NVIDIA L4, 23034 MiB, 0 MiB, 22646 MiB, 0 %
2026/09/24 11:26:52.523, NVIDIA L4, 23034 MiB, 0 MiB, 22646 MiB, 0 %
2026/09/24 11:26:53.523, NVIDIA L4, 23034 MiB, 0 MiB, 22646 MiB, 0 %
2026/09/24 11:26:54.524, NVIDIA L4, 23034 MiB, 0 MiB, 22646 MiB, 0 %
2026/09/24 11:26:55.524, NVIDIA L4, 23034 MiB, 0 MiB, 22646 MiB, 0 %
2026/09/24 11:26:56.524, NVIDIA L4, 23034 MiB, 0 MiB, 22646 MiB, 0 %
2026/09/24 11:26:57.524, NVIDIA L4, 23034 MiB, 0 MiB, 22646 MiB, 0 %
2026/09/24 11:26:58.525, NVIDIA L4, 23034 MiB, 0 MiB, 22646 MiB, 0 %
2026/09/24 11:26:59.525, NVIDIA L4, 23034 MiB, 0 MiB, 22646 MiB, 0 %
2026/09/24 11:27:00.525, NVIDIA L4, 23034 MiB, 0 MiB, 22646 MiB, 0 %
2026/09/24 11:27:01.526, NVIDIA L4, 23034 MiB, 0 MiB, 22646 MiB, 0 %
2026/09/24 11:27:02.526, NVIDIA L4, 23034 MiB, 0 MiB, 22646 MiB, 0 %
2026/09/24 11:27:03.526, NVIDIA L4, 23034 MiB, 0 MiB, 22646 MiB, 0 %
2026/09/24 11:27:04.526, NVIDIA L4, 23034 MiB, 0 MiB, 22646 MiB, 0 %
2026/09/24 11:27:05.527, NVIDIA L4, 23034 MiB, 0 MiB, 22646 MiB, 0 %
2026/09/24 11:27:06.527, NVIDIA L4, 23034 MiB, 0 MiB, 22646 MiB, 0 %
2026/09/24 11:27:07.527, NVIDIA L4, 23034 MiB, 0 MiB, 22646 MiB, 0 %
2026/09/24 11:27:08.528, NVIDIA L4, 23034 MiB, 0 MiB, 22646 MiB, 0 %
2026/09/24 11:27:09.528, NVIDIA L4, 23034 MiB, 0 MiB, 22646 MiB, 0 %
2026/09/24 11:27:10.528, NVIDIA L4, 23034 MiB, 0 MiB, 22646 MiB, 0 %
2026/09/24 11:27:11.529, NVIDIA L4, 23034 MiB, 0 MiB, 22646 MiB, 0 %
2026/09/24 11:27:12.529, NVIDIA L4, 23034 MiB, 0 MiB, 22646 MiB, 0 %
2026/09/24 11:27:13.529, NVIDIA L4, 23034 MiB, 0 MiB, 22646 MiB, 0 %
2026/09/24 11:27:14.529, NVIDIA L4, 23034 MiB, 0 MiB, 22646 MiB, 0 %
2026/09/24 11:27:15.530, NVIDIA L4, 23034 MiB, 0 MiB, 22646 MiB, 0 %
2026/09/24 11:27:16.530, NVIDIA L4, 23034 MiB, 0 MiB, 22646 MiB, 0 %
2026/09/24 11:27:17.530, NVIDIA L4, 23034 MiB, 0 MiB, 22646 MiB, 0 %
2026/09/24 11:27:18.531, NVIDIA L4, 23034 MiB, 0 MiB, 22646 MiB, 0 %
2026/09/24 11:27:19.531, NVIDIA L4, 23034 MiB, 0 MiB, 22646 MiB, 0 %
2026/09/24 11:27:20.531, NVIDIA L4, 23034 MiB, 0 MiB, 22646 MiB, 0 %
2026/09/24 11:27:21.532, NVIDIA L4, 23034 MiB, 0 MiB, 22646 MiB, 0 %
2026/09/24 11:27:22.532, NVIDIA L4, 23034 MiB, 0 MiB, 22646 MiB, 0 %
2026/09/24 11:27:23.532, NVIDIA L4, 23034 MiB, 0 MiB, 22646 MiB, 0 %
2026/09/24 11:27:24.532, NVIDIA L4, 23034 MiB, 0 MiB, 22646 MiB, 0 %
2026/09/24 11:27:25.533, NVIDIA L4, 23034 MiB, 0 MiB, 22646 MiB, 0 %
2026/09/24 11:27:26.533, NVIDIA L4, 23034 MiB, 0 MiB, 22646 MiB, 0 %
2026/09/24 11:27:27.533, NVIDIA L4, 23034 MiB, 0 MiB, 22646 MiB, 0 %
2026/09/24 11:27:28.534, NVIDIA L4, 23034 MiB, 0 MiB, 22646 MiB, 0 %
2026/09/24 11:27:29.534, NVIDIA L4, 23034 MiB, 0 MiB, 22646 MiB, 0 %
2026/09/24 11:27:30.534, NVIDIA L4, 23034 MiB, 0 MiB, 22646 MiB, 0 %
2026/09/24 11:27:31.535, NVIDIA L4, 23034 MiB, 0 MiB, 22646 MiB, 0 %
2026/09/24 11:27:32.535, NVIDIA L4, 23034 MiB, 0 MiB, 22646 MiB, 0 %
2026/09/24 11:27:33.535, NVIDIA L4, 23034 MiB, 0 MiB, 22646 MiB, 0 %
2026/09/24 11:27:34.536, NVIDIA L4, 23034 MiB, 0 MiB, 22646 MiB, 0 %
2026/09/24 11:27:35.536, NVIDIA L4, 23034 MiB, 0 MiB, 22646 MiB, 0 %
2026/09/24 11:27:36.536, NVIDIA L4, 23034 MiB, 0 MiB, 22646 MiB, 0 %
2026/09/24 11:27:37.536, NVIDIA L4, 23034 MiB, 0 MiB, 22646 MiB, 0 %
2026/09/24 11:27:38.537, NVIDIA L4, 23034 MiB, 0 MiB, 22646 MiB, 0 %
2026/09/24 11:27:39.537, NVIDIA L4, 23034 MiB, 0 MiB, 22646 MiB, 0 %
2026/09/24 11:27:40.537, NVIDIA L4, 23034 MiB, 0 MiB, 22646 MiB, 0 %
2026/09/24 11:27:41.538, NVIDIA L4, 23034 MiB, 0 MiB, 22646 MiB, 0 %
2026/09/24 11:27:42.538, NVIDIA L4, 23034 MiB, 0 MiB, 22646 MiB, 0 %
2026/09/24 11:27:43.538, NVIDIA L4, 23034 MiB, 0 MiB, 22646 MiB, 0 %
2026/09/24 11:27:44.539, NVIDIA L4, 23034 MiB, 0 MiB, 22646 MiB, 0 %
2026/09/24 11:27:45.540, NVIDIA L4, 23034 MiB, 0 MiB, 22646 MiB, 0 %
2026/09/24 11:27:46.540, NVIDIA L4, 23034 MiB, 0 MiB, 22646 MiB, 0 %
2026/09/24 11:27:47.541, NVIDIA L4, 23034 MiB, 0 MiB, 22646 MiB, 0 %
2026/09/24 11:27:48.541, NVIDIA L4, 23034 MiB, 0 MiB, 22646 MiB, 0 %
2026/09/24 11:27:49.541, NVIDIA L4, 23034 MiB, 0 MiB, 22646 MiB, 0 %
2026/09/24 11:27:50.541, NVIDIA L4, 23034 MiB, 0 MiB, 22646 MiB, 0 %
2026/09/24 11:27:51.542, NVIDIA L4, 23034 MiB, 0 MiB, 22646 MiB, 0 %
2026/09/24 11:27:52.542, NVIDIA L4, 23034 MiB, 0 MiB, 22646 MiB, 0 %
2026/09/24 11:27:53.542, NVIDIA L4, 23034 MiB, 0 MiB, 22646 MiB, 0 %
2026/09/24 11:27:54.543, NVIDIA L4, 23034 MiB, 0 MiB, 22646 MiB, 0 %
2026/09/24 11:27:55.543, NVIDIA L4, 23034 MiB, 0 MiB, 22646 MiB, 0 %
2026/09/24 11:27:56.543, NVIDIA L4, 23034 MiB, 0 MiB, 22646 MiB, 0 %
2026/09/24 11:27:57.543, NVIDIA L4, 23034 MiB, 0 MiB, 22646 MiB, 0 %
2026/09/24 11:27:58.544, NVIDIA L4, 23034 MiB, 0 MiB, 22646 MiB, 0 %
2026/09/24 11:27:59.544, NVIDIA L4, 23034 MiB, 0 MiB, 22646 MiB, 0 %
2026/09/24 11:28:00.544, NVIDIA L4, 23034 MiB, 0 MiB, 22646 MiB, 0 %
2026/09/24 11:28:01.545, NVIDIA L4, 23034 MiB, 0 MiB, 22646 MiB, 0 %
2026/09/24 11:28:02.545, NVIDIA L4, 23034 MiB, 0 MiB, 22646 MiB, 0 %
2026/09/24 11:28:03.545, NVIDIA L4, 23034 MiB, 0 MiB, 22646 MiB, 0 %
2026/09/24 11:28:04.545, NVIDIA L4, 23034 MiB, 0 MiB, 22646 MiB, 0 %
2026/09/24 11:28:05.546, NVIDIA L4, 23034 MiB, 0 MiB, 22646 MiB, 0 %
2026/09/24 11:28:06.546, NVIDIA L4, 23034 MiB, 0 MiB, 22646 MiB, 0 %
2026/09/24 11:28:07.546, NVIDIA L4, 23034 MiB, 0 MiB, 22646 MiB, 0 %
2026/09/24 11:28:08.547, NVIDIA L4, 23034 MiB, 0 MiB, 22646 MiB, 0 %
2026/09/24 11:28:09.547, NVIDIA L4, 23034 MiB, 0 MiB, 22646 MiB, 0 %
2026/09/24 11:28:10.547, NVIDIA L4, 23034 MiB, 0 MiB, 22646 MiB, 0 %
2026/09/24 11:28:11.547, NVIDIA L4, 23034 MiB, 0 MiB, 22646 MiB, 0 %
2026/09/24 11:28:12.548, NVIDIA L4, 23034 MiB, 0 MiB, 22646 MiB, 0 %
2026/09/24 11:28:13.548, NVIDIA L4, 23034 MiB, 0 MiB, 22646 MiB, 0 %
2026/09/24 11:28:14.548, NVIDIA L4, 23034 MiB, 0 MiB, 22646 MiB, 0 %
2026/09/24 11:28:15.549, NVIDIA L4, 23034 MiB, 0 MiB, 22646 MiB, 0 %
2026/09/24 11:28:16.549, NVIDIA L4, 23034 MiB, 0 MiB, 22646 MiB, 0 %
2026/09/24 11:28:17.549, NVIDIA L4, 23034 MiB, 0 MiB, 22646 MiB, 0 %
2026/09/24 11:28:18.550, NVIDIA L4, 23034 MiB, 0 MiB, 22646 MiB, 0 %
2026/09/24 11:28:19.550, NVIDIA L4, 23034 MiB, 0 MiB, 22646 MiB, 0 %
2026/09/24 11:28:20.550, NVIDIA L4, 23034 MiB, 0 MiB, 22646 MiB, 0 %
2026/09/24 11:28:21.550, NVIDIA L4, 23034 MiB, 0 MiB, 22646 MiB, 0 %
2026/09/24 11:28:22.551, NVIDIA L4, 23034 MiB, 0 MiB, 22646 MiB, 0 %
2026/09/24 11:28:23.551, NVIDIA L4, 23034 MiB, 0 MiB, 22646 MiB, 0 %
2026/09/24 11:28:24.551, NVIDIA L4, 23034 MiB, 0 MiB, 22646 MiB, 0 %
2026/09/24 11:28:25.552, NVIDIA L4, 23034 MiB, 0 MiB, 22646 MiB, 0 %
2026/09/24 11:28:26.552, NVIDIA L4, 23034 MiB, 0 MiB, 22646 MiB, 0 %
2026/09/24 11:28:27.552, NVIDIA L4, 23034 MiB, 0 MiB, 22646 MiB, 0 %
2026/09/24 11:28:28.553, NVIDIA L4, 23034 MiB, 0 MiB, 22646 MiB, 0 %
2026/09/24 11:28:29.553, NVIDIA L4, 23034 MiB, 0 MiB, 22646 MiB, 0 %
2026/09/24 11:28:30.553, NVIDIA L4, 23034 MiB, 0 MiB, 22646 MiB, 0 %
2026/09/24 11:28:31.553, NVIDIA L4, 23034 MiB, 0 MiB, 22646 MiB, 0 %
2026/09/24 11:28:32.554, NVIDIA L4, 23034 MiB, 0 MiB, 22646 MiB, 0 %
2026/09/24 11:28:33.554, NVIDIA L4, 23034 MiB, 0 MiB, 22646 MiB, 0 %
2026/09/24 11:28:34.554, NVIDIA L4, 23034 MiB, 0 MiB, 22646 MiB, 0 %
2026/09/24 11:28:35.555, NVIDIA L4, 23034 MiB, 0 MiB, 22646 MiB, 0 %
2026/09/24 11:28:36.555, NVIDIA L4, 23034 MiB, 0 MiB, 22646 MiB, 0 %
2026/09/24 11:28:37.555, NVIDIA L4, 23034 MiB, 0 MiB, 22646 MiB, 0 %
2026/09/24 11:28:38.556, NVIDIA L4, 23034 MiB, 0 MiB, 22646 MiB, 0 %
2026/09/24 11:28:39.556, NVIDIA L4, 23034 MiB, 0 MiB, 22646 MiB, 0 %
2026/09/24 11:28:40.556, NVIDIA L4, 23034 MiB, 0 MiB, 22646 MiB, 0 %
2026/09/24 11:28:41.557, NVIDIA L4, 23034 MiB, 0 MiB, 22646 MiB, 0 %
2026/09/24 11:28:42.557, NVIDIA L4, 23034 MiB, 0 MiB, 22646 MiB, 0 %
2026/09/24 11:28:43.557, NVIDIA L4, 23034 MiB, 0 MiB, 22646 MiB, 0 %
2026/09/24 11:28:44.558, NVIDIA L4, 23034 MiB, 0 MiB, 22646 MiB, 0 %
2026/09/24 11:28:45.558, NVIDIA L4, 23034 MiB, 0 MiB, 22646 MiB, 0 %
2026/09/24 11:28:46.558, NVIDIA L4, 23034 MiB, 0 MiB, 22646 MiB, 0 %
2026/09/24 11:28:47.558, NVIDIA L4, 23034 MiB, 0 MiB, 22646 MiB, 0 %
2026/09/24 11:28:48.559, NVIDIA L4, 23034 MiB, 0 MiB, 22646 MiB, 0 %
2026/09/24 11:28:49.559, NVIDIA L4, 23034 MiB, 0 MiB, 22646 MiB, 0 %
2026/09/24 11:28:50.559, NVIDIA L4, 23034 MiB, 0 MiB, 22646 MiB, 0 %
2026/09/24 11:28:51.560, NVIDIA L4, 23034 MiB, 0 MiB, 22646 MiB, 0 %
2026/09/24 11:28:52.560, NVIDIA L4, 23034 MiB, 0 MiB, 22646 MiB, 0 %
2026/09/24 11:28:53.560, NVIDIA L4, 23034 MiB, 0 MiB, 22646 MiB, 0 %
2026/09/24 11:28:54.560, NVIDIA L4, 23034 MiB, 0 MiB, 22646 MiB, 0 %
2026/09/24 11:28:55.561, NVIDIA L4, 23034 MiB, 0 MiB, 22646 MiB, 0 %
2026/09/24 11:28:56.561, NVIDIA L4, 23034 MiB, 0 MiB, 22646 MiB, 0 %
2026/09/24 11:28:57.561, NVIDIA L4, 23034 MiB, 0 MiB, 22646 MiB, 0 %
2026/09/24 11:28:58.562, NVIDIA L4, 23034 MiB, 0 MiB, 22646 MiB, 0 %
2026/09/24 11:28:59.562, NVIDIA L4, 23034 MiB, 0 MiB, 22646 MiB, 0 %
2026/09/24 11:29:00.562, NVIDIA L4, 23034 MiB, 0 MiB, 22646 MiB, 0 %
2026/09/24 11:29:01.562, NVIDIA L4, 23034 MiB, 0 MiB, 22646 MiB, 0 %
2026/09/24 11:29:02.563, NVIDIA L4, 23034 MiB, 0 MiB, 22646 MiB, 0 %
2026/09/24 11:29:03.563, NVIDIA L4, 23034 MiB, 0 MiB, 22646 MiB, 0 %
2026/09/24 11:29:04.563, NVIDIA L4, 23034 MiB, 0 MiB, 22646 MiB, 0 %
2026/09/24 11:29:05.564, NVIDIA L4, 23034 MiB, 0 MiB, 22646 MiB, 0 %
2026/09/24 11:29:06.564, NVIDIA L4, 23034 MiB, 0 MiB, 22646 MiB, 0 %
2026/09/24 11:29:07.564, NVIDIA L4, 23034 MiB, 0 MiB, 22646 MiB, 0 %
2026/09/24 11:29:08.565, NVIDIA L4, 23034 MiB, 0 MiB, 22646 MiB, 0 %
2026/09/24 11:29:09.565, NVIDIA L4, 23034 MiB, 0 MiB, 22646 MiB, 0 %
2026/09/24 11:29:10.565, NVIDIA L4, 23034 MiB, 0 MiB, 22646 MiB, 0 %
2026/09/24 11:29:11.566, NVIDIA L4, 23034 MiB, 0 MiB, 22646 MiB, 0 %
2026/09/24 11:29:12.566, NVIDIA L4, 23034 MiB, 0 MiB, 22646 MiB, 0 %
2026/09/24 11:29:13.566, NVIDIA L4, 23034 MiB, 0 MiB, 22646 MiB, 0 %
2026/09/24 11:29:14.567, NVIDIA L4, 23034 MiB, 0 MiB, 22646 MiB, 0 %
2026/09/24 11:29:15.567, NVIDIA L4, 23034 MiB, 0 MiB, 22646 MiB, 0 %
2026/09/24 11:29:16.567, NVIDIA L4, 23034 MiB, 0 MiB, 22646 MiB, 0 %
2026/09/24 11:29:17.568, NVIDIA L4, 23034 MiB, 0 MiB, 22646 MiB, 0 %
2026/09/24 11:29:18.568, NVIDIA L4, 23034 MiB, 0 MiB, 22646 MiB, 0 %
2026/09/24 11:29:19.568, NVIDIA L4, 23034 MiB, 0 MiB, 22646 MiB, 0 %
2026/09/24 11:29:20.569, NVIDIA L4, 23034 MiB, 0 MiB, 22646 MiB, 0 %
2026/09/24 11:29:21.569, NVIDIA L4, 23034 MiB, 0 MiB, 22646 MiB, 0 %
2026/09/24 11:29:22.569, NVIDIA L4, 23034 MiB, 0 MiB, 22646 MiB, 0 %
2026/09/24 11:29:23.570, NVIDIA L4, 23034 MiB, 0 MiB, 22646 MiB, 0 %
2026/09/24 11:29:24.570, NVIDIA L4, 23034 MiB, 0 MiB, 22646 MiB, 0 %
2026/09/24 11:29:25.570, NVIDIA L4, 23034 MiB, 0 MiB, 22646 MiB, 0 %
2026/09/24 11:29:26.571, NVIDIA L4, 23034 MiB, 0 MiB, 22646 MiB, 0 %
2026/09/24 11:29:27.571, NVIDIA L4, 23034 MiB, 0 MiB, 22646 MiB, 0 %
2026/09/24 11:29:28.571, NVIDIA L4, 23034 MiB, 0 MiB, 22646 MiB, 0 %
2026/09/24 11:29:29.571, NVIDIA L4, 23034 MiB, 0 MiB, 22646 MiB, 0 %
2026/09/24 11:29:30.572, NVIDIA L4, 23034 MiB, 0 MiB, 22646 MiB, 0 %
2026/09/24 11:29:31.572, NVIDIA L4, 23034 MiB, 0 MiB, 22646 MiB, 0 %
2026/09/24 11:29:32.572, NVIDIA L4, 23034 MiB, 0 MiB, 22646 MiB, 0 %
2026/09/24 11:29:33.573, NVIDIA L4, 23034 MiB, 0 MiB, 22646 MiB, 0 %
2026/09/24 11:29:34.574, NVIDIA L4, 23034 MiB, 0 MiB, 22646 MiB, 0 %
2026/09/24 11:29:35.574, NVIDIA L4, 23034 MiB, 0 MiB, 22646 MiB, 0 %
2026/09/24 11:29:36.575, NVIDIA L4, 23034 MiB, 0 MiB, 22646 MiB, 0 %
2026/09/24 11:29:37.575, NVIDIA L4, 23034 MiB, 0 MiB, 22646 MiB, 0 %
2026/09/24 11:29:38.575, NVIDIA L4, 23034 MiB, 0 MiB, 22646 MiB, 0 %
2026/09/24 11:29:39.576, NVIDIA L4, 23034 MiB, 0 MiB, 22646 MiB, 0 %
2026/09/24 11:29:40.576, NVIDIA L4, 23034 MiB, 0 MiB, 22646 MiB, 0 %
2026/09/24 11:29:41.576, NVIDIA L4, 23034 MiB, 0 MiB, 22646 MiB, 0 %
2026/09/24 11:29:42.576, NVIDIA L4, 23034 MiB, 0 MiB, 22646 MiB, 0 %
2026/09/24 11:29:43.577, NVIDIA L4, 23034 MiB, 0 MiB, 22646 MiB, 0 %
2026/09/24 11:29:44.577, NVIDIA L4, 23034 MiB, 0 MiB, 22646 MiB, 0 %
2026/09/24 11:29:45.577, NVIDIA L4, 23034 MiB, 0 MiB, 22646 MiB, 0 %
2026/09/24 11:29:46.578, NVIDIA L4, 23034 MiB, 0 MiB, 22646 MiB, 0 %
2026/09/24 11:29:47.578, NVIDIA L4, 23034 MiB, 0 MiB, 22646 MiB, 0 %
2026/09/24 11:29:48.578, NVIDIA L4, 23034 MiB, 0 MiB, 22646 MiB, 0 %
2026/09/24 11:29:49.579, NVIDIA L4, 23034 MiB, 0 MiB, 22646 MiB, 0 %
2026/09/24 11:29:50.579, NVIDIA L4, 23034 MiB, 0 MiB, 22646 MiB, 0 %
2026/09/24 11:29:51.579, NVIDIA L4, 23034 MiB, 0 MiB, 22646 MiB, 0 %
2026/09/24 11:29:52.579, NVIDIA L4, 23034 MiB, 0 MiB, 22646 MiB, 0 %
2026/09/24 11:29:53.580, NVIDIA L4, 23034 MiB, 0 MiB, 22646 MiB, 0 %
2026/09/24 11:29:54.580, NVIDIA L4, 23034 MiB, 0 MiB, 22646 MiB, 0 %
2026/09/24 11:29:55.580, NVIDIA L4, 23034 MiB, 0 MiB, 22646 MiB, 0 %
2026/09/24 11:29:56.581, NVIDIA L4, 23034 MiB, 0 MiB, 22646 MiB, 0 %
2026/09/24 11:29:57.581, NVIDIA L4, 23034 MiB, 0 MiB, 22646 MiB, 0 %
2026/09/24 11:29:58.581, NVIDIA L4, 23034 MiB, 0 MiB, 22646 MiB, 0 %
2026/09/24 11:29:59.581, NVIDIA L4, 23034 MiB, 0 MiB, 22646 MiB, 0 %
2026/09/24 11:30:00.582, NVIDIA L4, 23034 MiB, 0 MiB, 22646 MiB, 0 %
2026/09/24 11:30:01.582, NVIDIA L4, 23034 MiB, 0 MiB, 22646 MiB, 0 %
2026/09/24 11:30:02.582, NVIDIA L4, 23034 MiB, 0 MiB, 22646 MiB, 0 %
2026/09/24 11:30:03.583, NVIDIA L4, 23034 MiB, 0 MiB, 22646 MiB, 0 %
2026/09/24 11:30:04.583, NVIDIA L4, 23034 MiB, 0 MiB, 22646 MiB, 0 %
2026/09/24 11:30:05.583, NVIDIA L4, 23034 MiB, 0 MiB, 22646 MiB, 0 %
2026/09/24 11:30:06.584, NVIDIA L4, 23034 MiB, 0 MiB, 22646 MiB, 0 %
2026/09/24 11:30:07.584, NVIDIA L4, 23034 MiB, 0 MiB, 22646 MiB, 0 %
2026/09/24 11:30:08.584, NVIDIA L4, 23034 MiB, 0 MiB, 22646 MiB, 0 %
2026/09/24 11:30:09.585, NVIDIA L4, 23034 MiB, 0 MiB, 22646 MiB, 0 %
2026/09/24 11:30:10.585, NVIDIA L4, 23034 MiB, 0 MiB, 22646 MiB, 0 %
2026/09/24 11:30:11.585, NVIDIA L4, 23034 MiB, 0 MiB, 22646 MiB, 0 %
2026/09/24 11:30:12.585, NVIDIA L4, 23034 MiB, 0 MiB, 22646 MiB, 0 %
2026/09/24 11:30:13.586, NVIDIA L4, 23034 MiB, 0 MiB, 22646 MiB, 0 %
2026/09/24 11:30:14.586, NVIDIA L4, 23034 MiB, 0 MiB, 22646 MiB, 0 %
2026/09/24 11:30:15.587, NVIDIA L4, 23034 MiB, 0 MiB, 22646 MiB, 0 %
2026/09/24 11:30:16.587, NVIDIA L4, 23034 MiB, 0 MiB, 22646 MiB, 0 %
2026/09/24 11:30:17.587, NVIDIA L4, 23034 MiB, 0 MiB, 22646 MiB, 0 %
2026/09/24 11:30:18.588, NVIDIA L4, 23034 MiB, 0 MiB, 22646 MiB, 0 %
2026/09/24 11:30:19.588, NVIDIA L4, 23034 MiB, 0 MiB, 22646 MiB, 0 %
2026/09/24 11:30:20.588, NVIDIA L4, 23034 MiB, 0 MiB, 22646 MiB, 0 %
2026/09/24 11:30:21.589, NVIDIA L4, 23034 MiB, 0 MiB, 22646 MiB, 0 %
2026/09/24 11:30:22.589, NVIDIA L4, 23034 MiB, 0 MiB, 22646 MiB, 0 %
2026/09/24 11:30:23.589, NVIDIA L4, 23034 MiB, 0 MiB, 22646 MiB, 0 %
2026/09/24 11:30:24.589, NVIDIA L4, 23034 MiB, 0 MiB, 22646 MiB, 0 %
2026/09/24 11:30:25.590, NVIDIA L4, 23034 MiB, 0 MiB, 22646 MiB, 0 %
2026/09/24 11:30:26.590, NVIDIA L4, 23034 MiB, 0 MiB, 22646 MiB, 0 %
2026/09/24 11:30:27.590, NVIDIA L4, 23034 MiB, 0 MiB, 22646 MiB, 0 %
2026/09/24 11:30:28.591, NVIDIA L4, 23034 MiB, 0 MiB, 22646 MiB, 0 %
2026/09/24 11:30:29.591, NVIDIA L4, 23034 MiB, 0 MiB, 22646 MiB, 0 %
2026/09/24 11:30:30.591, NVIDIA L4, 23034 MiB, 0 MiB, 22646 MiB, 0 %
2026/09/24 11:30:31.592, NVIDIA L4, 23034 MiB, 0 MiB, 22646 MiB, 0 %
2026/09/24 11:30:32.592, NVIDIA L4, 23034 MiB, 0 MiB, 22646 MiB, 0 %
2026/09/24 11:30:33.592, NVIDIA L4, 23034 MiB, 0 MiB, 22646 MiB, 0 %
2026/09/24 11:30:34.593, NVIDIA L4, 23034 MiB, 0 MiB, 22646 MiB, 0 %
2026/09/24 11:30:35.593, NVIDIA L4, 23034 MiB, 0 MiB, 22646 MiB, 0 %
2026/09/24 11:30:36.593, NVIDIA L4, 23034 MiB, 0 MiB, 22646 MiB, 0 %
2026/09/24 11:30:37.594, NVIDIA L4, 23034 MiB, 0 MiB, 22646 MiB, 0 %
2026/09/24 11:30:38.594, NVIDIA L4, 23034 MiB, 0 MiB, 22646 MiB, 0 %
2026/09/24 11:30:39.594, NVIDIA L4, 23034 MiB, 0 MiB, 22646 MiB, 0 %
2026/09/24 11:30:40.594, NVIDIA L4, 23034 MiB, 0 MiB, 22646 MiB, 0 %
2026/09/24 11:30:41.595, NVIDIA L4, 23034 MiB, 0 MiB, 22646 MiB, 0 %
2026/09/24 11:30:42.595, NVIDIA L4, 23034 MiB, 0 MiB, 22646 MiB, 0 %
2026/09/24 11:30:43.595, NVIDIA L4, 23034 MiB, 0 MiB, 22646 MiB, 0 %
2026/09/24 11:30:44.596, NVIDIA L4, 23034 MiB, 0 MiB, 22646 MiB, 0 %
2026/09/24 11:30:45.596, NVIDIA L4, 23034 MiB, 0 MiB, 22646 MiB, 0 %
2026/09/24 11:30:46.596, NVIDIA L4, 23034 MiB, 0 MiB, 22646 MiB, 0 %
2026/09/24 11:30:47.596, NVIDIA L4, 23034 MiB, 0 MiB, 22646 MiB, 0 %
2026/09/24 11:30:48.597, NVIDIA L4, 23034 MiB, 0 MiB, 22646 MiB, 0 %
2026/09/24 11:30:49.597, NVIDIA L4, 23034 MiB, 0 MiB, 22646 MiB, 0 %
2026/09/24 11:30:50.597, NVIDIA L4, 23034 MiB, 0 MiB, 22646 MiB, 0 %
2026/09/24 11:30:51.598, NVIDIA L4, 23034 MiB, 0 MiB, 22646 MiB, 0 %
2026/09/24 11:30:52.598, NVIDIA L4, 23034 MiB, 0 MiB, 22646 MiB, 0 %
2026/09/24 11:30:53.598, NVIDIA L4, 23034 MiB, 0 MiB, 22646 MiB, 0 %
2026/09/24 11:30:54.599, NVIDIA L4, 23034 MiB, 0 MiB, 22646 MiB, 0 %
2026/09/24 11:30:55.599, NVIDIA L4, 23034 MiB, 0 MiB, 22646 MiB, 0 %
2026/09/24 11:30:56.599, NVIDIA L4, 23034 MiB, 0 MiB, 22646 MiB, 0 %
2026/09/24 11:30:57.600, NVIDIA L4, 23034 MiB, 0 MiB, 22646 MiB, 0 %
2026/09/24 11:30:58.600, NVIDIA L4, 23034 MiB, 0 MiB, 22646 MiB, 0 %
2026/09/24 11:30:59.600, NVIDIA L4, 23034 MiB, 0 MiB, 22646 MiB, 0 %
2026/09/24 11:31:00.600, NVIDIA L4, 23034 MiB, 0 MiB, 22646 MiB, 0 %
2026/09/24 11:31:01.601, NVIDIA L4, 23034 MiB, 0 MiB, 22646 MiB, 0 %
2026/09/24 11:31:02.601, NVIDIA L4, 23034 MiB, 0 MiB, 22646 MiB, 0 %
2026/09/24 11:31:03.601, NVIDIA L4, 23034 MiB, 0 MiB, 22646 MiB, 0 %
2026/09/24 11:31:04.602, NVIDIA L4, 23034 MiB, 0 MiB, 22646 MiB, 0 %
2026/09/24 11:31:05.602, NVIDIA L4, 23034 MiB, 0 MiB, 22646 MiB, 0 %
2026/09/24 11:31:06.602, NVIDIA L4, 23034 MiB, 0 MiB, 22646 MiB, 0 %
2026/09/24 11:31:07.603, NVIDIA L4, 23034 MiB, 0 MiB, 22646 MiB, 0 %
2026/09/24 11:31:08.603, NVIDIA L4, 23034 MiB, 0 MiB, 22646 MiB, 0 %
2026/09/24 11:31:09.603, NVIDIA L4, 23034 MiB, 0 MiB, 22646 MiB, 0 %
2026/09/24 11:31:10.604, NVIDIA L4, 23034 MiB, 0 MiB, 22646 MiB, 0 %
2026/09/24 11:31:11.604, NVIDIA L4, 23034 MiB, 0 MiB, 22646 MiB, 0 %
2026/09/24 11:31:12.604, NVIDIA L4, 23034 MiB, 0 MiB, 22646 MiB, 0 %
2026/09/24 11:31:13.604, NVIDIA L4, 23034 MiB, 0 MiB, 22646 MiB, 0 %
2026/09/24 11:31:14.605, NVIDIA L4, 23034 MiB, 0 MiB, 22646 MiB, 0 %
2026/09/24 11:31:15.605, NVIDIA L4, 23034 MiB, 0 MiB, 22646 MiB, 0 %
2026/09/24 11:31:16.605, NVIDIA L4, 23034 MiB, 0 MiB, 22646 MiB, 0 %
2026/09/24 11:31:17.606, NVIDIA L4, 23034 MiB, 0 MiB, 22646 MiB, 0 %
2026/09/24 11:31:18.606, NVIDIA L4, 23034 MiB, 0 MiB, 22646 MiB, 0 %
2026/09/24 11:31:19.606, NVIDIA L4, 23034 MiB, 0 MiB, 22646 MiB, 0 %
2026/09/24 11:31:20.607, NVIDIA L4, 23034 MiB, 0 MiB, 22646 MiB, 0 %
2026/09/24 11:31:21.607, NVIDIA L4, 23034 MiB, 0 MiB, 22646 MiB, 0 %
2026/09/24 11:31:22.607, NVIDIA L4, 23034 MiB, 0 MiB, 22646 MiB, 0 %
2026/09/24 11:31:23.608, NVIDIA L4, 23034 MiB, 0 MiB, 22646 MiB, 0 %
2026/09/24 11:31:24.608, NVIDIA L4, 23034 MiB, 0 MiB, 22646 MiB, 0 %
2026/09/24 11:31:25.608, NVIDIA L4, 23034 MiB, 0 MiB, 22646 MiB, 0 %
2026/09/24 11:31:26.609, NVIDIA L4, 23034 MiB, 0 MiB, 22646 MiB, 0 %
2026/09/24 11:31:27.609, NVIDIA L4, 23034 MiB, 0 MiB, 22646 MiB, 0 %
2026/09/24 11:31:28.609, NVIDIA L4, 23034 MiB, 0 MiB, 22646 MiB, 0 %
2026/09/24 11:31:29.610, NVIDIA L4, 23034 MiB, 0 MiB, 22646 MiB, 0 %
2026/09/24 11:31:30.610, NVIDIA L4, 23034 MiB, 0 MiB, 22646 MiB, 0 %
2026/09/24 11:31:31.610, NVIDIA L4, 23034 MiB, 0 MiB, 22646 MiB, 0 %
2026/09/24 11:31:32.610, NVIDIA L4, 23034 MiB, 0 MiB, 22646 MiB, 0 %
2026/09/24 11:31:33.611, NVIDIA L4, 23034 MiB, 0 MiB, 22646 MiB, 0 %
2026/09/24 11:31:34.611, NVIDIA L4, 23034 MiB, 0 MiB, 22646 MiB, 0 %
2026/09/24 11:31:35.611, NVIDIA L4, 23034 MiB, 0 MiB, 22646 MiB, 0 %
2026/09/24 11:31:36.612, NVIDIA L4, 23034 MiB, 0 MiB, 22646 MiB, 0 %
2026/09/24 11:31:37.612, NVIDIA L4, 23034 MiB, 0 MiB, 22646 MiB, 0 %
2026/09/24 11:31:38.612, NVIDIA L4, 23034 MiB, 0 MiB, 22646 MiB, 0 %
2026/09/24 11:31:39.613, NVIDIA L4, 23034 MiB, 0 MiB, 22646 MiB, 0 %
2026/09/24 11:31:40.613, NVIDIA L4, 23034 MiB, 0 MiB, 22646 MiB, 0 %
2026/09/24 11:31:41.613, NVIDIA L4, 23034 MiB, 0 MiB, 22646 MiB, 0 %
2026/09/24 11:31:42.614, NVIDIA L4, 23034 MiB, 0 MiB, 22646 MiB, 0 %
2026/09/24 11:31:43.614, NVIDIA L4, 23034 MiB, 0 MiB, 22646 MiB, 0 %
2026/09/24 11:31:44.614, NVIDIA L4, 23034 MiB, 0 MiB, 22646 MiB, 0 %
2026/09/24 11:31:45.615, NVIDIA L4, 23034 MiB, 0 MiB, 22646 MiB, 0 %
2026/09/24 11:31:46.615, NVIDIA L4, 23034 MiB, 0 MiB, 22646 MiB, 0 %
2026/09/24 11:31:47.615, NVIDIA L4, 23034 MiB, 0 MiB, 22646 MiB, 0 %
2026/09/24 11:31:48.616, NVIDIA L4, 23034 MiB, 0 MiB, 22646 MiB, 0 %
2026/09/24 11:31:49.616, NVIDIA L4, 23034 MiB, 0 MiB, 22646 MiB, 0 %
2026/09/24 11:31:50.616, NVIDIA L4, 23034 MiB, 0 MiB, 22646 MiB, 0 %
2026/09/24 11:31:51.617, NVIDIA L4, 23034 MiB, 0 MiB, 22646 MiB, 0 %
2026/09/24 11:31:52.617, NVIDIA L4, 23034 MiB, 0 MiB, 22646 MiB, 0 %
2026/09/24 11:31:53.617, NVIDIA L4, 23034 MiB, 0 MiB, 22646 MiB, 0 %
2026/09/24 11:31:54.618, NVIDIA L4, 23034 MiB, 0 MiB, 22646 MiB, 0 %
2026/09/24 11:31:55.618, NVIDIA L4, 23034 MiB, 0 MiB, 22646 MiB, 0 %
2026/09/24 11:31:56.618, NVIDIA L4, 23034 MiB, 0 MiB, 22646 MiB, 0 %
2026/09/24 11:31:57.619, NVIDIA L4, 23034 MiB, 0 MiB, 22646 MiB, 0 %
2026/09/24 11:31:58.619, NVIDIA L4, 23034 MiB, 0 MiB, 22646 MiB, 0 %
2026/09/24 11:31:59.619, NVIDIA L4, 23034 MiB, 0 MiB, 22646 MiB, 0 %
2026/09/24 11:32:00.620, NVIDIA L4, 23034 MiB, 0 MiB, 22646 MiB, 0 %
2026/09/24 11:32:01.620, NVIDIA L4, 23034 MiB, 0 MiB, 22646 MiB, 0 %
2026/09/24 11:32:02.620, NVIDIA L4, 23034 MiB, 0 MiB, 22646 MiB, 0 %
2026/09/24 11:32:03.621, NVIDIA L4, 23034 MiB, 0 MiB, 22646 MiB, 0 %
2026/09/24 11:32:04.621, NVIDIA L4, 23034 MiB, 0 MiB, 22646 MiB, 0 %
2026/09/24 11:32:05.621, NVIDIA L4, 23034 MiB, 0 MiB, 22646 MiB, 0 %
2026/09/24 11:32:06.621, NVIDIA L4, 23034 MiB, 0 MiB, 22646 MiB, 0 %
2026/09/24 11:32:07.622, NVIDIA L4, 23034 MiB, 0 MiB, 22646 MiB, 0 %
2026/09/24 11:32:08.622, NVIDIA L4, 23034 MiB, 0 MiB, 22646 MiB, 0 %
2026/09/24 11:32:09.622, NVIDIA L4, 23034 MiB, 0 MiB, 22646 MiB, 0 %
2026/09/24 11:32:10.623, NVIDIA L4, 23034 MiB, 0 MiB, 22646 MiB, 0 %
2026/09/24 11:32:11.623, NVIDIA L4, 23034 MiB, 0 MiB, 22646 MiB, 0 %
2026/09/24 11:32:12.623, NVIDIA L4, 23034 MiB, 0 MiB, 22646 MiB, 0 %
2026/09/24 11:32:13.623, NVIDIA L4, 23034 MiB, 0 MiB, 22646 MiB, 0 %
2026/09/24 11:32:14.624, NVIDIA L4, 23034 MiB, 0 MiB, 22646 MiB, 0 %
2026/09/24 11:32:15.624, NVIDIA L4, 23034 MiB, 0 MiB, 22646 MiB, 0 %
2026/09/24 11:32:16.625, NVIDIA L4, 23034 MiB, 0 MiB, 22646 MiB, 0 %
2026/09/24 11:32:17.625, NVIDIA L4, 23034 MiB, 0 MiB, 22646 MiB, 0 %
2026/09/24 11:32:18.625, NVIDIA L4, 23034 MiB, 0 MiB, 22646 MiB, 0 %
2026/09/24 11:32:19.626, NVIDIA L4, 23034 MiB, 0 MiB, 22646 MiB, 0 %
2026/09/24 11:32:20.626, NVIDIA L4, 23034 MiB, 0 MiB, 22646 MiB, 0 %
2026/09/24 11:32:21.626, NVIDIA L4, 23034 MiB, 0 MiB, 22646 MiB, 0 %
2026/09/24 11:32:22.626, NVIDIA L4, 23034 MiB, 0 MiB, 22646 MiB, 0 %
2026/09/24 11:32:23.627, NVIDIA L4, 23034 MiB, 0 MiB, 22646 MiB, 0 %
2026/09/24 11:32:24.627, NVIDIA L4, 23034 MiB, 0 MiB, 22646 MiB, 0 %
2026/09/24 11:32:25.627, NVIDIA L4, 23034 MiB, 0 MiB, 22646 MiB, 0 %
2026/09/24 11:32:26.628, NVIDIA L4, 23034 MiB, 0 MiB, 22646 MiB, 0 %
2026/09/24 11:32:27.628, NVIDIA L4, 23034 MiB, 0 MiB, 22646 MiB, 0 %
2026/09/24 11:32:28.628, NVIDIA L4, 23034 MiB, 0 MiB, 22646 MiB, 0 %
2026/09/24 11:32:29.629, NVIDIA L4, 23034 MiB, 0 MiB, 22646 MiB, 0 %
2026/09/24 11:32:30.629, NVIDIA L4, 23034 MiB, 0 MiB, 22646 MiB, 0 %
2026/09/24 11:32:31.629, NVIDIA L4, 23034 MiB, 0 MiB, 22646 MiB, 0 %
2026/09/24 11:32:32.630, NVIDIA L4, 23034 MiB, 0 MiB, 22646 MiB, 0 %
2026/09/24 11:32:33.630, NVIDIA L4, 23034 MiB, 0 MiB, 22646 MiB, 0 %
2026/09/24 11:32:34.630, NVIDIA L4, 23034 MiB, 0 MiB, 22646 MiB, 0 %
2026/09/24 11:32:35.631, NVIDIA L4, 23034 MiB, 0 MiB, 22646 MiB, 0 %
2026/09/24 11:32:36.631, NVIDIA L4, 23034 MiB, 0 MiB, 22646 MiB, 0 %
2026/09/24 11:32:37.631, NVIDIA L4, 23034 MiB, 0 MiB, 22646 MiB, 0 %
2026/09/24 11:32:38.631, NVIDIA L4, 23034 MiB, 0 MiB, 22646 MiB, 0 %
2026/09/24 11:32:39.632, NVIDIA L4, 23034 MiB, 0 MiB, 22646 MiB, 0 %
2026/09/24 11:32:40.632, NVIDIA L4, 23034 MiB, 0 MiB, 22646 MiB, 0 %
2026/09/24 11:32:41.632, NVIDIA L4, 23034 MiB, 0 MiB, 22646 MiB, 0 %
2026/09/24 11:32:42.633, NVIDIA L4, 23034 MiB, 0 MiB, 22646 MiB, 0 %
2026/09/24 11:32:43.633, NVIDIA L4, 23034 MiB, 0 MiB, 22646 MiB, 0 %
2026/09/24 11:32:44.633, NVIDIA L4, 23034 MiB, 0 MiB, 22646 MiB, 0 %
2026/09/24 11:32:45.634, NVIDIA L4, 23034 MiB, 0 MiB, 22646 MiB, 0 %
2026/09/24 11:32:46.634, NVIDIA L4, 23034 MiB, 0 MiB, 22646 MiB, 0 %
2026/09/24 11:32:47.634, NVIDIA L4, 23034 MiB, 0 MiB, 22646 MiB, 0 %
2026/09/24 11:32:48.635, NVIDIA L4, 23034 MiB, 0 MiB, 22646 MiB, 0 %
2026/09/24 11:32:49.635, NVIDIA L4, 23034 MiB, 0 MiB, 22646 MiB, 0 %
2026/09/24 11:32:50.635, NVIDIA L4, 23034 MiB, 0 MiB, 22646 MiB, 0 %
2026/09/24 11:32:51.636, NVIDIA L4, 23034 MiB, 0 MiB, 22646 MiB, 0 %
2026/09/24 11:32:52.636, NVIDIA L4, 23034 MiB, 0 MiB, 22646 MiB, 0 %
2026/09/24 11:32:53.636, NVIDIA L4, 23034 MiB, 0 MiB, 22646 MiB, 0 %
2026/09/24 11:32:54.636, NVIDIA L4, 23034 MiB, 0 MiB, 22646 MiB, 0 %
2026/09/24 11:32:55.637, NVIDIA L4, 23034 MiB, 0 MiB, 22646 MiB, 0 %
2026/09/24 11:32:56.637, NVIDIA L4, 23034 MiB, 0 MiB, 22646 MiB, 0 %
2026/09/24 11:32:57.638, NVIDIA L4, 23034 MiB, 0 MiB, 22646 MiB, 0 %
2026/09/24 11:32:58.638, NVIDIA L4, 23034 MiB, 0 MiB, 22646 MiB, 0 %
2026/09/24 11:32:59.638, NVIDIA L4, 23034 MiB, 0 MiB, 22646 MiB, 0 %
2026/09/24 11:33:00.638, NVIDIA L4, 23034 MiB, 0 MiB, 22646 MiB, 0 %
2026/09/24 11:33:01.639, NVIDIA L4, 23034 MiB, 0 MiB, 22646 MiB, 0 %
2026/09/24 11:33:02.639, NVIDIA L4, 23034 MiB, 0 MiB, 22646 MiB, 0 %
2026/09/24 11:33:03.639, NVIDIA L4, 23034 MiB, 0 MiB, 22646 MiB, 0 %
2026/09/24 11:33:04.640, NVIDIA L4, 23034 MiB, 0 MiB, 22646 MiB, 0 %
2026/09/24 11:33:05.640, NVIDIA L4, 23034 MiB, 0 MiB, 22646 MiB, 0 %
2026/09/24 11:33:06.640, NVIDIA L4, 23034 MiB, 0 MiB, 22646 MiB, 0 %
2026/09/24 11:33:07.640, NVIDIA L4, 23034 MiB, 0 MiB, 22646 MiB, 0 %
2026/09/24 11:33:08.641, NVIDIA L4, 23034 MiB, 0 MiB, 22646 MiB, 0 %
2026/09/24 11:33:09.641, NVIDIA L4, 23034 MiB, 0 MiB, 22646 MiB, 0 %
2026/09/24 11:33:10.641, NVIDIA L4, 23034 MiB, 0 MiB, 22646 MiB, 0 %
2026/09/24 11:33:11.642, NVIDIA L4, 23034 MiB, 0 MiB, 22646 MiB, 0 %
2026/09/24 11:33:12.642, NVIDIA L4, 23034 MiB, 0 MiB, 22646 MiB, 0 %
2026/09/24 11:33:13.642, NVIDIA L4, 23034 MiB, 0 MiB, 22646 MiB, 0 %
2026/09/24 11:33:14.642, NVIDIA L4, 23034 MiB, 0 MiB, 22646 MiB, 0 %
2026/09/24 11:33:15.643, NVIDIA L4, 23034 MiB, 0 MiB, 22646 MiB, 0 %
2026/09/24 11:33:16.643, NVIDIA L4, 23034 MiB, 0 MiB, 22646 MiB, 0 %
2026/09/24 11:33:17.643, NVIDIA L4, 23034 MiB, 0 MiB, 22646 MiB, 0 %
2026/09/24 11:33:18.644, NVIDIA L4, 23034 MiB, 0 MiB, 22646 MiB, 0 %
2026/09/24 11:33:19.644, NVIDIA L4, 23034 MiB, 0 MiB, 22646 MiB, 0 %
2026/09/24 11:33:20.644, NVIDIA L4, 23034 MiB, 0 MiB, 22646 MiB, 0 %
2026/09/24 11:33:21.645, NVIDIA L4, 23034 MiB, 0 MiB, 22646 MiB, 0 %
2026/09/24 11:33:22.645, NVIDIA L4, 23034 MiB, 0 MiB, 22646 MiB, 0 %
2026/09/24 11:33:23.645, NVIDIA L4, 23034 MiB, 0 MiB, 22646 MiB, 0 %
2026/09/24 11:33:24.646, NVIDIA L4, 23034 MiB, 0 MiB, 22646 MiB, 0 %
2026/09/24 11:33:25.646, NVIDIA L4, 23034 MiB, 0 MiB, 22646 MiB, 0 %
2026/09/24 11:33:26.646, NVIDIA L4, 23034 MiB, 0 MiB, 22646 MiB, 0 %
2026/09/24 11:33:27.647, NVIDIA L4, 23034 MiB, 0 MiB, 22646 MiB, 0 %
2026/09/24 11:33:28.647, NVIDIA L4, 23034 MiB, 0 MiB, 22646 MiB, 0 %
2026/09/24 11:33:29.647, NVIDIA L4, 23034 MiB, 0 MiB, 22646 MiB, 0 %
2026/09/24 11:33:30.648, NVIDIA L4, 23034 MiB, 0 MiB, 22646 MiB, 0 %
2026/09/24 11:33:31.648, NVIDIA L4, 23034 MiB, 0 MiB, 22646 MiB, 0 %
2026/09/24 11:33:32.648, NVIDIA L4, 23034 MiB, 0 MiB, 22646 MiB, 0 %
2026/09/24 11:33:33.648, NVIDIA L4, 23034 MiB, 0 MiB, 22646 MiB, 0 %
2026/09/24 11:33:34.649, NVIDIA L4, 23034 MiB, 0 MiB, 22646 MiB, 0 %
2026/09/24 11:33:35.649, NVIDIA L4, 23034 MiB, 0 MiB, 22646 MiB, 0 %
2026/09/24 11:33:36.649, NVIDIA L4, 23034 MiB, 0 MiB, 22646 MiB, 0 %
2026/09/24 11:33:37.650, NVIDIA L4, 23034 MiB, 0 MiB, 22646 MiB, 0 %
2026/09/24 11:33:38.650, NVIDIA L4, 23034 MiB, 0 MiB, 22646 MiB, 0 %
2026/09/24 11:33:39.650, NVIDIA L4, 23034 MiB, 0 MiB, 22646 MiB, 0 %
2026/09/24 11:33:40.651, NVIDIA L4, 23034 MiB, 0 MiB, 22646 MiB, 0 %
2026/09/24 11:33:41.651, NVIDIA L4, 23034 MiB, 0 MiB, 22646 MiB, 0 %
2026/09/24 11:33:42.651, NVIDIA L4, 23034 MiB, 0 MiB, 22646 MiB, 0 %
2026/09/24 11:33:43.652, NVIDIA L4, 23034 MiB, 0 MiB, 22646 MiB, 0 %
2026/09/24 11:33:44.652, NVIDIA L4, 23034 MiB, 0 MiB, 22646 MiB, 0 %
2026/09/24 11:33:45.652, NVIDIA L4, 23034 MiB, 0 MiB, 22646 MiB, 0 %
2026/09/24 11:33:46.652, NVIDIA L4, 23034 MiB, 0 MiB, 22646 MiB, 0 %
2026/09/24 11:33:47.653, NVIDIA L4, 23034 MiB, 0 MiB, 22646 MiB, 0 %
2026/09/24 11:33:48.653, NVIDIA L4, 23034 MiB, 0 MiB, 22646 MiB, 0 %
2026/09/24 11:33:49.653, NVIDIA L4, 23034 MiB, 0 MiB, 22646 MiB, 0 %
2026/09/24 11:33:50.654, NVIDIA L4, 23034 MiB, 0 MiB, 22646 MiB, 0 %
2026/09/24 11:33:51.654, NVIDIA L4, 23034 MiB, 0 MiB, 22646 MiB, 0 %
2026/09/24 11:33:52.654, NVIDIA L4, 23034 MiB, 0 MiB, 22646 MiB, 0 %
2026/09/24 11:33:53.655, NVIDIA L4, 23034 MiB, 0 MiB, 22646 MiB, 0 %
2026/09/24 11:33:54.655, NVIDIA L4, 23034 MiB, 0 MiB, 22646 MiB, 0 %
2026/09/24 11:33:55.655, NVIDIA L4, 23034 MiB, 0 MiB, 22646 MiB, 0 %
2026/09/24 11:33:56.656, NVIDIA L4, 23034 MiB, 0 MiB, 22646 MiB, 0 %
2026/09/24 11:33:57.656, NVIDIA L4, 23034 MiB, 0 MiB, 22646 MiB, 0 %
2026/09/24 11:33:58.656, NVIDIA L4, 23034 MiB, 0 MiB, 22646 MiB, 0 %
2026/09/24 11:33:59.656, NVIDIA L4, 23034 MiB, 0 MiB, 22646 MiB, 0 %
2026/09/24 11:34:00.657, NVIDIA L4, 23034 MiB, 0 MiB, 22646 MiB, 0 %
2026/09/24 11:34:01.657, NVIDIA L4, 23034 MiB, 0 MiB, 22646 MiB, 0 %
2026/09/24 11:34:02.657, NVIDIA L4, 23034 MiB, 0 MiB, 22646 MiB, 0 %
2026/09/24 11:34:03.658, NVIDIA L4, 23034 MiB, 0 MiB, 22646 MiB, 0 %
2026/09/24 11:34:04.658, NVIDIA L4, 23034 MiB, 0 MiB, 22646 MiB, 0 %
2026/09/24 11:34:05.658, NVIDIA L4, 23034 MiB, 0 MiB, 22646 MiB, 0 %
2026/09/24 11:34:06.659, NVIDIA L4, 23034 MiB, 0 MiB, 22646 MiB, 0 %
2026/09/24 11:34:07.659, NVIDIA L4, 23034 MiB, 0 MiB, 22646 MiB, 0 %
2026/09/24 11:34:08.659, NVIDIA L4, 23034 MiB, 0 MiB, 22646 MiB, 0 %
2026/09/24 11:34:09.660, NVIDIA L4, 23034 MiB, 0 MiB, 22646 MiB, 0 %
2026/09/24 11:34:10.660, NVIDIA L4, 23034 MiB, 0 MiB, 22646 MiB, 0 %
2026/09/24 11:34:11.660, NVIDIA L4, 23034 MiB, 0 MiB, 22646 MiB, 0 %
2026/09/24 11:34:12.661, NVIDIA L4, 23034 MiB, 0 MiB, 22646 MiB, 0 %
2026/09/24 11:34:13.661, NVIDIA L4, 23034 MiB, 0 MiB, 22646 MiB, 0 %
2026/09/24 11:34:14.661, NVIDIA L4, 23034 MiB, 0 MiB, 22646 MiB, 0 %
2026/09/24 11:34:15.662, NVIDIA L4, 23034 MiB, 0 MiB, 22646 MiB, 0 %
2026/09/24 11:34:16.663, NVIDIA L4, 23034 MiB, 0 MiB, 22646 MiB, 0 %
2026/09/24 11:34:17.663, NVIDIA L4, 23034 MiB, 0 MiB, 22646 MiB, 0 %
2026/09/24 11:34:18.663, NVIDIA L4, 23034 MiB, 0 MiB, 22646 MiB, 0 %
2026/09/24 11:34:19.664, NVIDIA L4, 23034 MiB, 0 MiB, 22646 MiB, 0 %
2026/09/24 11:34:20.664, NVIDIA L4, 23034 MiB, 0 MiB, 22646 MiB, 0 %
2026/09/24 11:34:21.664, NVIDIA L4, 23034 MiB, 0 MiB, 22646 MiB, 0 %
2026/09/24 11:34:22.665, NVIDIA L4, 23034 MiB, 0 MiB, 22646 MiB, 0 %
2026/09/24 11:34:23.665, NVIDIA L4, 23034 MiB, 0 MiB, 22646 MiB, 0 %
2026/09/24 11:34:24.665, NVIDIA L4, 23034 MiB, 0 MiB, 22646 MiB, 0 %
2026/09/24 11:34:25.666, NVIDIA L4, 23034 MiB, 0 MiB, 22646 MiB, 0 %
2026/09/24 11:34:26.666, NVIDIA L4, 23034 MiB, 0 MiB, 22646 MiB, 0 %
2026/09/24 11:34:27.666, NVIDIA L4, 23034 MiB, 0 MiB, 22646 MiB, 0 %
2026/09/24 11:34:28.666, NVIDIA L4, 23034 MiB, 0 MiB, 22646 MiB, 0 %
2026/09/24 11:34:29.667, NVIDIA L4, 23034 MiB, 0 MiB, 22646 MiB, 0 %
2026/09/24 11:34:30.667, NVIDIA L4, 23034 MiB, 0 MiB, 22646 MiB, 0 %
2026/09/24 11:34:31.667, NVIDIA L4, 23034 MiB, 0 MiB, 22646 MiB, 0 %
2026/09/24 11:34:32.668, NVIDIA L4, 23034 MiB, 0 MiB, 22646 MiB, 0 %
2026/09/24 11:34:33.668, NVIDIA L4, 23034 MiB, 0 MiB, 22646 MiB, 0 %
2026/09/24 11:34:34.668, NVIDIA L4, 23034 MiB, 0 MiB, 22646 MiB, 0 %
2026/09/24 11:34:35.668, NVIDIA L4, 23034 MiB, 0 MiB, 22646 MiB, 0 %
2026/09/24 11:34:36.669, NVIDIA L4, 23034 MiB, 0 MiB, 22646 MiB, 0 %
2026/09/24 11:34:37.669, NVIDIA L4, 23034 MiB, 0 MiB, 22646 MiB, 0 %
2026/09/24 11:34:38.669, NVIDIA L4, 23034 MiB, 0 MiB, 22646 MiB, 0 %
2026/09/24 11:34:39.670, NVIDIA L4, 23034 MiB, 0 MiB, 22646 MiB, 0 %
2026/09/24 11:34:40.670, NVIDIA L4, 23034 MiB, 0 MiB, 22646 MiB, 0 %
2026/09/24 11:34:41.670, NVIDIA L4, 23034 MiB, 0 MiB, 22646 MiB, 0 %
2026/09/24 11:34:42.671, NVIDIA L4, 23034 MiB, 0 MiB, 22646 MiB, 0 %
2026/09/24 11:34:43.671, NVIDIA L4, 23034 MiB, 0 MiB, 22646 MiB, 0 %
2026/09/24 11:34:44.671, NVIDIA L4, 23034 MiB, 0 MiB, 22646 MiB, 0 %
2026/09/24 11:34:45.671, NVIDIA L4, 23034 MiB, 0 MiB, 22646 MiB, 0 %
2026/09/24 11:34:46.672, NVIDIA L4, 23034 MiB, 0 MiB, 22646 MiB, 0 %
2026/09/24 11:34:47.672, NVIDIA L4, 23034 MiB, 0 MiB, 22646 MiB, 0 %
2026/09/24 11:34:48.672, NVIDIA L4, 23034 MiB, 0 MiB, 22646 MiB, 0 %
2026/09/24 11:34:49.673, NVIDIA L4, 23034 MiB, 0 MiB, 22646 MiB, 0 %
2026/09/24 11:34:50.673, NVIDIA L4, 23034 MiB, 0 MiB, 22646 MiB, 0 %
2026/09/24 11:34:51.673, NVIDIA L4, 23034 MiB, 0 MiB, 22646 MiB, 0 %
2026/09/24 11:34:52.673, NVIDIA L4, 23034 MiB, 0 MiB, 22646 MiB, 0 %
2026/09/24 11:34:53.674, NVIDIA L4, 23034 MiB, 0 MiB, 22646 MiB, 0 %
2026/09/24 11:34:54.674, NVIDIA L4, 23034 MiB, 0 MiB, 22646 MiB, 0 %
2026/09/24 11:34:55.674, NVIDIA L4, 23034 MiB, 0 MiB, 22646 MiB, 0 %
2026/09/24 11:34:56.675, NVIDIA L4, 23034 MiB, 0 MiB, 22646 MiB, 0 %
2026/09/24 11:34:57.675, NVIDIA L4, 23034 MiB, 0 MiB, 22646 MiB, 0 %
2026/09/24 11:34:58.675, NVIDIA L4, 23034 MiB, 0 MiB, 22646 MiB, 0 %
2026/09/24 11:34:59.676, NVIDIA L4, 23034 MiB, 0 MiB, 22646 MiB, 0 %
2026/09/24 11:35:00.676, NVIDIA L4, 23034 MiB, 0 MiB, 22646 MiB, 0 %
2026/09/24 11:35:01.676, NVIDIA L4, 23034 MiB, 0 MiB, 22646 MiB, 0 %
2026/09/24 11:35:02.676, NVIDIA L4, 23034 MiB, 0 MiB, 22646 MiB, 0 %
2026/09/24 11:35:03.677, NVIDIA L4, 23034 MiB, 0 MiB, 22646 MiB, 0 %
2026/09/24 11:35:04.677, NVIDIA L4, 23034 MiB, 0 MiB, 22646 MiB, 0 %
2026/09/24 11:35:05.677, NVIDIA L4, 23034 MiB, 0 MiB, 22646 MiB, 0 %
2026/09/24 11:35:06.678, NVIDIA L4, 23034 MiB, 0 MiB, 22646 MiB, 0 %
2026/09/24 11:35:07.678, NVIDIA L4, 23034 MiB, 0 MiB, 22646 MiB, 0 %
2026/09/24 11:35:08.678, NVIDIA L4, 23034 MiB, 0 MiB, 22646 MiB, 0 %
2026/09/24 11:35:09.678, NVIDIA L4, 23034 MiB, 0 MiB, 22646 MiB, 0 %
2026/09/24 11:35:10.679, NVIDIA L4, 23034 MiB, 0 MiB, 22646 MiB, 0 %
2026/09/24 11:35:11.679, NVIDIA L4, 23034 MiB, 0 MiB, 22646 MiB, 0 %
2026/09/24 11:35:12.679, NVIDIA L4, 23034 MiB, 0 MiB, 22646 MiB, 0 %
2026/09/24 11:35:13.680, NVIDIA L4, 23034 MiB, 0 MiB, 22646 MiB, 0 %
2026/09/24 11:35:14.680, NVIDIA L4, 23034 MiB, 0 MiB, 22646 MiB, 0 %
2026/09/24 11:35:15.680, NVIDIA L4, 23034 MiB, 0 MiB, 22646 MiB, 0 %
2026/09/24 11:35:16.681, NVIDIA L4, 23034 MiB, 0 MiB, 22646 MiB, 0 %
2026/09/24 11:35:17.681, NVIDIA L4, 23034 MiB, 0 MiB, 22646 MiB, 0 %
2026/09/24 11:35:18.681, NVIDIA L4, 23034 MiB, 0 MiB, 22646 MiB, 0 %
2026/09/24 11:35:19.681, NVIDIA L4, 23034 MiB, 0 MiB, 22646 MiB, 0 %
2026/09/24 11:35:20.682, NVIDIA L4, 23034 MiB, 0 MiB, 22646 MiB, 0 %
2026/09/24 11:35:21.682, NVIDIA L4, 23034 MiB, 0 MiB, 22646 MiB, 0 %
2026/09/24 11:35:22.682, NVIDIA L4, 23034 MiB, 0 MiB, 22646 MiB, 0 %
2026/09/24 11:35:23.683, NVIDIA L4, 23034 MiB, 0 MiB, 22646 MiB, 0 %
2026/09/24 11:35:24.683, NVIDIA L4, 23034 MiB, 0 MiB, 22646 MiB, 0 %
2026/09/24 11:35:25.683, NVIDIA L4, 23034 MiB, 0 MiB, 22646 MiB, 0 %
2026/09/24 11:35:26.684, NVIDIA L4, 23034 MiB, 0 MiB, 22646 MiB, 0 %
2026/09/24 11:35:27.684, NVIDIA L4, 23034 MiB, 0 MiB, 22646 MiB, 0 %
2026/09/24 11:35:28.684, NVIDIA L4, 23034 MiB, 0 MiB, 22646 MiB, 0 %
2026/09/24 11:35:29.685, NVIDIA L4, 23034 MiB, 0 MiB, 22646 MiB, 0 %
2026/09/24 11:35:30.685, NVIDIA L4, 23034 MiB, 0 MiB, 22646 MiB, 0 %
2026/09/24 11:35:31.685, NVIDIA L4, 23034 MiB, 0 MiB, 22646 MiB, 0 %
2026/09/24 11:35:32.685, NVIDIA L4, 23034 MiB, 0 MiB, 22646 MiB, 0 %
2026/09/24 11:35:33.686, NVIDIA L4, 23034 MiB, 0 MiB, 22646 MiB, 0 %
2026/09/24 11:35:34.686, NVIDIA L4, 23034 MiB, 0 MiB, 22646 MiB, 0 %
2026/09/24 11:35:35.686, NVIDIA L4, 23034 MiB, 0 MiB, 22646 MiB, 0 %
2026/09/24 11:35:36.687, NVIDIA L4, 23034 MiB, 0 MiB, 22646 MiB, 0 %
2026/09/24 11:35:37.687, NVIDIA L4, 23034 MiB, 0 MiB, 22646 MiB, 0 %
2026/09/24 11:35:38.687, NVIDIA L4, 23034 MiB, 0 MiB, 22646 MiB, 0 %
2026/09/24 11:35:39.688, NVIDIA L4, 23034 MiB, 0 MiB, 22646 MiB, 0 %
2026/09/24 11:35:40.688, NVIDIA L4, 23034 MiB, 0 MiB, 22646 MiB, 0 %
2026/09/24 11:35:41.688, NVIDIA L4, 23034 MiB, 0 MiB, 22646 MiB, 0 %
2026/09/24 11:35:42.689, NVIDIA L4, 23034 MiB, 0 MiB, 22646 MiB, 0 %
2026/09/24 11:35:43.689, NVIDIA L4, 23034 MiB, 0 MiB, 22646 MiB, 0 %
2026/09/24 11:35:44.689, NVIDIA L4, 23034 MiB, 0 MiB, 22646 MiB, 0 %
2026/09/24 11:35:45.690, NVIDIA L4, 23034 MiB, 0 MiB, 22646 MiB, 0 %
2026/09/24 11:35:46.690, NVIDIA L4, 23034 MiB, 0 MiB, 22646 MiB, 0 %
2026/09/24 11:35:47.690, NVIDIA L4, 23034 MiB, 0 MiB, 22646 MiB, 0 %
2026/09/24 11:35:48.691, NVIDIA L4, 23034 MiB, 0 MiB, 22646 MiB, 0 %
2026/09/24 11:35:49.691, NVIDIA L4, 23034 MiB, 0 MiB, 22646 MiB, 0 %
2026/09/24 11:35:50.691, NVIDIA L4, 23034 MiB, 0 MiB, 22646 MiB, 0 %
2026/09/24 11:35:51.691, NVIDIA L4, 23034 MiB, 0 MiB, 22646 MiB, 0 %
2026/09/24 11:35:52.692, NVIDIA L4, 23034 MiB, 0 MiB, 22646 MiB, 0 %
2026/09/24 11:35:53.692, NVIDIA L4, 23034 MiB, 0 MiB, 22646 MiB, 0 %
2026/09/24 11:35:54.692, NVIDIA L4, 23034 MiB, 0 MiB, 22646 MiB, 0 %
2026/09/24 11:35:55.693, NVIDIA L4, 23034 MiB, 0 MiB, 22646 MiB, 0 %
2026/09/24 11:35:56.693, NVIDIA L4, 23034 MiB, 0 MiB, 22646 MiB, 0 %
2026/09/24 11:35:57.693, NVIDIA L4, 23034 MiB, 0 MiB, 22646 MiB, 0 %
2026/09/24 11:35:58.694, NVIDIA L4, 23034 MiB, 0 MiB, 22646 MiB, 0 %
2026/09/24 11:35:59.694, NVIDIA L4, 23034 MiB, 0 MiB, 22646 MiB, 0 %
2026/09/24 11:36:00.694, NVIDIA L4, 23034 MiB, 0 MiB, 22646 MiB, 0 %
2026/09/24 11:36:01.695, NVIDIA L4, 23034 MiB, 0 MiB, 22646 MiB, 0 %
2026/09/24 11:36:02.695, NVIDIA L4, 23034 MiB, 0 MiB, 22646 MiB, 0 %
2026/09/24 11:36:03.695, NVIDIA L4, 23034 MiB, 0 MiB, 22646 MiB, 0 %
2026/09/24 11:36:04.695, NVIDIA L4, 23034 MiB, 0 MiB, 22646 MiB, 0 %
2026/09/24 11:36:05.696, NVIDIA L4, 23034 MiB, 0 MiB, 22646 MiB, 0 %
2026/09/24 11:36:06.696, NVIDIA L4, 23034 MiB, 0 MiB, 22646 MiB, 0 %
2026/09/24 11:36:07.696, NVIDIA L4, 23034 MiB, 0 MiB, 22646 MiB, 0 %
2026/09/24 11:36:08.697, NVIDIA L4, 23034 MiB, 0 MiB, 22646 MiB, 0 %
2026/09/24 11:36:09.697, NVIDIA L4, 23034 MiB, 0 MiB, 22646 MiB, 0 %
2026/09/24 11:36:10.697, NVIDIA L4, 23034 MiB, 0 MiB, 22646 MiB, 0 %
2026/09/24 11:36:11.698, NVIDIA L4, 23034 MiB, 0 MiB, 22646 MiB, 0 %
2026/09/24 11:36:12.698, NVIDIA L4, 23034 MiB, 0 MiB, 22646 MiB, 0 %
2026/09/24 11:36:13.698, NVIDIA L4, 23034 MiB, 0 MiB, 22646 MiB, 0 %
2026/09/24 11:36:14.699, NVIDIA L4, 23034 MiB, 0 MiB, 22646 MiB, 0 %
2026/09/24 11:36:15.699, NVIDIA L4, 23034 MiB, 0 MiB, 22646 MiB, 0 %
2026/09/24 11:36:16.699, NVIDIA L4, 23034 MiB, 0 MiB, 22646 MiB, 0 %
2026/09/24 11:36:17.700, NVIDIA L4, 23034 MiB, 0 MiB, 22646 MiB, 0 %
2026/09/24 11:36:18.700, NVIDIA L4, 23034 MiB, 0 MiB, 22646 MiB, 0 %
2026/09/24 11:36:19.700, NVIDIA L4, 23034 MiB, 0 MiB, 22646 MiB, 0 %
2026/09/24 11:36:20.700, NVIDIA L4, 23034 MiB, 0 MiB, 22646 MiB, 0 %
2026/09/24 11:36:21.701, NVIDIA L4, 23034 MiB, 0 MiB, 22646 MiB, 0 %
2026/09/24 11:36:22.701, NVIDIA L4, 23034 MiB, 0 MiB, 22646 MiB, 0 %
2026/09/24 11:36:23.702, NVIDIA L4, 23034 MiB, 0 MiB, 22646 MiB, 0 %
2026/09/24 11:36:24.702, NVIDIA L4, 23034 MiB, 0 MiB, 22646 MiB, 0 %
2026/09/24 11:36:25.702, NVIDIA L4, 23034 MiB, 0 MiB, 22646 MiB, 0 %
2026/09/24 11:36:26.702, NVIDIA L4, 23034 MiB, 0 MiB, 22646 MiB, 0 %
2026/09/24 11:36:27.703, NVIDIA L4, 23034 MiB, 0 MiB, 22646 MiB, 0 %
2026/09/24 11:36:28.703, NVIDIA L4, 23034 MiB, 0 MiB, 22646 MiB, 0 %
2026/09/24 11:36:29.703, NVIDIA L4, 23034 MiB, 0 MiB, 22646 MiB, 0 %
2026/09/24 11:36:30.704, NVIDIA L4, 23034 MiB, 0 MiB, 22646 MiB, 0 %
2026/09/24 11:36:31.704, NVIDIA L4, 23034 MiB, 0 MiB, 22646 MiB, 0 %
2026/09/24 11:36:32.704, NVIDIA L4, 23034 MiB, 0 MiB, 22646 MiB, 0 %
2026/09/24 11:36:33.705, NVIDIA L4, 23034 MiB, 0 MiB, 22646 MiB, 0 %
2026/09/24 11:36:34.705, NVIDIA L4, 23034 MiB, 0 MiB, 22646 MiB, 0 %
2026/09/24 11:36:35.705, NVIDIA L4, 23034 MiB, 0 MiB, 22646 MiB, 0 %
2026/09/24 11:36:36.706, NVIDIA L4, 23034 MiB, 0 MiB, 22646 MiB, 0 %
2026/09/24 11:36:37.706, NVIDIA L4, 23034 MiB, 0 MiB, 22646 MiB, 0 %
2026/09/24 11:36:38.706, NVIDIA L4, 23034 MiB, 0 MiB, 22646 MiB, 0 %
2026/09/24 11:36:39.706, NVIDIA L4, 23034 MiB, 0 MiB, 22646 MiB, 0 %
2026/09/24 11:36:40.707, NVIDIA L4, 23034 MiB, 0 MiB, 22646 MiB, 0 %
2026/09/24 11:36:41.707, NVIDIA L4, 23034 MiB, 0 MiB, 22646 MiB, 0 %
2026/09/24 11:36:42.707, NVIDIA L4, 23034 MiB, 0 MiB, 22646 MiB, 0 %
2026/09/24 11:36:43.708, NVIDIA L4, 23034 MiB, 0 MiB, 22646 MiB, 0 %
2026/09/24 11:36:44.708, NVIDIA L4, 23034 MiB, 0 MiB, 22646 MiB, 0 %
2026/09/24 11:36:45.708, NVIDIA L4, 23034 MiB, 0 MiB, 22646 MiB, 0 %
2026/09/24 11:36:46.709, NVIDIA L4, 23034 MiB, 0 MiB, 22646 MiB, 0 %
2026/09/24 11:36:47.709, NVIDIA L4, 23034 MiB, 0 MiB, 22646 MiB, 0 %
2026/09/24 11:36:48.709, NVIDIA L4, 23034 MiB, 0 MiB, 22646 MiB, 0 %
2026/09/24 11:36:49.710, NVIDIA L4, 23034 MiB, 0 MiB, 22646 MiB, 0 %
2026/09/24 11:36:50.710, NVIDIA L4, 23034 MiB, 0 MiB, 22646 MiB, 0 %
2026/09/24 11:36:51.710, NVIDIA L4, 23034 MiB, 0 MiB, 22646 MiB, 0 %
2026/09/24 11:36:52.711, NVIDIA L4, 23034 MiB, 0 MiB, 22646 MiB, 0 %
2026/09/24 11:36:53.711, NVIDIA L4, 23034 MiB, 0 MiB, 22646 MiB, 0 %
2026/09/24 11:36:54.711, NVIDIA L4, 23034 MiB, 0 MiB, 22646 MiB, 0 %
2026/09/24 11:36:55.711, NVIDIA L4, 23034 MiB, 0 MiB, 22646 MiB, 0 %
2026/09/24 11:36:56.712, NVIDIA L4, 23034 MiB, 0 MiB, 22646 MiB, 0 %
2026/09/24 11:36:57.712, NVIDIA L4, 23034 MiB, 0 MiB, 22646 MiB, 0 %
2026/09/24 11:36:58.712, NVIDIA L4, 23034 MiB, 0 MiB, 22646 MiB, 0 %
2026/09/24 11:36:59.713, NVIDIA L4, 23034 MiB, 0 MiB, 22646 MiB, 0 %
2026/09/24 11:37:00.713, NVIDIA L4, 23034 MiB, 0 MiB, 22646 MiB, 0 %
2026/09/24 11:37:01.713, NVIDIA L4, 23034 MiB, 0 MiB, 22646 MiB, 0 %
2026/09/24 11:37:02.714, NVIDIA L4, 23034 MiB, 0 MiB, 22646 MiB, 0 %
2026/09/24 11:37:03.714, NVIDIA L4, 23034 MiB, 0 MiB, 22646 MiB, 0 %
2026/09/24 11:37:04.714, NVIDIA L4, 23034 MiB, 0 MiB, 22646 MiB, 0 %
2026/09/24 11:37:05.715, NVIDIA L4, 23034 MiB, 0 MiB, 22646 MiB, 0 %
2026/09/24 11:37:06.715, NVIDIA L4, 23034 MiB, 0 MiB, 22646 MiB, 0 %
2026/09/24 11:37:07.715, NVIDIA L4, 23034 MiB, 0 MiB, 22646 MiB, 0 %
2026/09/24 11:37:08.716, NVIDIA L4, 23034 MiB, 0 MiB, 22646 MiB, 0 %
2026/09/24 11:37:09.716, NVIDIA L4, 23034 MiB, 0 MiB, 22646 MiB, 0 %
2026/09/24 11:37:10.716, NVIDIA L4, 23034 MiB, 0 MiB, 22646 MiB, 0 %
2026/09/24 11:37:11.716, NVIDIA L4, 23034 MiB, 0 MiB, 22646 MiB, 0 %
2026/09/24 11:37:12.717, NVIDIA L4, 23034 MiB, 0 MiB, 22646 MiB, 0 %
2026/09/24 11:37:13.717, NVIDIA L4, 23034 MiB, 0 MiB, 22646 MiB, 0 %
2026/09/24 11:37:14.717, NVIDIA L4, 23034 MiB, 0 MiB, 22646 MiB, 0 %
2026/09/24 11:37:15.718, NVIDIA L4, 23034 MiB, 0 MiB, 22646 MiB, 0 %
2026/09/24 11:37:16.718, NVIDIA L4, 23034 MiB, 0 MiB, 22646 MiB, 0 %
2026/09/24 11:37:17.718, NVIDIA L4, 23034 MiB, 0 MiB, 22646 MiB, 0 %
2026/09/24 11:37:18.719, NVIDIA L4, 23034 MiB, 0 MiB, 22646 MiB, 0 %
2026/09/24 11:37:19.719, NVIDIA L4, 23034 MiB, 0 MiB, 22646 MiB, 0 %
2026/09/24 11:37:20.719, NVIDIA L4, 23034 MiB, 0 MiB, 22646 MiB, 0 %
2026/09/24 11:37:21.720, NVIDIA L4, 23034 MiB, 0 MiB, 22646 MiB, 0 %
2026/09/24 11:37:22.720, NVIDIA L4, 23034 MiB, 0 MiB, 22646 MiB, 0 %
2026/09/24 11:37:23.720, NVIDIA L4, 23034 MiB, 0 MiB, 22646 MiB, 0 %
2026/09/24 11:37:24.721, NVIDIA L4, 23034 MiB, 0 MiB, 22646 MiB, 0 %
2026/09/24 11:37:25.721, NVIDIA L4, 23034 MiB, 0 MiB, 22646 MiB, 0 %
2026/09/24 11:37:26.721, NVIDIA L4, 23034 MiB, 0 MiB, 22646 MiB, 0 %
2026/09/24 11:37:27.721, NVIDIA L4, 23034 MiB, 0 MiB, 22646 MiB, 0 %
2026/09/24 11:37:28.722, NVIDIA L4, 23034 MiB, 0 MiB, 22646 MiB, 0 %
2026/09/24 11:37:29.722, NVIDIA L4, 23034 MiB, 0 MiB, 22646 MiB, 0 %
2026/09/24 11:37:30.722, NVIDIA L4, 23034 MiB, 0 MiB, 22646 MiB, 0 %
2026/09/24 11:37:31.723, NVIDIA L4, 23034 MiB, 0 MiB, 22646 MiB, 0 %
2026/09/24 11:37:32.723, NVIDIA L4, 23034 MiB, 0 MiB, 22646 MiB, 0 %
2026/09/24 11:37:33.723, NVIDIA L4, 23034 MiB, 0 MiB, 22646 MiB, 0 %
2026/09/24 11:37:34.724, NVIDIA L4, 23034 MiB, 0 MiB, 22646 MiB, 0 %
2026/09/24 11:37:35.724, NVIDIA L4, 23034 MiB, 0 MiB, 22646 MiB, 0 %
2026/09/24 11:37:36.724, NVIDIA L4, 23034 MiB, 0 MiB, 22646 MiB, 0 %
2026/09/24 11:37:37.725, NVIDIA L4, 23034 MiB, 0 MiB, 22646 MiB, 0 %
2026/09/24 11:37:38.725, NVIDIA L4, 23034 MiB, 0 MiB, 22646 MiB, 0 %
2026/09/24 11:37:39.725, NVIDIA L4, 23034 MiB, 0 MiB, 22646 MiB, 0 %
2026/09/24 11:37:40.726, NVIDIA L4, 23034 MiB, 0 MiB, 22646 MiB, 0 %
2026/09/24 11:37:41.726, NVIDIA L4, 23034 MiB, 0 MiB, 22646 MiB, 0 %
2026/09/24 11:37:42.726, NVIDIA L4, 23034 MiB, 0 MiB, 22646 MiB, 0 %
2026/09/24 11:37:43.727, NVIDIA L4, 23034 MiB, 0 MiB, 22646 MiB, 0 %
2026/09/24 11:37:44.727, NVIDIA L4, 23034 MiB, 0 MiB, 22646 MiB, 0 %
2026/09/24 11:37:45.727, NVIDIA L4, 23034 MiB, 0 MiB, 22646 MiB, 0 %
2026/09/24 11:37:46.727, NVIDIA L4, 23034 MiB, 0 MiB, 22646 MiB, 0 %
2026/09/24 11:37:47.728, NVIDIA L4, 23034 MiB, 0 MiB, 22646 MiB, 0 %
2026/09/24 11:37:48.728, NVIDIA L4, 23034 MiB, 0 MiB, 22646 MiB, 0 %
2026/09/24 11:37:49.728, NVIDIA L4, 23034 MiB, 0 MiB, 22646 MiB, 0 %
2026/09/24 11:37:50.729, NVIDIA L4, 23034 MiB, 0 MiB, 22646 MiB, 0 %
2026/09/24 11:37:51.729, NVIDIA L4, 23034 MiB, 0 MiB, 22646 MiB, 0 %
2026/09/24 11:37:52.729, NVIDIA L4, 23034 MiB, 0 MiB, 22646 MiB, 0 %
2026/09/24 11:37:53.730, NVIDIA L4, 23034 MiB, 0 MiB, 22646 MiB, 0 %
2026/09/24 11:37:54.730, NVIDIA L4, 23034 MiB, 0 MiB, 22646 MiB, 0 %
2026/09/24 11:37:55.731, NVIDIA L4, 23034 MiB, 0 MiB, 22646 MiB, 0 %
2026/09/24 11:37:56.731, NVIDIA L4, 23034 MiB, 0 MiB, 22646 MiB, 0 %
2026/09/24 11:37:57.731, NVIDIA L4, 23034 MiB, 0 MiB, 22646 MiB, 0 %
2026/09/24 11:37:58.732, NVIDIA L4, 23034 MiB, 0 MiB, 22646 MiB, 0 %
2026/09/24 11:37:59.732, NVIDIA L4, 23034 MiB, 0 MiB, 22646 MiB, 0 %
2026/09/24 11:38:00.732, NVIDIA L4, 23034 MiB, 0 MiB, 22646 MiB, 0 %
2026/09/24 11:38:01.733, NVIDIA L4, 23034 MiB, 0 MiB, 22646 MiB, 0 %
2026/09/24 11:38:02.733, NVIDIA L4, 23034 MiB, 0 MiB, 22646 MiB, 0 %
2026/09/24 11:38:03.733, NVIDIA L4, 23034 MiB, 0 MiB, 22646 MiB, 0 %
2026/09/24 11:38:04.734, NVIDIA L4, 23034 MiB, 0 MiB, 22646 MiB, 0 %
2026/09/24 11:38:05.734, NVIDIA L4, 23034 MiB, 0 MiB, 22646 MiB, 0 %
2026/09/24 11:38:06.734, NVIDIA L4, 23034 MiB, 0 MiB, 22646 MiB, 0 %
2026/09/24 11:38:07.734, NVIDIA L4, 23034 MiB, 0 MiB, 22646 MiB, 0 %
2026/09/24 11:38:08.735, NVIDIA L4, 23034 MiB, 0 MiB, 22646 MiB, 0 %
2026/09/24 11:38:09.735, NVIDIA L4, 23034 MiB, 0 MiB, 22646 MiB, 0 %
2026/09/24 11:38:10.735, NVIDIA L4, 23034 MiB, 0 MiB, 22646 MiB, 0 %
2026/09/24 11:38:11.736, NVIDIA L4, 23034 MiB, 0 MiB, 22646 MiB, 0 %
2026/09/24 11:38:12.736, NVIDIA L4, 23034 MiB, 0 MiB, 22646 MiB, 0 %
2026/09/24 11:38:13.737, NVIDIA L4, 23034 MiB, 0 MiB, 22646 MiB, 0 %
2026/09/24 11:38:14.737, NVIDIA L4, 23034 MiB, 0 MiB, 22646 MiB, 0 %
2026/09/24 11:38:15.737, NVIDIA L4, 23034 MiB, 0 MiB, 22646 MiB, 0 %
2026/09/24 11:38:16.738, NVIDIA L4, 23034 MiB, 0 MiB, 22646 MiB, 0 %
2026/09/24 11:38:17.738, NVIDIA L4, 23034 MiB, 0 MiB, 22646 MiB, 0 %
2026/09/24 11:38:18.738, NVIDIA L4, 23034 MiB, 0 MiB, 22646 MiB, 0 %
2026/09/24 11:38:19.738, NVIDIA L4, 23034 MiB, 0 MiB, 22646 MiB, 0 %
2026/09/24 11:38:20.739, NVIDIA L4, 23034 MiB, 0 MiB, 22646 MiB, 0 %
2026/09/24 11:38:21.739, NVIDIA L4, 23034 MiB, 0 MiB, 22646 MiB, 0 %
2026/09/24 11:38:22.739, NVIDIA L4, 23034 MiB, 0 MiB, 22646 MiB, 0 %
2026/09/24 11:38:23.740, NVIDIA L4, 23034 MiB, 0 MiB, 22646 MiB, 0 %
2026/09/24 11:38:24.740, NVIDIA L4, 23034 MiB, 0 MiB, 22646 MiB, 0 %
2026/09/24 11:38:25.740, NVIDIA L4, 23034 MiB, 0 MiB, 22646 MiB, 0 %
2026/09/24 11:38:26.741, NVIDIA L4, 23034 MiB, 0 MiB, 22646 MiB, 0 %
2026/09/24 11:38:27.741, NVIDIA L4, 23034 MiB, 0 MiB, 22646 MiB, 0 %
2026/09/24 11:38:28.741, NVIDIA L4, 23034 MiB, 0 MiB, 22646 MiB, 0 %
2026/09/24 11:38:29.742, NVIDIA L4, 23034 MiB, 0 MiB, 22646 MiB, 0 %
2026/09/24 11:38:30.742, NVIDIA L4, 23034 MiB, 0 MiB, 22646 MiB, 0 %
2026/09/24 11:38:31.742, NVIDIA L4, 23034 MiB, 0 MiB, 22646 MiB, 0 %
2026/09/24 11:38:32.743, NVIDIA L4, 23034 MiB, 0 MiB, 22646 MiB, 0 %
2026/09/24 11:38:33.743, NVIDIA L4, 23034 MiB, 0 MiB, 22646 MiB, 0 %
2026/09/24 11:38:34.743, NVIDIA L4, 23034 MiB, 0 MiB, 22646 MiB, 0 %
2026/09/24 11:38:35.744, NVIDIA L4, 23034 MiB, 0 MiB, 22646 MiB, 0 %
2026/09/24 11:38:36.744, NVIDIA L4, 23034 MiB, 0 MiB, 22646 MiB, 0 %
2026/09/24 11:38:37.744, NVIDIA L4, 23034 MiB, 0 MiB, 22646 MiB, 0 %
2026/09/24 11:38:38.745, NVIDIA L4, 23034 MiB, 0 MiB, 22646 MiB, 0 %
2026/09/24 11:38:39.745, NVIDIA L4, 23034 MiB, 0 MiB, 22646 MiB, 0 %
2026/09/24 11:38:40.745, NVIDIA L4, 23034 MiB, 0 MiB, 22646 MiB, 0 %
2026/09/24 11:38:41.746, NVIDIA L4, 23034 MiB, 0 MiB, 22646 MiB, 0 %
2026/09/24 11:38:42.746, NVIDIA L4, 23034 MiB, 0 MiB, 22646 MiB, 0 %
2026/09/24 11:38:43.746, NVIDIA L4, 23034 MiB, 0 MiB, 22646 MiB, 0 %
2026/09/24 11:38:44.747, NVIDIA L4, 23034 MiB, 0 MiB, 22646 MiB, 0 %
2026/09/24 11:38:45.747, NVIDIA L4, 23034 MiB, 0 MiB, 22646 MiB, 0 %
2026/09/24 11:38:46.747, NVIDIA L4, 23034 MiB, 0 MiB, 22646 MiB, 0 %
2026/09/24 11:38:47.747, NVIDIA L4, 23034 MiB, 0 MiB, 22646 MiB, 0 %
2026/09/24 11:38:48.748, NVIDIA L4, 23034 MiB, 0 MiB, 22646 MiB, 0 %
2026/09/24 11:38:49.748, NVIDIA L4, 23034 MiB, 0 MiB, 22646 MiB, 0 %
2026/09/24 11:38:50.748, NVIDIA L4, 23034 MiB, 0 MiB, 22646 MiB, 0 %
2026/09/24 11:38:51.749, NVIDIA L4, 23034 MiB, 0 MiB, 22646 MiB, 0 %
2026/09/24 11:38:52.749, NVIDIA L4, 23034 MiB, 0 MiB, 22646 MiB, 0 %
2026/09/24 11:38:53.749, NVIDIA L4, 23034 MiB, 0 MiB, 22646 MiB, 0 %
2026/09/24 11:38:54.750, NVIDIA L4, 23034 MiB, 0 MiB, 22646 MiB, 0 %
2026/09/24 11:38:55.750, NVIDIA L4, 23034 MiB, 0 MiB, 22646 MiB, 0 %
2026/09/24 11:38:56.750, NVIDIA L4, 23034 MiB, 0 MiB, 22646 MiB, 0 %
2026/09/24 11:38:57.751, NVIDIA L4, 23034 MiB, 0 MiB, 22646 MiB, 0 %
2026/09/24 11:38:58.751, NVIDIA L4, 23034 MiB, 0 MiB, 22646 MiB, 0 %
2026/09/24 11:38:59.751, NVIDIA L4, 23034 MiB, 0 MiB, 22646 MiB, 0 %
2026/09/24 11:39:00.752, NVIDIA L4, 23034 MiB, 0 MiB, 22646 MiB, 0 %
2026/09/24 11:39:01.752, NVIDIA L4, 23034 MiB, 0 MiB, 22646 MiB, 0 %
2026/09/24 11:39:02.752, NVIDIA L4, 23034 MiB, 0 MiB, 22646 MiB, 0 %
2026/09/24 11:39:03.753, NVIDIA L4, 23034 MiB, 0 MiB, 22646 MiB, 0 %
2026/09/24 11:39:04.753, NVIDIA L4, 23034 MiB, 0 MiB, 22646 MiB, 0 %
2026/09/24 11:39:05.753, NVIDIA L4, 23034 MiB, 0 MiB, 22646 MiB, 0 %
2026/09/24 11:39:06.754, NVIDIA L4, 23034 MiB, 0 MiB, 22646 MiB, 0 %
2026/09/24 11:39:07.754, NVIDIA L4, 23034 MiB, 0 MiB, 22646 MiB, 0 %
2026/09/24 11:39:08.754, NVIDIA L4, 23034 MiB, 0 MiB, 22646 MiB, 0 %
2026/09/24 11:39:09.755, NVIDIA L4, 23034 MiB, 0 MiB, 22646 MiB, 0 %
2026/09/24 11:39:10.755, NVIDIA L4, 23034 MiB, 0 MiB, 22646 MiB, 0 %
2026/09/24 11:39:11.755, NVIDIA L4, 23034 MiB, 0 MiB, 22646 MiB, 0 %
2026/09/24 11:39:12.756, NVIDIA L4, 23034 MiB, 0 MiB, 22646 MiB, 0 %
2026/09/24 11:39:13.756, NVIDIA L4, 23034 MiB, 0 MiB, 22646 MiB, 0 %
2026/09/24 11:39:14.756, NVIDIA L4, 23034 MiB, 0 MiB, 22646 MiB, 0 %
2026/09/24 11:39:15.757, NVIDIA L4, 23034 MiB, 0 MiB, 22646 MiB, 0 %
2026/09/24 11:39:16.757, NVIDIA L4, 23034 MiB, 0 MiB, 22646 MiB, 0 %
2026/09/24 11:39:17.757, NVIDIA L4, 23034 MiB, 0 MiB, 22646 MiB, 0 %
2026/09/24 11:39:18.758, NVIDIA L4, 23034 MiB, 0 MiB, 22646 MiB, 0 %
2026/09/24 11:39:19.758, NVIDIA L4, 23034 MiB, 0 MiB, 22646 MiB, 0 %
2026/09/24 11:39:20.758, NVIDIA L4, 23034 MiB, 0 MiB, 22646 MiB, 0 %
2026/09/24 11:39:21.759, NVIDIA L4, 23034 MiB, 0 MiB, 22646 MiB, 0 %
2026/09/24 11:39:22.759, NVIDIA L4, 23034 MiB, 0 MiB, 22646 MiB, 0 %
2026/09/24 11:39:23.759, NVIDIA L4, 23034 MiB, 0 MiB, 22646 MiB, 0 %
2026/09/24 11:39:24.760, NVIDIA L4, 23034 MiB, 0 MiB, 22646 MiB, 0 %
2026/09/24 11:39:25.760, NVIDIA L4, 23034 MiB, 0 MiB, 22646 MiB, 0 %
2026/09/24 11:39:26.760, NVIDIA L4, 23034 MiB, 0 MiB, 22646 MiB, 0 %
2026/09/24 11:39:27.761, NVIDIA L4, 23034 MiB, 0 MiB, 22646 MiB, 0 %
2026/09/24 11:39:28.761, NVIDIA L4, 23034 MiB, 0 MiB, 22646 MiB, 0 %
2026/09/24 11:39:29.762, NVIDIA L4, 23034 MiB, 0 MiB, 22646 MiB, 0 %
2026/09/24 11:39:30.762, NVIDIA L4, 23034 MiB, 0 MiB, 22646 MiB, 0 %
2026/09/24 11:39:31.762, NVIDIA L4, 23034 MiB, 0 MiB, 22646 MiB, 0 %
2026/09/24 11:39:32.763, NVIDIA L4, 23034 MiB, 0 MiB, 22646 MiB, 0 %
2026/09/24 11:39:33.763, NVIDIA L4, 23034 MiB, 0 MiB, 22646 MiB, 0 %
2026/09/24 11:39:34.763, NVIDIA L4, 23034 MiB, 0 MiB, 22646 MiB, 0 %
2026/09/24 11:39:35.764, NVIDIA L4, 23034 MiB, 0 MiB, 22646 MiB, 0 %
2026/09/24 11:39:36.764, NVIDIA L4, 23034 MiB, 0 MiB, 22646 MiB, 0 %
2026/09/24 11:39:37.764, NVIDIA L4, 23034 MiB, 0 MiB, 22646 MiB, 0 %
2026/09/24 11:39:38.765, NVIDIA L4, 23034 MiB, 0 MiB, 22646 MiB, 0 %
2026/09/24 11:39:39.765, NVIDIA L4, 23034 MiB, 0 MiB, 22646 MiB, 0 %
2026/09/24 11:39:40.765, NVIDIA L4, 23034 MiB, 0 MiB, 22646 MiB, 0 %
2026/09/24 11:39:41.765, NVIDIA L4, 23034 MiB, 0 MiB, 22646 MiB, 0 %
2026/09/24 11:39:42.766, NVIDIA L4, 23034 MiB, 0 MiB, 22646 MiB, 0 %
2026/09/24 11:39:43.766, NVIDIA L4, 23034 MiB, 0 MiB, 22646 MiB, 0 %
2026/09/24 11:39:44.766, NVIDIA L4, 23034 MiB, 0 MiB, 22646 MiB, 0 %
2026/09/24 11:39:45.767, NVIDIA L4, 23034 MiB, 0 MiB, 22646 MiB, 0 %
2026/09/24 11:39:46.767, NVIDIA L4, 23034 MiB, 0 MiB, 22646 MiB, 0 %
2026/09/24 11:39:47.767, NVIDIA L4, 23034 MiB, 0 MiB, 22646 MiB, 0 %
2026/09/24 11:39:48.768, NVIDIA L4, 23034 MiB, 0 MiB, 22646 MiB, 0 %
2026/09/24 11:39:49.768, NVIDIA L4, 23034 MiB, 0 MiB, 22646 MiB, 0 %
2026/09/24 11:39:50.768, NVIDIA L4, 23034 MiB, 0 MiB, 22646 MiB, 0 %
2026/09/24 11:39:51.769, NVIDIA L4, 23034 MiB, 0 MiB, 22646 MiB, 0 %
2026/09/24 11:39:52.769, NVIDIA L4, 23034 MiB, 0 MiB, 22646 MiB, 0 %
2026/09/24 11:39:53.769, NVIDIA L4, 23034 MiB, 0 MiB, 22646 MiB, 0 %
2026/09/24 11:39:54.770, NVIDIA L4, 23034 MiB, 0 MiB, 22646 MiB, 0 %
2026/09/24 11:39:55.770, NVIDIA L4, 23034 MiB, 0 MiB, 22646 MiB, 0 %
2026/09/24 11:39:56.770, NVIDIA L4, 23034 MiB, 0 MiB, 22646 MiB, 0 %
2026/09/24 11:39:57.771, NVIDIA L4, 23034 MiB, 0 MiB, 22646 MiB, 0 %
2026/09/24 11:39:58.771, NVIDIA L4, 23034 MiB, 0 MiB, 22646 MiB, 0 %
2026/09/24 11:39:59.771, NVIDIA L4, 23034 MiB, 0 MiB, 22646 MiB, 0 %
2026/09/24 11:40:00.772, NVIDIA L4, 23034 MiB, 0 MiB, 22646 MiB, 0 %
2026/09/24 11:40:01.772, NVIDIA L4, 23034 MiB, 0 MiB, 22646 MiB, 0 %
2026/09/24 11:40:02.772, NVIDIA L4, 23034 MiB, 0 MiB, 22646 MiB, 0 %
2026/09/24 11:40:03.773, NVIDIA L4, 23034 MiB, 0 MiB, 22646 MiB, 0 %
2026/09/24 11:40:04.773, NVIDIA L4, 23034 MiB, 0 MiB, 22646 MiB, 0 %
2026/09/24 11:40:05.773, NVIDIA L4, 23034 MiB, 0 MiB, 22646 MiB, 0 %
2026/09/24 11:40:06.774, NVIDIA L4, 23034 MiB, 0 MiB, 22646 MiB, 0 %
2026/09/24 11:40:07.774, NVIDIA L4, 23034 MiB, 0 MiB, 22646 MiB, 0 %
2026/09/24 11:40:08.775, NVIDIA L4, 23034 MiB, 0 MiB, 22646 MiB, 0 %
2026/09/24 11:40:09.775, NVIDIA L4, 23034 MiB, 0 MiB, 22646 MiB, 0 %
2026/09/24 11:40:10.775, NVIDIA L4, 23034 MiB, 0 MiB, 22646 MiB, 0 %
2026/09/24 11:40:11.776, NVIDIA L4, 23034 MiB, 0 MiB, 22646 MiB, 0 %
2026/09/24 11:40:12.777, NVIDIA L4, 23034 MiB, 0 MiB, 22646 MiB, 0 %
2026/09/24 11:40:13.777, NVIDIA L4, 23034 MiB, 0 MiB, 22646 MiB, 0 %
2026/09/24 11:40:14.778, NVIDIA L4, 23034 MiB, 0 MiB, 22646 MiB, 0 %
2026/09/24 11:40:15.778, NVIDIA L4, 23034 MiB, 0 MiB, 22646 MiB, 0 %
2026/09/24 11:40:16.778, NVIDIA L4, 23034 MiB, 0 MiB, 22646 MiB, 0 %
2026/09/24 11:40:17.779, NVIDIA L4, 23034 MiB, 0 MiB, 22646 MiB, 0 %
2026/09/24 11:40:18.779, NVIDIA L4, 23034 MiB, 0 MiB, 22646 MiB, 0 %
2026/09/24 11:40:19.779, NVIDIA L4, 23034 MiB, 0 MiB, 22646 MiB, 0 %
2026/09/24 11:40:20.780, NVIDIA L4, 23034 MiB, 0 MiB, 22646 MiB, 0 %
2026/09/24 11:40:21.780, NVIDIA L4, 23034 MiB, 0 MiB, 22646 MiB, 0 %
2026/09/24 11:40:22.780, NVIDIA L4, 23034 MiB, 0 MiB, 22646 MiB, 0 %
2026/09/24 11:40:23.781, NVIDIA L4, 23034 MiB, 0 MiB, 22646 MiB, 0 %
2026/09/24 11:40:24.781, NVIDIA L4, 23034 MiB, 0 MiB, 22646 MiB, 0 %
2026/09/24 11:40:25.781, NVIDIA L4, 23034 MiB, 0 MiB, 22646 MiB, 0 %
2026/09/24 11:40:26.782, NVIDIA L4, 23034 MiB, 0 MiB, 22646 MiB, 0 %
2026/09/24 11:40:27.782, NVIDIA L4, 23034 MiB, 0 MiB, 22646 MiB, 0 %
2026/09/24 11:40:28.783, NVIDIA L4, 23034 MiB, 0 MiB, 22646 MiB, 0 %
2026/09/24 11:40:29.783, NVIDIA L4, 23034 MiB, 0 MiB, 22646 MiB, 0 %
2026/09/24 11:40:30.783, NVIDIA L4, 23034 MiB, 0 MiB, 22646 MiB, 0 %
2026/09/24 11:40:31.784, NVIDIA L4, 23034 MiB, 0 MiB, 22646 MiB, 0 %
2026/09/24 11:40:32.784, NVIDIA L4, 23034 MiB, 0 MiB, 22646 MiB, 0 %
2026/09/24 11:40:33.784, NVIDIA L4, 23034 MiB, 0 MiB, 22646 MiB, 0 %
2026/09/24 11:40:34.785, NVIDIA L4, 23034 MiB, 0 MiB, 22646 MiB, 0 %
2026/09/24 11:40:35.785, NVIDIA L4, 23034 MiB, 0 MiB, 22646 MiB, 0 %
2026/09/24 11:40:36.785, NVIDIA L4, 23034 MiB, 0 MiB, 22646 MiB, 0 %
2026/09/24 11:40:37.786, NVIDIA L4, 23034 MiB, 0 MiB, 22646 MiB, 0 %
2026/09/24 11:40:38.786, NVIDIA L4, 23034 MiB, 0 MiB, 22646 MiB, 0 %
2026/09/24 11:40:39.786, NVIDIA L4, 23034 MiB, 0 MiB, 22646 MiB, 0 %
2026/09/24 11:40:40.787, NVIDIA L4, 23034 MiB, 0 MiB, 22646 MiB, 0 %
2026/09/24 11:40:41.787, NVIDIA L4, 23034 MiB, 0 MiB, 22646 MiB, 0 %
2026/09/24 11:40:42.787, NVIDIA L4, 23034 MiB, 0 MiB, 22646 MiB, 0 %
2026/09/24 11:40:43.788, NVIDIA L4, 23034 MiB, 0 MiB, 22646 MiB, 0 %
2026/09/24 11:40:44.788, NVIDIA L4, 23034 MiB, 0 MiB, 22646 MiB, 0 %
2026/09/24 11:40:45.788, NVIDIA L4, 23034 MiB, 0 MiB, 22646 MiB, 0 %
2026/09/24 11:40:46.789, NVIDIA L4, 23034 MiB, 0 MiB, 22646 MiB, 0 %
2026/09/24 11:40:47.789, NVIDIA L4, 23034 MiB, 0 MiB, 22646 MiB, 0 %
2026/09/24 11:40:48.789, NVIDIA L4, 23034 MiB, 0 MiB, 22646 MiB, 0 %
2026/09/24 11:40:49.790, NVIDIA L4, 23034 MiB, 0 MiB, 22646 MiB, 0 %
2026/09/24 11:40:50.790, NVIDIA L4, 23034 MiB, 0 MiB, 22646 MiB, 0 %
2026/09/24 11:40:51.790, NVIDIA L4, 23034 MiB, 0 MiB, 22646 MiB, 0 %
2026/09/24 11:40:52.791, NVIDIA L4, 23034 MiB, 0 MiB, 22646 MiB, 0 %
2026/09/24 11:40:53.791, NVIDIA L4, 23034 MiB, 0 MiB, 22646 MiB, 0 %
2026/09/24 11:40:54.791, NVIDIA L4, 23034 MiB, 0 MiB, 22646 MiB, 0 %
2026/09/24 11:40:55.791, NVIDIA L4, 23034 MiB, 0 MiB, 22646 MiB, 0 %
2026/09/24 11:40:56.792, NVIDIA L4, 23034 MiB, 0 MiB, 22646 MiB, 0 %
2026/09/24 11:40:57.792, NVIDIA L4, 23034 MiB, 0 MiB, 22646 MiB, 0 %
2026/09/24 11:40:58.792, NVIDIA L4, 23034 MiB, 0 MiB, 22646 MiB, 0 %
2026/09/24 11:40:59.793, NVIDIA L4, 23034 MiB, 0 MiB, 22646 MiB, 0 %
2026/09/24 11:41:00.793, NVIDIA L4, 23034 MiB, 0 MiB, 22646 MiB, 0 %
2026/09/24 11:41:01.793, NVIDIA L4, 23034 MiB, 0 MiB, 22646 MiB, 0 %
2026/09/24 11:41:02.794, NVIDIA L4, 23034 MiB, 0 MiB, 22646 MiB, 0 %
2026/09/24 11:41:03.794, NVIDIA L4, 23034 MiB, 0 MiB, 22646 MiB, 0 %
2026/09/24 11:41:04.794, NVIDIA L4, 23034 MiB, 0 MiB, 22646 MiB, 0 %
2026/09/24 11:41:05.795, NVIDIA L4, 23034 MiB, 0 MiB, 22646 MiB, 0 %
2026/09/24 11:41:06.795, NVIDIA L4, 23034 MiB, 0 MiB, 22646 MiB, 0 %
2026/09/24 11:41:07.795, NVIDIA L4, 23034 MiB, 0 MiB, 22646 MiB, 0 %
2026/09/24 11:41:08.796, NVIDIA L4, 23034 MiB, 0 MiB, 22646 MiB, 0 %
2026/09/24 11:41:09.796, NVIDIA L4, 23034 MiB, 0 MiB, 22646 MiB, 0 %
2026/09/24 11:41:10.796, NVIDIA L4, 23034 MiB, 0 MiB, 22646 MiB, 0 %
2026/09/24 11:41:11.796, NVIDIA L4, 23034 MiB, 0 MiB, 22646 MiB, 0 %
2026/09/24 11:41:12.797, NVIDIA L4, 23034 MiB, 0 MiB, 22646 MiB, 0 %
2026/09/24 11:41:13.797, NVIDIA L4, 23034 MiB, 0 MiB, 22646 MiB, 0 %
2026/09/24 11:41:14.797, NVIDIA L4, 23034 MiB, 0 MiB, 22646 MiB, 0 %
2026/09/24 11:41:15.798, NVIDIA L4, 23034 MiB, 0 MiB, 22646 MiB, 0 %
2026/09/24 11:41:16.798, NVIDIA L4, 23034 MiB, 0 MiB, 22646 MiB, 0 %
2026/09/24 11:41:17.798, NVIDIA L4, 23034 MiB, 0 MiB, 22646 MiB, 0 %
2026/09/24 11:41:18.799, NVIDIA L4, 23034 MiB, 0 MiB, 22646 MiB, 0 %
2026/09/24 11:41:19.799, NVIDIA L4, 23034 MiB, 0 MiB, 22646 MiB, 0 %
2026/09/24 11:41:20.799, NVIDIA L4, 23034 MiB, 0 MiB, 22646 MiB, 0 %
2026/09/24 11:41:21.799, NVIDIA L4, 23034 MiB, 0 MiB, 22646 MiB, 0 %
2026/09/24 11:41:22.800, NVIDIA L4, 23034 MiB, 0 MiB, 22646 MiB, 0 %
2026/09/24 11:41:23.800, NVIDIA L4, 23034 MiB, 0 MiB, 22646 MiB, 0 %
2026/09/24 11:41:24.800, NVIDIA L4, 23034 MiB, 0 MiB, 22646 MiB, 0 %
2026/09/24 11:41:25.801, NVIDIA L4, 23034 MiB, 0 MiB, 22646 MiB, 0 %
2026/09/24 11:41:26.801, NVIDIA L4, 23034 MiB, 0 MiB, 22646 MiB, 0 %
2026/09/24 11:41:27.801, NVIDIA L4, 23034 MiB, 0 MiB, 22646 MiB, 0 %
2026/09/24 11:41:28.802, NVIDIA L4, 23034 MiB, 0 MiB, 22646 MiB, 0 %
2026/09/24 11:41:29.802, NVIDIA L4, 23034 MiB, 0 MiB, 22646 MiB, 0 %
2026/09/24 11:41:30.802, NVIDIA L4, 23034 MiB, 0 MiB, 22646 MiB, 0 %
2026/09/24 11:41:31.803, NVIDIA L4, 23034 MiB, 0 MiB, 22646 MiB, 0 %
2026/09/24 11:41:32.803, NVIDIA L4, 23034 MiB, 0 MiB, 22646 MiB, 0 %
2026/09/24 11:41:33.803, NVIDIA L4, 23034 MiB, 0 MiB, 22646 MiB, 0 %
2026/09/24 11:41:34.804, NVIDIA L4, 23034 MiB, 0 MiB, 22646 MiB, 0 %
2026/09/24 11:41:35.804, NVIDIA L4, 23034 MiB, 0 MiB, 22646 MiB, 0 %
2026/09/24 11:41:36.804, NVIDIA L4, 23034 MiB, 0 MiB, 22646 MiB, 0 %
2026/09/24 11:41:37.805, NVIDIA L4, 23034 MiB, 0 MiB, 22646 MiB, 0 %
2026/09/24 11:41:38.805, NVIDIA L4, 23034 MiB, 0 MiB, 22646 MiB, 0 %
2026/09/24 11:41:39.805, NVIDIA L4, 23034 MiB, 0 MiB, 22646 MiB, 0 %
2026/09/24 11:41:40.805, NVIDIA L4, 23034 MiB, 0 MiB, 22646 MiB, 0 %
2026/09/24 11:41:41.806, NVIDIA L4, 23034 MiB, 0 MiB, 22646 MiB, 0 %
2026/09/24 11:41:42.806, NVIDIA L4, 23034 MiB, 0 MiB, 22646 MiB, 0 %
2026/09/24 11:41:43.806, NVIDIA L4, 23034 MiB, 0 MiB, 22646 MiB, 0 %
2026/09/24 11:41:44.807, NVIDIA L4, 23034 MiB, 0 MiB, 22646 MiB, 0 %
2026/09/24 11:41:45.807, NVIDIA L4, 23034 MiB, 0 MiB, 22646 MiB, 0 %
2026/09/24 11:41:46.807, NVIDIA L4, 23034 MiB, 0 MiB, 22646 MiB, 0 %
2026/09/24 11:41:47.808, NVIDIA L4, 23034 MiB, 0 MiB, 22646 MiB, 0 %
2026/09/24 11:41:48.808, NVIDIA L4, 23034 MiB, 0 MiB, 22646 MiB, 0 %
2026/09/24 11:41:49.808, NVIDIA L4, 23034 MiB, 0 MiB, 22646 MiB, 0 %
2026/09/24 11:41:50.808, NVIDIA L4, 23034 MiB, 0 MiB, 22646 MiB, 0 %
2026/09/24 11:41:51.809, NVIDIA L4, 23034 MiB, 0 MiB, 22646 MiB, 0 %
2026/09/24 11:41:52.809, NVIDIA L4, 23034 MiB, 0 MiB, 22646 MiB, 0 %
2026/09/24 11:41:53.809, NVIDIA L4, 23034 MiB, 0 MiB, 22646 MiB, 0 %
2026/09/24 11:41:54.810, NVIDIA L4, 23034 MiB, 0 MiB, 22646 MiB, 0 %
2026/09/24 11:41:55.810, NVIDIA L4, 23034 MiB, 0 MiB, 22646 MiB, 0 %
2026/09/24 11:41:56.810, NVIDIA L4, 23034 MiB, 0 MiB, 22646 MiB, 0 %
2026/09/24 11:41:57.811, NVIDIA L4, 23034 MiB, 0 MiB, 22646 MiB, 0 %
2026/09/24 11:41:58.811, NVIDIA L4, 23034 MiB, 0 MiB, 22646 MiB, 0 %
2026/09/24 11:41:59.811, NVIDIA L4, 23034 MiB, 0 MiB, 22646 MiB, 0 %
2026/09/24 11:42:00.812, NVIDIA L4, 23034 MiB, 0 MiB, 22646 MiB, 0 %
2026/09/24 11:42:01.812, NVIDIA L4, 23034 MiB, 0 MiB, 22646 MiB, 0 %
2026/09/24 11:42:02.812, NVIDIA L4, 23034 MiB, 0 MiB, 22646 MiB, 0 %
2026/09/24 11:42:03.813, NVIDIA L4, 23034 MiB, 0 MiB, 22646 MiB, 0 %
2026/09/24 11:42:04.813, NVIDIA L4, 23034 MiB, 0 MiB, 22646 MiB, 0 %
2026/09/24 11:42:05.813, NVIDIA L4, 23034 MiB, 0 MiB, 22646 MiB, 0 %
2026/09/24 11:42:06.814, NVIDIA L4, 23034 MiB, 0 MiB, 22646 MiB, 0 %
2026/09/24 11:42:07.814, NVIDIA L4, 23034 MiB, 0 MiB, 22646 MiB, 0 %
2026/09/24 11:42:08.814, NVIDIA L4, 23034 MiB, 0 MiB, 22646 MiB, 0 %
2026/09/24 11:42:09.815, NVIDIA L4, 23034 MiB, 0 MiB, 22646 MiB, 0 %
2026/09/24 11:42:10.815, NVIDIA L4, 23034 MiB, 0 MiB, 22646 MiB, 0 %
2026/09/24 11:42:11.815, NVIDIA L4, 23034 MiB, 0 MiB, 22646 MiB, 0 %
2026/09/24 11:42:12.816, NVIDIA L4, 23034 MiB, 0 MiB, 22646 MiB, 0 %
2026/09/24 11:42:13.816, NVIDIA L4, 23034 MiB, 0 MiB, 22646 MiB, 0 %
2026/09/24 11:42:14.816, NVIDIA L4, 23034 MiB, 0 MiB, 22646 MiB, 0 %
2026/09/24 11:42:15.817, NVIDIA L4, 23034 MiB, 0 MiB, 22646 MiB, 0 %
2026/09/24 11:42:16.817, NVIDIA L4, 23034 MiB, 0 MiB, 22646 MiB, 0 %
2026/09/24 11:42:17.817, NVIDIA L4, 23034 MiB, 0 MiB, 22646 MiB, 0 %
2026/09/24 11:42:18.817, NVIDIA L4, 23034 MiB, 0 MiB, 22646 MiB, 0 %
2026/09/24 11:42:19.818, NVIDIA L4, 23034 MiB, 0 MiB, 22646 MiB, 0 %
2026/09/24 11:42:20.818, NVIDIA L4, 23034 MiB, 0 MiB, 22646 MiB, 0 %
2026/09/24 11:42:21.818, NVIDIA L4, 23034 MiB, 0 MiB, 22646 MiB, 0 %
2026/09/24 11:42:22.819, NVIDIA L4, 23034 MiB, 0 MiB, 22646 MiB, 0 %
2026/09/24 11:42:23.819, NVIDIA L4, 23034 MiB, 0 MiB, 22646 MiB, 0 %
2026/09/24 11:42:24.819, NVIDIA L4, 23034 MiB, 0 MiB, 22646 MiB, 0 %
2026/09/24 11:42:25.820, NVIDIA L4, 23034 MiB, 0 MiB, 22646 MiB, 0 %
2026/09/24 11:42:26.820, NVIDIA L4, 23034 MiB, 0 MiB, 22646 MiB, 0 %
2026/09/24 11:42:27.820, NVIDIA L4, 23034 MiB, 0 MiB, 22646 MiB, 0 %
2026/09/24 11:42:28.821, NVIDIA L4, 23034 MiB, 0 MiB, 22646 MiB, 0 %
2026/09/24 11:42:29.821, NVIDIA L4, 23034 MiB, 0 MiB, 22646 MiB, 0 %
2026/09/24 11:42:30.821, NVIDIA L4, 23034 MiB, 0 MiB, 22646 MiB, 0 %
2026/09/24 11:42:31.822, NVIDIA L4, 23034 MiB, 0 MiB, 22646 MiB, 0 %
2026/09/24 11:42:32.823, NVIDIA L4, 23034 MiB, 0 MiB, 22646 MiB, 0 %
2026/09/24 11:42:33.823, NVIDIA L4, 23034 MiB, 0 MiB, 22646 MiB, 0 %
2026/09/24 11:42:34.824, NVIDIA L4, 23034 MiB, 0 MiB, 22646 MiB, 0 %
2026/09/24 11:42:35.824, NVIDIA L4, 23034 MiB, 0 MiB, 22646 MiB, 0 %
2026/09/24 11:42:36.824, NVIDIA L4, 23034 MiB, 0 MiB, 22646 MiB, 0 %
2026/09/24 11:42:37.825, NVIDIA L4, 23034 MiB, 0 MiB, 22646 MiB, 0 %
2026/09/24 11:42:38.825, NVIDIA L4, 23034 MiB, 0 MiB, 22646 MiB, 0 %
2026/09/24 11:42:39.825, NVIDIA L4, 23034 MiB, 0 MiB, 22646 MiB, 0 %
2026/09/24 11:42:40.826, NVIDIA L4, 23034 MiB, 0 MiB, 22646 MiB, 0 %
2026/09/24 11:42:41.826, NVIDIA L4, 23034 MiB, 0 MiB, 22646 MiB, 0 %
2026/09/24 11:42:42.826, NVIDIA L4, 23034 MiB, 0 MiB, 22646 MiB, 0 %
2026/09/24 11:42:43.827, NVIDIA L4, 23034 MiB, 0 MiB, 22646 MiB, 0 %
2026/09/24 11:42:44.827, NVIDIA L4, 23034 MiB, 0 MiB, 22646 MiB, 0 %
2026/09/24 11:42:45.827, NVIDIA L4, 23034 MiB, 0 MiB, 22646 MiB, 0 %
2026/09/24 11:42:46.828, NVIDIA L4, 23034 MiB, 0 MiB, 22646 MiB, 0 %
2026/09/24 11:42:47.828, NVIDIA L4, 23034 MiB, 0 MiB, 22646 MiB, 0 %
2026/09/24 11:42:48.828, NVIDIA L4, 23034 MiB, 0 MiB, 22646 MiB, 0 %
2026/09/24 11:42:49.829, NVIDIA L4, 23034 MiB, 0 MiB, 22646 MiB, 0 %
2026/09/24 11:42:50.829, NVIDIA L4, 23034 MiB, 0 MiB, 22646 MiB, 0 %
2026/09/24 11:42:51.829, NVIDIA L4, 23034 MiB, 0 MiB, 22646 MiB, 0 %
2026/09/24 11:42:52.830, NVIDIA L4, 23034 MiB, 0 MiB, 22646 MiB, 0 %
2026/09/24 11:42:53.830, NVIDIA L4, 23034 MiB, 0 MiB, 22646 MiB, 0 %
2026/09/24 11:42:54.830, NVIDIA L4, 23034 MiB, 0 MiB, 22646 MiB, 0 %
2026/09/24 11:42:55.831, NVIDIA L4, 23034 MiB, 0 MiB, 22646 MiB, 0 %
2026/09/24 11:42:56.831, NVIDIA L4, 23034 MiB, 0 MiB, 22646 MiB, 0 %
2026/09/24 11:42:57.831, NVIDIA L4, 23034 MiB, 0 MiB, 22646 MiB, 0 %
2026/09/24 11:42:58.832, NVIDIA L4, 23034 MiB, 0 MiB, 22646 MiB, 0 %
2026/09/24 11:42:59.832, NVIDIA L4, 23034 MiB, 0 MiB, 22646 MiB, 0 %
2026/09/24 11:43:00.832, NVIDIA L4, 23034 MiB, 0 MiB, 22646 MiB, 0 %
2026/09/24 11:43:01.833, NVIDIA L4, 23034 MiB, 0 MiB, 22646 MiB, 0 %
2026/09/24 11:43:02.833, NVIDIA L4, 23034 MiB, 0 MiB, 22646 MiB, 0 %
2026/09/24 11:43:03.833, NVIDIA L4, 23034 MiB, 0 MiB, 22646 MiB, 0 %
2026/09/24 11:43:04.834, NVIDIA L4, 23034 MiB, 0 MiB, 22646 MiB, 0 %
2026/09/24 11:43:05.834, NVIDIA L4, 23034 MiB, 0 MiB, 22646 MiB, 0 %
2026/09/24 11:43:06.834, NVIDIA L4, 23034 MiB, 0 MiB, 22646 MiB, 0 %
2026/09/24 11:43:07.835, NVIDIA L4, 23034 MiB, 0 MiB, 22646 MiB, 0 %
2026/09/24 11:43:08.835, NVIDIA L4, 23034 MiB, 0 MiB, 22646 MiB, 0 %
2026/09/24 11:43:09.835, NVIDIA L4, 23034 MiB, 0 MiB, 22646 MiB, 0 %
2026/09/24 11:43:10.835, NVIDIA L4, 23034 MiB, 0 MiB, 22646 MiB, 0 %
2026/09/24 11:43:11.836, NVIDIA L4, 23034 MiB, 0 MiB, 22646 MiB, 0 %
2026/09/24 11:43:12.836, NVIDIA L4, 23034 MiB, 0 MiB, 22646 MiB, 0 %
2026/09/24 11:43:13.837, NVIDIA L4, 23034 MiB, 0 MiB, 22646 MiB, 0 %
2026/09/24 11:43:14.837, NVIDIA L4, 23034 MiB, 0 MiB, 22646 MiB, 0 %
2026/09/24 11:43:15.837, NVIDIA L4, 23034 MiB, 0 MiB, 22646 MiB, 0 %
2026/09/24 11:43:16.838, NVIDIA L4, 23034 MiB, 0 MiB, 22646 MiB, 0 %
2026/09/24 11:43:17.838, NVIDIA L4, 23034 MiB, 0 MiB, 22646 MiB, 0 %
2026/09/24 11:43:18.838, NVIDIA L4, 23034 MiB, 0 MiB, 22646 MiB, 0 %
2026/09/24 11:43:19.838, NVIDIA L4, 23034 MiB, 0 MiB, 22646 MiB, 0 %
2026/09/24 11:43:20.839, NVIDIA L4, 23034 MiB, 0 MiB, 22646 MiB, 0 %
2026/09/24 11:43:21.839, NVIDIA L4, 23034 MiB, 0 MiB, 22646 MiB, 0 %
2026/09/24 11:43:22.839, NVIDIA L4, 23034 MiB, 0 MiB, 22646 MiB, 0 %
2026/09/24 11:43:23.840, NVIDIA L4, 23034 MiB, 0 MiB, 22646 MiB, 0 %
2026/09/24 11:43:24.840, NVIDIA L4, 23034 MiB, 0 MiB, 22646 MiB, 0 %
2026/09/24 11:43:25.840, NVIDIA L4, 23034 MiB, 0 MiB, 22646 MiB, 0 %
2026/09/24 11:43:26.841, NVIDIA L4, 23034 MiB, 0 MiB, 22646 MiB, 0 %
2026/09/24 11:43:27.841, NVIDIA L4, 23034 MiB, 0 MiB, 22646 MiB, 0 %
2026/09/24 11:43:28.841, NVIDIA L4, 23034 MiB, 0 MiB, 22646 MiB, 0 %
2026/09/24 11:43:29.842, NVIDIA L4, 23034 MiB, 0 MiB, 22646 MiB, 0 %
2026/09/24 11:43:30.842, NVIDIA L4, 23034 MiB, 0 MiB, 22646 MiB, 0 %
2026/09/24 11:43:31.842, NVIDIA L4, 23034 MiB, 0 MiB, 22646 MiB, 0 %
2026/09/24 11:43:32.843, NVIDIA L4, 23034 MiB, 0 MiB, 22646 MiB, 0 %
2026/09/24 11:43:33.843, NVIDIA L4, 23034 MiB, 0 MiB, 22646 MiB, 0 %
2026/09/24 11:43:34.844, NVIDIA L4, 23034 MiB, 0 MiB, 22646 MiB, 0 %
2026/09/24 11:43:35.844, NVIDIA L4, 23034 MiB, 0 MiB, 22646 MiB, 0 %
2026/09/24 11:43:36.844, NVIDIA L4, 23034 MiB, 0 MiB, 22646 MiB, 0 %
2026/09/24 11:43:37.844, NVIDIA L4, 23034 MiB, 0 MiB, 22646 MiB, 0 %
2026/09/24 11:43:38.845, NVIDIA L4, 23034 MiB, 0 MiB, 22646 MiB, 0 %
2026/09/24 11:43:39.845, NVIDIA L4, 23034 MiB, 0 MiB, 22646 MiB, 0 %
2026/09/24 11:43:40.845, NVIDIA L4, 23034 MiB, 0 MiB, 22646 MiB, 0 %
2026/09/24 11:43:41.846, NVIDIA L4, 23034 MiB, 0 MiB, 22646 MiB, 0 %
2026/09/24 11:43:42.846, NVIDIA L4, 23034 MiB, 0 MiB, 22646 MiB, 0 %
2026/09/24 11:43:43.846, NVIDIA L4, 23034 MiB, 0 MiB, 22646 MiB, 0 %
2026/09/24 11:43:44.847, NVIDIA L4, 23034 MiB, 0 MiB, 22646 MiB, 0 %
2026/09/24 11:43:45.847, NVIDIA L4, 23034 MiB, 0 MiB, 22646 MiB, 0 %
2026/09/24 11:43:46.847, NVIDIA L4, 23034 MiB, 0 MiB, 22646 MiB, 0 %
2026/09/24 11:43:47.848, NVIDIA L4, 23034 MiB, 0 MiB, 22646 MiB, 0 %
2026/09/24 11:43:48.848, NVIDIA L4, 23034 MiB, 0 MiB, 22646 MiB, 0 %
2026/09/24 11:43:49.848, NVIDIA L4, 23034 MiB, 0 MiB, 22646 MiB, 0 %
2026/09/24 11:43:50.849, NVIDIA L4, 23034 MiB, 0 MiB, 22646 MiB, 0 %
2026/09/24 11:43:51.849, NVIDIA L4, 23034 MiB, 0 MiB, 22646 MiB, 0 %
2026/09/24 11:43:52.849, NVIDIA L4, 23034 MiB, 0 MiB, 22646 MiB, 0 %
2026/09/24 11:43:53.850, NVIDIA L4, 23034 MiB, 0 MiB, 22646 MiB, 0 %
2026/09/24 11:43:54.850, NVIDIA L4, 23034 MiB, 0 MiB, 22646 MiB, 0 %
2026/09/24 11:43:55.850, NVIDIA L4, 23034 MiB, 0 MiB, 22646 MiB, 0 %
2026/09/24 11:43:56.851, NVIDIA L4, 23034 MiB, 0 MiB, 22646 MiB, 0 %
2026/09/24 11:43:57.851, NVIDIA L4, 23034 MiB, 0 MiB, 22646 MiB, 0 %
2026/09/24 11:43:58.851, NVIDIA L4, 23034 MiB, 0 MiB, 22646 MiB, 0 %
2026/09/24 11:43:59.852, NVIDIA L4, 23034 MiB, 0 MiB, 22646 MiB, 0 %
2026/09/24 11:44:00.852, NVIDIA L4, 23034 MiB, 0 MiB, 22646 MiB, 0 %
2026/09/24 11:44:01.852, NVIDIA L4, 23034 MiB, 0 MiB, 22646 MiB, 0 %
2026/09/24 11:44:02.852, NVIDIA L4, 23034 MiB, 0 MiB, 22646 MiB, 0 %
2026/09/24 11:44:03.853, NVIDIA L4, 23034 MiB, 0 MiB, 22646 MiB, 0 %
2026/09/24 11:44:04.853, NVIDIA L4, 23034 MiB, 0 MiB, 22646 MiB, 0 %
2026/09/24 11:44:05.854, NVIDIA L4, 23034 MiB, 0 MiB, 22646 MiB, 0 %
2026/09/24 11:44:06.854, NVIDIA L4, 23034 MiB, 0 MiB, 22646 MiB, 0 %
2026/09/24 11:44:07.854, NVIDIA L4, 23034 MiB, 0 MiB, 22646 MiB, 0 %
2026/09/24 11:44:08.854, NVIDIA L4, 23034 MiB, 0 MiB, 22646 MiB, 0 %
2026/09/24 11:44:09.855, NVIDIA L4, 23034 MiB, 0 MiB, 22646 MiB, 0 %
2026/09/24 11:44:10.855, NVIDIA L4, 23034 MiB, 0 MiB, 22646 MiB, 0 %
2026/09/24 11:44:11.855, NVIDIA L4, 23034 MiB, 0 MiB, 22646 MiB, 0 %
2026/09/24 11:44:12.856, NVIDIA L4, 23034 MiB, 0 MiB, 22646 MiB, 0 %
2026/09/24 11:44:13.856, NVIDIA L4, 23034 MiB, 0 MiB, 22646 MiB, 0 %
2026/09/24 11:44:14.856, NVIDIA L4, 23034 MiB, 0 MiB, 22646 MiB, 0 %
2026/09/24 11:44:15.857, NVIDIA L4, 23034 MiB, 0 MiB, 22646 MiB, 0 %
2026/09/24 11:44:16.857, NVIDIA L4, 23034 MiB, 0 MiB, 22646 MiB, 0 %
2026/09/24 11:44:17.857, NVIDIA L4, 23034 MiB, 0 MiB, 22646 MiB, 0 %
2026/09/24 11:44:18.858, NVIDIA L4, 23034 MiB, 0 MiB, 22646 MiB, 0 %
2026/09/24 11:44:19.858, NVIDIA L4, 23034 MiB, 0 MiB, 22646 MiB, 0 %
2026/09/24 11:44:20.858, NVIDIA L4, 23034 MiB, 0 MiB, 22646 MiB, 0 %
2026/09/24 11:44:21.859, NVIDIA L4, 23034 MiB, 0 MiB, 22646 MiB, 0 %
2026/09/24 11:44:22.859, NVIDIA L4, 23034 MiB, 0 MiB, 22646 MiB, 0 %
2026/09/24 11:44:23.859, NVIDIA L4, 23034 MiB, 0 MiB, 22646 MiB, 0 %
2026/09/24 11:44:24.860, NVIDIA L4, 23034 MiB, 0 MiB, 22646 MiB, 0 %
2026/09/24 11:44:25.860, NVIDIA L4, 23034 MiB, 0 MiB, 22646 MiB, 0 %
2026/09/24 11:44:26.860, NVIDIA L4, 23034 MiB, 0 MiB, 22646 MiB, 0 %
2026/09/24 11:44:27.861, NVIDIA L4, 23034 MiB, 0 MiB, 22646 MiB, 0 %
2026/09/24 11:44:28.861, NVIDIA L4, 23034 MiB, 0 MiB, 22646 MiB, 0 %
2026/09/24 11:44:29.861, NVIDIA L4, 23034 MiB, 0 MiB, 22646 MiB, 0 %
2026/09/24 11:44:30.861, NVIDIA L4, 23034 MiB, 0 MiB, 22646 MiB, 0 %
2026/09/24 11:44:31.862, NVIDIA L4, 23034 MiB, 0 MiB, 22646 MiB, 0 %
2026/09/24 11:44:32.862, NVIDIA L4, 23034 MiB, 0 MiB, 22646 MiB, 0 %
2026/09/24 11:44:33.862, NVIDIA L4, 23034 MiB, 0 MiB, 22646 MiB, 0 %
2026/09/24 11:44:34.863, NVIDIA L4, 23034 MiB, 0 MiB, 22646 MiB, 0 %
2026/09/24 11:44:35.863, NVIDIA L4, 23034 MiB, 0 MiB, 22646 MiB, 0 %
2026/09/24 11:44:36.863, NVIDIA L4, 23034 MiB, 0 MiB, 22646 MiB, 0 %
2026/09/24 11:44:37.864, NVIDIA L4, 23034 MiB, 0 MiB, 22646 MiB, 0 %
2026/09/24 11:44:38.864, NVIDIA L4, 23034 MiB, 0 MiB, 22646 MiB, 0 %
2026/09/24 11:44:39.864, NVIDIA L4, 23034 MiB, 0 MiB, 22646 MiB, 0 %
2026/09/24 11:44:40.865, NVIDIA L4, 23034 MiB, 0 MiB, 22646 MiB, 0 %
2026/09/24 11:44:41.865, NVIDIA L4, 23034 MiB, 0 MiB, 22646 MiB, 0 %
2026/09/24 11:44:42.865, NVIDIA L4, 23034 MiB, 0 MiB, 22646 MiB, 0 %
2026/09/24 11:44:43.866, NVIDIA L4, 23034 MiB, 0 MiB, 22646 MiB, 0 %
2026/09/24 11:44:44.866, NVIDIA L4, 23034 MiB, 0 MiB, 22646 MiB, 0 %
2026/09/24 11:44:45.866, NVIDIA L4, 23034 MiB, 0 MiB, 22646 MiB, 0 %
2026/09/24 11:44:46.867, NVIDIA L4, 23034 MiB, 0 MiB, 22646 MiB, 0 %
2026/09/24 11:44:47.867, NVIDIA L4, 23034 MiB, 0 MiB, 22646 MiB, 0 %
2026/09/24 11:44:48.867, NVIDIA L4, 23034 MiB, 0 MiB, 22646 MiB, 0 %
2026/09/24 11:44:49.867, NVIDIA L4, 23034 MiB, 0 MiB, 22646 MiB, 0 %
2026/09/24 11:44:50.868, NVIDIA L4, 23034 MiB, 0 MiB, 22646 MiB, 0 %
2026/09/24 11:44:51.868, NVIDIA L4, 23034 MiB, 0 MiB, 22646 MiB, 0 %
2026/09/24 11:44:52.868, NVIDIA L4, 23034 MiB, 0 MiB, 22646 MiB, 0 %
2026/09/24 11:44:53.869, NVIDIA L4, 23034 MiB, 0 MiB, 22646 MiB, 0 %
2026/09/24 11:44:54.869, NVIDIA L4, 23034 MiB, 0 MiB, 22646 MiB, 0 %
2026/09/24 11:44:55.869, NVIDIA L4, 23034 MiB, 0 MiB, 22646 MiB, 0 %
2026/09/24 11:44:56.869, NVIDIA L4, 23034 MiB, 0 MiB, 22646 MiB, 0 %
2026/09/24 11:44:57.870, NVIDIA L4, 23034 MiB, 0 MiB, 22646 MiB, 0 %
2026/09/24 11:44:58.870, NVIDIA L4, 23034 MiB, 0 MiB, 22646 MiB, 0 %
2026/09/24 11:44:59.870, NVIDIA L4, 23034 MiB, 0 MiB, 22646 MiB, 0 %
2026/09/24 11:45:00.871, NVIDIA L4, 23034 MiB, 0 MiB, 22646 MiB, 0 %
2026/09/24 11:45:01.871, NVIDIA L4, 23034 MiB, 0 MiB, 22646 MiB, 0 %
2026/09/24 11:45:02.871, NVIDIA L4, 23034 MiB, 0 MiB, 22646 MiB, 0 %
2026/09/24 11:45:03.871, NVIDIA L4, 23034 MiB, 0 MiB, 22646 MiB, 0 %
2026/09/24 11:45:04.872, NVIDIA L4, 23034 MiB, 0 MiB, 22646 MiB, 0 %
2026/09/24 11:45:05.872, NVIDIA L4, 23034 MiB, 0 MiB, 22646 MiB, 0 %
2026/09/24 11:45:06.872, NVIDIA L4, 23034 MiB, 0 MiB, 22646 MiB, 0 %
2026/09/24 11:45:07.873, NVIDIA L4, 23034 MiB, 0 MiB, 22646 MiB, 0 %
2026/09/24 11:45:08.873, NVIDIA L4, 23034 MiB, 0 MiB, 22646 MiB, 0 %
2026/09/24 11:45:09.873, NVIDIA L4, 23034 MiB, 0 MiB, 22646 MiB, 0 %
2026/09/24 11:45:10.874, NVIDIA L4, 23034 MiB, 0 MiB, 22646 MiB, 0 %
2026/09/24 11:45:11.874, NVIDIA L4, 23034 MiB, 0 MiB, 22646 MiB, 0 %
2026/09/24 11:45:12.874, NVIDIA L4, 23034 MiB, 0 MiB, 22646 MiB, 0 %
2026/09/24 11:45:13.874, NVIDIA L4, 23034 MiB, 0 MiB, 22646 MiB, 0 %
2026/09/24 11:45:14.875, NVIDIA L4, 23034 MiB, 0 MiB, 22646 MiB, 0 %
2026/09/24 11:45:15.875, NVIDIA L4, 23034 MiB, 0 MiB, 22646 MiB, 0 %
2026/09/24 11:45:16.875, NVIDIA L4, 23034 MiB, 0 MiB, 22646 MiB, 0 %
2026/09/24 11:45:17.876, NVIDIA L4, 23034 MiB, 0 MiB, 22646 MiB, 0 %
2026/09/24 11:45:18.876, NVIDIA L4, 23034 MiB, 0 MiB, 22646 MiB, 0 %
2026/09/24 11:45:19.876, NVIDIA L4, 23034 MiB, 0 MiB, 22646 MiB, 0 %
2026/09/24 11:45:20.876, NVIDIA L4, 23034 MiB, 0 MiB, 22646 MiB, 0 %
2026/09/24 11:45:21.877, NVIDIA L4, 23034 MiB, 0 MiB, 22646 MiB, 0 %
2026/09/24 11:45:22.877, NVIDIA L4, 23034 MiB, 0 MiB, 22646 MiB, 0 %
2026/09/24 11:45:23.877, NVIDIA L4, 23034 MiB, 0 MiB, 22646 MiB, 0 %
2026/09/24 11:45:24.878, NVIDIA L4, 23034 MiB, 0 MiB, 22646 MiB, 0 %
2026/09/24 11:45:25.878, NVIDIA L4, 23034 MiB, 0 MiB, 22646 MiB, 0 %
2026/09/24 11:45:26.878, NVIDIA L4, 23034 MiB, 0 MiB, 22646 MiB, 0 %
2026/09/24 11:45:27.879, NVIDIA L4, 23034 MiB, 0 MiB, 22646 MiB, 0 %
2026/09/24 11:45:28.879, NVIDIA L4, 23034 MiB, 0 MiB, 22646 MiB, 0 %
2026/09/24 11:45:29.879, NVIDIA L4, 23034 MiB, 0 MiB, 22646 MiB, 0 %
2026/09/24 11:45:30.879, NVIDIA L4, 23034 MiB, 0 MiB, 22646 MiB, 0 %
2026/09/24 11:45:31.880, NVIDIA L4, 23034 MiB, 0 MiB, 22646 MiB, 0 %
2026/09/24 11:45:32.880, NVIDIA L4, 23034 MiB, 0 MiB, 22646 MiB, 0 %
2026/09/24 11:45:33.880, NVIDIA L4, 23034 MiB, 0 MiB, 22646 MiB, 0 %
2026/09/24 11:45:34.881, NVIDIA L4, 23034 MiB, 0 MiB, 22646 MiB, 0 %
2026/09/24 11:45:35.881, NVIDIA L4, 23034 MiB, 0 MiB, 22646 MiB, 0 %
2026/09/24 11:45:36.881, NVIDIA L4, 23034 MiB, 0 MiB, 22646 MiB, 0 %
2026/09/24 11:45:37.882, NVIDIA L4, 23034 MiB, 0 MiB, 22646 MiB, 0 %
2026/09/24 11:45:38.882, NVIDIA L4, 23034 MiB, 0 MiB, 22646 MiB, 0 %
2026/09/24 11:45:39.882, NVIDIA L4, 23034 MiB, 0 MiB, 22646 MiB, 0 %
2026/09/24 11:45:40.883, NVIDIA L4, 23034 MiB, 0 MiB, 22646 MiB, 0 %
2026/09/24 11:45:41.883, NVIDIA L4, 23034 MiB, 0 MiB, 22646 MiB, 0 %
2026/09/24 11:45:42.883, NVIDIA L4, 23034 MiB, 0 MiB, 22646 MiB, 0 %
2026/09/24 11:45:43.883, NVIDIA L4, 23034 MiB, 0 MiB, 22646 MiB, 0 %
2026/09/24 11:45:44.884, NVIDIA L4, 23034 MiB, 0 MiB, 22646 MiB, 0 %
2026/09/24 11:45:45.884, NVIDIA L4, 23034 MiB, 0 MiB, 22646 MiB, 0 %
2026/09/24 11:45:46.884, NVIDIA L4, 23034 MiB, 0 MiB, 22646 MiB, 0 %
2026/09/24 11:45:47.885, NVIDIA L4, 23034 MiB, 0 MiB, 22646 MiB, 0 %
2026/09/24 11:45:48.885, NVIDIA L4, 23034 MiB, 0 MiB, 22646 MiB, 0 %
2026/09/24 11:45:49.885, NVIDIA L4, 23034 MiB, 0 MiB, 22646 MiB, 0 %
2026/09/24 11:45:50.886, NVIDIA L4, 23034 MiB, 0 MiB, 22646 MiB, 0 %
2026/09/24 11:45:51.886, NVIDIA L4, 23034 MiB, 0 MiB, 22646 MiB, 0 %
2026/09/24 11:45:52.886, NVIDIA L4, 23034 MiB, 0 MiB, 22646 MiB, 0 %
2026/09/24 11:45:53.887, NVIDIA L4, 23034 MiB, 0 MiB, 22646 MiB, 0 %
2026/09/24 11:45:54.887, NVIDIA L4, 23034 MiB, 0 MiB, 22646 MiB, 0 %
2026/09/24 11:45:55.887, NVIDIA L4, 23034 MiB, 0 MiB, 22646 MiB, 0 %
2026/09/24 11:45:56.888, NVIDIA L4, 23034 MiB, 0 MiB, 22646 MiB, 0 %
2026/09/24 11:45:57.888, NVIDIA L4, 23034 MiB, 0 MiB, 22646 MiB, 0 %
2026/09/24 11:45:58.888, NVIDIA L4, 23034 MiB, 0 MiB, 22646 MiB, 0 %
2026/09/24 11:45:59.889, NVIDIA L4, 23034 MiB, 0 MiB, 22646 MiB, 0 %
2026/09/24 11:46:00.889, NVIDIA L4, 23034 MiB, 0 MiB, 22646 MiB, 0 %
2026/09/24 11:46:01.889, NVIDIA L4, 23034 MiB, 0 MiB, 22646 MiB, 0 %
2026/09/24 11:46:02.890, NVIDIA L4, 23034 MiB, 0 MiB, 22646 MiB, 0 %
2026/09/24 11:46:03.890, NVIDIA L4, 23034 MiB, 0 MiB, 22646 MiB, 0 %
2026/09/24 11:46:04.890, NVIDIA L4, 23034 MiB, 0 MiB, 22646 MiB, 0 %
2026/09/24 11:46:05.890, NVIDIA L4, 23034 MiB, 0 MiB, 22646 MiB, 0 %
2026/09/24 11:46:06.891, NVIDIA L4, 23034 MiB, 0 MiB, 22646 MiB, 0 %
2026/09/24 11:46:07.891, NVIDIA L4, 23034 MiB, 0 MiB, 22646 MiB, 0 %
2026/09/24 11:46:08.891, NVIDIA L4, 23034 MiB, 0 MiB, 22646 MiB, 0 %
2026/09/24 11:46:09.892, NVIDIA L4, 23034 MiB, 0 MiB, 22646 MiB, 0 %
2026/09/24 11:46:10.892, NVIDIA L4, 23034 MiB, 0 MiB, 22646 MiB, 0 %
2026/09/24 11:46:11.892, NVIDIA L4, 23034 MiB, 0 MiB, 22646 MiB, 0 %
2026/09/24 11:46:12.893, NVIDIA L4, 23034 MiB, 0 MiB, 22646 MiB, 0 %
2026/09/24 11:46:13.893, NVIDIA L4, 23034 MiB, 0 MiB, 22646 MiB, 0 %
2026/09/24 11:46:14.893, NVIDIA L4, 23034 MiB, 0 MiB, 22646 MiB, 0 %
2026/09/24 11:46:15.894, NVIDIA L4, 23034 MiB, 0 MiB, 22646 MiB, 0 %
2026/09/24 11:46:16.894, NVIDIA L4, 23034 MiB, 0 MiB, 22646 MiB, 0 %
2026/09/24 11:46:17.894, NVIDIA L4, 23034 MiB, 0 MiB, 22646 MiB, 0 %
2026/09/24 11:46:18.894, NVIDIA L4, 23034 MiB, 0 MiB, 22646 MiB, 0 %
2026/09/24 11:46:19.895, NVIDIA L4, 23034 MiB, 0 MiB, 22646 MiB, 0 %
2026/09/24 11:46:20.895, NVIDIA L4, 23034 MiB, 0 MiB, 22646 MiB, 0 %
2026/09/24 11:46:21.895, NVIDIA L4, 23034 MiB, 0 MiB, 22646 MiB, 0 %
2026/09/24 11:46:22.896, NVIDIA L4, 23034 MiB, 0 MiB, 22646 MiB, 0 %
2026/09/24 11:46:23.896, NVIDIA L4, 23034 MiB, 0 MiB, 22646 MiB, 0 %
2026/09/24 11:46:24.896, NVIDIA L4, 23034 MiB, 0 MiB, 22646 MiB, 0 %
2026/09/24 11:46:25.896, NVIDIA L4, 23034 MiB, 0 MiB, 22646 MiB, 0 %
2026/09/24 11:46:26.897, NVIDIA L4, 23034 MiB, 0 MiB, 22646 MiB, 0 %
2026/09/24 11:46:27.897, NVIDIA L4, 23034 MiB, 0 MiB, 22646 MiB, 0 %
2026/09/24 11:46:28.897, NVIDIA L4, 23034 MiB, 0 MiB, 22646 MiB, 0 %
2026/09/24 11:46:29.898, NVIDIA L4, 23034 MiB, 0 MiB, 22646 MiB, 0 %
2026/09/24 11:46:30.898, NVIDIA L4, 23034 MiB, 0 MiB, 22646 MiB, 0 %
2026/09/24 11:46:31.898, NVIDIA L4, 23034 MiB, 0 MiB, 22646 MiB, 0 %
2026/09/24 11:46:32.898, NVIDIA L4, 23034 MiB, 0 MiB, 22646 MiB, 0 %
2026/09/24 11:46:33.899, NVIDIA L4, 23034 MiB, 0 MiB, 22646 MiB, 0 %
2026/09/24 11:46:34.899, NVIDIA L4, 23034 MiB, 0 MiB, 22646 MiB, 0 %
2026/09/24 11:46:35.899, NVIDIA L4, 23034 MiB, 0 MiB, 22646 MiB, 0 %
2026/09/24 11:46:36.900, NVIDIA L4, 23034 MiB, 0 MiB, 22646 MiB, 0 %
2026/09/24 11:46:37.900, NVIDIA L4, 23034 MiB, 0 MiB, 22646 MiB, 0 %
2026/09/24 11:46:38.900, NVIDIA L4, 23034 MiB, 0 MiB, 22646 MiB, 0 %
2026/09/24 11:46:39.901, NVIDIA L4, 23034 MiB, 0 MiB, 22646 MiB, 0 %
2026/09/24 11:46:40.901, NVIDIA L4, 23034 MiB, 0 MiB, 22646 MiB, 0 %
2026/09/24 11:46:41.901, NVIDIA L4, 23034 MiB, 0 MiB, 22646 MiB, 0 %
2026/09/24 11:46:42.902, NVIDIA L4, 23034 MiB, 0 MiB, 22646 MiB, 0 %
2026/09/24 11:46:43.902, NVIDIA L4, 23034 MiB, 0 MiB, 22646 MiB, 0 %
2026/09/24 11:46:44.902, NVIDIA L4, 23034 MiB, 0 MiB, 22646 MiB, 0 %
2026/09/24 11:46:45.903, NVIDIA L4, 23034 MiB, 0 MiB, 22646 MiB, 0 %
2026/09/24 11:46:46.903, NVIDIA L4, 23034 MiB, 0 MiB, 22646 MiB, 0 %
2026/09/24 11:46:47.903, NVIDIA L4, 23034 MiB, 0 MiB, 22646 MiB, 0 %
2026/09/24 11:46:48.904, NVIDIA L4, 23034 MiB, 0 MiB, 22646 MiB, 0 %
2026/09/24 11:46:49.904, NVIDIA L4, 23034 MiB, 0 MiB, 22646 MiB, 0 %
2026/09/24 11:46:50.904, NVIDIA L4, 23034 MiB, 0 MiB, 22646 MiB, 0 %
2026/09/24 11:46:51.904, NVIDIA L4, 23034 MiB, 0 MiB, 22646 MiB, 0 %
2026/09/24 11:46:52.908, NVIDIA L4, 23034 MiB, 0 MiB, 22646 MiB, 0 %
2026/09/24 11:46:53.908, NVIDIA L4, 23034 MiB, 0 MiB, 22646 MiB, 0 %
2026/09/24 11:46:54.909, NVIDIA L4, 23034 MiB, 0 MiB, 22646 MiB, 0 %
2026/09/24 11:46:55.909, NVIDIA L4, 23034 MiB, 0 MiB, 22646 MiB, 0 %
2026/09/24 11:46:56.910, NVIDIA L4, 23034 MiB, 0 MiB, 22646 MiB, 0 %
2026/09/24 11:46:57.911, NVIDIA L4, 23034 MiB, 0 MiB, 22646 MiB, 0 %
2026/09/24 11:46:58.911, NVIDIA L4, 23034 MiB, 0 MiB, 22646 MiB, 0 %
2026/09/24 11:46:59.911, NVIDIA L4, 23034 MiB, 0 MiB, 22646 MiB, 0 %
2026/09/24 11:47:00.912, NVIDIA L4, 23034 MiB, 0 MiB, 22646 MiB, 0 %
2026/09/24 11:47:01.912, NVIDIA L4, 23034 MiB, 0 MiB, 22646 MiB, 0 %
2026/09/24 11:47:02.912, NVIDIA L4, 23034 MiB, 0 MiB, 22646 MiB, 0 %
2026/09/24 11:47:03.913, NVIDIA L4, 23034 MiB, 0 MiB, 22646 MiB, 0 %
2026/09/24 11:47:04.913, NVIDIA L4, 23034 MiB, 0 MiB, 22646 MiB, 0 %
2026/09/24 11:47:05.913, NVIDIA L4, 23034 MiB, 0 MiB, 22646 MiB, 0 %
2026/09/24 11:47:06.914, NVIDIA L4, 23034 MiB, 0 MiB, 22646 MiB, 0 %
2026/09/24 11:47:07.914, NVIDIA L4, 23034 MiB, 0 MiB, 22646 MiB, 0 %
2026/09/24 11:47:08.914, NVIDIA L4, 23034 MiB, 0 MiB, 22646 MiB, 0 %
2026/09/24 11:47:09.914, NVIDIA L4, 23034 MiB, 0 MiB, 22646 MiB, 0 %
2026/09/24 11:47:10.915, NVIDIA L4, 23034 MiB, 0 MiB, 22646 MiB, 0 %
2026/09/24 11:47:11.915, NVIDIA L4, 23034 MiB, 0 MiB, 22646 MiB, 0 %
2026/09/24 11:47:12.915, NVIDIA L4, 23034 MiB, 0 MiB, 22646 MiB, 0 %
2026/09/24 11:47:13.916, NVIDIA L4, 23034 MiB, 0 MiB, 22646 MiB, 0 %
2026/09/24 11:47:14.916, NVIDIA L4, 23034 MiB, 0 MiB, 22646 MiB, 0 %
2026/09/24 11:47:15.916, NVIDIA L4, 23034 MiB, 0 MiB, 22646 MiB, 0 %
2026/09/24 11:47:16.917, NVIDIA L4, 23034 MiB, 0 MiB, 22646 MiB, 0 %
2026/09/24 11:47:17.917, NVIDIA L4, 23034 MiB, 0 MiB, 22646 MiB, 0 %
2026/09/24 11:47:18.917, NVIDIA L4, 23034 MiB, 0 MiB, 22646 MiB, 0 %
2026/09/24 11:47:19.917, NVIDIA L4, 23034 MiB, 0 MiB, 22646 MiB, 0 %
2026/09/24 11:47:20.918, NVIDIA L4, 23034 MiB, 0 MiB, 22646 MiB, 0 %
2026/09/24 11:47:21.918, NVIDIA L4, 23034 MiB, 0 MiB, 22646 MiB, 0 %
2026/09/24 11:47:22.918, NVIDIA L4, 23034 MiB, 0 MiB, 22646 MiB, 0 %
2026/09/24 11:47:23.919, NVIDIA L4, 23034 MiB, 0 MiB, 22646 MiB, 0 %
2026/09/24 11:47:24.919, NVIDIA L4, 23034 MiB, 0 MiB, 22646 MiB, 0 %
2026/09/24 11:47:25.919, NVIDIA L4, 23034 MiB, 0 MiB, 22646 MiB, 0 %
2026/09/24 11:47:26.919, NVIDIA L4, 23034 MiB, 0 MiB, 22646 MiB, 0 %
2026/09/24 11:47:27.920, NVIDIA L4, 23034 MiB, 0 MiB, 22646 MiB, 0 %
2026/09/24 11:47:28.920, NVIDIA L4, 23034 MiB, 0 MiB, 22646 MiB, 0 %
2026/09/24 11:47:29.920, NVIDIA L4, 23034 MiB, 0 MiB, 22646 MiB, 0 %
2026/09/24 11:47:30.921, NVIDIA L4, 23034 MiB, 0 MiB, 22646 MiB, 0 %
2026/09/24 11:47:31.921, NVIDIA L4, 23034 MiB, 0 MiB, 22646 MiB, 0 %
2026/09/24 11:47:32.921, NVIDIA L4, 23034 MiB, 0 MiB, 22646 MiB, 0 %
2026/09/24 11:47:33.922, NVIDIA L4, 23034 MiB, 0 MiB, 22646 MiB, 0 %
2026/09/24 11:47:34.922, NVIDIA L4, 23034 MiB, 0 MiB, 22646 MiB, 0 %
2026/09/24 11:47:35.922, NVIDIA L4, 23034 MiB, 0 MiB, 22646 MiB, 0 %
2026/09/24 11:47:36.922, NVIDIA L4, 23034 MiB, 0 MiB, 22646 MiB, 0 %
2026/09/24 11:47:37.923, NVIDIA L4, 23034 MiB, 0 MiB, 22646 MiB, 0 %
2026/09/24 11:47:38.923, NVIDIA L4, 23034 MiB, 0 MiB, 22646 MiB, 0 %
2026/09/24 11:47:39.924, NVIDIA L4, 23034 MiB, 0 MiB, 22646 MiB, 0 %
2026/09/24 11:47:40.924, NVIDIA L4, 23034 MiB, 0 MiB, 22646 MiB, 0 %
2026/09/24 11:47:41.924, NVIDIA L4, 23034 MiB, 0 MiB, 22646 MiB, 0 %
2026/09/24 11:47:42.924, NVIDIA L4, 23034 MiB, 0 MiB, 22646 MiB, 0 %
2026/09/24 11:47:43.925, NVIDIA L4, 23034 MiB, 0 MiB, 22646 MiB, 0 %
2026/09/24 11:47:44.925, NVIDIA L4, 23034 MiB, 0 MiB, 22646 MiB, 0 %
2026/09/24 11:47:45.925, NVIDIA L4, 23034 MiB, 0 MiB, 22646 MiB, 0 %
2026/09/24 11:47:46.926, NVIDIA L4, 23034 MiB, 0 MiB, 22646 MiB, 0 %
2026/09/24 11:47:47.926, NVIDIA L4, 23034 MiB, 0 MiB, 22646 MiB, 0 %
2026/09/24 11:47:48.926, NVIDIA L4, 23034 MiB, 0 MiB, 22646 MiB, 0 %
2026/09/24 11:47:49.926, NVIDIA L4, 23034 MiB, 0 MiB, 22646 MiB, 0 %
2026/09/24 11:47:50.927, NVIDIA L4, 23034 MiB, 0 MiB, 22646 MiB, 0 %
2026/09/24 11:47:51.927, NVIDIA L4, 23034 MiB, 0 MiB, 22646 MiB, 0 %
2026/09/24 11:47:52.927, NVIDIA L4, 23034 MiB, 0 MiB, 22646 MiB, 0 %
2026/09/24 11:47:53.928, NVIDIA L4, 23034 MiB, 0 MiB, 22646 MiB, 0 %
2026/09/24 11:47:54.928, NVIDIA L4, 23034 MiB, 0 MiB, 22646 MiB, 0 %
2026/09/24 11:47:55.928, NVIDIA L4, 23034 MiB, 0 MiB, 22646 MiB, 0 %
2026/09/24 11:47:56.928, NVIDIA L4, 23034 MiB, 0 MiB, 22646 MiB, 0 %
2026/09/24 11:47:57.929, NVIDIA L4, 23034 MiB, 0 MiB, 22646 MiB, 0 %
2026/09/24 11:47:58.929, NVIDIA L4, 23034 MiB, 0 MiB, 22646 MiB, 0 %
2026/09/24 11:47:59.929, NVIDIA L4, 23034 MiB, 0 MiB, 22646 MiB, 0 %
2026/09/24 11:48:00.930, NVIDIA L4, 23034 MiB, 0 MiB, 22646 MiB, 0 %
2026/09/24 11:48:01.930, NVIDIA L4, 23034 MiB, 0 MiB, 22646 MiB, 0 %
2026/09/24 11:48:02.930, NVIDIA L4, 23034 MiB, 0 MiB, 22646 MiB, 0 %
2026/09/24 11:48:03.930, NVIDIA L4, 23034 MiB, 0 MiB, 22646 MiB, 0 %
2026/09/24 11:48:04.931, NVIDIA L4, 23034 MiB, 0 MiB, 22646 MiB, 0 %
2026/09/24 11:48:05.931, NVIDIA L4, 23034 MiB, 0 MiB, 22646 MiB, 0 %
2026/09/24 11:48:06.931, NVIDIA L4, 23034 MiB, 0 MiB, 22646 MiB, 0 %
2026/09/24 11:48:07.932, NVIDIA L4, 23034 MiB, 0 MiB, 22646 MiB, 0 %
2026/09/24 11:48:08.932, NVIDIA L4, 23034 MiB, 0 MiB, 22646 MiB, 0 %
2026/09/24 11:48:09.932, NVIDIA L4, 23034 MiB, 0 MiB, 22646 MiB, 0 %
2026/09/24 11:48:10.932, NVIDIA L4, 23034 MiB, 0 MiB, 22646 MiB, 0 %
2026/09/24 11:48:11.933, NVIDIA L4, 23034 MiB, 0 MiB, 22646 MiB, 0 %
2026/09/24 11:48:12.933, NVIDIA L4, 23034 MiB, 0 MiB, 22646 MiB, 0 %
2026/09/24 11:48:13.933, NVIDIA L4, 23034 MiB, 0 MiB, 22646 MiB, 0 %
2026/09/24 11:48:14.934, NVIDIA L4, 23034 MiB, 0 MiB, 22646 MiB, 0 %
2026/09/24 11:48:15.934, NVIDIA L4, 23034 MiB, 0 MiB, 22646 MiB, 0 %
2026/09/24 11:48:16.934, NVIDIA L4, 23034 MiB, 0 MiB, 22646 MiB, 0 %
2026/09/24 11:48:17.935, NVIDIA L4, 23034 MiB, 0 MiB, 22646 MiB, 0 %
2026/09/24 11:48:18.935, NVIDIA L4, 23034 MiB, 0 MiB, 22646 MiB, 0 %
2026/09/24 11:48:19.935, NVIDIA L4, 23034 MiB, 0 MiB, 22646 MiB, 0 %
2026/09/24 11:48:20.935, NVIDIA L4, 23034 MiB, 0 MiB, 22646 MiB, 0 %
2026/09/24 11:48:21.936, NVIDIA L4, 23034 MiB, 0 MiB, 22646 MiB, 0 %
2026/09/24 11:48:22.936, NVIDIA L4, 23034 MiB, 0 MiB, 22646 MiB, 0 %
2026/09/24 11:48:23.936, NVIDIA L4, 23034 MiB, 0 MiB, 22646 MiB, 0 %
2026/09/24 11:48:24.937, NVIDIA L4, 23034 MiB, 0 MiB, 22646 MiB, 0 %
2026/09/24 11:48:25.937, NVIDIA L4, 23034 MiB, 0 MiB, 22646 MiB, 0 %
2026/09/24 11:48:26.937, NVIDIA L4, 23034 MiB, 0 MiB, 22646 MiB, 0 %
2026/09/24 11:48:27.937, NVIDIA L4, 23034 MiB, 0 MiB, 22646 MiB, 0 %
2026/09/24 11:48:28.938, NVIDIA L4, 23034 MiB, 0 MiB, 22646 MiB, 0 %
2026/09/24 11:48:29.938, NVIDIA L4, 23034 MiB, 0 MiB, 22646 MiB, 0 %
2026/09/24 11:48:30.938, NVIDIA L4, 23034 MiB, 0 MiB, 22646 MiB, 0 %
2026/09/24 11:48:31.939, NVIDIA L4, 23034 MiB, 0 MiB, 22646 MiB, 0 %
2026/09/24 11:48:32.939, NVIDIA L4, 23034 MiB, 0 MiB, 22646 MiB, 0 %
2026/09/24 11:48:33.939, NVIDIA L4, 23034 MiB, 0 MiB, 22646 MiB, 0 %
2026/09/24 11:48:34.940, NVIDIA L4, 23034 MiB, 0 MiB, 22646 MiB, 0 %
2026/09/24 11:48:35.940, NVIDIA L4, 23034 MiB, 0 MiB, 22646 MiB, 0 %
2026/09/24 11:48:36.940, NVIDIA L4, 23034 MiB, 0 MiB, 22646 MiB, 0 %
2026/09/24 11:48:37.940, NVIDIA L4, 23034 MiB, 0 MiB, 22646 MiB, 0 %
2026/09/24 11:48:38.941, NVIDIA L4, 23034 MiB, 0 MiB, 22646 MiB, 0 %
2026/09/24 11:48:39.941, NVIDIA L4, 23034 MiB, 0 MiB, 22646 MiB, 0 %
2026/09/24 11:48:40.942, NVIDIA L4, 23034 MiB, 0 MiB, 22646 MiB, 0 %
2026/09/24 11:48:41.942, NVIDIA L4, 23034 MiB, 0 MiB, 22646 MiB, 0 %
2026/09/24 11:48:42.942, NVIDIA L4, 23034 MiB, 0 MiB, 22646 MiB, 0 %
2026/09/24 11:48:43.943, NVIDIA L4, 23034 MiB, 0 MiB, 22646 MiB, 0 %
2026/09/24 11:48:44.943, NVIDIA L4, 23034 MiB, 0 MiB, 22646 MiB, 0 %
2026/09/24 11:48:45.943, NVIDIA L4, 23034 MiB, 0 MiB, 22646 MiB, 0 %
2026/09/24 11:48:46.944, NVIDIA L4, 23034 MiB, 0 MiB, 22646 MiB, 0 %
2026/09/24 11:48:47.944, NVIDIA L4, 23034 MiB, 0 MiB, 22646 MiB, 0 %
2026/09/24 11:48:48.944, NVIDIA L4, 23034 MiB, 0 MiB, 22646 MiB, 0 %
2026/09/24 11:48:49.944, NVIDIA L4, 23034 MiB, 0 MiB, 22646 MiB, 0 %
2026/09/24 11:48:50.945, NVIDIA L4, 23034 MiB, 0 MiB, 22646 MiB, 0 %
2026/09/24 11:48:51.945, NVIDIA L4, 23034 MiB, 0 MiB, 22646 MiB, 0 %
2026/09/24 11:48:52.945, NVIDIA L4, 23034 MiB, 0 MiB, 22646 MiB, 0 %
2026/09/24 11:48:53.946, NVIDIA L4, 23034 MiB, 0 MiB, 22646 MiB, 0 %
2026/09/24 11:48:54.946, NVIDIA L4, 23034 MiB, 0 MiB, 22646 MiB, 0 %
2026/09/24 11:48:55.946, NVIDIA L4, 23034 MiB, 0 MiB, 22646 MiB, 0 %
2026/09/24 11:48:56.947, NVIDIA L4, 23034 MiB, 0 MiB, 22646 MiB, 0 %
2026/09/24 11:48:57.947, NVIDIA L4, 23034 MiB, 0 MiB, 22646 MiB, 0 %
2026/09/24 11:48:58.947, NVIDIA L4, 23034 MiB, 0 MiB, 22646 MiB, 0 %
2026/09/24 11:48:59.948, NVIDIA L4, 23034 MiB, 0 MiB, 22646 MiB, 0 %
2026/09/24 11:49:00.948, NVIDIA L4, 23034 MiB, 0 MiB, 22646 MiB, 0 %
2026/09/24 11:49:01.948, NVIDIA L4, 23034 MiB, 0 MiB, 22646 MiB, 0 %
2026/09/24 11:49:02.948, NVIDIA L4, 23034 MiB, 0 MiB, 22646 MiB, 0 %
2026/09/24 11:49:03.949, NVIDIA L4, 23034 MiB, 0 MiB, 22646 MiB, 0 %
2026/09/24 11:49:04.949, NVIDIA L4, 23034 MiB, 0 MiB, 22646 MiB, 0 %
2026/09/24 11:49:05.949, NVIDIA L4, 23034 MiB, 0 MiB, 22646 MiB, 0 %
2026/09/24 11:49:06.950, NVIDIA L4, 23034 MiB, 0 MiB, 22646 MiB, 0 %
2026/09/24 11:49:07.950, NVIDIA L4, 23034 MiB, 0 MiB, 22646 MiB, 0 %
2026/09/24 11:49:08.950, NVIDIA L4, 23034 MiB, 0 MiB, 22646 MiB, 0 %
2026/09/24 11:49:09.951, NVIDIA L4, 23034 MiB, 0 MiB, 22646 MiB, 0 %
2026/09/24 11:49:10.951, NVIDIA L4, 23034 MiB, 0 MiB, 22646 MiB, 0 %
2026/09/24 11:49:11.951, NVIDIA L4, 23034 MiB, 0 MiB, 22646 MiB, 0 %
2026/09/24 11:49:12.952, NVIDIA L4, 23034 MiB, 0 MiB, 22646 MiB, 0 %
2026/09/24 11:49:13.952, NVIDIA L4, 23034 MiB, 0 MiB, 22646 MiB, 0 %
2026/09/24 11:49:14.952, NVIDIA L4, 23034 MiB, 0 MiB, 22646 MiB, 0 %
2026/09/24 11:49:15.953, NVIDIA L4, 23034 MiB, 0 MiB, 22646 MiB, 0 %
2026/09/24 11:49:16.953, NVIDIA L4, 23034 MiB, 0 MiB, 22646 MiB, 0 %
2026/09/24 11:49:17.953, NVIDIA L4, 23034 MiB, 0 MiB, 22646 MiB, 0 %
2026/09/24 11:49:18.953, NVIDIA L4, 23034 MiB, 0 MiB, 22646 MiB, 0 %
2026/09/24 11:49:19.954, NVIDIA L4, 23034 MiB, 0 MiB, 22646 MiB, 0 %
2026/09/24 11:49:20.954, NVIDIA L4, 23034 MiB, 0 MiB, 22646 MiB, 0 %
2026/09/24 11:49:21.954, NVIDIA L4, 23034 MiB, 0 MiB, 22646 MiB, 0 %
2026/09/24 11:49:22.955, NVIDIA L4, 23034 MiB, 0 MiB, 22646 MiB, 0 %
2026/09/24 11:49:23.955, NVIDIA L4, 23034 MiB, 0 MiB, 22646 MiB, 0 %
2026/09/24 11:49:24.955, NVIDIA L4, 23034 MiB, 0 MiB, 22646 MiB, 0 %
2026/09/24 11:49:25.956, NVIDIA L4, 23034 MiB, 0 MiB, 22646 MiB, 0 %
2026/09/24 11:49:26.956, NVIDIA L4, 23034 MiB, 0 MiB, 22646 MiB, 0 %
2026/09/24 11:49:27.956, NVIDIA L4, 23034 MiB, 0 MiB, 22646 MiB, 0 %
2026/09/24 11:49:28.957, NVIDIA L4, 23034 MiB, 0 MiB, 22646 MiB, 0 %
2026/09/24 11:49:29.957, NVIDIA L4, 23034 MiB, 0 MiB, 22646 MiB, 0 %
2026/09/24 11:49:30.957, NVIDIA L4, 23034 MiB, 0 MiB, 22646 MiB, 0 %
2026/09/24 11:49:31.958, NVIDIA L4, 23034 MiB, 0 MiB, 22646 MiB, 0 %
2026/09/24 11:49:32.958, NVIDIA L4, 23034 MiB, 0 MiB, 22646 MiB, 0 %
2026/09/24 11:49:33.958, NVIDIA L4, 23034 MiB, 0 MiB, 22646 MiB, 0 %
2026/09/24 11:49:34.959, NVIDIA L4, 23034 MiB, 0 MiB, 22646 MiB, 0 %
2026/09/24 11:49:35.959, NVIDIA L4, 23034 MiB, 0 MiB, 22646 MiB, 0 %
2026/09/24 11:49:36.959, NVIDIA L4, 23034 MiB, 0 MiB, 22646 MiB, 0 %
2026/09/24 11:49:37.959, NVIDIA L4, 23034 MiB, 0 MiB, 22646 MiB, 0 %
2026/09/24 11:49:38.960, NVIDIA L4, 23034 MiB, 0 MiB, 22646 MiB, 0 %
2026/09/24 11:49:39.960, NVIDIA L4, 23034 MiB, 0 MiB, 22646 MiB, 0 %
2026/09/24 11:49:40.960, NVIDIA L4, 23034 MiB, 0 MiB, 22646 MiB, 0 %
2026/09/24 11:49:41.961, NVIDIA L4, 23034 MiB, 0 MiB, 22646 MiB, 0 %
2026/09/24 11:49:42.961, NVIDIA L4, 23034 MiB, 0 MiB, 22646 MiB, 0 %
2026/09/24 11:49:43.961, NVIDIA L4, 23034 MiB, 0 MiB, 22646 MiB, 0 %
2026/09/24 11:49:44.962, NVIDIA L4, 23034 MiB, 0 MiB, 22646 MiB, 0 %
2026/09/24 11:49:45.962, NVIDIA L4, 23034 MiB, 0 MiB, 22646 MiB, 0 %
2026/09/24 11:49:46.962, NVIDIA L4, 23034 MiB, 0 MiB, 22646 MiB, 0 %
2026/09/24 11:49:47.963, NVIDIA L4, 23034 MiB, 0 MiB, 22646 MiB, 0 %
2026/09/24 11:49:48.963, NVIDIA L4, 23034 MiB, 0 MiB, 22646 MiB, 0 %
2026/09/24 11:49:49.963, NVIDIA L4, 23034 MiB, 0 MiB, 22646 MiB, 0 %
2026/09/24 11:49:50.964, NVIDIA L4, 23034 MiB, 0 MiB, 22646 MiB, 0 %
2026/09/24 11:49:51.964, NVIDIA L4, 23034 MiB, 0 MiB, 22646 MiB, 0 %
2026/09/24 11:49:52.964, NVIDIA L4, 23034 MiB, 0 MiB, 22646 MiB, 0 %
2026/09/24 11:49:53.965, NVIDIA L4, 23034 MiB, 0 MiB, 22646 MiB, 0 %
2026/09/24 11:49:54.965, NVIDIA L4, 23034 MiB, 0 MiB, 22646 MiB, 0 %
2026/09/24 11:49:55.965, NVIDIA L4, 23034 MiB, 0 MiB, 22646 MiB, 0 %
2026/09/24 11:49:56.966, NVIDIA L4, 23034 MiB, 0 MiB, 22646 MiB, 0 %
2026/09/24 11:49:57.966, NVIDIA L4, 23034 MiB, 0 MiB, 22646 MiB, 0 %
2026/09/24 11:49:58.966, NVIDIA L4, 23034 MiB, 0 MiB, 22646 MiB, 0 %
2026/09/24 11:49:59.967, NVIDIA L4, 23034 MiB, 0 MiB, 22646 MiB, 0 %
2026/09/24 11:50:00.967, NVIDIA L4, 23034 MiB, 0 MiB, 22646 MiB, 0 %
2026/09/24 11:50:01.967, NVIDIA L4, 23034 MiB, 0 MiB, 22646 MiB, 0 %
2026/09/24 11:50:02.968, NVIDIA L4, 23034 MiB, 0 MiB, 22646 MiB, 0 %
2026/09/24 11:50:03.968, NVIDIA L4, 23034 MiB, 0 MiB, 22646 MiB, 0 %
2026/09/24 11:50:04.968, NVIDIA L4, 23034 MiB, 0 MiB, 22646 MiB, 0 %
2026/09/24 11:50:05.968, NVIDIA L4, 23034 MiB, 0 MiB, 22646 MiB, 0 %
2026/09/24 11:50:06.969, NVIDIA L4, 23034 MiB, 0 MiB, 22646 MiB, 0 %
2026/09/24 11:50:07.969, NVIDIA L4, 23034 MiB, 0 MiB, 22646 MiB, 0 %
2026/09/24 11:50:08.969, NVIDIA L4, 23034 MiB, 0 MiB, 22646 MiB, 0 %
2026/09/24 11:50:09.970, NVIDIA L4, 23034 MiB, 0 MiB, 22646 MiB, 0 %
2026/09/24 11:50:10.970, NVIDIA L4, 23034 MiB, 0 MiB, 22646 MiB, 0 %
2026/09/24 11:50:11.970, NVIDIA L4, 23034 MiB, 0 MiB, 22646 MiB, 0 %
2026/09/24 11:50:12.971, NVIDIA L4, 23034 MiB, 0 MiB, 22646 MiB, 0 %
2026/09/24 11:50:13.971, NVIDIA L4, 23034 MiB, 0 MiB, 22646 MiB, 0 %
2026/09/24 11:50:14.971, NVIDIA L4, 23034 MiB, 0 MiB, 22646 MiB, 0 %
2026/09/24 11:50:15.972, NVIDIA L4, 23034 MiB, 0 MiB, 22646 MiB, 0 %
2026/09/24 11:50:16.972, NVIDIA L4, 23034 MiB, 0 MiB, 22646 MiB, 0 %
2026/09/24 11:50:17.972, NVIDIA L4, 23034 MiB, 0 MiB, 22646 MiB, 0 %
2026/09/24 11:50:18.973, NVIDIA L4, 23034 MiB, 0 MiB, 22646 MiB, 0 %
2026/09/24 11:50:19.973, NVIDIA L4, 23034 MiB, 0 MiB, 22646 MiB, 0 %
2026/09/24 11:50:20.973, NVIDIA L4, 23034 MiB, 0 MiB, 22646 MiB, 0 %
2026/09/24 11:50:21.974, NVIDIA L4, 23034 MiB, 0 MiB, 22646 MiB, 0 %
2026/09/24 11:50:22.974, NVIDIA L4, 23034 MiB, 0 MiB, 22646 MiB, 0 %
2026/09/24 11:50:23.974, NVIDIA L4, 23034 MiB, 0 MiB, 22646 MiB, 0 %
2026/09/24 11:50:24.975, NVIDIA L4, 23034 MiB, 0 MiB, 22646 MiB, 0 %
2026/09/24 11:50:25.975, NVIDIA L4, 23034 MiB, 0 MiB, 22646 MiB, 0 %
2026/09/24 11:50:26.975, NVIDIA L4, 23034 MiB, 0 MiB, 22646 MiB, 0 %
2026/09/24 11:50:27.976, NVIDIA L4, 23034 MiB, 0 MiB, 22646 MiB, 0 %
2026/09/24 11:50:28.976, NVIDIA L4, 23034 MiB, 0 MiB, 22646 MiB, 0 %
2026/09/24 11:50:29.976, NVIDIA L4, 23034 MiB, 0 MiB, 22646 MiB, 0 %
2026/09/24 11:50:30.977, NVIDIA L4, 23034 MiB, 0 MiB, 22646 MiB, 0 %
2026/09/24 11:50:31.977, NVIDIA L4, 23034 MiB, 0 MiB, 22646 MiB, 0 %
2026/09/24 11:50:32.977, NVIDIA L4, 23034 MiB, 0 MiB, 22646 MiB, 0 %
2026/09/24 11:50:33.978, NVIDIA L4, 23034 MiB, 0 MiB, 22646 MiB, 0 %
2026/09/24 11:50:34.978, NVIDIA L4, 23034 MiB, 0 MiB, 22646 MiB, 0 %
2026/09/24 11:50:35.978, NVIDIA L4, 23034 MiB, 0 MiB, 22646 MiB, 0 %
2026/09/24 11:50:36.979, NVIDIA L4, 23034 MiB, 0 MiB, 22646 MiB, 0 %
2026/09/24 11:50:37.979, NVIDIA L4, 23034 MiB, 0 MiB, 22646 MiB, 0 %
2026/09/24 11:50:38.979, NVIDIA L4, 23034 MiB, 0 MiB, 22646 MiB, 0 %
2026/09/24 11:50:39.980, NVIDIA L4, 23034 MiB, 0 MiB, 22646 MiB, 0 %
2026/09/24 11:50:40.980, NVIDIA L4, 23034 MiB, 0 MiB, 22646 MiB, 0 %
2026/09/24 11:50:41.980, NVIDIA L4, 23034 MiB, 0 MiB, 22646 MiB, 0 %
2026/09/24 11:50:42.981, NVIDIA L4, 23034 MiB, 0 MiB, 22646 MiB, 0 %
2026/09/24 11:50:43.981, NVIDIA L4, 23034 MiB, 0 MiB, 22646 MiB, 0 %
2026/09/24 11:50:44.981, NVIDIA L4, 23034 MiB, 0 MiB, 22646 MiB, 0 %
2026/09/24 11:50:45.982, NVIDIA L4, 23034 MiB, 0 MiB, 22646 MiB, 0 %
2026/09/24 11:50:46.982, NVIDIA L4, 23034 MiB, 0 MiB, 22646 MiB, 0 %
2026/09/24 11:50:47.982, NVIDIA L4, 23034 MiB, 0 MiB, 22646 MiB, 0 %
2026/09/24 11:50:48.983, NVIDIA L4, 23034 MiB, 0 MiB, 22646 MiB, 0 %
2026/09/24 11:50:49.983, NVIDIA L4, 23034 MiB, 0 MiB, 22646 MiB, 0 %
2026/09/24 11:50:50.983, NVIDIA L4, 23034 MiB, 0 MiB, 22646 MiB, 0 %
2026/09/24 11:50:51.983, NVIDIA L4, 23034 MiB, 0 MiB, 22646 MiB, 0 %
2026/09/24 11:50:52.984, NVIDIA L4, 23034 MiB, 0 MiB, 22646 MiB, 0 %
2026/09/24 11:50:53.984, NVIDIA L4, 23034 MiB, 0 MiB, 22646 MiB, 0 %
2026/09/24 11:50:54.984, NVIDIA L4, 23034 MiB, 0 MiB, 22646 MiB, 0 %
2026/09/24 11:50:55.985, NVIDIA L4, 23034 MiB, 0 MiB, 22646 MiB, 0 %
2026/09/24 11:50:56.985, NVIDIA L4, 23034 MiB, 0 MiB, 22646 MiB, 0 %
2026/09/24 11:50:57.985, NVIDIA L4, 23034 MiB, 0 MiB, 22646 MiB, 0 %
2026/09/24 11:50:58.986, NVIDIA L4, 23034 MiB, 0 MiB, 22646 MiB, 0 %
2026/09/24 11:50:59.986, NVIDIA L4, 23034 MiB, 0 MiB, 22646 MiB, 0 %
2026/09/24 11:51:00.986, NVIDIA L4, 23034 MiB, 0 MiB, 22646 MiB, 0 %
2026/09/24 11:51:01.987, NVIDIA L4, 23034 MiB, 0 MiB, 22646 MiB, 0 %
2026/09/24 11:51:02.987, NVIDIA L4, 23034 MiB, 0 MiB, 22646 MiB, 0 %
2026/09/24 11:51:03.987, NVIDIA L4, 23034 MiB, 0 MiB, 22646 MiB, 0 %
2026/09/24 11:51:04.988, NVIDIA L4, 23034 MiB, 0 MiB, 22646 MiB, 0 %
2026/09/24 11:51:05.988, NVIDIA L4, 23034 MiB, 0 MiB, 22646 MiB, 0 %
2026/09/24 11:51:06.989, NVIDIA L4, 23034 MiB, 0 MiB, 22646 MiB, 0 %
2026/09/24 11:51:07.989, NVIDIA L4, 23034 MiB, 0 MiB, 22646 MiB, 0 %
2026/09/24 11:51:08.990, NVIDIA L4, 23034 MiB, 0 MiB, 22646 MiB, 0 %
2026/09/24 11:51:09.990, NVIDIA L4, 23034 MiB, 0 MiB, 22646 MiB, 0 %
2026/09/24 11:51:10.990, NVIDIA L4, 23034 MiB, 0 MiB, 22646 MiB, 0 %
2026/09/24 11:51:11.991, NVIDIA L4, 23034 MiB, 0 MiB, 22646 MiB, 0 %
2026/09/24 11:51:12.991, NVIDIA L4, 23034 MiB, 0 MiB, 22646 MiB, 0 %
2026/09/24 11:51:13.991, NVIDIA L4, 23034 MiB, 0 MiB, 22646 MiB, 0 %
2026/09/24 11:51:14.992, NVIDIA L4, 23034 MiB, 0 MiB, 22646 MiB, 0 %
2026/09/24 11:51:15.992, NVIDIA L4, 23034 MiB, 0 MiB, 22646 MiB, 0 %
2026/09/24 11:51:16.992, NVIDIA L4, 23034 MiB, 0 MiB, 22646 MiB, 0 %
2026/09/24 11:51:17.993, NVIDIA L4, 23034 MiB, 0 MiB, 22646 MiB, 0 %
2026/09/24 11:51:18.993, NVIDIA L4, 23034 MiB, 0 MiB, 22646 MiB, 0 %
2026/09/24 11:51:19.993, NVIDIA L4, 23034 MiB, 0 MiB, 22646 MiB, 0 %
2026/09/24 11:51:20.993, NVIDIA L4, 23034 MiB, 0 MiB, 22646 MiB, 0 %
2026/09/24 11:51:21.994, NVIDIA L4, 23034 MiB, 0 MiB, 22646 MiB, 0 %
2026/09/24 11:51:22.994, NVIDIA L4, 23034 MiB, 0 MiB, 22646 MiB, 0 %
2026/09/24 11:51:23.994, NVIDIA L4, 23034 MiB, 0 MiB, 22646 MiB, 0 %
2026/09/24 11:51:24.995, NVIDIA L4, 23034 MiB, 0 MiB, 22646 MiB, 0 %
2026/09/24 11:51:25.995, NVIDIA L4, 23034 MiB, 0 MiB, 22646 MiB, 0 %
2026/09/24 11:51:26.995, NVIDIA L4, 23034 MiB, 0 MiB, 22646 MiB, 0 %
2026/09/24 11:51:27.996, NVIDIA L4, 23034 MiB, 0 MiB, 22646 MiB, 0 %
2026/09/24 11:51:28.996, NVIDIA L4, 23034 MiB, 0 MiB, 22646 MiB, 0 %
2026/09/24 11:51:29.996, NVIDIA L4, 23034 MiB, 0 MiB, 22646 MiB, 0 %
2026/09/24 11:51:30.996, NVIDIA L4, 23034 MiB, 0 MiB, 22646 MiB, 0 %
2026/09/24 11:51:31.997, NVIDIA L4, 23034 MiB, 0 MiB, 22646 MiB, 0 %
2026/09/24 11:51:32.997, NVIDIA L4, 23034 MiB, 0 MiB, 22646 MiB, 0 %
2026/09/24 11:51:33.997, NVIDIA L4, 23034 MiB, 0 MiB, 22646 MiB, 0 %
2026/09/24 11:51:34.998, NVIDIA L4, 23034 MiB, 0 MiB, 22646 MiB, 0 %
2026/09/24 11:51:35.998, NVIDIA L4, 23034 MiB, 0 MiB, 22646 MiB, 0 %
2026/09/24 11:51:36.998, NVIDIA L4, 23034 MiB, 0 MiB, 22646 MiB, 0 %
2026/09/24 11:51:37.999, NVIDIA L4, 23034 MiB, 0 MiB, 22646 MiB, 0 %
2026/09/24 11:51:38.999, NVIDIA L4, 23034 MiB, 0 MiB, 22646 MiB, 0 %
2026/09/24 11:51:39.999, NVIDIA L4, 23034 MiB, 0 MiB, 22646 MiB, 0 %
2026/09/24 11:51:40.999, NVIDIA L4, 23034 MiB, 0 MiB, 22646 MiB, 0 %
2026/09/24 11:51:42.000, NVIDIA L4, 23034 MiB, 0 MiB, 22646 MiB, 0 %
2026/09/24 11:51:43.000, NVIDIA L4, 23034 MiB, 0 MiB, 22646 MiB, 0 %
2026/09/24 11:51:44.000, NVIDIA L4, 23034 MiB, 0 MiB, 22646 MiB, 0 %
2026/09/24 11:51:45.001, NVIDIA L4, 23034 MiB, 0 MiB, 22646 MiB, 0 %
2026/09/24 11:51:46.001, NVIDIA L4, 23034 MiB, 0 MiB, 22646 MiB, 0 %
2026/09/24 11:51:47.001, NVIDIA L4, 23034 MiB, 0 MiB, 22646 MiB, 0 %
2026/09/24 11:51:48.002, NVIDIA L4, 23034 MiB, 0 MiB, 22646 MiB, 0 %
2026/09/24 11:51:49.002, NVIDIA L4, 23034 MiB, 0 MiB, 22646 MiB, 0 %
2026/09/24 11:51:50.002, NVIDIA L4, 23034 MiB, 0 MiB, 22646 MiB, 0 %
2026/09/24 11:51:51.003, NVIDIA L4, 23034 MiB, 0 MiB, 22646 MiB, 0 %
2026/09/24 11:51:52.003, NVIDIA L4, 23034 MiB, 0 MiB, 22646 MiB, 0 %
2026/09/24 11:51:53.003, NVIDIA L4, 23034 MiB, 0 MiB, 22646 MiB, 0 %
2026/09/24 11:51:54.004, NVIDIA L4, 23034 MiB, 0 MiB, 22646 MiB, 0 %
2026/09/24 11:51:55.004, NVIDIA L4, 23034 MiB, 0 MiB, 22646 MiB, 0 %
2026/09/24 11:51:56.004, NVIDIA L4, 23034 MiB, 0 MiB, 22646 MiB, 0 %
2026/09/24 11:51:57.005, NVIDIA L4, 23034 MiB, 0 MiB, 22646 MiB, 0 %
2026/09/24 11:51:58.005, NVIDIA L4, 23034 MiB, 0 MiB, 22646 MiB, 0 %
2026/09/24 11:51:59.005, NVIDIA L4, 23034 MiB, 0 MiB, 22646 MiB, 0 %
2026/09/24 11:52:00.005, NVIDIA L4, 23034 MiB, 0 MiB, 22646 MiB, 0 %
2026/09/24 11:52:01.006, NVIDIA L4, 23034 MiB, 0 MiB, 22646 MiB, 0 %
2026/09/24 11:52:02.006, NVIDIA L4, 23034 MiB, 0 MiB, 22646 MiB, 0 %
2026/09/24 11:52:03.006, NVIDIA L4, 23034 MiB, 0 MiB, 22646 MiB, 0 %
2026/09/24 11:52:04.007, NVIDIA L4, 23034 MiB, 0 MiB, 22646 MiB, 0 %
2026/09/24 11:52:05.007, NVIDIA L4, 23034 MiB, 0 MiB, 22646 MiB, 0 %
2026/09/24 11:52:06.007, NVIDIA L4, 23034 MiB, 0 MiB, 22646 MiB, 0 %
2026/09/24 11:52:07.008, NVIDIA L4, 23034 MiB, 0 MiB, 22646 MiB, 0 %
2026/09/24 11:52:08.008, NVIDIA L4, 23034 MiB, 0 MiB, 22646 MiB, 0 %
2026/09/24 11:52:09.008, NVIDIA L4, 23034 MiB, 0 MiB, 22646 MiB, 0 %
2026/09/24 11:52:10.009, NVIDIA L4, 23034 MiB, 0 MiB, 22646 MiB, 0 %
2026/09/24 11:52:11.009, NVIDIA L4, 23034 MiB, 0 MiB, 22646 MiB, 0 %
2026/09/24 11:52:12.009, NVIDIA L4, 23034 MiB, 0 MiB, 22646 MiB, 0 %
2026/09/24 11:52:13.010, NVIDIA L4, 23034 MiB, 0 MiB, 22646 MiB, 0 %
2026/09/24 11:52:14.010, NVIDIA L4, 23034 MiB, 0 MiB, 22646 MiB, 0 %
2026/09/24 11:52:15.010, NVIDIA L4, 23034 MiB, 0 MiB, 22646 MiB, 0 %
2026/09/24 11:52:16.011, NVIDIA L4, 23034 MiB, 0 MiB, 22646 MiB, 0 %
2026/09/24 11:52:17.011, NVIDIA L4, 23034 MiB, 0 MiB, 22646 MiB, 0 %
2026/09/24 11:52:18.011, NVIDIA L4, 23034 MiB, 0 MiB, 22646 MiB, 0 %
2026/09/24 11:52:19.012, NVIDIA L4, 23034 MiB, 0 MiB, 22646 MiB, 0 %
2026/09/24 11:52:20.012, NVIDIA L4, 23034 MiB, 0 MiB, 22646 MiB, 0 %
2026/09/24 11:52:21.012, NVIDIA L4, 23034 MiB, 0 MiB, 22646 MiB, 0 %
2026/09/24 11:52:22.013, NVIDIA L4, 23034 MiB, 0 MiB, 22646 MiB, 0 %
2026/09/24 11:52:23.013, NVIDIA L4, 23034 MiB, 0 MiB, 22646 MiB, 0 %
2026/09/24 11:52:24.013, NVIDIA L4, 23034 MiB, 0 MiB, 22646 MiB, 0 %
2026/09/24 11:52:25.014, NVIDIA L4, 23034 MiB, 0 MiB, 22646 MiB, 0 %
2026/09/24 11:52:26.014, NVIDIA L4, 23034 MiB, 0 MiB, 22646 MiB, 0 %
2026/09/24 11:52:27.014, NVIDIA L4, 23034 MiB, 0 MiB, 22646 MiB, 0 %
2026/09/24 11:52:28.015, NVIDIA L4, 23034 MiB, 0 MiB, 22646 MiB, 0 %
2026/09/24 11:52:29.015, NVIDIA L4, 23034 MiB, 0 MiB, 22646 MiB, 0 %
2026/09/24 11:52:30.015, NVIDIA L4, 23034 MiB, 0 MiB, 22646 MiB, 0 %
2026/09/24 11:52:31.016, NVIDIA L4, 23034 MiB, 0 MiB, 22646 MiB, 0 %
2026/09/24 11:52:32.016, NVIDIA L4, 23034 MiB, 0 MiB, 22646 MiB, 0 %
2026/09/24 11:52:33.016, NVIDIA L4, 23034 MiB, 0 MiB, 22646 MiB, 0 %
2026/09/24 11:52:34.016, NVIDIA L4, 23034 MiB, 0 MiB, 22646 MiB, 0 %
2026/09/24 11:52:35.017, NVIDIA L4, 23034 MiB, 0 MiB, 22646 MiB, 0 %
2026/09/24 11:52:36.017, NVIDIA L4, 23034 MiB, 0 MiB, 22646 MiB, 0 %
2026/09/24 11:52:37.017, NVIDIA L4, 23034 MiB, 0 MiB, 22646 MiB, 0 %
2026/09/24 11:52:38.018, NVIDIA L4, 23034 MiB, 0 MiB, 22646 MiB, 0 %
2026/09/24 11:52:39.018, NVIDIA L4, 23034 MiB, 0 MiB, 22646 MiB, 0 %
2026/09/24 11:52:40.018, NVIDIA L4, 23034 MiB, 0 MiB, 22646 MiB, 0 %
2026/09/24 11:52:41.019, NVIDIA L4, 23034 MiB, 0 MiB, 22646 MiB, 0 %
2026/09/24 11:52:42.019, NVIDIA L4, 23034 MiB, 0 MiB, 22646 MiB, 0 %
2026/09/24 11:52:43.019, NVIDIA L4, 23034 MiB, 0 MiB, 22646 MiB, 0 %
2026/09/24 11:52:44.020, NVIDIA L4, 23034 MiB, 0 MiB, 22646 MiB, 0 %
2026/09/24 11:52:45.020, NVIDIA L4, 23034 MiB, 0 MiB, 22646 MiB, 0 %
2026/09/24 11:52:46.020, NVIDIA L4, 23034 MiB, 0 MiB, 22646 MiB, 0 %
2026/09/24 11:52:47.021, NVIDIA L4, 23034 MiB, 0 MiB, 22646 MiB, 0 %
2026/09/24 11:52:48.021, NVIDIA L4, 23034 MiB, 0 MiB, 22646 MiB, 0 %
2026/09/24 11:52:49.021, NVIDIA L4, 23034 MiB, 0 MiB, 22646 MiB, 0 %
2026/09/24 11:52:50.022, NVIDIA L4, 23034 MiB, 0 MiB, 22646 MiB, 0 %
2026/09/24 11:52:51.022, NVIDIA L4, 23034 MiB, 0 MiB, 22646 MiB, 0 %
2026/09/24 11:52:52.022, NVIDIA L4, 23034 MiB, 0 MiB, 22646 MiB, 0 %
2026/09/24 11:52:53.023, NVIDIA L4, 23034 MiB, 0 MiB, 22646 MiB, 0 %
2026/09/24 11:52:54.023, NVIDIA L4, 23034 MiB, 0 MiB, 22646 MiB, 0 %
2026/09/24 11:52:55.023, NVIDIA L4, 23034 MiB, 0 MiB, 22646 MiB, 0 %
2026/09/24 11:52:56.024, NVIDIA L4, 23034 MiB, 0 MiB, 22646 MiB, 0 %
2026/09/24 11:52:57.024, NVIDIA L4, 23034 MiB, 0 MiB, 22646 MiB, 0 %
2026/09/24 11:52:58.024, NVIDIA L4, 23034 MiB, 0 MiB, 22646 MiB, 0 %
2026/09/24 11:52:59.025, NVIDIA L4, 23034 MiB, 0 MiB, 22646 MiB, 0 %
2026/09/24 11:53:00.025, NVIDIA L4, 23034 MiB, 0 MiB, 22646 MiB, 0 %
2026/09/24 11:53:01.025, NVIDIA L4, 23034 MiB, 0 MiB, 22646 MiB, 0 %
2026/09/24 11:53:02.026, NVIDIA L4, 23034 MiB, 0 MiB, 22646 MiB, 0 %
2026/09/24 11:53:03.026, NVIDIA L4, 23034 MiB, 0 MiB, 22646 MiB, 0 %
2026/09/24 11:53:04.026, NVIDIA L4, 23034 MiB, 0 MiB, 22646 MiB, 0 %
2026/09/24 11:53:05.027, NVIDIA L4, 23034 MiB, 0 MiB, 22646 MiB, 0 %
2026/09/24 11:53:06.027, NVIDIA L4, 23034 MiB, 0 MiB, 22646 MiB, 0 %
2026/09/24 11:53:07.027, NVIDIA L4, 23034 MiB, 0 MiB, 22646 MiB, 0 %
2026/09/24 11:53:08.028, NVIDIA L4, 23034 MiB, 0 MiB, 22646 MiB, 0 %
2026/09/24 11:53:09.028, NVIDIA L4, 23034 MiB, 0 MiB, 22646 MiB, 0 %
2026/09/24 11:53:10.028, NVIDIA L4, 23034 MiB, 0 MiB, 22646 MiB, 0 %
2026/09/24 11:53:11.029, NVIDIA L4, 23034 MiB, 0 MiB, 22646 MiB, 0 %
2026/09/24 11:53:12.029, NVIDIA L4, 23034 MiB, 0 MiB, 22646 MiB, 0 %
2026/09/24 11:53:13.029, NVIDIA L4, 23034 MiB, 0 MiB, 22646 MiB, 0 %
2026/09/24 11:53:14.029, NVIDIA L4, 23034 MiB, 0 MiB, 22646 MiB, 0 %
2026/09/24 11:53:15.030, NVIDIA L4, 23034 MiB, 0 MiB, 22646 MiB, 0 %
2026/09/24 11:53:16.030, NVIDIA L4, 23034 MiB, 0 MiB, 22646 MiB, 0 %
2026/09/24 11:53:17.030, NVIDIA L4, 23034 MiB, 0 MiB, 22646 MiB, 0 %
2026/09/24 11:53:18.031, NVIDIA L4, 23034 MiB, 0 MiB, 22646 MiB, 0 %
2026/09/24 11:53:19.031, NVIDIA L4, 23034 MiB, 0 MiB, 22646 MiB, 0 %
2026/09/24 11:53:20.031, NVIDIA L4, 23034 MiB, 0 MiB, 22646 MiB, 0 %
2026/09/24 11:53:21.032, NVIDIA L4, 23034 MiB, 0 MiB, 22646 MiB, 0 %
2026/09/24 11:53:22.032, NVIDIA L4, 23034 MiB, 0 MiB, 22646 MiB, 0 %
2026/09/24 11:53:23.032, NVIDIA L4, 23034 MiB, 0 MiB, 22646 MiB, 0 %
2026/09/24 11:53:24.033, NVIDIA L4, 23034 MiB, 0 MiB, 22646 MiB, 0 %
2026/09/24 11:53:25.033, NVIDIA L4, 23034 MiB, 0 MiB, 22646 MiB, 0 %
2026/09/24 11:53:26.033, NVIDIA L4, 23034 MiB, 0 MiB, 22646 MiB, 0 %
2026/09/24 11:53:27.034, NVIDIA L4, 23034 MiB, 0 MiB, 22646 MiB, 0 %
2026/09/24 11:53:28.034, NVIDIA L4, 23034 MiB, 0 MiB, 22646 MiB, 0 %
2026/09/24 11:53:29.034, NVIDIA L4, 23034 MiB, 0 MiB, 22646 MiB, 0 %
2026/09/24 11:53:30.035, NVIDIA L4, 23034 MiB, 0 MiB, 22646 MiB, 0 %
2026/09/24 11:53:31.035, NVIDIA L4, 23034 MiB, 0 MiB, 22646 MiB, 0 %
2026/09/24 11:53:32.035, NVIDIA L4, 23034 MiB, 0 MiB, 22646 MiB, 0 %
2026/09/24 11:53:33.036, NVIDIA L4, 23034 MiB, 0 MiB, 22646 MiB, 0 %
2026/09/24 11:53:34.036, NVIDIA L4, 23034 MiB, 0 MiB, 22646 MiB, 0 %
2026/09/24 11:53:35.036, NVIDIA L4, 23034 MiB, 0 MiB, 22646 MiB, 0 %
2026/09/24 11:53:36.036, NVIDIA L4, 23034 MiB, 0 MiB, 22646 MiB, 0 %
2026/09/24 11:53:37.037, NVIDIA L4, 23034 MiB, 0 MiB, 22646 MiB, 0 %
2026/09/24 11:53:38.037, NVIDIA L4, 23034 MiB, 0 MiB, 22646 MiB, 0 %
2026/09/24 11:53:39.037, NVIDIA L4, 23034 MiB, 0 MiB, 22646 MiB, 0 %
2026/09/24 11:53:40.038, NVIDIA L4, 23034 MiB, 0 MiB, 22646 MiB, 0 %
2026/09/24 11:53:41.038, NVIDIA L4, 23034 MiB, 0 MiB, 22646 MiB, 0 %
2026/09/24 11:53:42.038, NVIDIA L4, 23034 MiB, 0 MiB, 22646 MiB, 0 %
2026/09/24 11:53:43.039, NVIDIA L4, 23034 MiB, 0 MiB, 22646 MiB, 0 %
2026/09/24 11:53:44.039, NVIDIA L4, 23034 MiB, 0 MiB, 22646 MiB, 0 %
2026/09/24 11:53:45.039, NVIDIA L4, 23034 MiB, 0 MiB, 22646 MiB, 0 %
2026/09/24 11:53:46.040, NVIDIA L4, 23034 MiB, 0 MiB, 22646 MiB, 0 %
2026/09/24 11:53:47.040, NVIDIA L4, 23034 MiB, 0 MiB, 22646 MiB, 0 %
2026/09/24 11:53:48.040, NVIDIA L4, 23034 MiB, 0 MiB, 22646 MiB, 0 %
2026/09/24 11:53:49.041, NVIDIA L4, 23034 MiB, 0 MiB, 22646 MiB, 0 %
2026/09/24 11:53:50.041, NVIDIA L4, 23034 MiB, 0 MiB, 22646 MiB, 0 %
2026/09/24 11:53:51.041, NVIDIA L4, 23034 MiB, 0 MiB, 22646 MiB, 0 %
2026/09/24 11:53:52.042, NVIDIA L4, 23034 MiB, 0 MiB, 22646 MiB, 0 %
2026/09/24 11:53:53.042, NVIDIA L4, 23034 MiB, 0 MiB, 22646 MiB, 0 %
2026/09/24 11:53:54.042, NVIDIA L4, 23034 MiB, 0 MiB, 22646 MiB, 0 %
2026/09/24 11:53:55.043, NVIDIA L4, 23034 MiB, 0 MiB, 22646 MiB, 0 %
2026/09/24 11:53:56.043, NVIDIA L4, 23034 MiB, 0 MiB, 22646 MiB, 0 %
2026/09/24 11:53:57.043, NVIDIA L4, 23034 MiB, 0 MiB, 22646 MiB, 0 %
2026/09/24 11:53:58.044, NVIDIA L4, 23034 MiB, 0 MiB, 22646 MiB, 0 %
2026/09/24 11:53:59.044, NVIDIA L4, 23034 MiB, 0 MiB, 22646 MiB, 0 %
2026/09/24 11:54:00.044, NVIDIA L4, 23034 MiB, 0 MiB, 22646 MiB, 0 %
2026/09/24 11:54:01.045, NVIDIA L4, 23034 MiB, 0 MiB, 22646 MiB, 0 %
2026/09/24 11:54:02.045, NVIDIA L4, 23034 MiB, 0 MiB, 22646 MiB, 0 %
2026/09/24 11:54:03.045, NVIDIA L4, 23034 MiB, 0 MiB, 22646 MiB, 0 %
2026/09/24 11:54:04.046, NVIDIA L4, 23034 MiB, 0 MiB, 22646 MiB, 0 %
2026/09/24 11:54:05.046, NVIDIA L4, 23034 MiB, 0 MiB, 22646 MiB, 0 %
2026/09/24 11:54:06.046, NVIDIA L4, 23034 MiB, 0 MiB, 22646 MiB, 0 %
2026/09/24 11:54:07.047, NVIDIA L4, 23034 MiB, 0 MiB, 22646 MiB, 0 %
2026/09/24 11:54:08.047, NVIDIA L4, 23034 MiB, 0 MiB, 22646 MiB, 0 %
2026/09/24 11:54:09.047, NVIDIA L4, 23034 MiB, 0 MiB, 22646 MiB, 0 %
2026/09/24 11:54:10.048, NVIDIA L4, 23034 MiB, 0 MiB, 22646 MiB, 0 %
2026/09/24 11:54:11.048, NVIDIA L4, 23034 MiB, 0 MiB, 22646 MiB, 0 %
2026/09/24 11:54:12.048, NVIDIA L4, 23034 MiB, 0 MiB, 22646 MiB, 0 %
2026/09/24 11:54:13.049, NVIDIA L4, 23034 MiB, 0 MiB, 22646 MiB, 0 %
2026/09/24 11:54:14.049, NVIDIA L4, 23034 MiB, 0 MiB, 22646 MiB, 0 %
2026/09/24 11:54:15.049, NVIDIA L4, 23034 MiB, 0 MiB, 22646 MiB, 0 %
2026/09/24 11:54:16.050, NVIDIA L4, 23034 MiB, 0 MiB, 22646 MiB, 0 %
2026/09/24 11:54:17.050, NVIDIA L4, 23034 MiB, 0 MiB, 22646 MiB, 0 %
2026/09/24 11:54:18.050, NVIDIA L4, 23034 MiB, 0 MiB, 22646 MiB, 0 %
2026/09/24 11:54:19.050, NVIDIA L4, 23034 MiB, 0 MiB, 22646 MiB, 0 %
2026/09/24 11:54:20.051, NVIDIA L4, 23034 MiB, 0 MiB, 22646 MiB, 0 %
2026/09/24 11:54:21.051, NVIDIA L4, 23034 MiB, 0 MiB, 22646 MiB, 0 %
2026/09/24 11:54:22.051, NVIDIA L4, 23034 MiB, 0 MiB, 22646 MiB, 0 %
2026/09/24 11:54:23.052, NVIDIA L4, 23034 MiB, 0 MiB, 22646 MiB, 0 %
2026/09/24 11:54:24.052, NVIDIA L4, 23034 MiB, 0 MiB, 22646 MiB, 0 %
2026/09/24 11:54:25.052, NVIDIA L4, 23034 MiB, 0 MiB, 22646 MiB, 0 %
2026/09/24 11:54:26.053, NVIDIA L4, 23034 MiB, 0 MiB, 22646 MiB, 0 %
2026/09/24 11:54:27.053, NVIDIA L4, 23034 MiB, 0 MiB, 22646 MiB, 0 %
2026/09/24 11:54:28.053, NVIDIA L4, 23034 MiB, 0 MiB, 22646 MiB, 0 %
2026/09/24 11:54:29.054, NVIDIA L4, 23034 MiB, 0 MiB, 22646 MiB, 0 %
2026/09/24 11:54:30.054, NVIDIA L4, 23034 MiB, 0 MiB, 22646 MiB, 0 %
2026/09/24 11:54:31.054, NVIDIA L4, 23034 MiB, 0 MiB, 22646 MiB, 0 %
2026/09/24 11:54:32.054, NVIDIA L4, 23034 MiB, 0 MiB, 22646 MiB, 0 %
2026/09/24 11:54:33.055, NVIDIA L4, 23034 MiB, 0 MiB, 22646 MiB, 0 %
2026/09/24 11:54:34.055, NVIDIA L4, 23034 MiB, 0 MiB, 22646 MiB, 0 %
2026/09/24 11:54:35.055, NVIDIA L4, 23034 MiB, 0 MiB, 22646 MiB, 0 %
2026/09/24 11:54:36.056, NVIDIA L4, 23034 MiB, 0 MiB, 22646 MiB, 0 %
2026/09/24 11:54:37.056, NVIDIA L4, 23034 MiB, 0 MiB, 22646 MiB, 0 %
2026/09/24 11:54:38.056, NVIDIA L4, 23034 MiB, 0 MiB, 22646 MiB, 0 %
2026/09/24 11:54:39.057, NVIDIA L4, 23034 MiB, 0 MiB, 22646 MiB, 0 %
2026/09/24 11:54:40.057, NVIDIA L4, 23034 MiB, 0 MiB, 22646 MiB, 0 %
2026/09/24 11:54:41.057, NVIDIA L4, 23034 MiB, 0 MiB, 22646 MiB, 0 %
2026/09/24 11:54:42.058, NVIDIA L4, 23034 MiB, 0 MiB, 22646 MiB, 0 %
2026/09/24 11:54:43.058, NVIDIA L4, 23034 MiB, 0 MiB, 22646 MiB, 0 %
2026/09/24 11:54:44.058, NVIDIA L4, 23034 MiB, 0 MiB, 22646 MiB, 0 %
2026/09/24 11:54:45.059, NVIDIA L4, 23034 MiB, 0 MiB, 22646 MiB, 0 %
2026/09/24 11:54:46.059, NVIDIA L4, 23034 MiB, 0 MiB, 22646 MiB, 0 %
2026/09/24 11:54:47.059, NVIDIA L4, 23034 MiB, 0 MiB, 22646 MiB, 0 %
2026/09/24 11:54:48.059, NVIDIA L4, 23034 MiB, 0 MiB, 22646 MiB, 0 %
2026/09/24 11:54:49.060, NVIDIA L4, 23034 MiB, 0 MiB, 22646 MiB, 0 %
2026/09/24 11:54:50.060, NVIDIA L4, 23034 MiB, 0 MiB, 22646 MiB, 0 %
2026/09/24 11:54:51.061, NVIDIA L4, 23034 MiB, 0 MiB, 22646 MiB, 0 %
2026/09/24 11:54:52.061, NVIDIA L4, 23034 MiB, 0 MiB, 22646 MiB, 0 %
2026/09/24 11:54:53.061, NVIDIA L4, 23034 MiB, 0 MiB, 22646 MiB, 0 %
2026/09/24 11:54:54.062, NVIDIA L4, 23034 MiB, 0 MiB, 22646 MiB, 0 %
2026/09/24 11:54:55.062, NVIDIA L4, 23034 MiB, 0 MiB, 22646 MiB, 0 %
2026/09/24 11:54:56.062, NVIDIA L4, 23034 MiB, 0 MiB, 22646 MiB, 0 %
2026/09/24 11:54:57.063, NVIDIA L4, 23034 MiB, 0 MiB, 22646 MiB, 0 %
2026/09/24 11:54:58.063, NVIDIA L4, 23034 MiB, 0 MiB, 22646 MiB, 0 %
2026/09/24 11:54:59.063, NVIDIA L4, 23034 MiB, 0 MiB, 22646 MiB, 0 %
2026/09/24 11:55:00.064, NVIDIA L4, 23034 MiB, 0 MiB, 22646 MiB, 0 %
2026/09/24 11:55:01.064, NVIDIA L4, 23034 MiB, 0 MiB, 22646 MiB, 0 %
2026/09/24 11:55:02.064, NVIDIA L4, 23034 MiB, 0 MiB, 22646 MiB, 0 %
2026/09/24 11:55:03.065, NVIDIA L4, 23034 MiB, 0 MiB, 22646 MiB, 0 %
2026/09/24 11:55:04.065, NVIDIA L4, 23034 MiB, 0 MiB, 22646 MiB, 0 %
2026/09/24 11:55:05.065, NVIDIA L4, 23034 MiB, 0 MiB, 22646 MiB, 0 %
2026/09/24 11:55:06.066, NVIDIA L4, 23034 MiB, 0 MiB, 22646 MiB, 0 %
2026/09/24 11:55:07.066, NVIDIA L4, 23034 MiB, 0 MiB, 22646 MiB, 0 %
2026/09/24 11:55:08.066, NVIDIA L4, 23034 MiB, 0 MiB, 22646 MiB, 0 %
2026/09/24 11:55:09.067, NVIDIA L4, 23034 MiB, 0 MiB, 22646 MiB, 0 %
2026/09/24 11:55:10.067, NVIDIA L4, 23034 MiB, 0 MiB, 22646 MiB, 0 %
2026/09/24 11:55:11.067, NVIDIA L4, 23034 MiB, 0 MiB, 22646 MiB, 0 %
2026/09/24 11:55:12.068, NVIDIA L4, 23034 MiB, 0 MiB, 22646 MiB, 0 %
2026/09/24 11:55:13.068, NVIDIA L4, 23034 MiB, 0 MiB, 22646 MiB, 0 %
2026/09/24 11:55:14.068, NVIDIA L4, 23034 MiB, 0 MiB, 22646 MiB, 0 %
2026/09/24 11:55:15.069, NVIDIA L4, 23034 MiB, 0 MiB, 22646 MiB, 0 %
2026/09/24 11:55:16.070, NVIDIA L4, 23034 MiB, 0 MiB, 22646 MiB, 0 %
2026/09/24 11:55:17.070, NVIDIA L4, 23034 MiB, 0 MiB, 22646 MiB, 0 %
2026/09/24 11:55:18.071, NVIDIA L4, 23034 MiB, 0 MiB, 22646 MiB, 0 %
2026/09/24 11:55:19.071, NVIDIA L4, 23034 MiB, 0 MiB, 22646 MiB, 0 %
2026/09/24 11:55:20.071, NVIDIA L4, 23034 MiB, 0 MiB, 22646 MiB, 0 %
2026/09/24 11:55:21.072, NVIDIA L4, 23034 MiB, 0 MiB, 22646 MiB, 0 %
2026/09/24 11:55:22.072, NVIDIA L4, 23034 MiB, 0 MiB, 22646 MiB, 0 %
2026/09/24 11:55:23.072, NVIDIA L4, 23034 MiB, 0 MiB, 22646 MiB, 0 %
2026/09/24 11:55:24.072, NVIDIA L4, 23034 MiB, 0 MiB, 22646 MiB, 0 %
2026/09/24 11:55:25.073, NVIDIA L4, 23034 MiB, 0 MiB, 22646 MiB, 0 %
2026/09/24 11:55:26.073, NVIDIA L4, 23034 MiB, 0 MiB, 22646 MiB, 0 %
2026/09/24 11:55:27.073, NVIDIA L4, 23034 MiB, 0 MiB, 22646 MiB, 0 %
2026/09/24 11:55:28.074, NVIDIA L4, 23034 MiB, 0 MiB, 22646 MiB, 0 %
2026/09/24 11:55:29.074, NVIDIA L4, 23034 MiB, 0 MiB, 22646 MiB, 0 %
2026/09/24 11:55:30.074, NVIDIA L4, 23034 MiB, 0 MiB, 22646 MiB, 0 %
2026/09/24 11:55:31.075, NVIDIA L4, 23034 MiB, 0 MiB, 22646 MiB, 0 %
2026/09/24 11:55:32.075, NVIDIA L4, 23034 MiB, 0 MiB, 22646 MiB, 0 %
2026/09/24 11:55:33.075, NVIDIA L4, 23034 MiB, 0 MiB, 22646 MiB, 0 %
2026/09/24 11:55:34.076, NVIDIA L4, 23034 MiB, 0 MiB, 22646 MiB, 0 %
2026/09/24 11:55:35.076, NVIDIA L4, 23034 MiB, 0 MiB, 22646 MiB, 0 %
2026/09/24 11:55:36.076, NVIDIA L4, 23034 MiB, 0 MiB, 22646 MiB, 0 %
2026/09/24 11:55:37.077, NVIDIA L4, 23034 MiB, 0 MiB, 22646 MiB, 0 %
2026/09/24 11:55:38.077, NVIDIA L4, 23034 MiB, 0 MiB, 22646 MiB, 0 %
2026/09/24 11:55:39.077, NVIDIA L4, 23034 MiB, 0 MiB, 22646 MiB, 0 %
2026/09/24 11:55:40.078, NVIDIA L4, 23034 MiB, 0 MiB, 22646 MiB, 0 %
2026/09/24 11:55:41.078, NVIDIA L4, 23034 MiB, 0 MiB, 22646 MiB, 0 %
2026/09/24 11:55:42.078, NVIDIA L4, 23034 MiB, 0 MiB, 22646 MiB, 0 %
2026/09/24 11:55:43.079, NVIDIA L4, 23034 MiB, 0 MiB, 22646 MiB, 0 %
2026/09/24 11:55:44.079, NVIDIA L4, 23034 MiB, 0 MiB, 22646 MiB, 0 %
2026/09/24 11:55:45.079, NVIDIA L4, 23034 MiB, 0 MiB, 22646 MiB, 0 %
2026/09/24 11:55:46.080, NVIDIA L4, 23034 MiB, 0 MiB, 22646 MiB, 0 %
2026/09/24 11:55:47.080, NVIDIA L4, 23034 MiB, 0 MiB, 22646 MiB, 0 %
2026/09/24 11:55:48.080, NVIDIA L4, 23034 MiB, 0 MiB, 22646 MiB, 0 %
2026/09/24 11:55:49.081, NVIDIA L4, 23034 MiB, 0 MiB, 22646 MiB, 0 %
2026/09/24 11:55:50.081, NVIDIA L4, 23034 MiB, 0 MiB, 22646 MiB, 0 %
2026/09/24 11:55:51.081, NVIDIA L4, 23034 MiB, 0 MiB, 22646 MiB, 0 %
2026/09/24 11:55:52.082, NVIDIA L4, 23034 MiB, 0 MiB, 22646 MiB, 0 %
2026/09/24 11:55:53.082, NVIDIA L4, 23034 MiB, 0 MiB, 22646 MiB, 0 %
2026/09/24 11:55:54.082, NVIDIA L4, 23034 MiB, 0 MiB, 22646 MiB, 0 %
2026/09/24 11:55:55.083, NVIDIA L4, 23034 MiB, 0 MiB, 22646 MiB, 0 %
2026/09/24 11:55:56.083, NVIDIA L4, 23034 MiB, 0 MiB, 22646 MiB, 0 %
2026/09/24 11:55:57.083, NVIDIA L4, 23034 MiB, 0 MiB, 22646 MiB, 0 %
2026/09/24 11:55:58.084, NVIDIA L4, 23034 MiB, 0 MiB, 22646 MiB, 0 %
2026/09/24 11:55:59.084, NVIDIA L4, 23034 MiB, 0 MiB, 22646 MiB, 0 %
2026/09/24 11:56:00.084, NVIDIA L4, 23034 MiB, 0 MiB, 22646 MiB, 0 %
2026/09/24 11:56:01.085, NVIDIA L4, 23034 MiB, 0 MiB, 22646 MiB, 0 %
2026/09/24 11:56:02.085, NVIDIA L4, 23034 MiB, 0 MiB, 22646 MiB, 0 %
2026/09/24 11:56:03.085, NVIDIA L4, 23034 MiB, 0 MiB, 22646 MiB, 0 %
2026/09/24 11:56:04.086, NVIDIA L4, 23034 MiB, 0 MiB, 22646 MiB, 0 %
2026/09/24 11:56:05.086, NVIDIA L4, 23034 MiB, 0 MiB, 22646 MiB, 0 %
2026/09/24 11:56:06.086, NVIDIA L4, 23034 MiB, 0 MiB, 22646 MiB, 0 %
2026/09/24 11:56:07.087, NVIDIA L4, 23034 MiB, 0 MiB, 22646 MiB, 0 %
2026/09/24 11:56:08.087, NVIDIA L4, 23034 MiB, 0 MiB, 22646 MiB, 0 %
2026/09/24 11:56:09.087, NVIDIA L4, 23034 MiB, 0 MiB, 22646 MiB, 0 %
2026/09/24 11:56:10.087, NVIDIA L4, 23034 MiB, 0 MiB, 22646 MiB, 0 %
2026/09/24 11:56:11.088, NVIDIA L4, 23034 MiB, 0 MiB, 22646 MiB, 0 %
2026/09/24 11:56:12.088, NVIDIA L4, 23034 MiB, 0 MiB, 22646 MiB, 0 %
2026/09/24 11:56:13.088, NVIDIA L4, 23034 MiB, 0 MiB, 22646 MiB, 0 %
2026/09/24 11:56:14.089, NVIDIA L4, 23034 MiB, 0 MiB, 22646 MiB, 0 %
2026/09/24 11:56:15.089, NVIDIA L4, 23034 MiB, 0 MiB, 22646 MiB, 0 %
2026/09/24 11:56:16.089, NVIDIA L4, 23034 MiB, 0 MiB, 22646 MiB, 0 %
2026/09/24 11:56:17.090, NVIDIA L4, 23034 MiB, 0 MiB, 22646 MiB, 0 %
2026/09/24 11:56:18.090, NVIDIA L4, 23034 MiB, 0 MiB, 22646 MiB, 0 %
2026/09/24 11:56:19.090, NVIDIA L4, 23034 MiB, 0 MiB, 22646 MiB, 0 %
2026/09/24 11:56:20.091, NVIDIA L4, 23034 MiB, 0 MiB, 22646 MiB, 0 %
2026/09/24 11:56:21.091, NVIDIA L4, 23034 MiB, 0 MiB, 22646 MiB, 0 %
2026/09/24 11:56:22.091, NVIDIA L4, 23034 MiB, 0 MiB, 22646 MiB, 0 %
2026/09/24 11:56:23.091, NVIDIA L4, 23034 MiB, 0 MiB, 22646 MiB, 0 %
2026/09/24 11:56:24.092, NVIDIA L4, 23034 MiB, 0 MiB, 22646 MiB, 0 %
2026/09/24 11:56:25.092, NVIDIA L4, 23034 MiB, 0 MiB, 22646 MiB, 0 %
2026/09/24 11:56:26.092, NVIDIA L4, 23034 MiB, 0 MiB, 22646 MiB, 0 %
2026/09/24 11:56:27.093, NVIDIA L4, 23034 MiB, 0 MiB, 22646 MiB, 0 %
2026/09/24 11:56:28.093, NVIDIA L4, 23034 MiB, 0 MiB, 22646 MiB, 0 %
2026/09/24 11:56:29.093, NVIDIA L4, 23034 MiB, 0 MiB, 22646 MiB, 0 %
2026/09/24 11:56:30.094, NVIDIA L4, 23034 MiB, 0 MiB, 22646 MiB, 0 %
2026/09/24 11:56:31.094, NVIDIA L4, 23034 MiB, 0 MiB, 22646 MiB, 0 %
2026/09/24 11:56:32.094, NVIDIA L4, 23034 MiB, 0 MiB, 22646 MiB, 0 %
2026/09/24 11:56:33.095, NVIDIA L4, 23034 MiB, 0 MiB, 22646 MiB, 0 %
2026/09/24 11:56:34.095, NVIDIA L4, 23034 MiB, 0 MiB, 22646 MiB, 0 %
2026/09/24 11:56:35.095, NVIDIA L4, 23034 MiB, 0 MiB, 22646 MiB, 0 %
2026/09/24 11:56:36.095, NVIDIA L4, 23034 MiB, 0 MiB, 22646 MiB, 0 %
2026/09/24 11:56:37.096, NVIDIA L4, 23034 MiB, 0 MiB, 22646 MiB, 0 %
2026/09/24 11:56:38.096, NVIDIA L4, 23034 MiB, 0 MiB, 22646 MiB, 0 %
2026/09/24 11:56:39.096, NVIDIA L4, 23034 MiB, 0 MiB, 22646 MiB, 0 %
2026/09/24 11:56:40.097, NVIDIA L4, 23034 MiB, 0 MiB, 22646 MiB, 0 %
2026/09/24 11:56:41.097, NVIDIA L4, 23034 MiB, 0 MiB, 22646 MiB, 0 %
2026/09/24 11:56:42.097, NVIDIA L4, 23034 MiB, 0 MiB, 22646 MiB, 0 %
2026/09/24 11:56:43.098, NVIDIA L4, 23034 MiB, 0 MiB, 22646 MiB, 0 %
2026/09/24 11:56:44.099, NVIDIA L4, 23034 MiB, 0 MiB, 22646 MiB, 0 %
2026/09/24 11:56:45.099, NVIDIA L4, 23034 MiB, 0 MiB, 22646 MiB, 0 %
2026/09/24 11:56:46.100, NVIDIA L4, 23034 MiB, 0 MiB, 22646 MiB, 0 %
2026/09/24 11:56:47.100, NVIDIA L4, 23034 MiB, 0 MiB, 22646 MiB, 0 %
2026/09/24 11:56:48.100, NVIDIA L4, 23034 MiB, 0 MiB, 22646 MiB, 0 %
2026/09/24 11:56:49.101, NVIDIA L4, 23034 MiB, 0 MiB, 22646 MiB, 0 %
2026/09/24 11:56:50.101, NVIDIA L4, 23034 MiB, 0 MiB, 22646 MiB, 0 %
2026/09/24 11:56:51.101, NVIDIA L4, 23034 MiB, 0 MiB, 22646 MiB, 0 %
2026/09/24 11:56:52.102, NVIDIA L4, 23034 MiB, 0 MiB, 22646 MiB, 0 %
2026/09/24 11:56:53.102, NVIDIA L4, 23034 MiB, 0 MiB, 22646 MiB, 0 %
2026/09/24 11:56:54.102, NVIDIA L4, 23034 MiB, 0 MiB, 22646 MiB, 0 %
2026/09/24 11:56:55.103, NVIDIA L4, 23034 MiB, 0 MiB, 22646 MiB, 0 %
2026/09/24 11:56:56.103, NVIDIA L4, 23034 MiB, 0 MiB, 22646 MiB, 0 %
2026/09/24 11:56:57.103, NVIDIA L4, 23034 MiB, 0 MiB, 22646 MiB, 0 %
2026/09/24 11:56:58.104, NVIDIA L4, 23034 MiB, 0 MiB, 22646 MiB, 0 %
2026/09/24 11:56:59.104, NVIDIA L4, 23034 MiB, 0 MiB, 22646 MiB, 0 %
2026/09/24 11:57:00.104, NVIDIA L4, 23034 MiB, 0 MiB, 22646 MiB, 0 %
2026/09/24 11:57:01.105, NVIDIA L4, 23034 MiB, 0 MiB, 22646 MiB, 0 %
2026/09/24 11:57:02.105, NVIDIA L4, 23034 MiB, 0 MiB, 22646 MiB, 0 %
2026/09/24 11:57:03.105, NVIDIA L4, 23034 MiB, 0 MiB, 22646 MiB, 0 %
2026/09/24 11:57:04.106, NVIDIA L4, 23034 MiB, 0 MiB, 22646 MiB, 0 %
2026/09/24 11:57:05.106, NVIDIA L4, 23034 MiB, 0 MiB, 22646 MiB, 0 %
2026/09/24 11:57:06.106, NVIDIA L4, 23034 MiB, 0 MiB, 22646 MiB, 0 %
2026/09/24 11:57:07.106, NVIDIA L4, 23034 MiB, 0 MiB, 22646 MiB, 0 %
2026/09/24 11:57:08.107, NVIDIA L4, 23034 MiB, 0 MiB, 22646 MiB, 0 %
2026/09/24 11:57:09.107, NVIDIA L4, 23034 MiB, 0 MiB, 22646 MiB, 0 %
2026/09/24 11:57:10.107, NVIDIA L4, 23034 MiB, 0 MiB, 22646 MiB, 0 %
2026/09/24 11:57:11.108, NVIDIA L4, 23034 MiB, 0 MiB, 22646 MiB, 0 %
2026/09/24 11:57:12.108, NVIDIA L4, 23034 MiB, 0 MiB, 22646 MiB, 0 %
2026/09/24 11:57:13.108, NVIDIA L4, 23034 MiB, 0 MiB, 22646 MiB, 0 %
2026/09/24 11:57:14.108, NVIDIA L4, 23034 MiB, 0 MiB, 22646 MiB, 0 %
2026/09/24 11:57:15.109, NVIDIA L4, 23034 MiB, 0 MiB, 22646 MiB, 0 %
2026/09/24 11:57:16.109, NVIDIA L4, 23034 MiB, 0 MiB, 22646 MiB, 0 %
2026/09/24 11:57:17.109, NVIDIA L4, 23034 MiB, 0 MiB, 22646 MiB, 0 %
2026/09/24 11:57:18.110, NVIDIA L4, 23034 MiB, 0 MiB, 22646 MiB, 0 %
2026/09/24 11:57:19.110, NVIDIA L4, 23034 MiB, 0 MiB, 22646 MiB, 0 %
2026/09/24 11:57:20.110, NVIDIA L4, 23034 MiB, 0 MiB, 22646 MiB, 0 %
2026/09/24 11:57:21.111, NVIDIA L4, 23034 MiB, 0 MiB, 22646 MiB, 0 %
2026/09/24 11:57:22.111, NVIDIA L4, 23034 MiB, 0 MiB, 22646 MiB, 0 %
2026/09/24 11:57:23.111, NVIDIA L4, 23034 MiB, 0 MiB, 22646 MiB, 0 %
2026/09/24 11:57:24.112, NVIDIA L4, 23034 MiB, 0 MiB, 22646 MiB, 0 %
2026/09/24 11:57:25.112, NVIDIA L4, 23034 MiB, 0 MiB, 22646 MiB, 0 %
2026/09/24 11:57:26.112, NVIDIA L4, 23034 MiB, 0 MiB, 22646 MiB, 0 %
2026/09/24 11:57:27.112, NVIDIA L4, 23034 MiB, 0 MiB, 22646 MiB, 0 %
2026/09/24 11:57:28.113, NVIDIA L4, 23034 MiB, 0 MiB, 22646 MiB, 0 %
2026/09/24 11:57:29.113, NVIDIA L4, 23034 MiB, 0 MiB, 22646 MiB, 0 %
2026/09/24 11:57:30.113, NVIDIA L4, 23034 MiB, 0 MiB, 22646 MiB, 0 %
2026/09/24 11:57:31.114, NVIDIA L4, 23034 MiB, 0 MiB, 22646 MiB, 0 %
2026/09/24 11:57:32.114, NVIDIA L4, 23034 MiB, 0 MiB, 22646 MiB, 0 %
2026/09/24 11:57:33.114, NVIDIA L4, 23034 MiB, 0 MiB, 22646 MiB, 0 %
2026/09/24 11:57:34.115, NVIDIA L4, 23034 MiB, 0 MiB, 22646 MiB, 0 %
2026/09/24 11:57:35.115, NVIDIA L4, 23034 MiB, 0 MiB, 22646 MiB, 0 %
2026/09/24 11:57:36.115, NVIDIA L4, 23034 MiB, 0 MiB, 22646 MiB, 0 %
2026/09/24 11:57:37.116, NVIDIA L4, 23034 MiB, 0 MiB, 22646 MiB, 0 %
2026/09/24 11:57:38.116, NVIDIA L4, 23034 MiB, 0 MiB, 22646 MiB, 0 %
2026/09/24 11:57:39.116, NVIDIA L4, 23034 MiB, 0 MiB, 22646 MiB, 0 %
2026/09/24 11:57:40.117, NVIDIA L4, 23034 MiB, 0 MiB, 22646 MiB, 0 %
2026/09/24 11:57:41.117, NVIDIA L4, 23034 MiB, 0 MiB, 22646 MiB, 0 %
2026/09/24 11:57:42.117, NVIDIA L4, 23034 MiB, 0 MiB, 22646 MiB, 0 %
2026/09/24 11:57:43.118, NVIDIA L4, 23034 MiB, 0 MiB, 22646 MiB, 0 %
2026/09/24 11:57:44.118, NVIDIA L4, 23034 MiB, 0 MiB, 22646 MiB, 0 %
2026/09/24 11:57:45.118, NVIDIA L4, 23034 MiB, 0 MiB, 22646 MiB, 0 %
2026/09/24 11:57:46.118, NVIDIA L4, 23034 MiB, 0 MiB, 22646 MiB, 0 %
2026/09/24 11:57:47.119, NVIDIA L4, 23034 MiB, 0 MiB, 22646 MiB, 0 %
2026/09/24 11:57:48.119, NVIDIA L4, 23034 MiB, 0 MiB, 22646 MiB, 0 %
2026/09/24 11:57:49.119, NVIDIA L4, 23034 MiB, 0 MiB, 22646 MiB, 0 %
2026/09/24 11:57:50.120, NVIDIA L4, 23034 MiB, 0 MiB, 22646 MiB, 0 %
2026/09/24 11:57:51.120, NVIDIA L4, 23034 MiB, 0 MiB, 22646 MiB, 0 %
2026/09/24 11:57:52.120, NVIDIA L4, 23034 MiB, 0 MiB, 22646 MiB, 0 %
2026/09/24 11:57:53.121, NVIDIA L4, 23034 MiB, 0 MiB, 22646 MiB, 0 %
2026/09/24 11:57:54.121, NVIDIA L4, 23034 MiB, 0 MiB, 22646 MiB, 0 %
2026/09/24 11:57:55.121, NVIDIA L4, 23034 MiB, 0 MiB, 22646 MiB, 0 %
2026/09/24 11:57:56.122, NVIDIA L4, 23034 MiB, 0 MiB, 22646 MiB, 0 %
2026/09/24 11:57:57.122, NVIDIA L4, 23034 MiB, 0 MiB, 22646 MiB, 0 %
2026/09/24 11:57:58.122, NVIDIA L4, 23034 MiB, 0 MiB, 22646 MiB, 0 %
2026/09/24 11:57:59.123, NVIDIA L4, 23034 MiB, 0 MiB, 22646 MiB, 0 %
2026/09/24 11:58:00.123, NVIDIA L4, 23034 MiB, 0 MiB, 22646 MiB, 0 %
2026/09/24 11:58:01.123, NVIDIA L4, 23034 MiB, 0 MiB, 22646 MiB, 0 %
2026/09/24 11:58:02.124, NVIDIA L4, 23034 MiB, 0 MiB, 22646 MiB, 0 %
2026/09/24 11:58:03.124, NVIDIA L4, 23034 MiB, 0 MiB, 22646 MiB, 0 %
2026/09/24 11:58:04.124, NVIDIA L4, 23034 MiB, 0 MiB, 22646 MiB, 0 %
2026/09/24 11:58:05.124, NVIDIA L4, 23034 MiB, 0 MiB, 22646 MiB, 0 %
2026/09/24 11:58:06.125, NVIDIA L4, 23034 MiB, 0 MiB, 22646 MiB, 0 %
2026/09/24 11:58:07.125, NVIDIA L4, 23034 MiB, 0 MiB, 22646 MiB, 0 %
2026/09/24 11:58:08.125, NVIDIA L4, 23034 MiB, 0 MiB, 22646 MiB, 0 %
2026/09/24 11:58:09.126, NVIDIA L4, 23034 MiB, 0 MiB, 22646 MiB, 0 %
2026/09/24 11:58:10.126, NVIDIA L4, 23034 MiB, 0 MiB, 22646 MiB, 0 %
2026/09/24 11:58:11.126, NVIDIA L4, 23034 MiB, 0 MiB, 22646 MiB, 0 %
2026/09/24 11:58:12.127, NVIDIA L4, 23034 MiB, 0 MiB, 22646 MiB, 0 %
2026/09/24 11:58:13.127, NVIDIA L4, 23034 MiB, 0 MiB, 22646 MiB, 0 %
2026/09/24 11:58:14.127, NVIDIA L4, 23034 MiB, 0 MiB, 22646 MiB, 0 %
2026/09/24 11:58:15.127, NVIDIA L4, 23034 MiB, 0 MiB, 22646 MiB, 0 %
2026/09/24 11:58:16.128, NVIDIA L4, 23034 MiB, 0 MiB, 22646 MiB, 0 %
2026/09/24 11:58:17.128, NVIDIA L4, 23034 MiB, 0 MiB, 22646 MiB, 0 %
2026/09/24 11:58:18.128, NVIDIA L4, 23034 MiB, 0 MiB, 22646 MiB, 0 %
2026/09/24 11:58:19.129, NVIDIA L4, 23034 MiB, 0 MiB, 22646 MiB, 0 %
2026/09/24 11:58:20.129, NVIDIA L4, 23034 MiB, 0 MiB, 22646 MiB, 0 %
2026/09/24 11:58:21.129, NVIDIA L4, 23034 MiB, 0 MiB, 22646 MiB, 0 %
2026/09/24 11:58:22.129, NVIDIA L4, 23034 MiB, 0 MiB, 22646 MiB, 0 %
2026/09/24 11:58:23.130, NVIDIA L4, 23034 MiB, 0 MiB, 22646 MiB, 0 %
2026/09/24 11:58:24.130, NVIDIA L4, 23034 MiB, 0 MiB, 22646 MiB, 0 %
2026/09/24 11:58:25.130, NVIDIA L4, 23034 MiB, 0 MiB, 22646 MiB, 0 %
2026/09/24 11:58:26.131, NVIDIA L4, 23034 MiB, 0 MiB, 22646 MiB, 0 %
2026/09/24 11:58:27.131, NVIDIA L4, 23034 MiB, 0 MiB, 22646 MiB, 0 %
2026/09/24 11:58:28.131, NVIDIA L4, 23034 MiB, 0 MiB, 22646 MiB, 0 %
2026/09/24 11:58:29.132, NVIDIA L4, 23034 MiB, 0 MiB, 22646 MiB, 0 %
2026/09/24 11:58:30.132, NVIDIA L4, 23034 MiB, 0 MiB, 22646 MiB, 0 %
2026/09/24 11:58:31.132, NVIDIA L4, 23034 MiB, 0 MiB, 22646 MiB, 0 %
2026/09/24 11:58:32.133, NVIDIA L4, 23034 MiB, 0 MiB, 22646 MiB, 0 %
2026/09/24 11:58:33.133, NVIDIA L4, 23034 MiB, 0 MiB, 22646 MiB, 0 %
2026/09/24 11:58:34.133, NVIDIA L4, 23034 MiB, 0 MiB, 22646 MiB, 0 %
2026/09/24 11:58:35.133, NVIDIA L4, 23034 MiB, 0 MiB, 22646 MiB, 0 %
2026/09/24 11:58:36.134, NVIDIA L4, 23034 MiB, 0 MiB, 22646 MiB, 0 %
2026/09/24 11:58:37.134, NVIDIA L4, 23034 MiB, 0 MiB, 22646 MiB, 0 %
2026/09/24 11:58:38.134, NVIDIA L4, 23034 MiB, 0 MiB, 22646 MiB, 0 %
2026/09/24 11:58:39.135, NVIDIA L4, 23034 MiB, 0 MiB, 22646 MiB, 0 %
2026/09/24 11:58:40.135, NVIDIA L4, 23034 MiB, 0 MiB, 22646 MiB, 0 %
2026/09/24 11:58:41.135, NVIDIA L4, 23034 MiB, 0 MiB, 22646 MiB, 0 %
2026/09/24 11:58:42.136, NVIDIA L4, 23034 MiB, 0 MiB, 22646 MiB, 0 %
2026/09/24 11:58:43.136, NVIDIA L4, 23034 MiB, 0 MiB, 22646 MiB, 0 %
2026/09/24 11:58:44.136, NVIDIA L4, 23034 MiB, 0 MiB, 22646 MiB, 0 %
2026/09/24 11:58:45.137, NVIDIA L4, 23034 MiB, 0 MiB, 22646 MiB, 0 %
2026/09/24 11:58:46.137, NVIDIA L4, 23034 MiB, 0 MiB, 22646 MiB, 0 %
2026/09/24 11:58:47.137, NVIDIA L4, 23034 MiB, 0 MiB, 22646 MiB, 0 %
2026/09/24 11:58:48.137, NVIDIA L4, 23034 MiB, 0 MiB, 22646 MiB, 0 %
2026/09/24 11:58:49.138, NVIDIA L4, 23034 MiB, 0 MiB, 22646 MiB, 0 %
2026/09/24 11:58:50.138, NVIDIA L4, 23034 MiB, 0 MiB, 22646 MiB, 0 %
2026/09/24 11:58:51.138, NVIDIA L4, 23034 MiB, 0 MiB, 22646 MiB, 0 %
2026/09/24 11:58:52.139, NVIDIA L4, 23034 MiB, 0 MiB, 22646 MiB, 0 %
2026/09/24 11:58:53.139, NVIDIA L4, 23034 MiB, 0 MiB, 22646 MiB, 0 %
2026/09/24 11:58:54.139, NVIDIA L4, 23034 MiB, 0 MiB, 22646 MiB, 0 %
2026/09/24 11:58:55.140, NVIDIA L4, 23034 MiB, 0 MiB, 22646 MiB, 0 %
2026/09/24 11:58:56.140, NVIDIA L4, 23034 MiB, 0 MiB, 22646 MiB, 0 %
2026/09/24 11:58:57.140, NVIDIA L4, 23034 MiB, 0 MiB, 22646 MiB, 0 %
2026/09/24 11:58:58.141, NVIDIA L4, 23034 MiB, 0 MiB, 22646 MiB, 0 %
2026/09/24 11:58:59.142, NVIDIA L4, 23034 MiB, 0 MiB, 22646 MiB, 0 %
2026/09/24 11:59:00.142, NVIDIA L4, 23034 MiB, 0 MiB, 22646 MiB, 0 %
2026/09/24 11:59:01.143, NVIDIA L4, 23034 MiB, 0 MiB, 22646 MiB, 0 %
2026/09/24 11:59:02.143, NVIDIA L4, 23034 MiB, 0 MiB, 22646 MiB, 0 %
2026/09/24 11:59:03.143, NVIDIA L4, 23034 MiB, 0 MiB, 22646 MiB, 0 %
2026/09/24 11:59:04.144, NVIDIA L4, 23034 MiB, 0 MiB, 22646 MiB, 0 %
2026/09/24 11:59:05.144, NVIDIA L4, 23034 MiB, 0 MiB, 22646 MiB, 0 %
2026/09/24 11:59:06.144, NVIDIA L4, 23034 MiB, 0 MiB, 22646 MiB, 0 %
2026/09/24 11:59:07.145, NVIDIA L4, 23034 MiB, 0 MiB, 22646 MiB, 0 %
2026/09/24 11:59:08.145, NVIDIA L4, 23034 MiB, 0 MiB, 22646 MiB, 0 %
2026/09/24 11:59:09.145, NVIDIA L4, 23034 MiB, 0 MiB, 22646 MiB, 0 %
2026/09/24 11:59:10.146, NVIDIA L4, 23034 MiB, 0 MiB, 22646 MiB, 0 %
2026/09/24 11:59:11.146, NVIDIA L4, 23034 MiB, 0 MiB, 22646 MiB, 0 %
2026/09/24 11:59:12.146, NVIDIA L4, 23034 MiB, 0 MiB, 22646 MiB, 0 %
2026/09/24 11:59:13.146, NVIDIA L4, 23034 MiB, 0 MiB, 22646 MiB, 0 %
2026/09/24 11:59:14.147, NVIDIA L4, 23034 MiB, 0 MiB, 22646 MiB, 0 %
2026/09/24 11:59:15.147, NVIDIA L4, 23034 MiB, 0 MiB, 22646 MiB, 0 %
2026/09/24 11:59:16.147, NVIDIA L4, 23034 MiB, 0 MiB, 22646 MiB, 0 %
2026/09/24 11:59:17.148, NVIDIA L4, 23034 MiB, 0 MiB, 22646 MiB, 0 %
2026/09/24 11:59:18.148, NVIDIA L4, 23034 MiB, 0 MiB, 22646 MiB, 0 %
2026/09/24 11:59:19.148, NVIDIA L4, 23034 MiB, 0 MiB, 22646 MiB, 0 %
2026/09/24 11:59:20.149, NVIDIA L4, 23034 MiB, 0 MiB, 22646 MiB, 0 %
2026/09/24 11:59:21.149, NVIDIA L4, 23034 MiB, 0 MiB, 22646 MiB, 0 %
2026/09/24 11:59:22.149, NVIDIA L4, 23034 MiB, 0 MiB, 22646 MiB, 0 %
2026/09/24 11:59:23.150, NVIDIA L4, 23034 MiB, 0 MiB, 22646 MiB, 0 %
2026/09/24 11:59:24.150, NVIDIA L4, 23034 MiB, 0 MiB, 22646 MiB, 0 %
2026/09/24 11:59:25.150, NVIDIA L4, 23034 MiB, 0 MiB, 22646 MiB, 0 %
2026/09/24 11:59:26.151, NVIDIA L4, 23034 MiB, 0 MiB, 22646 MiB, 0 %
2026/09/24 11:59:27.151, NVIDIA L4, 23034 MiB, 0 MiB, 22646 MiB, 0 %
2026/09/24 11:59:28.151, NVIDIA L4, 23034 MiB, 0 MiB, 22646 MiB, 0 %
2026/09/24 11:59:29.152, NVIDIA L4, 23034 MiB, 0 MiB, 22646 MiB, 0 %
2026/09/24 11:59:30.152, NVIDIA L4, 23034 MiB, 0 MiB, 22646 MiB, 0 %
2026/09/24 11:59:31.152, NVIDIA L4, 23034 MiB, 0 MiB, 22646 MiB, 0 %
2026/09/24 11:59:32.153, NVIDIA L4, 23034 MiB, 0 MiB, 22646 MiB, 0 %
2026/09/24 11:59:33.153, NVIDIA L4, 23034 MiB, 0 MiB, 22646 MiB, 0 %
2026/09/24 11:59:34.153, NVIDIA L4, 23034 MiB, 0 MiB, 22646 MiB, 0 %
2026/09/24 11:59:35.154, NVIDIA L4, 23034 MiB, 0 MiB, 22646 MiB, 0 %
2026/09/24 11:59:36.154, NVIDIA L4, 23034 MiB, 0 MiB, 22646 MiB, 0 %
2026/09/24 11:59:37.154, NVIDIA L4, 23034 MiB, 0 MiB, 22646 MiB, 0 %
2026/09/24 11:59:38.155, NVIDIA L4, 23034 MiB, 0 MiB, 22646 MiB, 0 %
2026/09/24 11:59:39.155, NVIDIA L4, 23034 MiB, 0 MiB, 22646 MiB, 0 %
2026/09/24 11:59:40.155, NVIDIA L4, 23034 MiB, 0 MiB, 22646 MiB, 0 %
2026/09/24 11:59:41.155, NVIDIA L4, 23034 MiB, 0 MiB, 22646 MiB, 0 %
2026/09/24 11:59:42.156, NVIDIA L4, 23034 MiB, 0 MiB, 22646 MiB, 0 %
2026/09/24 11:59:43.156, NVIDIA L4, 23034 MiB, 0 MiB, 22646 MiB, 0 %
2026/09/24 11:59:44.156, NVIDIA L4, 23034 MiB, 0 MiB, 22646 MiB, 0 %
2026/09/24 11:59:45.157, NVIDIA L4, 23034 MiB, 0 MiB, 22646 MiB, 0 %
2026/09/24 11:59:46.157, NVIDIA L4, 23034 MiB, 0 MiB, 22646 MiB, 0 %
2026/09/24 11:59:47.157, NVIDIA L4, 23034 MiB, 0 MiB, 22646 MiB, 0 %
2026/09/24 11:59:48.158, NVIDIA L4, 23034 MiB, 0 MiB, 22646 MiB, 0 %
2026/09/24 11:59:49.158, NVIDIA L4, 23034 MiB, 0 MiB, 22646 MiB, 0 %
2026/09/24 11:59:50.158, NVIDIA L4, 23034 MiB, 0 MiB, 22646 MiB, 0 %
2026/09/24 11:59:51.159, NVIDIA L4, 23034 MiB, 0 MiB, 22646 MiB, 0 %
2026/09/24 11:59:52.159, NVIDIA L4, 23034 MiB, 0 MiB, 22646 MiB, 0 %
2026/09/24 11:59:53.159, NVIDIA L4, 23034 MiB, 0 MiB, 22646 MiB, 0 %
2026/09/24 11:59:54.160, NVIDIA L4, 23034 MiB, 0 MiB, 22646 MiB, 0 %
2026/09/24 11:59:55.160, NVIDIA L4, 23034 MiB, 0 MiB, 22646 MiB, 0 %
2026/09/24 11:59:56.160, NVIDIA L4, 23034 MiB, 0 MiB, 22646 MiB, 0 %
2026/09/24 11:59:57.161, NVIDIA L4, 23034 MiB, 0 MiB, 22646 MiB, 0 %
2026/09/24 11:59:58.161, NVIDIA L4, 23034 MiB, 0 MiB, 22646 MiB, 0 %
2026/09/24 11:59:59.161, NVIDIA L4, 23034 MiB, 0 MiB, 22646 MiB, 0 %
2026/09/24 12:00:00.162, NVIDIA L4, 23034 MiB, 0 MiB, 22646 MiB, 0 %
2026/09/24 12:00:01.162, NVIDIA L4, 23034 MiB, 0 MiB, 22646 MiB, 0 %
2026/09/24 12:00:02.162, NVIDIA L4, 23034 MiB, 0 MiB, 22646 MiB, 0 %
2026/09/24 12:00:03.163, NVIDIA L4, 23034 MiB, 0 MiB, 22646 MiB, 0 %
2026/09/24 12:00:04.163, NVIDIA L4, 23034 MiB, 0 MiB, 22646 MiB, 0 %
2026/09/24 12:00:05.163, NVIDIA L4, 23034 MiB, 0 MiB, 22646 MiB, 0 %
2026/09/24 12:00:06.164, NVIDIA L4, 23034 MiB, 0 MiB, 22646 MiB, 0 %
2026/09/24 12:00:07.164, NVIDIA L4, 23034 MiB, 0 MiB, 22646 MiB, 0 %
2026/09/24 12:00:08.164, NVIDIA L4, 23034 MiB, 0 MiB, 22646 MiB, 0 %
2026/09/24 12:00:09.165, NVIDIA L4, 23034 MiB, 0 MiB, 22646 MiB, 0 %
2026/09/24 12:00:10.165, NVIDIA L4, 23034 MiB, 0 MiB, 22646 MiB, 0 %
2026/09/24 12:00:11.165, NVIDIA L4, 23034 MiB, 0 MiB, 22646 MiB, 0 %
2026/09/24 12:00:12.166, NVIDIA L4, 23034 MiB, 0 MiB, 22646 MiB, 0 %
2026/09/24 12:00:13.166, NVIDIA L4, 23034 MiB, 0 MiB, 22646 MiB, 0 %
2026/09/24 12:00:14.166, NVIDIA L4, 23034 MiB, 0 MiB, 22646 MiB, 0 %
2026/09/24 12:00:15.167, NVIDIA L4, 23034 MiB, 0 MiB, 22646 MiB, 0 %
2026/09/24 12:00:16.167, NVIDIA L4, 23034 MiB, 0 MiB, 22646 MiB, 0 %
2026/09/24 12:00:17.167, NVIDIA L4, 23034 MiB, 0 MiB, 22646 MiB, 0 %
2026/09/24 12:00:18.168, NVIDIA L4, 23034 MiB, 0 MiB, 22646 MiB, 0 %
2026/09/24 12:00:19.168, NVIDIA L4, 23034 MiB, 0 MiB, 22646 MiB, 0 %
2026/09/24 12:00:20.168, NVIDIA L4, 23034 MiB, 0 MiB, 22646 MiB, 0 %
2026/09/24 12:00:21.169, NVIDIA L4, 23034 MiB, 0 MiB, 22646 MiB, 0 %
2026/09/24 12:00:22.169, NVIDIA L4, 23034 MiB, 0 MiB, 22646 MiB, 0 %
2026/09/24 12:00:23.169, NVIDIA L4, 23034 MiB, 0 MiB, 22646 MiB, 0 %
2026/09/24 12:00:24.170, NVIDIA L4, 23034 MiB, 0 MiB, 22646 MiB, 0 %
2026/09/24 12:00:25.170, NVIDIA L4, 23034 MiB, 0 MiB, 22646 MiB, 0 %
2026/09/24 12:00:26.170, NVIDIA L4, 23034 MiB, 0 MiB, 22646 MiB, 0 %
2026/09/24 12:00:27.171, NVIDIA L4, 23034 MiB, 0 MiB, 22646 MiB, 0 %
2026/09/24 12:00:28.171, NVIDIA L4, 23034 MiB, 0 MiB, 22646 MiB, 0 %
2026/09/24 12:00:29.171, NVIDIA L4, 23034 MiB, 0 MiB, 22646 MiB, 0 %
2026/09/24 12:00:30.172, NVIDIA L4, 23034 MiB, 0 MiB, 22646 MiB, 0 %
2026/09/24 12:00:31.172, NVIDIA L4, 23034 MiB, 0 MiB, 22646 MiB, 0 %
2026/09/24 12:00:32.172, NVIDIA L4, 23034 MiB, 0 MiB, 22646 MiB, 0 %
2026/09/24 12:00:33.173, NVIDIA L4, 23034 MiB, 0 MiB, 22646 MiB, 0 %
2026/09/24 12:00:34.173, NVIDIA L4, 23034 MiB, 0 MiB, 22646 MiB, 0 %
2026/09/24 12:00:35.173, NVIDIA L4, 23034 MiB, 0 MiB, 22646 MiB, 0 %
2026/09/24 12:00:36.174, NVIDIA L4, 23034 MiB, 0 MiB, 22646 MiB, 0 %
2026/09/24 12:00:37.174, NVIDIA L4, 23034 MiB, 0 MiB, 22646 MiB, 0 %
2026/09/24 12:00:38.174, NVIDIA L4, 23034 MiB, 0 MiB, 22646 MiB, 0 %
2026/09/24 12:00:39.174, NVIDIA L4, 23034 MiB, 0 MiB, 22646 MiB, 0 %
2026/09/24 12:00:40.175, NVIDIA L4, 23034 MiB, 0 MiB, 22646 MiB, 0 %
2026/09/24 12:00:41.175, NVIDIA L4, 23034 MiB, 0 MiB, 22646 MiB, 0 %
2026/09/24 12:00:42.175, NVIDIA L4, 23034 MiB, 0 MiB, 22646 MiB, 0 %
2026/09/24 12:00:43.176, NVIDIA L4, 23034 MiB, 0 MiB, 22646 MiB, 0 %
2026/09/24 12:00:44.176, NVIDIA L4, 23034 MiB, 0 MiB, 22646 MiB, 0 %
2026/09/24 12:00:45.176, NVIDIA L4, 23034 MiB, 0 MiB, 22646 MiB, 0 %
2026/09/24 12:00:46.177, NVIDIA L4, 23034 MiB, 0 MiB, 22646 MiB, 0 %
2026/09/24 12:00:47.177, NVIDIA L4, 23034 MiB, 0 MiB, 22646 MiB, 0 %
2026/09/24 12:00:48.177, NVIDIA L4, 23034 MiB, 0 MiB, 22646 MiB, 0 %
2026/09/24 12:00:49.178, NVIDIA L4, 23034 MiB, 0 MiB, 22646 MiB, 0 %
2026/09/24 12:00:50.178, NVIDIA L4, 23034 MiB, 0 MiB, 22646 MiB, 0 %
2026/09/24 12:00:51.178, NVIDIA L4, 23034 MiB, 0 MiB, 22646 MiB, 0 %
2026/09/24 12:00:52.178, NVIDIA L4, 23034 MiB, 0 MiB, 22646 MiB, 0 %
2026/09/24 12:00:53.179, NVIDIA L4, 23034 MiB, 0 MiB, 22646 MiB, 0 %
2026/09/24 12:00:54.179, NVIDIA L4, 23034 MiB, 0 MiB, 22646 MiB, 0 %
2026/09/24 12:00:55.179, NVIDIA L4, 23034 MiB, 0 MiB, 22646 MiB, 0 %
2026/09/24 12:00:56.180, NVIDIA L4, 23034 MiB, 0 MiB, 22646 MiB, 0 %
2026/09/24 12:00:57.180, NVIDIA L4, 23034 MiB, 0 MiB, 22646 MiB, 0 %
2026/09/24 12:00:58.180, NVIDIA L4, 23034 MiB, 0 MiB, 22646 MiB, 0 %
2026/09/24 12:00:59.181, NVIDIA L4, 23034 MiB, 0 MiB, 22646 MiB, 0 %
2026/09/24 12:01:00.181, NVIDIA L4, 23034 MiB, 0 MiB, 22646 MiB, 0 %
2026/09/24 12:01:01.181, NVIDIA L4, 23034 MiB, 0 MiB, 22646 MiB, 0 %
2026/09/24 12:01:02.182, NVIDIA L4, 23034 MiB, 0 MiB, 22646 MiB, 0 %
2026/09/24 12:01:03.182, NVIDIA L4, 23034 MiB, 0 MiB, 22646 MiB, 0 %
2026/09/24 12:01:04.182, NVIDIA L4, 23034 MiB, 0 MiB, 22646 MiB, 0 %
2026/09/24 12:01:05.183, NVIDIA L4, 23034 MiB, 0 MiB, 22646 MiB, 0 %
2026/09/24 12:01:06.183, NVIDIA L4, 23034 MiB, 0 MiB, 22646 MiB, 0 %
2026/09/24 12:01:07.183, NVIDIA L4, 23034 MiB, 0 MiB, 22646 MiB, 0 %
2026/09/24 12:01:08.183, NVIDIA L4, 23034 MiB, 0 MiB, 22646 MiB, 0 %
2026/09/24 12:01:09.184, NVIDIA L4, 23034 MiB, 0 MiB, 22646 MiB, 0 %
2026/09/24 12:01:10.184, NVIDIA L4, 23034 MiB, 0 MiB, 22646 MiB, 0 %
2026/09/24 12:01:11.184, NVIDIA L4, 23034 MiB, 0 MiB, 22646 MiB, 0 %
2026/09/24 12:01:12.185, NVIDIA L4, 23034 MiB, 0 MiB, 22646 MiB, 0 %
2026/09/24 12:01:13.185, NVIDIA L4, 23034 MiB, 0 MiB, 22646 MiB, 0 %
2026/09/24 12:01:14.185, NVIDIA L4, 23034 MiB, 0 MiB, 22646 MiB, 0 %
2026/09/24 12:01:15.185, NVIDIA L4, 23034 MiB, 0 MiB, 22646 MiB, 0 %
2026/09/24 12:01:16.186, NVIDIA L4, 23034 MiB, 0 MiB, 22646 MiB, 0 %
2026/09/24 12:01:17.186, NVIDIA L4, 23034 MiB, 0 MiB, 22646 MiB, 0 %
2026/09/24 12:01:18.186, NVIDIA L4, 23034 MiB, 0 MiB, 22646 MiB, 0 %
2026/09/24 12:01:19.187, NVIDIA L4, 23034 MiB, 0 MiB, 22646 MiB, 0 %
2026/09/24 12:01:20.187, NVIDIA L4, 23034 MiB, 0 MiB, 22646 MiB, 0 %
2026/09/24 12:01:21.187, NVIDIA L4, 23034 MiB, 0 MiB, 22646 MiB, 0 %
2026/09/24 12:01:22.188, NVIDIA L4, 23034 MiB, 0 MiB, 22646 MiB, 0 %
2026/09/24 12:01:23.188, NVIDIA L4, 23034 MiB, 0 MiB, 22646 MiB, 0 %
2026/09/24 12:01:24.188, NVIDIA L4, 23034 MiB, 0 MiB, 22646 MiB, 0 %
2026/09/24 12:01:25.189, NVIDIA L4, 23034 MiB, 0 MiB, 22646 MiB, 0 %
2026/09/24 12:01:26.189, NVIDIA L4, 23034 MiB, 0 MiB, 22646 MiB, 0 %
2026/09/24 12:01:27.189, NVIDIA L4, 23034 MiB, 0 MiB, 22646 MiB, 0 %
2026/09/24 12:01:28.189, NVIDIA L4, 23034 MiB, 0 MiB, 22646 MiB, 0 %
2026/09/24 12:01:29.190, NVIDIA L4, 23034 MiB, 0 MiB, 22646 MiB, 0 %
2026/09/24 12:01:30.190, NVIDIA L4, 23034 MiB, 0 MiB, 22646 MiB, 0 %
2026/09/24 12:01:31.190, NVIDIA L4, 23034 MiB, 0 MiB, 22646 MiB, 0 %
2026/09/24 12:01:32.191, NVIDIA L4, 23034 MiB, 0 MiB, 22646 MiB, 0 %
2026/09/24 12:01:33.191, NVIDIA L4, 23034 MiB, 0 MiB, 22646 MiB, 0 %
2026/09/24 12:01:34.191, NVIDIA L4, 23034 MiB, 0 MiB, 22646 MiB, 0 %
2026/09/24 12:01:35.192, NVIDIA L4, 23034 MiB, 0 MiB, 22646 MiB, 0 %
2026/09/24 12:01:36.192, NVIDIA L4, 23034 MiB, 0 MiB, 22646 MiB, 0 %
2026/09/24 12:01:37.192, NVIDIA L4, 23034 MiB, 0 MiB, 22646 MiB, 0 %
2026/09/24 12:01:38.193, NVIDIA L4, 23034 MiB, 0 MiB, 22646 MiB, 0 %
2026/09/24 12:01:39.193, NVIDIA L4, 23034 MiB, 0 MiB, 22646 MiB, 0 %
2026/09/24 12:01:40.193, NVIDIA L4, 23034 MiB, 0 MiB, 22646 MiB, 0 %
2026/09/24 12:01:41.193, NVIDIA L4, 23034 MiB, 0 MiB, 22646 MiB, 0 %
2026/09/24 12:01:42.194, NVIDIA L4, 23034 MiB, 0 MiB, 22646 MiB, 0 %
2026/09/24 12:01:43.194, NVIDIA L4, 23034 MiB, 0 MiB, 22646 MiB, 0 %
2026/09/24 12:01:44.194, NVIDIA L4, 23034 MiB, 0 MiB, 22646 MiB, 0 %
2026/09/24 12:01:45.195, NVIDIA L4, 23034 MiB, 0 MiB, 22646 MiB, 0 %
2026/09/24 12:01:46.195, NVIDIA L4, 23034 MiB, 0 MiB, 22646 MiB, 0 %
2026/09/24 12:01:47.195, NVIDIA L4, 23034 MiB, 0 MiB, 22646 MiB, 0 %
2026/09/24 12:01:48.196, NVIDIA L4, 23034 MiB, 0 MiB, 22646 MiB, 0 %
2026/09/24 12:01:49.196, NVIDIA L4, 23034 MiB, 0 MiB, 22646 MiB, 0 %
2026/09/24 12:01:50.196, NVIDIA L4, 23034 MiB, 0 MiB, 22646 MiB, 0 %
2026/09/24 12:01:51.196, NVIDIA L4, 23034 MiB, 0 MiB, 22646 MiB, 0 %
2026/09/24 12:01:52.197, NVIDIA L4, 23034 MiB, 0 MiB, 22646 MiB, 0 %
2026/09/24 12:01:53.197, NVIDIA L4, 23034 MiB, 0 MiB, 22646 MiB, 0 %
2026/09/24 12:01:54.197, NVIDIA L4, 23034 MiB, 0 MiB, 22646 MiB, 0 %
2026/09/24 12:01:55.198, NVIDIA L4, 23034 MiB, 0 MiB, 22646 MiB, 0 %
2026/09/24 12:01:56.198, NVIDIA L4, 23034 MiB, 0 MiB, 22646 MiB, 0 %
2026/09/24 12:01:57.198, NVIDIA L4, 23034 MiB, 0 MiB, 22646 MiB, 0 %
2026/09/24 12:01:58.199, NVIDIA L4, 23034 MiB, 0 MiB, 22646 MiB, 0 %
2026/09/24 12:01:59.199, NVIDIA L4, 23034 MiB, 0 MiB, 22646 MiB, 0 %
2026/09/24 12:02:00.199, NVIDIA L4, 23034 MiB, 0 MiB, 22646 MiB, 0 %
2026/09/24 12:02:01.199, NVIDIA L4, 23034 MiB, 0 MiB, 22646 MiB, 0 %
2026/09/24 12:02:02.200, NVIDIA L4, 23034 MiB, 0 MiB, 22646 MiB, 0 %
2026/09/24 12:02:03.200, NVIDIA L4, 23034 MiB, 0 MiB, 22646 MiB, 0 %
2026/09/24 12:02:04.200, NVIDIA L4, 23034 MiB, 0 MiB, 22646 MiB, 0 %
2026/09/24 12:02:05.201, NVIDIA L4, 23034 MiB, 0 MiB, 22646 MiB, 0 %
2026/09/24 12:02:06.201, NVIDIA L4, 23034 MiB, 0 MiB, 22646 MiB, 0 %
2026/09/24 12:02:07.201, NVIDIA L4, 23034 MiB, 0 MiB, 22646 MiB, 0 %
2026/09/24 12:02:08.202, NVIDIA L4, 23034 MiB, 0 MiB, 22646 MiB, 0 %
2026/09/24 12:02:09.202, NVIDIA L4, 23034 MiB, 0 MiB, 22646 MiB, 0 %
2026/09/24 12:02:10.202, NVIDIA L4, 23034 MiB, 0 MiB, 22646 MiB, 0 %
2026/09/24 12:02:11.203, NVIDIA L4, 23034 MiB, 0 MiB, 22646 MiB, 0 %
2026/09/24 12:02:12.203, NVIDIA L4, 23034 MiB, 0 MiB, 22646 MiB, 0 %
2026/09/24 12:02:13.203, NVIDIA L4, 23034 MiB, 0 MiB, 22646 MiB, 0 %
2026/09/24 12:02:14.204, NVIDIA L4, 23034 MiB, 0 MiB, 22646 MiB, 0 %
2026/09/24 12:02:15.204, NVIDIA L4, 23034 MiB, 0 MiB, 22646 MiB, 0 %
2026/09/24 12:02:16.204, NVIDIA L4, 23034 MiB, 0 MiB, 22646 MiB, 0 %
2026/09/24 12:02:17.204, NVIDIA L4, 23034 MiB, 0 MiB, 22646 MiB, 0 %
2026/09/24 12:02:18.205, NVIDIA L4, 23034 MiB, 0 MiB, 22646 MiB, 0 %
2026/09/24 12:02:19.205, NVIDIA L4, 23034 MiB, 0 MiB, 22646 MiB, 0 %
2026/09/24 12:02:20.205, NVIDIA L4, 23034 MiB, 0 MiB, 22646 MiB, 0 %
2026/09/24 12:02:21.206, NVIDIA L4, 23034 MiB, 0 MiB, 22646 MiB, 0 %
2026/09/24 12:02:22.206, NVIDIA L4, 23034 MiB, 0 MiB, 22646 MiB, 0 %
2026/09/24 12:02:23.206, NVIDIA L4, 23034 MiB, 0 MiB, 22646 MiB, 0 %
2026/09/24 12:02:24.207, NVIDIA L4, 23034 MiB, 0 MiB, 22646 MiB, 0 %
2026/09/24 12:02:25.207, NVIDIA L4, 23034 MiB, 0 MiB, 22646 MiB, 0 %
2026/09/24 12:02:26.207, NVIDIA L4, 23034 MiB, 0 MiB, 22646 MiB, 0 %
2026/09/24 12:02:27.208, NVIDIA L4, 23034 MiB, 0 MiB, 22646 MiB, 0 %
2026/09/24 12:02:28.208, NVIDIA L4, 23034 MiB, 0 MiB, 22646 MiB, 0 %
2026/09/24 12:02:29.208, NVIDIA L4, 23034 MiB, 0 MiB, 22646 MiB, 0 %
2026/09/24 12:02:30.209, NVIDIA L4, 23034 MiB, 0 MiB, 22646 MiB, 0 %
2026/09/24 12:02:31.209, NVIDIA L4, 23034 MiB, 0 MiB, 22646 MiB, 0 %
2026/09/24 12:02:32.209, NVIDIA L4, 23034 MiB, 0 MiB, 22646 MiB, 0 %
2026/09/24 12:02:33.210, NVIDIA L4, 23034 MiB, 0 MiB, 22646 MiB, 0 %
2026/09/24 12:02:34.210, NVIDIA L4, 23034 MiB, 0 MiB, 22646 MiB, 0 %
2026/09/24 12:02:35.210, NVIDIA L4, 23034 MiB, 0 MiB, 22646 MiB, 0 %
2026/09/24 12:02:36.211, NVIDIA L4, 23034 MiB, 0 MiB, 22646 MiB, 0 %
2026/09/24 12:02:37.211, NVIDIA L4, 23034 MiB, 0 MiB, 22646 MiB, 0 %
2026/09/24 12:02:38.211, NVIDIA L4, 23034 MiB, 0 MiB, 22646 MiB, 0 %
2026/09/24 12:02:39.212, NVIDIA L4, 23034 MiB, 0 MiB, 22646 MiB, 0 %
2026/09/24 12:02:40.212, NVIDIA L4, 23034 MiB, 0 MiB, 22646 MiB, 0 %
2026/09/24 12:02:41.212, NVIDIA L4, 23034 MiB, 0 MiB, 22646 MiB, 0 %
2026/09/24 12:02:42.213, NVIDIA L4, 23034 MiB, 0 MiB, 22646 MiB, 0 %
2026/09/24 12:02:43.213, NVIDIA L4, 23034 MiB, 0 MiB, 22646 MiB, 0 %
2026/09/24 12:02:44.213, NVIDIA L4, 23034 MiB, 0 MiB, 22646 MiB, 0 %
2026/09/24 12:02:45.214, NVIDIA L4, 23034 MiB, 0 MiB, 22646 MiB, 0 %
2026/09/24 12:02:46.214, NVIDIA L4, 23034 MiB, 0 MiB, 22646 MiB, 0 %
2026/09/24 12:02:47.214, NVIDIA L4, 23034 MiB, 0 MiB, 22646 MiB, 0 %
2026/09/24 12:02:48.215, NVIDIA L4, 23034 MiB, 0 MiB, 22646 MiB, 0 %
2026/09/24 12:02:49.215, NVIDIA L4, 23034 MiB, 0 MiB, 22646 MiB, 0 %
2026/09/24 12:02:50.215, NVIDIA L4, 23034 MiB, 0 MiB, 22646 MiB, 0 %
2026/09/24 12:02:51.216, NVIDIA L4, 23034 MiB, 0 MiB, 22646 MiB, 0 %
2026/09/24 12:02:52.216, NVIDIA L4, 23034 MiB, 0 MiB, 22646 MiB, 0 %
2026/09/24 12:02:53.216, NVIDIA L4, 23034 MiB, 0 MiB, 22646 MiB, 0 %
2026/09/24 12:02:54.217, NVIDIA L4, 23034 MiB, 0 MiB, 22646 MiB, 0 %
2026/09/24 12:02:55.217, NVIDIA L4, 23034 MiB, 0 MiB, 22646 MiB, 0 %
2026/09/24 12:02:56.217, NVIDIA L4, 23034 MiB, 0 MiB, 22646 MiB, 0 %
2026/09/24 12:02:57.218, NVIDIA L4, 23034 MiB, 0 MiB, 22646 MiB, 0 %
2026/09/24 12:02:58.218, NVIDIA L4, 23034 MiB, 0 MiB, 22646 MiB, 0 %
2026/09/24 12:02:59.218, NVIDIA L4, 23034 MiB, 0 MiB, 22646 MiB, 0 %
2026/09/24 12:03:00.219, NVIDIA L4, 23034 MiB, 0 MiB, 22646 MiB, 0 %
2026/09/24 12:03:01.219, NVIDIA L4, 23034 MiB, 0 MiB, 22646 MiB, 0 %
2026/09/24 12:03:02.219, NVIDIA L4, 23034 MiB, 0 MiB, 22646 MiB, 0 %
2026/09/24 12:03:03.220, NVIDIA L4, 23034 MiB, 0 MiB, 22646 MiB, 0 %
2026/09/24 12:03:04.220, NVIDIA L4, 23034 MiB, 0 MiB, 22646 MiB, 0 %
2026/09/24 12:03:05.220, NVIDIA L4, 23034 MiB, 0 MiB, 22646 MiB, 0 %
2026/09/24 12:03:06.221, NVIDIA L4, 23034 MiB, 0 MiB, 22646 MiB, 0 %
2026/09/24 12:03:07.221, NVIDIA L4, 23034 MiB, 0 MiB, 22646 MiB, 0 %
2026/09/24 12:03:08.221, NVIDIA L4, 23034 MiB, 0 MiB, 22646 MiB, 0 %
2026/09/24 12:03:09.222, NVIDIA L4, 23034 MiB, 0 MiB, 22646 MiB, 0 %
2026/09/24 12:03:10.222, NVIDIA L4, 23034 MiB, 0 MiB, 22646 MiB, 0 %
2026/09/24 12:03:11.222, NVIDIA L4, 23034 MiB, 0 MiB, 22646 MiB, 0 %
2026/09/24 12:03:12.223, NVIDIA L4, 23034 MiB, 0 MiB, 22646 MiB, 0 %
2026/09/24 12:03:13.223, NVIDIA L4, 23034 MiB, 0 MiB, 22646 MiB, 0 %
2026/09/24 12:03:14.223, NVIDIA L4, 23034 MiB, 0 MiB, 22646 MiB, 0 %
2026/09/24 12:03:15.223, NVIDIA L4, 23034 MiB, 0 MiB, 22646 MiB, 0 %
2026/09/24 12:03:16.224, NVIDIA L4, 23034 MiB, 0 MiB, 22646 MiB, 0 %
2026/09/24 12:03:17.224, NVIDIA L4, 23034 MiB, 0 MiB, 22646 MiB, 0 %
2026/09/24 12:03:18.224, NVIDIA L4, 23034 MiB, 0 MiB, 22646 MiB, 0 %
2026/09/24 12:03:19.225, NVIDIA L4, 23034 MiB, 0 MiB, 22646 MiB, 0 %
2026/09/24 12:03:20.225, NVIDIA L4, 23034 MiB, 0 MiB, 22646 MiB, 0 %
2026/09/24 12:03:21.225, NVIDIA L4, 23034 MiB, 0 MiB, 22646 MiB, 0 %
2026/09/24 12:03:22.226, NVIDIA L4, 23034 MiB, 0 MiB, 22646 MiB, 0 %
2026/09/24 12:03:23.226, NVIDIA L4, 23034 MiB, 0 MiB, 22646 MiB, 0 %
2026/09/24 12:03:24.226, NVIDIA L4, 23034 MiB, 0 MiB, 22646 MiB, 0 %
2026/09/24 12:03:25.227, NVIDIA L4, 23034 MiB, 0 MiB, 22646 MiB, 0 %
2026/09/24 12:03:26.227, NVIDIA L4, 23034 MiB, 0 MiB, 22646 MiB, 0 %
2026/09/24 12:03:27.227, NVIDIA L4, 23034 MiB, 0 MiB, 22646 MiB, 0 %
2026/09/24 12:03:28.228, NVIDIA L4, 23034 MiB, 0 MiB, 22646 MiB, 0 %
2026/09/24 12:03:29.228, NVIDIA L4, 23034 MiB, 0 MiB, 22646 MiB, 0 %
2026/09/24 12:03:30.228, NVIDIA L4, 23034 MiB, 0 MiB, 22646 MiB, 0 %
2026/09/24 12:03:31.229, NVIDIA L4, 23034 MiB, 0 MiB, 22646 MiB, 0 %
2026/09/24 12:03:32.229, NVIDIA L4, 23034 MiB, 0 MiB, 22646 MiB, 0 %
2026/09/24 12:03:33.229, NVIDIA L4, 23034 MiB, 0 MiB, 22646 MiB, 0 %
2026/09/24 12:03:34.230, NVIDIA L4, 23034 MiB, 0 MiB, 22646 MiB, 0 %
2026/09/24 12:03:35.230, NVIDIA L4, 23034 MiB, 0 MiB, 22646 MiB, 0 %
2026/09/24 12:03:36.230, NVIDIA L4, 23034 MiB, 0 MiB, 22646 MiB, 0 %
2026/09/24 12:03:37.231, NVIDIA L4, 23034 MiB, 0 MiB, 22646 MiB, 0 %
2026/09/24 12:03:38.231, NVIDIA L4, 23034 MiB, 0 MiB, 22646 MiB, 0 %
2026/09/24 12:03:39.231, NVIDIA L4, 23034 MiB, 0 MiB, 22646 MiB, 0 %
2026/09/24 12:03:40.232, NVIDIA L4, 23034 MiB, 0 MiB, 22646 MiB, 0 %
2026/09/24 12:03:41.232, NVIDIA L4, 23034 MiB, 0 MiB, 22646 MiB, 0 %
2026/09/24 12:03:42.232, NVIDIA L4, 23034 MiB, 0 MiB, 22646 MiB, 0 %
2026/09/24 12:03:43.233, NVIDIA L4, 23034 MiB, 0 MiB, 22646 MiB, 0 %
2026/09/24 12:03:44.233, NVIDIA L4, 23034 MiB, 0 MiB, 22646 MiB, 0 %
2026/09/24 12:03:45.233, NVIDIA L4, 23034 MiB, 0 MiB, 22646 MiB, 0 %
2026/09/24 12:03:46.234, NVIDIA L4, 23034 MiB, 0 MiB, 22646 MiB, 0 %
2026/09/24 12:03:47.234, NVIDIA L4, 23034 MiB, 0 MiB, 22646 MiB, 0 %
2026/09/24 12:03:48.234, NVIDIA L4, 23034 MiB, 0 MiB, 22646 MiB, 0 %
2026/09/24 12:03:49.235, NVIDIA L4, 23034 MiB, 0 MiB, 22646 MiB, 0 %
2026/09/24 12:03:50.235, NVIDIA L4, 23034 MiB, 0 MiB, 22646 MiB, 0 %
2026/09/24 12:03:51.235, NVIDIA L4, 23034 MiB, 0 MiB, 22646 MiB, 0 %
2026/09/24 12:03:52.236, NVIDIA L4, 23034 MiB, 0 MiB, 22646 MiB, 0 %
2026/09/24 12:03:53.236, NVIDIA L4, 23034 MiB, 0 MiB, 22646 MiB, 0 %
2026/09/24 12:03:54.236, NVIDIA L4, 23034 MiB, 0 MiB, 22646 MiB, 0 %
2026/09/24 12:03:55.237, NVIDIA L4, 23034 MiB, 0 MiB, 22646 MiB, 0 %
2026/09/24 12:03:56.237, NVIDIA L4, 23034 MiB, 0 MiB, 22646 MiB, 0 %
2026/09/24 12:03:57.237, NVIDIA L4, 23034 MiB, 0 MiB, 22646 MiB, 0 %
2026/09/24 12:03:58.238, NVIDIA L4, 23034 MiB, 0 MiB, 22646 MiB, 0 %
2026/09/24 12:03:59.238, NVIDIA L4, 23034 MiB, 0 MiB, 22646 MiB, 0 %
2026/09/24 12:04:00.238, NVIDIA L4, 23034 MiB, 0 MiB, 22646 MiB, 0 %
2026/09/24 12:04:01.238, NVIDIA L4, 23034 MiB, 0 MiB, 22646 MiB, 0 %
2026/09/24 12:04:02.239, NVIDIA L4, 23034 MiB, 0 MiB, 22646 MiB, 0 %
2026/09/24 12:04:03.239, NVIDIA L4, 23034 MiB, 0 MiB, 22646 MiB, 0 %
2026/09/24 12:04:04.240, NVIDIA L4, 23034 MiB, 0 MiB, 22646 MiB, 0 %
2026/09/24 12:04:05.240, NVIDIA L4, 23034 MiB, 0 MiB, 22646 MiB, 0 %
2026/09/24 12:04:06.240, NVIDIA L4, 23034 MiB, 0 MiB, 22646 MiB, 0 %
2026/09/24 12:04:07.241, NVIDIA L4, 23034 MiB, 0 MiB, 22646 MiB, 0 %
2026/09/24 12:04:08.241, NVIDIA L4, 23034 MiB, 0 MiB, 22646 MiB, 0 %
2026/09/24 12:04:09.241, NVIDIA L4, 23034 MiB, 0 MiB, 22646 MiB, 0 %
2026/09/24 12:04:10.241, NVIDIA L4, 23034 MiB, 0 MiB, 22646 MiB, 0 %
2026/09/24 12:04:11.242, NVIDIA L4, 23034 MiB, 0 MiB, 22646 MiB, 0 %
2026/09/24 12:04:12.242, NVIDIA L4, 23034 MiB, 0 MiB, 22646 MiB, 0 %
2026/09/24 12:04:13.242, NVIDIA L4, 23034 MiB, 0 MiB, 22646 MiB, 0 %
2026/09/24 12:04:14.243, NVIDIA L4, 23034 MiB, 0 MiB, 22646 MiB, 0 %
2026/09/24 12:04:15.243, NVIDIA L4, 23034 MiB, 0 MiB, 22646 MiB, 0 %
2026/09/24 12:04:16.243, NVIDIA L4, 23034 MiB, 0 MiB, 22646 MiB, 0 %
2026/09/24 12:04:17.244, NVIDIA L4, 23034 MiB, 0 MiB, 22646 MiB, 0 %
2026/09/24 12:04:18.244, NVIDIA L4, 23034 MiB, 0 MiB, 22646 MiB, 0 %
2026/09/24 12:04:19.244, NVIDIA L4, 23034 MiB, 0 MiB, 22646 MiB, 0 %
2026/09/24 12:04:20.245, NVIDIA L4, 23034 MiB, 0 MiB, 22646 MiB, 0 %
2026/09/24 12:04:21.245, NVIDIA L4, 23034 MiB, 0 MiB, 22646 MiB, 0 %
2026/09/24 12:04:22.245, NVIDIA L4, 23034 MiB, 0 MiB, 22646 MiB, 0 %
2026/09/24 12:04:23.246, NVIDIA L4, 23034 MiB, 0 MiB, 22646 MiB, 0 %
2026/09/24 12:04:24.246, NVIDIA L4, 23034 MiB, 0 MiB, 22646 MiB, 0 %
2026/09/24 12:04:25.246, NVIDIA L4, 23034 MiB, 0 MiB, 22646 MiB, 0 %
2026/09/24 12:04:26.246, NVIDIA L4, 23034 MiB, 0 MiB, 22646 MiB, 0 %
2026/09/24 12:04:27.247, NVIDIA L4, 23034 MiB, 0 MiB, 22646 MiB, 0 %
2026/09/24 12:04:28.247, NVIDIA L4, 23034 MiB, 0 MiB, 22646 MiB, 0 %
2026/09/24 12:04:29.247, NVIDIA L4, 23034 MiB, 0 MiB, 22646 MiB, 0 %
2026/09/24 12:04:30.248, NVIDIA L4, 23034 MiB, 0 MiB, 22646 MiB, 0 %
2026/09/24 12:04:31.248, NVIDIA L4, 23034 MiB, 0 MiB, 22646 MiB, 0 %
2026/09/24 12:04:32.248, NVIDIA L4, 23034 MiB, 0 MiB, 22646 MiB, 0 %
2026/09/24 12:04:33.249, NVIDIA L4, 23034 MiB, 0 MiB, 22646 MiB, 0 %
2026/09/24 12:04:34.249, NVIDIA L4, 23034 MiB, 0 MiB, 22646 MiB, 0 %
2026/09/24 12:04:35.249, NVIDIA L4, 23034 MiB, 0 MiB, 22646 MiB, 0 %
2026/09/24 12:04:36.250, NVIDIA L4, 23034 MiB, 0 MiB, 22646 MiB, 0 %
2026/09/24 12:04:37.250, NVIDIA L4, 23034 MiB, 0 MiB, 22646 MiB, 0 %
2026/09/24 12:04:38.250, NVIDIA L4, 23034 MiB, 0 MiB, 22646 MiB, 0 %
2026/09/24 12:04:39.250, NVIDIA L4, 23034 MiB, 0 MiB, 22646 MiB, 0 %
2026/09/24 12:04:40.251, NVIDIA L4, 23034 MiB, 0 MiB, 22646 MiB, 0 %
2026/09/24 12:04:41.251, NVIDIA L4, 23034 MiB, 0 MiB, 22646 MiB, 0 %
2026/09/24 12:04:42.251, NVIDIA L4, 23034 MiB, 0 MiB, 22646 MiB, 0 %
2026/09/24 12:04:43.252, NVIDIA L4, 23034 MiB, 0 MiB, 22646 MiB, 0 %
2026/09/24 12:04:44.252, NVIDIA L4, 23034 MiB, 0 MiB, 22646 MiB, 0 %
2026/09/24 12:04:45.252, NVIDIA L4, 23034 MiB, 0 MiB, 22646 MiB, 0 %
2026/09/24 12:04:46.253, NVIDIA L4, 23034 MiB, 0 MiB, 22646 MiB, 0 %
2026/09/24 12:04:47.253, NVIDIA L4, 23034 MiB, 0 MiB, 22646 MiB, 0 %
2026/09/24 12:04:48.253, NVIDIA L4, 23034 MiB, 0 MiB, 22646 MiB, 0 %
2026/09/24 12:04:49.253, NVIDIA L4, 23034 MiB, 0 MiB, 22646 MiB, 0 %
2026/09/24 12:04:50.254, NVIDIA L4, 23034 MiB, 0 MiB, 22646 MiB, 0 %
2026/09/24 12:04:51.254, NVIDIA L4, 23034 MiB, 0 MiB, 22646 MiB, 0 %
2026/09/24 12:04:52.254, NVIDIA L4, 23034 MiB, 0 MiB, 22646 MiB, 0 %
2026/09/24 12:04:53.255, NVIDIA L4, 23034 MiB, 0 MiB, 22646 MiB, 0 %
2026/09/24 12:04:54.255, NVIDIA L4, 23034 MiB, 0 MiB, 22646 MiB, 0 %
2026/09/24 12:04:55.255, NVIDIA L4, 23034 MiB, 0 MiB, 22646 MiB, 0 %
2026/09/24 12:04:56.256, NVIDIA L4, 23034 MiB, 0 MiB, 22646 MiB, 0 %
2026/09/24 12:04:57.256, NVIDIA L4, 23034 MiB, 0 MiB, 22646 MiB, 0 %
2026/09/24 12:04:58.256, NVIDIA L4, 23034 MiB, 0 MiB, 22646 MiB, 0 %
2026/09/24 12:04:59.257, NVIDIA L4, 23034 MiB, 0 MiB, 22646 MiB, 0 %
2026/09/24 12:05:00.257, NVIDIA L4, 23034 MiB, 0 MiB, 22646 MiB, 0 %
2026/09/24 12:05:01.257, NVIDIA L4, 23034 MiB, 0 MiB, 22646 MiB, 0 %
2026/09/24 12:05:02.258, NVIDIA L4, 23034 MiB, 0 MiB, 22646 MiB, 0 %
2026/09/24 12:05:03.258, NVIDIA L4, 23034 MiB, 0 MiB, 22646 MiB, 0 %
2026/09/24 12:05:04.258, NVIDIA L4, 23034 MiB, 0 MiB, 22646 MiB, 0 %
2026/09/24 12:05:05.259, NVIDIA L4, 23034 MiB, 0 MiB, 22646 MiB, 0 %
2026/09/24 12:05:06.259, NVIDIA L4, 23034 MiB, 0 MiB, 22646 MiB, 0 %
2026/09/24 12:05:07.259, NVIDIA L4, 23034 MiB, 0 MiB, 22646 MiB, 0 %
2026/09/24 12:05:08.260, NVIDIA L4, 23034 MiB, 0 MiB, 22646 MiB, 0 %
2026/09/24 12:05:09.260, NVIDIA L4, 23034 MiB, 0 MiB, 22646 MiB, 0 %
2026/09/24 12:05:10.260, NVIDIA L4, 23034 MiB, 0 MiB, 22646 MiB, 0 %
2026/09/24 12:05:11.260, NVIDIA L4, 23034 MiB, 0 MiB, 22646 MiB, 0 %
2026/09/24 12:05:12.261, NVIDIA L4, 23034 MiB, 0 MiB, 22646 MiB, 0 %
2026/09/24 12:05:13.261, NVIDIA L4, 23034 MiB, 0 MiB, 22646 MiB, 0 %
2026/09/24 12:05:14.261, NVIDIA L4, 23034 MiB, 0 MiB, 22646 MiB, 0 %
2026/09/24 12:05:15.262, NVIDIA L4, 23034 MiB, 0 MiB, 22646 MiB, 0 %
2026/09/24 12:05:16.262, NVIDIA L4, 23034 MiB, 0 MiB, 22646 MiB, 0 %
2026/09/24 12:05:17.262, NVIDIA L4, 23034 MiB, 0 MiB, 22646 MiB, 0 %
2026/09/24 12:05:18.263, NVIDIA L4, 23034 MiB, 0 MiB, 22646 MiB, 0 %
2026/09/24 12:05:19.263, NVIDIA L4, 23034 MiB, 0 MiB, 22646 MiB, 0 %
2026/09/24 12:05:20.263, NVIDIA L4, 23034 MiB, 0 MiB, 22646 MiB, 0 %
2026/09/24 12:05:21.264, NVIDIA L4, 23034 MiB, 0 MiB, 22646 MiB, 0 %
2026/09/24 12:05:22.264, NVIDIA L4, 23034 MiB, 0 MiB, 22646 MiB, 0 %
2026/09/24 12:05:23.264, NVIDIA L4, 23034 MiB, 0 MiB, 22646 MiB, 0 %
2026/09/24 12:05:24.265, NVIDIA L4, 23034 MiB, 0 MiB, 22646 MiB, 0 %
2026/09/24 12:05:25.265, NVIDIA L4, 23034 MiB, 0 MiB, 22646 MiB, 0 %
2026/09/24 12:05:26.265, NVIDIA L4, 23034 MiB, 0 MiB, 22646 MiB, 0 %
2026/09/24 12:05:27.265, NVIDIA L4, 23034 MiB, 0 MiB, 22646 MiB, 0 %
2026/09/24 12:05:28.266, NVIDIA L4, 23034 MiB, 0 MiB, 22646 MiB, 0 %
2026/09/24 12:05:29.266, NVIDIA L4, 23034 MiB, 0 MiB, 22646 MiB, 0 %
2026/09/24 12:05:30.266, NVIDIA L4, 23034 MiB, 0 MiB, 22646 MiB, 0 %
2026/09/24 12:05:31.267, NVIDIA L4, 23034 MiB, 0 MiB, 22646 MiB, 0 %
2026/09/24 12:05:32.267, NVIDIA L4, 23034 MiB, 0 MiB, 22646 MiB, 0 %
2026/09/24 12:05:33.267, NVIDIA L4, 23034 MiB, 0 MiB, 22646 MiB, 0 %
2026/09/24 12:05:34.268, NVIDIA L4, 23034 MiB, 0 MiB, 22646 MiB, 0 %
2026/09/24 12:05:35.268, NVIDIA L4, 23034 MiB, 0 MiB, 22646 MiB, 0 %
2026/09/24 12:05:36.268, NVIDIA L4, 23034 MiB, 0 MiB, 22646 MiB, 0 %
2026/09/24 12:05:37.269, NVIDIA L4, 23034 MiB, 0 MiB, 22646 MiB, 0 %
2026/09/24 12:05:38.269, NVIDIA L4, 23034 MiB, 0 MiB, 22646 MiB, 0 %
2026/09/24 12:05:39.269, NVIDIA L4, 23034 MiB, 0 MiB, 22646 MiB, 0 %
2026/09/24 12:05:40.270, NVIDIA L4, 23034 MiB, 0 MiB, 22646 MiB, 0 %
2026/09/24 12:05:41.270, NVIDIA L4, 23034 MiB, 0 MiB, 22646 MiB, 0 %
2026/09/24 12:05:42.270, NVIDIA L4, 23034 MiB, 0 MiB, 22646 MiB, 0 %
2026/09/24 12:05:43.271, NVIDIA L4, 23034 MiB, 0 MiB, 22646 MiB, 0 %
2026/09/24 12:05:44.271, NVIDIA L4, 23034 MiB, 0 MiB, 22646 MiB, 0 %
2026/09/24 12:05:45.271, NVIDIA L4, 23034 MiB, 0 MiB, 22646 MiB, 0 %
2026/09/24 12:05:46.272, NVIDIA L4, 23034 MiB, 0 MiB, 22646 MiB, 0 %
2026/09/24 12:05:47.272, NVIDIA L4, 23034 MiB, 0 MiB, 22646 MiB, 0 %
2026/09/24 12:05:48.272, NVIDIA L4, 23034 MiB, 0 MiB, 22646 MiB, 0 %
2026/09/24 12:05:49.273, NVIDIA L4, 23034 MiB, 0 MiB, 22646 MiB, 0 %
2026/09/24 12:05:50.273, NVIDIA L4, 23034 MiB, 0 MiB, 22646 MiB, 0 %
2026/09/24 12:05:51.273, NVIDIA L4, 23034 MiB, 0 MiB, 22646 MiB, 0 %
2026/09/24 12:05:52.274, NVIDIA L4, 23034 MiB, 0 MiB, 22646 MiB, 0 %
2026/09/24 12:05:53.274, NVIDIA L4, 23034 MiB, 0 MiB, 22646 MiB, 0 %
2026/09/24 12:05:54.274, NVIDIA L4, 23034 MiB, 0 MiB, 22646 MiB, 0 %
2026/09/24 12:05:55.275, NVIDIA L4, 23034 MiB, 0 MiB, 22646 MiB, 0 %
2026/09/24 12:05:56.275, NVIDIA L4, 23034 MiB, 0 MiB, 22646 MiB, 0 %
2026/09/24 12:05:57.275, NVIDIA L4, 23034 MiB, 0 MiB, 22646 MiB, 0 %
2026/09/24 12:05:58.276, NVIDIA L4, 23034 MiB, 0 MiB, 22646 MiB, 0 %
2026/09/24 12:05:59.276, NVIDIA L4, 23034 MiB, 0 MiB, 22646 MiB, 0 %
2026/09/24 12:06:00.276, NVIDIA L4, 23034 MiB, 0 MiB, 22646 MiB, 0 %
2026/09/24 12:06:01.276, NVIDIA L4, 23034 MiB, 0 MiB, 22646 MiB, 0 %
2026/09/24 12:06:02.277, NVIDIA L4, 23034 MiB, 0 MiB, 22646 MiB, 0 %
2026/09/24 12:06:03.277, NVIDIA L4, 23034 MiB, 0 MiB, 22646 MiB, 0 %
2026/09/24 12:06:04.277, NVIDIA L4, 23034 MiB, 0 MiB, 22646 MiB, 0 %
2026/09/24 12:06:05.278, NVIDIA L4, 23034 MiB, 0 MiB, 22646 MiB, 0 %
2026/09/24 12:06:06.278, NVIDIA L4, 23034 MiB, 0 MiB, 22646 MiB, 0 %
2026/09/24 12:06:07.278, NVIDIA L4, 23034 MiB, 0 MiB, 22646 MiB, 0 %
2026/09/24 12:06:08.279, NVIDIA L4, 23034 MiB, 0 MiB, 22646 MiB, 0 %
2026/09/24 12:06:09.279, NVIDIA L4, 23034 MiB, 0 MiB, 22646 MiB, 0 %
2026/09/24 12:06:10.279, NVIDIA L4, 23034 MiB, 0 MiB, 22646 MiB, 0 %
2026/09/24 12:06:11.280, NVIDIA L4, 23034 MiB, 0 MiB, 22646 MiB, 0 %
2026/09/24 12:06:12.280, NVIDIA L4, 23034 MiB, 0 MiB, 22646 MiB, 0 %
2026/09/24 12:06:13.280, NVIDIA L4, 23034 MiB, 0 MiB, 22646 MiB, 0 %
2026/09/24 12:06:14.281, NVIDIA L4, 23034 MiB, 0 MiB, 22646 MiB, 0 %
2026/09/24 12:06:15.281, NVIDIA L4, 23034 MiB, 0 MiB, 22646 MiB, 0 %
2026/09/24 12:06:16.281, NVIDIA L4, 23034 MiB, 0 MiB, 22646 MiB, 0 %
2026/09/24 12:06:17.282, NVIDIA L4, 23034 MiB, 0 MiB, 22646 MiB, 0 %
2026/09/24 12:06:18.282, NVIDIA L4, 23034 MiB, 0 MiB, 22646 MiB, 0 %
2026/09/24 12:06:19.282, NVIDIA L4, 23034 MiB, 0 MiB, 22646 MiB, 0 %
2026/09/24 12:06:20.283, NVIDIA L4, 23034 MiB, 0 MiB, 22646 MiB, 0 %
2026/09/24 12:06:21.283, NVIDIA L4, 23034 MiB, 0 MiB, 22646 MiB, 0 %
2026/09/24 12:06:22.283, NVIDIA L4, 23034 MiB, 0 MiB, 22646 MiB, 0 %
2026/09/24 12:06:23.284, NVIDIA L4, 23034 MiB, 0 MiB, 22646 MiB, 0 %
2026/09/24 12:06:24.284, NVIDIA L4, 23034 MiB, 0 MiB, 22646 MiB, 0 %
2026/09/24 12:06:25.284, NVIDIA L4, 23034 MiB, 0 MiB, 22646 MiB, 0 %
2026/09/24 12:06:26.285, NVIDIA L4, 23034 MiB, 0 MiB, 22646 MiB, 0 %
2026/09/24 12:06:27.285, NVIDIA L4, 23034 MiB, 0 MiB, 22646 MiB, 0 %
2026/09/24 12:06:28.285, NVIDIA L4, 23034 MiB, 0 MiB, 22646 MiB, 0 %
2026/09/24 12:06:29.285, NVIDIA L4, 23034 MiB, 0 MiB, 22646 MiB, 0 %
2026/09/24 12:06:30.286, NVIDIA L4, 23034 MiB, 0 MiB, 22646 MiB, 0 %
2026/09/24 12:06:31.286, NVIDIA L4, 23034 MiB, 0 MiB, 22646 MiB, 0 %
2026/09/24 12:06:32.286, NVIDIA L4, 23034 MiB, 0 MiB, 22646 MiB, 0 %
2026/09/24 12:06:33.287, NVIDIA L4, 23034 MiB, 0 MiB, 22646 MiB, 0 %
2026/09/24 12:06:34.287, NVIDIA L4, 23034 MiB, 0 MiB, 22646 MiB, 0 %
2026/09/24 12:06:35.287, NVIDIA L4, 23034 MiB, 0 MiB, 22646 MiB, 0 %
2026/09/24 12:06:36.288, NVIDIA L4, 23034 MiB, 0 MiB, 22646 MiB, 0 %
2026/09/24 12:06:37.288, NVIDIA L4, 23034 MiB, 0 MiB, 22646 MiB, 0 %
2026/09/24 12:06:38.288, NVIDIA L4, 23034 MiB, 0 MiB, 22646 MiB, 0 %
2026/09/24 12:06:39.288, NVIDIA L4, 23034 MiB, 0 MiB, 22646 MiB, 0 %
2026/09/24 12:06:40.289, NVIDIA L4, 23034 MiB, 0 MiB, 22646 MiB, 0 %
2026/09/24 12:06:41.289, NVIDIA L4, 23034 MiB, 0 MiB, 22646 MiB, 0 %
2026/09/24 12:06:42.289, NVIDIA L4, 23034 MiB, 0 MiB, 22646 MiB, 0 %
2026/09/24 12:06:43.290, NVIDIA L4, 23034 MiB, 0 MiB, 22646 MiB, 0 %
2026/09/24 12:06:44.290, NVIDIA L4, 23034 MiB, 0 MiB, 22646 MiB, 0 %
2026/09/24 12:06:45.290, NVIDIA L4, 23034 MiB, 0 MiB, 22646 MiB, 0 %
2026/09/24 12:06:46.291, NVIDIA L4, 23034 MiB, 0 MiB, 22646 MiB, 0 %
2026/09/24 12:06:47.291, NVIDIA L4, 23034 MiB, 0 MiB, 22646 MiB, 0 %
2026/09/24 12:06:48.291, NVIDIA L4, 23034 MiB, 0 MiB, 22646 MiB, 0 %
2026/09/24 12:06:49.292, NVIDIA L4, 23034 MiB, 0 MiB, 22646 MiB, 0 %
2026/09/24 12:06:50.292, NVIDIA L4, 23034 MiB, 0 MiB, 22646 MiB, 0 %
2026/09/24 12:06:51.292, NVIDIA L4, 23034 MiB, 0 MiB, 22646 MiB, 0 %
2026/09/24 12:06:52.293, NVIDIA L4, 23034 MiB, 0 MiB, 22646 MiB, 0 %
2026/09/24 12:06:53.293, NVIDIA L4, 23034 MiB, 0 MiB, 22646 MiB, 0 %
2026/09/24 12:06:54.293, NVIDIA L4, 23034 MiB, 0 MiB, 22646 MiB, 0 %
2026/09/24 12:06:55.294, NVIDIA L4, 23034 MiB, 0 MiB, 22646 MiB, 0 %
2026/09/24 12:06:56.294, NVIDIA L4, 23034 MiB, 0 MiB, 22646 MiB, 0 %
2026/09/24 12:06:57.294, NVIDIA L4, 23034 MiB, 0 MiB, 22646 MiB, 0 %
2026/09/24 12:06:58.295, NVIDIA L4, 23034 MiB, 0 MiB, 22646 MiB, 0 %
2026/09/24 12:06:59.295, NVIDIA L4, 23034 MiB, 0 MiB, 22646 MiB, 0 %
2026/09/24 12:07:00.295, NVIDIA L4, 23034 MiB, 0 MiB, 22646 MiB, 0 %
2026/09/24 12:07:01.296, NVIDIA L4, 23034 MiB, 0 MiB, 22646 MiB, 0 %
2026/09/24 12:07:02.296, NVIDIA L4, 23034 MiB, 0 MiB, 22646 MiB, 0 %
2026/09/24 12:07:03.296, NVIDIA L4, 23034 MiB, 0 MiB, 22646 MiB, 0 %
2026/09/24 12:07:04.297, NVIDIA L4, 23034 MiB, 0 MiB, 22646 MiB, 0 %
2026/09/24 12:07:05.297, NVIDIA L4, 23034 MiB, 0 MiB, 22646 MiB, 0 %
2026/09/24 12:07:06.297, NVIDIA L4, 23034 MiB, 0 MiB, 22646 MiB, 0 %
2026/09/24 12:07:07.298, NVIDIA L4, 23034 MiB, 0 MiB, 22646 MiB, 0 %
2026/09/24 12:07:08.298, NVIDIA L4, 23034 MiB, 0 MiB, 22646 MiB, 0 %
2026/09/24 12:07:09.298, NVIDIA L4, 23034 MiB, 0 MiB, 22646 MiB, 0 %
2026/09/24 12:07:10.298, NVIDIA L4, 23034 MiB, 0 MiB, 22646 MiB, 0 %
2026/09/24 12:07:11.299, NVIDIA L4, 23034 MiB, 0 MiB, 22646 MiB, 0 %
2026/09/24 12:07:12.299, NVIDIA L4, 23034 MiB, 0 MiB, 22646 MiB, 0 %
2026/09/24 12:07:13.299, NVIDIA L4, 23034 MiB, 0 MiB, 22646 MiB, 0 %
2026/09/24 12:07:14.300, NVIDIA L4, 23034 MiB, 0 MiB, 22646 MiB, 0 %
2026/09/24 12:07:15.300, NVIDIA L4, 23034 MiB, 0 MiB, 22646 MiB, 0 %
2026/09/24 12:07:16.300, NVIDIA L4, 23034 MiB, 0 MiB, 22646 MiB, 0 %
2026/09/24 12:07:17.301, NVIDIA L4, 23034 MiB, 0 MiB, 22646 MiB, 0 %
2026/09/24 12:07:18.301, NVIDIA L4, 23034 MiB, 0 MiB, 22646 MiB, 0 %
2026/09/24 12:07:19.301, NVIDIA L4, 23034 MiB, 0 MiB, 22646 MiB, 0 %
2026/09/24 12:07:20.302, NVIDIA L4, 23034 MiB, 0 MiB, 22646 MiB, 0 %
2026/09/24 12:07:21.302, NVIDIA L4, 23034 MiB, 0 MiB, 22646 MiB, 0 %
2026/09/24 12:07:22.302, NVIDIA L4, 23034 MiB, 0 MiB, 22646 MiB, 0 %
2026/09/24 12:07:23.303, NVIDIA L4, 23034 MiB, 0 MiB, 22646 MiB, 0 %
2026/09/24 12:07:24.303, NVIDIA L4, 23034 MiB, 0 MiB, 22646 MiB, 0 %
2026/09/24 12:07:25.303, NVIDIA L4, 23034 MiB, 0 MiB, 22646 MiB, 0 %
2026/09/24 12:07:26.304, NVIDIA L4, 23034 MiB, 0 MiB, 22646 MiB, 0 %
2026/09/24 12:07:27.304, NVIDIA L4, 23034 MiB, 0 MiB, 22646 MiB, 0 %
2026/09/24 12:07:28.304, NVIDIA L4, 23034 MiB, 0 MiB, 22646 MiB, 0 %
2026/09/24 12:07:29.305, NVIDIA L4, 23034 MiB, 0 MiB, 22646 MiB, 0 %
2026/09/24 12:07:30.305, NVIDIA L4, 23034 MiB, 0 MiB, 22646 MiB, 0 %
2026/09/24 12:07:31.305, NVIDIA L4, 23034 MiB, 0 MiB, 22646 MiB, 0 %
2026/09/24 12:07:32.306, NVIDIA L4, 23034 MiB, 0 MiB, 22646 MiB, 0 %
2026/09/24 12:07:33.306, NVIDIA L4, 23034 MiB, 0 MiB, 22646 MiB, 0 %
2026/09/24 12:07:34.306, NVIDIA L4, 23034 MiB, 0 MiB, 22646 MiB, 0 %
2026/09/24 12:07:35.307, NVIDIA L4, 23034 MiB, 0 MiB, 22646 MiB, 0 %
2026/09/24 12:07:36.307, NVIDIA L4, 23034 MiB, 0 MiB, 22646 MiB, 0 %
2026/09/24 12:07:37.307, NVIDIA L4, 23034 MiB, 0 MiB, 22646 MiB, 0 %
2026/09/24 12:07:38.308, NVIDIA L4, 23034 MiB, 0 MiB, 22646 MiB, 0 %
2026/09/24 12:07:39.308, NVIDIA L4, 23034 MiB, 0 MiB, 22646 MiB, 0 %
2026/09/24 12:07:40.308, NVIDIA L4, 23034 MiB, 0 MiB, 22646 MiB, 0 %
2026/09/24 12:07:41.309, NVIDIA L4, 23034 MiB, 0 MiB, 22646 MiB, 0 %
2026/09/24 12:07:42.309, NVIDIA L4, 23034 MiB, 0 MiB, 22646 MiB, 0 %
2026/09/24 12:07:43.309, NVIDIA L4, 23034 MiB, 0 MiB, 22646 MiB, 0 %
2026/09/24 12:07:44.310, NVIDIA L4, 23034 MiB, 0 MiB, 22646 MiB, 0 %
2026/09/24 12:07:45.310, NVIDIA L4, 23034 MiB, 0 MiB, 22646 MiB, 0 %
2026/09/24 12:07:46.310, NVIDIA L4, 23034 MiB, 0 MiB, 22646 MiB, 0 %
2026/09/24 12:07:47.311, NVIDIA L4, 23034 MiB, 0 MiB, 22646 MiB, 0 %
2026/09/24 12:07:48.311, NVIDIA L4, 23034 MiB, 0 MiB, 22646 MiB, 0 %
2026/09/24 12:07:49.311, NVIDIA L4, 23034 MiB, 0 MiB, 22646 MiB, 0 %
2026/09/24 12:07:50.312, NVIDIA L4, 23034 MiB, 0 MiB, 22646 MiB, 0 %
2026/09/24 12:07:51.312, NVIDIA L4, 23034 MiB, 0 MiB, 22646 MiB, 0 %
2026/09/24 12:07:52.312, NVIDIA L4, 23034 MiB, 0 MiB, 22646 MiB, 0 %
2026/09/24 12:07:53.313, NVIDIA L4, 23034 MiB, 0 MiB, 22646 MiB, 0 %
2026/09/24 12:07:54.313, NVIDIA L4, 23034 MiB, 0 MiB, 22646 MiB, 0 %
2026/09/24 12:07:55.313, NVIDIA L4, 23034 MiB, 0 MiB, 22646 MiB, 0 %
2026/09/24 12:07:56.314, NVIDIA L4, 23034 MiB, 0 MiB, 22646 MiB, 0 %
2026/09/24 12:07:57.314, NVIDIA L4, 23034 MiB, 0 MiB, 22646 MiB, 0 %
2026/09/24 12:07:58.314, NVIDIA L4, 23034 MiB, 0 MiB, 22646 MiB, 0 %
2026/09/24 12:07:59.315, NVIDIA L4, 23034 MiB, 0 MiB, 22646 MiB, 0 %
2026/09/24 12:08:00.315, NVIDIA L4, 23034 MiB, 0 MiB, 22646 MiB, 0 %
2026/09/24 12:08:01.315, NVIDIA L4, 23034 MiB, 0 MiB, 22646 MiB, 0 %
2026/09/24 12:08:02.316, NVIDIA L4, 23034 MiB, 0 MiB, 22646 MiB, 0 %
2026/09/24 12:08:03.316, NVIDIA L4, 23034 MiB, 0 MiB, 22646 MiB, 0 %
2026/09/24 12:08:04.316, NVIDIA L4, 23034 MiB, 0 MiB, 22646 MiB, 0 %
2026/09/24 12:08:05.317, NVIDIA L4, 23034 MiB, 0 MiB, 22646 MiB, 0 %
2026/09/24 12:08:06.317, NVIDIA L4, 23034 MiB, 0 MiB, 22646 MiB, 0 %
2026/09/24 12:08:07.317, NVIDIA L4, 23034 MiB, 0 MiB, 22646 MiB, 0 %
2026/09/24 12:08:08.318, NVIDIA L4, 23034 MiB, 0 MiB, 22646 MiB, 0 %
2026/09/24 12:08:09.318, NVIDIA L4, 23034 MiB, 0 MiB, 22646 MiB, 0 %
2026/09/24 12:08:10.318, NVIDIA L4, 23034 MiB, 0 MiB, 22646 MiB, 0 %
2026/09/24 12:08:11.319, NVIDIA L4, 23034 MiB, 0 MiB, 22646 MiB, 0 %
2026/09/24 12:08:12.319, NVIDIA L4, 23034 MiB, 0 MiB, 22646 MiB, 0 %
2026/09/24 12:08:13.319, NVIDIA L4, 23034 MiB, 0 MiB, 22646 MiB, 0 %
2026/09/24 12:08:14.320, NVIDIA L4, 23034 MiB, 0 MiB, 22646 MiB, 0 %
2026/09/24 12:08:15.320, NVIDIA L4, 23034 MiB, 0 MiB, 22646 MiB, 0 %
2026/09/24 12:08:16.320, NVIDIA L4, 23034 MiB, 0 MiB, 22646 MiB, 0 %
2026/09/24 12:08:17.321, NVIDIA L4, 23034 MiB, 0 MiB, 22646 MiB, 0 %
2026/09/24 12:08:18.321, NVIDIA L4, 23034 MiB, 0 MiB, 22646 MiB, 0 %
2026/09/24 12:08:19.321, NVIDIA L4, 23034 MiB, 0 MiB, 22646 MiB, 0 %
2026/09/24 12:08:20.322, NVIDIA L4, 23034 MiB, 0 MiB, 22646 MiB, 0 %
2026/09/24 12:08:21.322, NVIDIA L4, 23034 MiB, 0 MiB, 22646 MiB, 0 %
2026/09/24 12:08:22.322, NVIDIA L4, 23034 MiB, 0 MiB, 22646 MiB, 0 %
2026/09/24 12:08:23.323, NVIDIA L4, 23034 MiB, 0 MiB, 22646 MiB, 0 %
2026/09/24 12:08:24.323, NVIDIA L4, 23034 MiB, 0 MiB, 22646 MiB, 0 %
2026/09/24 12:08:25.323, NVIDIA L4, 23034 MiB, 0 MiB, 22646 MiB, 0 %
2026/09/24 12:08:26.324, NVIDIA L4, 23034 MiB, 0 MiB, 22646 MiB, 0 %
2026/09/24 12:08:27.324, NVIDIA L4, 23034 MiB, 0 MiB, 22646 MiB, 0 %
2026/09/24 12:08:28.324, NVIDIA L4, 23034 MiB, 0 MiB, 22646 MiB, 0 %
2026/09/24 12:08:29.325, NVIDIA L4, 23034 MiB, 0 MiB, 22646 MiB, 0 %
2026/09/24 12:08:30.325, NVIDIA L4, 23034 MiB, 0 MiB, 22646 MiB, 0 %
2026/09/24 12:08:31.325, NVIDIA L4, 23034 MiB, 0 MiB, 22646 MiB, 0 %
2026/09/24 12:08:32.326, NVIDIA L4, 23034 MiB, 0 MiB, 22646 MiB, 0 %
2026/09/24 12:08:33.326, NVIDIA L4, 23034 MiB, 0 MiB, 22646 MiB, 0 %
2026/09/24 12:08:34.326, NVIDIA L4, 23034 MiB, 0 MiB, 22646 MiB, 0 %
2026/09/24 12:08:35.327, NVIDIA L4, 23034 MiB, 0 MiB, 22646 MiB, 0 %
2026/09/24 12:08:36.327, NVIDIA L4, 23034 MiB, 0 MiB, 22646 MiB, 0 %
2026/09/24 12:08:37.327, NVIDIA L4, 23034 MiB, 0 MiB, 22646 MiB, 0 %
2026/09/24 12:08:38.328, NVIDIA L4, 23034 MiB, 0 MiB, 22646 MiB, 0 %
2026/09/24 12:08:39.328, NVIDIA L4, 23034 MiB, 0 MiB, 22646 MiB, 0 %
2026/09/24 12:08:40.328, NVIDIA L4, 23034 MiB, 0 MiB, 22646 MiB, 0 %
2026/09/24 12:08:41.329, NVIDIA L4, 23034 MiB, 0 MiB, 22646 MiB, 0 %
2026/09/24 12:08:42.329, NVIDIA L4, 23034 MiB, 0 MiB, 22646 MiB, 0 %
2026/09/24 12:08:43.329, NVIDIA L4, 23034 MiB, 0 MiB, 22646 MiB, 0 %
2026/09/24 12:08:44.330, NVIDIA L4, 23034 MiB, 0 MiB, 22646 MiB, 0 %
2026/09/24 12:08:45.330, NVIDIA L4, 23034 MiB, 0 MiB, 22646 MiB, 0 %
2026/09/24 12:08:46.330, NVIDIA L4, 23034 MiB, 0 MiB, 22646 MiB, 0 %
2026/09/24 12:08:47.331, NVIDIA L4, 23034 MiB, 0 MiB, 22646 MiB, 0 %
2026/09/24 12:08:48.332, NVIDIA L4, 23034 MiB, 0 MiB, 22646 MiB, 0 %
2026/09/24 12:08:49.333, NVIDIA L4, 23034 MiB, 0 MiB, 22646 MiB, 0 %
2026/09/24 12:08:50.333, NVIDIA L4, 23034 MiB, 0 MiB, 22646 MiB, 0 %
2026/09/24 12:08:51.333, NVIDIA L4, 23034 MiB, 0 MiB, 22646 MiB, 0 %
2026/09/24 12:08:52.334, NVIDIA L4, 23034 MiB, 0 MiB, 22646 MiB, 0 %
2026/09/24 12:08:53.334, NVIDIA L4, 23034 MiB, 0 MiB, 22646 MiB, 0 %
2026/09/24 12:08:54.334, NVIDIA L4, 23034 MiB, 0 MiB, 22646 MiB, 0 %
2026/09/24 12:08:55.335, NVIDIA L4, 23034 MiB, 0 MiB, 22646 MiB, 0 %
2026/09/24 12:08:56.335, NVIDIA L4, 23034 MiB, 0 MiB, 22646 MiB, 0 %
2026/09/24 12:08:57.335, NVIDIA L4, 23034 MiB, 0 MiB, 22646 MiB, 0 %
2026/09/24 12:08:58.336, NVIDIA L4, 23034 MiB, 0 MiB, 22646 MiB, 0 %
2026/09/24 12:08:59.336, NVIDIA L4, 23034 MiB, 0 MiB, 22646 MiB, 0 %
2026/09/24 12:09:00.336, NVIDIA L4, 23034 MiB, 0 MiB, 22646 MiB, 0 %
2026/09/24 12:09:01.337, NVIDIA L4, 23034 MiB, 0 MiB, 22646 MiB, 0 %
2026/09/24 12:09:02.337, NVIDIA L4, 23034 MiB, 0 MiB, 22646 MiB, 0 %
2026/09/24 12:09:03.337, NVIDIA L4, 23034 MiB, 0 MiB, 22646 MiB, 0 %
2026/09/24 12:09:04.338, NVIDIA L4, 23034 MiB, 0 MiB, 22646 MiB, 0 %
2026/09/24 12:09:05.338, NVIDIA L4, 23034 MiB, 0 MiB, 22646 MiB, 0 %
2026/09/24 12:09:06.338, NVIDIA L4, 23034 MiB, 0 MiB, 22646 MiB, 0 %
2026/09/24 12:09:07.339, NVIDIA L4, 23034 MiB, 0 MiB, 22646 MiB, 0 %
2026/09/24 12:09:08.339, NVIDIA L4, 23034 MiB, 0 MiB, 22646 MiB, 0 %
2026/09/24 12:09:09.339, NVIDIA L4, 23034 MiB, 0 MiB, 22646 MiB, 0 %
2026/09/24 12:09:10.340, NVIDIA L4, 23034 MiB, 0 MiB, 22646 MiB, 0 %
2026/09/24 12:09:11.340, NVIDIA L4, 23034 MiB, 0 MiB, 22646 MiB, 0 %
2026/09/24 12:09:12.341, NVIDIA L4, 23034 MiB, 0 MiB, 22646 MiB, 0 %
2026/09/24 12:09:13.341, NVIDIA L4, 23034 MiB, 0 MiB, 22646 MiB, 0 %
2026/09/24 12:09:14.341, NVIDIA L4, 23034 MiB, 0 MiB, 22646 MiB, 0 %
2026/09/24 12:09:15.342, NVIDIA L4, 23034 MiB, 0 MiB, 22646 MiB, 0 %
2026/09/24 12:09:16.342, NVIDIA L4, 23034 MiB, 0 MiB, 22646 MiB, 0 %
2026/09/24 12:09:17.342, NVIDIA L4, 23034 MiB, 0 MiB, 22646 MiB, 0 %
2026/09/24 12:09:18.343, NVIDIA L4, 23034 MiB, 0 MiB, 22646 MiB, 0 %
2026/09/24 12:09:19.343, NVIDIA L4, 23034 MiB, 0 MiB, 22646 MiB, 0 %
2026/09/24 12:09:20.343, NVIDIA L4, 23034 MiB, 0 MiB, 22646 MiB, 0 %
2026/09/24 12:09:21.344, NVIDIA L4, 23034 MiB, 0 MiB, 22646 MiB, 0 %
2026/09/24 12:09:22.344, NVIDIA L4, 23034 MiB, 0 MiB, 22646 MiB, 0 %
2026/09/24 12:09:23.344, NVIDIA L4, 23034 MiB, 0 MiB, 22646 MiB, 0 %
2026/09/24 12:09:24.345, NVIDIA L4, 23034 MiB, 0 MiB, 22646 MiB, 0 %
2026/09/24 12:09:25.345, NVIDIA L4, 23034 MiB, 0 MiB, 22646 MiB, 0 %
2026/09/24 12:09:26.345, NVIDIA L4, 23034 MiB, 0 MiB, 22646 MiB, 0 %
2026/09/24 12:09:27.345, NVIDIA L4, 23034 MiB, 0 MiB, 22646 MiB, 0 %
2026/09/24 12:09:28.347, NVIDIA L4, 23034 MiB, 0 MiB, 22646 MiB, 0 %
2026/09/24 12:09:29.347, NVIDIA L4, 23034 MiB, 0 MiB, 22646 MiB, 0 %
2026/09/24 12:09:30.347, NVIDIA L4, 23034 MiB, 0 MiB, 22646 MiB, 0 %
2026/09/24 12:09:31.348, NVIDIA L4, 23034 MiB, 0 MiB, 22646 MiB, 0 %
2026/09/24 12:09:32.348, NVIDIA L4, 23034 MiB, 0 MiB, 22646 MiB, 0 %
2026/09/24 12:09:33.348, NVIDIA L4, 23034 MiB, 0 MiB, 22646 MiB, 0 %
2026/09/24 12:09:34.349, NVIDIA L4, 23034 MiB, 0 MiB, 22646 MiB, 0 %
2026/09/24 12:09:35.349, NVIDIA L4, 23034 MiB, 0 MiB, 22646 MiB, 0 %
2026/09/24 12:09:36.349, NVIDIA L4, 23034 MiB, 0 MiB, 22646 MiB, 0 %
2026/09/24 12:09:37.350, NVIDIA L4, 23034 MiB, 0 MiB, 22646 MiB, 0 %
2026/09/24 12:09:38.351, NVIDIA L4, 23034 MiB, 0 MiB, 22646 MiB, 0 %
2026/09/24 12:09:39.352, NVIDIA L4, 23034 MiB, 0 MiB, 22646 MiB, 0 %
2026/09/24 12:09:40.352, NVIDIA L4, 23034 MiB, 0 MiB, 22646 MiB, 0 %
2026/09/24 12:09:41.352, NVIDIA L4, 23034 MiB, 0 MiB, 22646 MiB, 0 %
2026/09/24 12:09:42.353, NVIDIA L4, 23034 MiB, 0 MiB, 22646 MiB, 0 %
2026/09/24 12:09:43.353, NVIDIA L4, 23034 MiB, 0 MiB, 22646 MiB, 0 %
2026/09/24 12:09:44.353, NVIDIA L4, 23034 MiB, 0 MiB, 22646 MiB, 0 %
2026/09/24 12:09:45.354, NVIDIA L4, 23034 MiB, 0 MiB, 22646 MiB, 0 %
2026/09/24 12:09:46.354, NVIDIA L4, 23034 MiB, 0 MiB, 22646 MiB, 0 %
2026/09/24 12:09:47.354, NVIDIA L4, 23034 MiB, 0 MiB, 22646 MiB, 0 %
2026/09/24 12:09:48.356, NVIDIA L4, 23034 MiB, 0 MiB, 22646 MiB, 0 %
2026/09/24 12:09:49.356, NVIDIA L4, 23034 MiB, 0 MiB, 22646 MiB, 0 %
2026/09/24 12:09:50.356, NVIDIA L4, 23034 MiB, 0 MiB, 22646 MiB, 0 %
2026/09/24 12:09:51.357, NVIDIA L4, 23034 MiB, 0 MiB, 22646 MiB, 0 %
2026/09/24 12:09:52.357, NVIDIA L4, 23034 MiB, 0 MiB, 22646 MiB, 0 %
2026/09/24 12:09:53.359, NVIDIA L4, 23034 MiB, 0 MiB, 22646 MiB, 0 %
2026/09/24 12:09:54.359, NVIDIA L4, 23034 MiB, 0 MiB, 22646 MiB, 0 %
2026/09/24 12:09:55.359, NVIDIA L4, 23034 MiB, 0 MiB, 22646 MiB, 0 %
2026/09/24 12:09:56.360, NVIDIA L4, 23034 MiB, 0 MiB, 22646 MiB, 0 %
2026/09/24 12:09:57.360, NVIDIA L4, 23034 MiB, 0 MiB, 22646 MiB, 0 %
2026/09/24 12:09:58.361, NVIDIA L4, 23034 MiB, 0 MiB, 22646 MiB, 0 %
2026/09/24 12:09:59.362, NVIDIA L4, 23034 MiB, 0 MiB, 22646 MiB, 0 %
2026/09/24 12:10:00.362, NVIDIA L4, 23034 MiB, 0 MiB, 22646 MiB, 0 %
2026/09/24 12:10:01.362, NVIDIA L4, 23034 MiB, 0 MiB, 22646 MiB, 0 %
2026/09/24 12:10:02.363, NVIDIA L4, 23034 MiB, 0 MiB, 22646 MiB, 0 %
2026/09/24 12:10:03.363, NVIDIA L4, 23034 MiB, 0 MiB, 22646 MiB, 0 %
2026/09/24 12:10:04.363, NVIDIA L4, 23034 MiB, 0 MiB, 22646 MiB, 0 %
2026/09/24 12:10:05.364, NVIDIA L4, 23034 MiB, 0 MiB, 22646 MiB, 0 %
2026/09/24 12:10:06.364, NVIDIA L4, 23034 MiB, 0 MiB, 22646 MiB, 0 %
2026/09/24 12:10:07.364, NVIDIA L4, 23034 MiB, 0 MiB, 22646 MiB, 0 %
2026/09/24 12:10:08.365, NVIDIA L4, 23034 MiB, 0 MiB, 22646 MiB, 0 %
2026/09/24 12:10:09.365, NVIDIA L4, 23034 MiB, 0 MiB, 22646 MiB, 0 %
2026/09/24 12:10:10.365, NVIDIA L4, 23034 MiB, 0 MiB, 22646 MiB, 0 %
2026/09/24 12:10:11.366, NVIDIA L4, 23034 MiB, 0 MiB, 22646 MiB, 0 %
2026/09/24 12:10:12.366, NVIDIA L4, 23034 MiB, 0 MiB, 22646 MiB, 0 %
2026/09/24 12:10:13.366, NVIDIA L4, 23034 MiB, 0 MiB, 22646 MiB, 0 %
2026/09/24 12:10:14.367, NVIDIA L4, 23034 MiB, 0 MiB, 22646 MiB, 0 %
2026/09/24 12:10:15.367, NVIDIA L4, 23034 MiB, 0 MiB, 22646 MiB, 0 %
2026/09/24 12:10:16.367, NVIDIA L4, 23034 MiB, 0 MiB, 22646 MiB, 0 %
2026/09/24 12:10:17.368, NVIDIA L4, 23034 MiB, 0 MiB, 22646 MiB, 0 %
2026/09/24 12:10:18.368, NVIDIA L4, 23034 MiB, 0 MiB, 22646 MiB, 0 %
2026/09/24 12:10:19.368, NVIDIA L4, 23034 MiB, 0 MiB, 22646 MiB, 0 %
2026/09/24 12:10:20.369, NVIDIA L4, 23034 MiB, 0 MiB, 22646 MiB, 0 %
2026/09/24 12:10:21.369, NVIDIA L4, 23034 MiB, 0 MiB, 22646 MiB, 0 %
2026/09/24 12:10:22.369, NVIDIA L4, 23034 MiB, 0 MiB, 22646 MiB, 0 %
2026/09/24 12:10:23.370, NVIDIA L4, 23034 MiB, 0 MiB, 22646 MiB, 0 %
2026/09/24 12:10:24.370, NVIDIA L4, 23034 MiB, 0 MiB, 22646 MiB, 0 %
2026/09/24 12:10:25.370, NVIDIA L4, 23034 MiB, 0 MiB, 22646 MiB, 0 %
2026/09/24 12:10:26.371, NVIDIA L4, 23034 MiB, 0 MiB, 22646 MiB, 0 %
2026/09/24 12:10:27.371, NVIDIA L4, 23034 MiB, 0 MiB, 22646 MiB, 0 %
2026/09/24 12:10:28.371, NVIDIA L4, 23034 MiB, 0 MiB, 22646 MiB, 0 %
2026/09/24 12:10:29.372, NVIDIA L4, 23034 MiB, 0 MiB, 22646 MiB, 0 %
2026/09/24 12:10:30.372, NVIDIA L4, 23034 MiB, 0 MiB, 22646 MiB, 0 %
2026/09/24 12:10:31.372, NVIDIA L4, 23034 MiB, 0 MiB, 22646 MiB, 0 %
2026/09/24 12:10:32.373, NVIDIA L4, 23034 MiB, 0 MiB, 22646 MiB, 0 %
2026/09/24 12:10:33.373, NVIDIA L4, 23034 MiB, 0 MiB, 22646 MiB, 0 %
2026/09/24 12:10:34.373, NVIDIA L4, 23034 MiB, 0 MiB, 22646 MiB, 0 %
2026/09/24 12:10:35.374, NVIDIA L4, 23034 MiB, 0 MiB, 22646 MiB, 0 %
2026/09/24 12:10:36.375, NVIDIA L4, 23034 MiB, 0 MiB, 22646 MiB, 0 %
2026/09/24 12:10:37.376, NVIDIA L4, 23034 MiB, 0 MiB, 22646 MiB, 0 %
2026/09/24 12:10:38.376, NVIDIA L4, 23034 MiB, 0 MiB, 22646 MiB, 0 %
2026/09/24 12:10:39.376, NVIDIA L4, 23034 MiB, 0 MiB, 22646 MiB, 0 %
2026/09/24 12:10:40.377, NVIDIA L4, 23034 MiB, 0 MiB, 22646 MiB, 0 %
2026/09/24 12:10:41.377, NVIDIA L4, 23034 MiB, 0 MiB, 22646 MiB, 0 %
2026/09/24 12:10:42.377, NVIDIA L4, 23034 MiB, 0 MiB, 22646 MiB, 0 %
2026/09/24 12:10:43.378, NVIDIA L4, 23034 MiB, 0 MiB, 22646 MiB, 0 %
2026/09/24 12:10:44.378, NVIDIA L4, 23034 MiB, 0 MiB, 22646 MiB, 0 %
2026/09/24 12:10:45.378, NVIDIA L4, 23034 MiB, 0 MiB, 22646 MiB, 0 %
2026/09/24 12:10:46.379, NVIDIA L4, 23034 MiB, 0 MiB, 22646 MiB, 0 %
2026/09/24 12:10:47.379, NVIDIA L4, 23034 MiB, 0 MiB, 22646 MiB, 0 %
2026/09/24 12:10:48.379, NVIDIA L4, 23034 MiB, 0 MiB, 22646 MiB, 0 %
2026/09/24 12:10:49.380, NVIDIA L4, 23034 MiB, 0 MiB, 22646 MiB, 0 %
2026/09/24 12:10:50.380, NVIDIA L4, 23034 MiB, 0 MiB, 22646 MiB, 0 %
2026/09/24 12:10:51.380, NVIDIA L4, 23034 MiB, 0 MiB, 22646 MiB, 0 %
2026/09/24 12:10:52.381, NVIDIA L4, 23034 MiB, 0 MiB, 22646 MiB, 0 %
2026/09/24 12:10:53.381, NVIDIA L4, 23034 MiB, 0 MiB, 22646 MiB, 0 %
2026/09/24 12:10:54.381, NVIDIA L4, 23034 MiB, 0 MiB, 22646 MiB, 0 %
2026/09/24 12:10:55.382, NVIDIA L4, 23034 MiB, 0 MiB, 22646 MiB, 0 %
2026/09/24 12:10:56.382, NVIDIA L4, 23034 MiB, 0 MiB, 22646 MiB, 0 %
2026/09/24 12:10:57.382, NVIDIA L4, 23034 MiB, 0 MiB, 22646 MiB, 0 %
2026/09/24 12:10:58.383, NVIDIA L4, 23034 MiB, 0 MiB, 22646 MiB, 0 %
2026/09/24 12:10:59.383, NVIDIA L4, 23034 MiB, 0 MiB, 22646 MiB, 0 %
2026/09/24 12:11:00.383, NVIDIA L4, 23034 MiB, 0 MiB, 22646 MiB, 0 %
2026/09/24 12:11:01.384, NVIDIA L4, 23034 MiB, 0 MiB, 22646 MiB, 0 %
2026/09/24 12:11:02.384, NVIDIA L4, 23034 MiB, 0 MiB, 22646 MiB, 0 %
2026/09/24 12:11:03.384, NVIDIA L4, 23034 MiB, 0 MiB, 22646 MiB, 0 %
2026/09/24 12:11:04.385, NVIDIA L4, 23034 MiB, 0 MiB, 22646 MiB, 0 %
2026/09/24 12:11:05.386, NVIDIA L4, 23034 MiB, 0 MiB, 22646 MiB, 0 %
2026/09/24 12:11:06.386, NVIDIA L4, 23034 MiB, 0 MiB, 22646 MiB, 0 %
2026/09/24 12:11:07.387, NVIDIA L4, 23034 MiB, 0 MiB, 22646 MiB, 0 %
2026/09/24 12:11:08.387, NVIDIA L4, 23034 MiB, 0 MiB, 22646 MiB, 0 %
2026/09/24 12:11:09.387, NVIDIA L4, 23034 MiB, 0 MiB, 22646 MiB, 0 %
2026/09/24 12:11:10.388, NVIDIA L4, 23034 MiB, 0 MiB, 22646 MiB, 0 %
2026/09/24 12:11:11.388, NVIDIA L4, 23034 MiB, 0 MiB, 22646 MiB, 0 %
2026/09/24 12:11:12.389, NVIDIA L4, 23034 MiB, 0 MiB, 22646 MiB, 0 %
2026/09/24 12:11:13.389, NVIDIA L4, 23034 MiB, 0 MiB, 22646 MiB, 0 %
2026/09/24 12:11:14.389, NVIDIA L4, 23034 MiB, 0 MiB, 22646 MiB, 0 %
2026/09/24 12:11:15.390, NVIDIA L4, 23034 MiB, 0 MiB, 22646 MiB, 0 %
2026/09/24 12:11:16.390, NVIDIA L4, 23034 MiB, 0 MiB, 22646 MiB, 0 %
2026/09/24 12:11:17.391, NVIDIA L4, 23034 MiB, 0 MiB, 22646 MiB, 0 %
2026/09/24 12:11:18.392, NVIDIA L4, 23034 MiB, 0 MiB, 22646 MiB, 0 %
2026/09/24 12:11:19.392, NVIDIA L4, 23034 MiB, 0 MiB, 22646 MiB, 0 %
2026/09/24 12:11:20.392, NVIDIA L4, 23034 MiB, 0 MiB, 22646 MiB, 0 %
2026/09/24 12:11:21.392, NVIDIA L4, 23034 MiB, 0 MiB, 22646 MiB, 0 %
2026/09/24 12:11:22.393, NVIDIA L4, 23034 MiB, 0 MiB, 22646 MiB, 0 %
2026/09/24 12:11:23.393, NVIDIA L4, 23034 MiB, 0 MiB, 22646 MiB, 0 %
2026/09/24 12:11:24.393, NVIDIA L4, 23034 MiB, 0 MiB, 22646 MiB, 0 %
2026/09/24 12:11:25.394, NVIDIA L4, 23034 MiB, 0 MiB, 22646 MiB, 0 %
2026/09/24 12:11:26.394, NVIDIA L4, 23034 MiB, 0 MiB, 22646 MiB, 0 %
2026/09/24 12:11:27.394, NVIDIA L4, 23034 MiB, 0 MiB, 22646 MiB, 0 %
2026/09/24 12:11:28.394, NVIDIA L4, 23034 MiB, 0 MiB, 22646 MiB, 0 %
2026/09/24 12:11:29.395, NVIDIA L4, 23034 MiB, 0 MiB, 22646 MiB, 0 %
2026/09/24 12:11:30.395, NVIDIA L4, 23034 MiB, 0 MiB, 22646 MiB, 0 %
2026/09/24 12:11:31.395, NVIDIA L4, 23034 MiB, 0 MiB, 22646 MiB, 0 %
2026/09/24 12:11:32.396, NVIDIA L4, 23034 MiB, 0 MiB, 22646 MiB, 0 %
2026/09/24 12:11:33.396, NVIDIA L4, 23034 MiB, 0 MiB, 22646 MiB, 0 %
2026/09/24 12:11:34.396, NVIDIA L4, 23034 MiB, 0 MiB, 22646 MiB, 0 %
2026/09/24 12:11:35.397, NVIDIA L4, 23034 MiB, 0 MiB, 22646 MiB, 0 %
2026/09/24 12:11:36.397, NVIDIA L4, 23034 MiB, 0 MiB, 22646 MiB, 0 %
2026/09/24 12:11:37.397, NVIDIA L4, 23034 MiB, 0 MiB, 22646 MiB, 0 %
2026/09/24 12:11:38.398, NVIDIA L4, 23034 MiB, 0 MiB, 22646 MiB, 0 %
2026/09/24 12:11:39.398, NVIDIA L4, 23034 MiB, 0 MiB, 22646 MiB, 0 %
2026/09/24 12:11:40.398, NVIDIA L4, 23034 MiB, 0 MiB, 22646 MiB, 0 %
2026/09/24 12:11:41.399, NVIDIA L4, 23034 MiB, 0 MiB, 22646 MiB, 0 %
2026/09/24 12:11:42.399, NVIDIA L4, 23034 MiB, 0 MiB, 22646 MiB, 0 %
2026/09/24 12:11:43.399, NVIDIA L4, 23034 MiB, 0 MiB, 22646 MiB, 0 %
2026/09/24 12:11:44.400, NVIDIA L4, 23034 MiB, 0 MiB, 22646 MiB, 0 %
2026/09/24 12:11:45.400, NVIDIA L4, 23034 MiB, 0 MiB, 22646 MiB, 0 %
2026/09/24 12:11:46.400, NVIDIA L4, 23034 MiB, 0 MiB, 22646 MiB, 0 %
2026/09/24 12:11:47.401, NVIDIA L4, 23034 MiB, 0 MiB, 22646 MiB, 0 %
2026/09/24 12:11:48.401, NVIDIA L4, 23034 MiB, 0 MiB, 22646 MiB, 0 %
2026/09/24 12:11:49.401, NVIDIA L4, 23034 MiB, 0 MiB, 22646 MiB, 0 %
2026/09/24 12:11:50.402, NVIDIA L4, 23034 MiB, 0 MiB, 22646 MiB, 0 %
2026/09/24 12:11:51.402, NVIDIA L4, 23034 MiB, 0 MiB, 22646 MiB, 0 %
2026/09/24 12:11:52.402, NVIDIA L4, 23034 MiB, 0 MiB, 22646 MiB, 0 %
2026/09/24 12:11:53.403, NVIDIA L4, 23034 MiB, 0 MiB, 22646 MiB, 0 %
2026/09/24 12:11:54.403, NVIDIA L4, 23034 MiB, 0 MiB, 22646 MiB, 0 %
2026/09/24 12:11:55.403, NVIDIA L4, 23034 MiB, 0 MiB, 22646 MiB, 0 %
2026/09/24 12:11:56.404, NVIDIA L4, 23034 MiB, 0 MiB, 22646 MiB, 0 %
2026/09/24 12:11:57.404, NVIDIA L4, 23034 MiB, 0 MiB, 22646 MiB, 0 %
2026/09/24 12:11:58.404, NVIDIA L4, 23034 MiB, 0 MiB, 22646 MiB, 0 %
2026/09/24 12:11:59.405, NVIDIA L4, 23034 MiB, 0 MiB, 22646 MiB, 0 %
2026/09/24 12:12:00.405, NVIDIA L4, 23034 MiB, 0 MiB, 22646 MiB, 0 %
2026/09/24 12:12:01.405, NVIDIA L4, 23034 MiB, 0 MiB, 22646 MiB, 0 %
2026/09/24 12:12:02.406, NVIDIA L4, 23034 MiB, 0 MiB, 22646 MiB, 0 %
2026/09/24 12:12:03.406, NVIDIA L4, 23034 MiB, 0 MiB, 22646 MiB, 0 %
2026/09/24 12:12:04.406, NVIDIA L4, 23034 MiB, 0 MiB, 22646 MiB, 0 %
2026/09/24 12:12:05.407, NVIDIA L4, 23034 MiB, 0 MiB, 22646 MiB, 0 %
2026/09/24 12:12:06.407, NVIDIA L4, 23034 MiB, 0 MiB, 22646 MiB, 0 %
2026/09/24 12:12:07.407, NVIDIA L4, 23034 MiB, 0 MiB, 22646 MiB, 0 %
2026/09/24 12:12:08.408, NVIDIA L4, 23034 MiB, 0 MiB, 22646 MiB, 0 %
2026/09/24 12:12:09.408, NVIDIA L4, 23034 MiB, 0 MiB, 22646 MiB, 0 %
2026/09/24 12:12:10.408, NVIDIA L4, 23034 MiB, 0 MiB, 22646 MiB, 0 %
2026/09/24 12:12:11.408, NVIDIA L4, 23034 MiB, 0 MiB, 22646 MiB, 0 %
2026/09/24 12:12:12.409, NVIDIA L4, 23034 MiB, 0 MiB, 22646 MiB, 0 %
2026/09/24 12:12:13.409, NVIDIA L4, 23034 MiB, 0 MiB, 22646 MiB, 0 %
2026/09/24 12:12:14.409, NVIDIA L4, 23034 MiB, 0 MiB, 22646 MiB, 0 %
2026/09/24 12:12:15.410, NVIDIA L4, 23034 MiB, 0 MiB, 22646 MiB, 0 %
2026/09/24 12:12:16.410, NVIDIA L4, 23034 MiB, 0 MiB, 22646 MiB, 0 %
2026/09/24 12:12:17.410, NVIDIA L4, 23034 MiB, 0 MiB, 22646 MiB, 0 %
2026/09/24 12:12:18.411, NVIDIA L4, 23034 MiB, 0 MiB, 22646 MiB, 0 %
2026/09/24 12:12:19.411, NVIDIA L4, 23034 MiB, 0 MiB, 22646 MiB, 0 %
2026/09/24 12:12:20.411, NVIDIA L4, 23034 MiB, 0 MiB, 22646 MiB, 0 %
2026/09/24 12:12:21.412, NVIDIA L4, 23034 MiB, 0 MiB, 22646 MiB, 0 %
2026/09/24 12:12:22.412, NVIDIA L4, 23034 MiB, 0 MiB, 22646 MiB, 0 %
2026/09/24 12:12:23.412, NVIDIA L4, 23034 MiB, 0 MiB, 22646 MiB, 0 %
2026/09/24 12:12:24.413, NVIDIA L4, 23034 MiB, 0 MiB, 22646 MiB, 0 %
2026/09/24 12:12:25.413, NVIDIA L4, 23034 MiB, 0 MiB, 22646 MiB, 0 %
2026/09/24 12:12:26.413, NVIDIA L4, 23034 MiB, 0 MiB, 22646 MiB, 0 %
2026/09/24 12:12:27.414, NVIDIA L4, 23034 MiB, 0 MiB, 22646 MiB, 0 %
2026/09/24 12:12:28.414, NVIDIA L4, 23034 MiB, 0 MiB, 22646 MiB, 0 %
2026/09/24 12:12:29.414, NVIDIA L4, 23034 MiB, 0 MiB, 22646 MiB, 0 %
2026/09/24 12:12:30.415, NVIDIA L4, 23034 MiB, 0 MiB, 22646 MiB, 0 %
2026/09/24 12:12:31.415, NVIDIA L4, 23034 MiB, 0 MiB, 22646 MiB, 0 %
2026/09/24 12:12:32.415, NVIDIA L4, 23034 MiB, 0 MiB, 22646 MiB, 0 %
2026/09/24 12:12:33.416, NVIDIA L4, 23034 MiB, 0 MiB, 22646 MiB, 0 %
2026/09/24 12:12:34.416, NVIDIA L4, 23034 MiB, 0 MiB, 22646 MiB, 0 %
2026/09/24 12:12:35.416, NVIDIA L4, 23034 MiB, 0 MiB, 22646 MiB, 0 %
2026/09/24 12:12:36.417, NVIDIA L4, 23034 MiB, 0 MiB, 22646 MiB, 0 %
2026/09/24 12:12:37.417, NVIDIA L4, 23034 MiB, 0 MiB, 22646 MiB, 0 %
2026/09/24 12:12:38.417, NVIDIA L4, 23034 MiB, 0 MiB, 22646 MiB, 0 %
2026/09/24 12:12:39.418, NVIDIA L4, 23034 MiB, 0 MiB, 22646 MiB, 0 %
2026/09/24 12:12:40.418, NVIDIA L4, 23034 MiB, 0 MiB, 22646 MiB, 0 %
2026/09/24 12:12:41.418, NVIDIA L4, 23034 MiB, 0 MiB, 22646 MiB, 0 %
2026/09/24 12:12:42.419, NVIDIA L4, 23034 MiB, 0 MiB, 22646 MiB, 0 %
2026/09/24 12:12:43.419, NVIDIA L4, 23034 MiB, 0 MiB, 22646 MiB, 0 %
2026/09/24 12:12:44.419, NVIDIA L4, 23034 MiB, 0 MiB, 22646 MiB, 0 %
2026/09/24 12:12:45.420, NVIDIA L4, 23034 MiB, 0 MiB, 22646 MiB, 0 %
2026/09/24 12:12:46.420, NVIDIA L4, 23034 MiB, 0 MiB, 22646 MiB, 0 %
2026/09/24 12:12:47.420, NVIDIA L4, 23034 MiB, 0 MiB, 22646 MiB, 0 %
2026/09/24 12:12:48.421, NVIDIA L4, 23034 MiB, 0 MiB, 22646 MiB, 0 %
2026/09/24 12:12:49.421, NVIDIA L4, 23034 MiB, 0 MiB, 22646 MiB, 0 %
2026/09/24 12:12:50.421, NVIDIA L4, 23034 MiB, 0 MiB, 22646 MiB, 0 %
2026/09/24 12:12:51.422, NVIDIA L4, 23034 MiB, 0 MiB, 22646 MiB, 0 %
2026/09/24 12:12:52.422, NVIDIA L4, 23034 MiB, 0 MiB, 22646 MiB, 0 %
2026/09/24 12:12:53.422, NVIDIA L4, 23034 MiB, 0 MiB, 22646 MiB, 0 %
2026/09/24 12:12:54.423, NVIDIA L4, 23034 MiB, 0 MiB, 22646 MiB, 0 %
2026/09/24 12:12:55.423, NVIDIA L4, 23034 MiB, 0 MiB, 22646 MiB, 0 %
2026/09/24 12:12:56.423, NVIDIA L4, 23034 MiB, 0 MiB, 22646 MiB, 0 %
2026/09/24 12:12:57.423, NVIDIA L4, 23034 MiB, 0 MiB, 22646 MiB, 0 %
2026/09/24 12:12:58.424, NVIDIA L4, 23034 MiB, 0 MiB, 22646 MiB, 0 %
2026/09/24 12:12:59.424, NVIDIA L4, 23034 MiB, 0 MiB, 22646 MiB, 0 %
2026/09/24 12:13:00.424, NVIDIA L4, 23034 MiB, 0 MiB, 22646 MiB, 0 %
2026/09/24 12:13:01.425, NVIDIA L4, 23034 MiB, 0 MiB, 22646 MiB, 0 %
2026/09/24 12:13:02.425, NVIDIA L4, 23034 MiB, 0 MiB, 22646 MiB, 0 %
2026/09/24 12:13:03.425, NVIDIA L4, 23034 MiB, 0 MiB, 22646 MiB, 0 %
2026/09/24 12:13:04.426, NVIDIA L4, 23034 MiB, 0 MiB, 22646 MiB, 0 %
2026/09/24 12:13:05.426, NVIDIA L4, 23034 MiB, 0 MiB, 22646 MiB, 0 %
2026/09/24 12:13:06.426, NVIDIA L4, 23034 MiB, 0 MiB, 22646 MiB, 0 %
2026/09/24 12:13:07.427, NVIDIA L4, 23034 MiB, 0 MiB, 22646 MiB, 0 %
2026/09/24 12:13:08.427, NVIDIA L4, 23034 MiB, 0 MiB, 22646 MiB, 0 %
2026/09/24 12:13:09.427, NVIDIA L4, 23034 MiB, 0 MiB, 22646 MiB, 0 %
2026/09/24 12:13:10.428, NVIDIA L4, 23034 MiB, 0 MiB, 22646 MiB, 0 %
2026/09/24 12:13:11.428, NVIDIA L4, 23034 MiB, 0 MiB, 22646 MiB, 0 %
2026/09/24 12:13:12.428, NVIDIA L4, 23034 MiB, 0 MiB, 22646 MiB, 0 %
2026/09/24 12:13:13.429, NVIDIA L4, 23034 MiB, 0 MiB, 22646 MiB, 0 %
2026/09/24 12:13:14.429, NVIDIA L4, 23034 MiB, 0 MiB, 22646 MiB, 0 %
2026/09/24 12:13:15.430, NVIDIA L4, 23034 MiB, 0 MiB, 22646 MiB, 0 %
2026/09/24 12:13:16.430, NVIDIA L4, 23034 MiB, 0 MiB, 22646 MiB, 0 %
2026/09/24 12:13:17.430, NVIDIA L4, 23034 MiB, 0 MiB, 22646 MiB, 0 %
2026/09/24 12:13:18.431, NVIDIA L4, 23034 MiB, 0 MiB, 22646 MiB, 0 %
2026/09/24 12:13:19.431, NVIDIA L4, 23034 MiB, 0 MiB, 22646 MiB, 0 %
2026/09/24 12:13:20.431, NVIDIA L4, 23034 MiB, 0 MiB, 22646 MiB, 0 %
2026/09/24 12:13:21.432, NVIDIA L4, 23034 MiB, 0 MiB, 22646 MiB, 0 %
2026/09/24 12:13:22.432, NVIDIA L4, 23034 MiB, 0 MiB, 22646 MiB, 0 %
2026/09/24 12:13:23.432, NVIDIA L4, 23034 MiB, 0 MiB, 22646 MiB, 0 %
2026/09/24 12:13:24.433, NVIDIA L4, 23034 MiB, 0 MiB, 22646 MiB, 0 %
2026/09/24 12:13:25.433, NVIDIA L4, 23034 MiB, 0 MiB, 22646 MiB, 0 %
2026/09/24 12:13:26.433, NVIDIA L4, 23034 MiB, 0 MiB, 22646 MiB, 0 %
2026/09/24 12:13:27.433, NVIDIA L4, 23034 MiB, 0 MiB, 22646 MiB, 0 %
2026/09/24 12:13:28.434, NVIDIA L4, 23034 MiB, 0 MiB, 22646 MiB, 0 %
2026/09/24 12:13:29.434, NVIDIA L4, 23034 MiB, 0 MiB, 22646 MiB, 0 %
2026/09/24 12:13:30.434, NVIDIA L4, 23034 MiB, 0 MiB, 22646 MiB, 0 %
2026/09/24 12:13:31.435, NVIDIA L4, 23034 MiB, 0 MiB, 22646 MiB, 0 %
2026/09/24 12:13:32.435, NVIDIA L4, 23034 MiB, 0 MiB, 22646 MiB, 0 %
2026/09/24 12:13:33.436, NVIDIA L4, 23034 MiB, 0 MiB, 22646 MiB, 0 %
2026/09/24 12:13:34.436, NVIDIA L4, 23034 MiB, 0 MiB, 22646 MiB, 0 %
2026/09/24 12:13:35.436, NVIDIA L4, 23034 MiB, 0 MiB, 22646 MiB, 0 %
2026/09/24 12:13:36.437, NVIDIA L4, 23034 MiB, 0 MiB, 22646 MiB, 0 %
2026/09/24 12:13:37.437, NVIDIA L4, 23034 MiB, 0 MiB, 22646 MiB, 0 %
2026/09/24 12:13:38.438, NVIDIA L4, 23034 MiB, 0 MiB, 22646 MiB, 0 %
2026/09/24 12:13:39.439, NVIDIA L4, 23034 MiB, 0 MiB, 22646 MiB, 0 %
2026/09/24 12:13:40.439, NVIDIA L4, 23034 MiB, 0 MiB, 22646 MiB, 0 %
2026/09/24 12:13:41.439, NVIDIA L4, 23034 MiB, 0 MiB, 22646 MiB, 0 %
2026/09/24 12:13:42.440, NVIDIA L4, 23034 MiB, 0 MiB, 22646 MiB, 0 %
2026/09/24 12:13:43.440, NVIDIA L4, 23034 MiB, 0 MiB, 22646 MiB, 0 %
2026/09/24 12:13:44.440, NVIDIA L4, 23034 MiB, 0 MiB, 22646 MiB, 0 %
2026/09/24 12:13:45.441, NVIDIA L4, 23034 MiB, 0 MiB, 22646 MiB, 0 %
2026/09/24 12:13:46.441, NVIDIA L4, 23034 MiB, 0 MiB, 22646 MiB, 0 %
2026/09/24 12:13:47.441, NVIDIA L4, 23034 MiB, 0 MiB, 22646 MiB, 0 %
2026/09/24 12:13:48.442, NVIDIA L4, 23034 MiB, 0 MiB, 22646 MiB, 0 %
2026/09/24 12:13:49.442, NVIDIA L4, 23034 MiB, 0 MiB, 22646 MiB, 0 %
2026/09/24 12:13:50.442, NVIDIA L4, 23034 MiB, 0 MiB, 22646 MiB, 0 %
2026/09/24 12:13:51.443, NVIDIA L4, 23034 MiB, 0 MiB, 22646 MiB, 0 %
2026/09/24 12:13:52.443, NVIDIA L4, 23034 MiB, 0 MiB, 22646 MiB, 0 %
2026/09/24 12:13:53.443, NVIDIA L4, 23034 MiB, 0 MiB, 22646 MiB, 0 %
2026/09/24 12:13:54.444, NVIDIA L4, 23034 MiB, 0 MiB, 22646 MiB, 0 %
2026/09/24 12:13:55.444, NVIDIA L4, 23034 MiB, 0 MiB, 22646 MiB, 0 %
2026/09/24 12:13:56.444, NVIDIA L4, 23034 MiB, 0 MiB, 22646 MiB, 0 %
2026/09/24 12:13:57.445, NVIDIA L4, 23034 MiB, 0 MiB, 22646 MiB, 0 %
2026/09/24 12:13:58.445, NVIDIA L4, 23034 MiB, 0 MiB, 22646 MiB, 0 %
2026/09/24 12:13:59.445, NVIDIA L4, 23034 MiB, 0 MiB, 22646 MiB, 0 %
2026/09/24 12:14:00.446, NVIDIA L4, 23034 MiB, 0 MiB, 22646 MiB, 0 %
2026/09/24 12:14:01.446, NVIDIA L4, 23034 MiB, 0 MiB, 22646 MiB, 0 %
2026/09/24 12:14:02.446, NVIDIA L4, 23034 MiB, 0 MiB, 22646 MiB, 0 %
2026/09/24 12:14:03.447, NVIDIA L4, 23034 MiB, 0 MiB, 22646 MiB, 0 %
2026/09/24 12:14:04.447, NVIDIA L4, 23034 MiB, 0 MiB, 22646 MiB, 0 %
2026/09/24 12:14:05.447, NVIDIA L4, 23034 MiB, 0 MiB, 22646 MiB, 0 %
2026/09/24 12:14:06.448, NVIDIA L4, 23034 MiB, 0 MiB, 22646 MiB, 0 %
2026/09/24 12:14:07.448, NVIDIA L4, 23034 MiB, 0 MiB, 22646 MiB, 0 %
2026/09/24 12:14:08.448, NVIDIA L4, 23034 MiB, 0 MiB, 22646 MiB, 0 %
2026/09/24 12:14:09.448, NVIDIA L4, 23034 MiB, 0 MiB, 22646 MiB, 0 %
2026/09/24 12:14:10.449, NVIDIA L4, 23034 MiB, 0 MiB, 22646 MiB, 0 %
2026/09/24 12:14:11.449, NVIDIA L4, 23034 MiB, 0 MiB, 22646 MiB, 0 %
2026/09/24 12:14:12.449, NVIDIA L4, 23034 MiB, 0 MiB, 22646 MiB, 0 %
2026/09/24 12:14:13.450, NVIDIA L4, 23034 MiB, 0 MiB, 22646 MiB, 0 %
2026/09/24 12:14:14.450, NVIDIA L4, 23034 MiB, 0 MiB, 22646 MiB, 0 %
2026/09/24 12:14:15.450, NVIDIA L4, 23034 MiB, 0 MiB, 22646 MiB, 0 %
2026/09/24 12:14:16.451, NVIDIA L4, 23034 MiB, 0 MiB, 22646 MiB, 0 %
2026/09/24 12:14:17.451, NVIDIA L4, 23034 MiB, 0 MiB, 22646 MiB, 0 %
2026/09/24 12:14:18.451, NVIDIA L4, 23034 MiB, 0 MiB, 22646 MiB, 0 %
2026/09/24 12:14:19.452, NVIDIA L4, 23034 MiB, 0 MiB, 22646 MiB, 0 %
2026/09/24 12:14:20.452, NVIDIA L4, 23034 MiB, 0 MiB, 22646 MiB, 0 %
2026/09/24 12:14:21.452, NVIDIA L4, 23034 MiB, 0 MiB, 22646 MiB, 0 %
2026/09/24 12:14:22.453, NVIDIA L4, 23034 MiB, 0 MiB, 22646 MiB, 0 %
2026/09/24 12:14:23.453, NVIDIA L4, 23034 MiB, 0 MiB, 22646 MiB, 0 %
2026/09/24 12:14:24.453, NVIDIA L4, 23034 MiB, 0 MiB, 22646 MiB, 0 %
2026/09/24 12:14:25.454, NVIDIA L4, 23034 MiB, 0 MiB, 22646 MiB, 0 %
2026/09/24 12:14:26.454, NVIDIA L4, 23034 MiB, 0 MiB, 22646 MiB, 0 %
2026/09/24 12:14:27.454, NVIDIA L4, 23034 MiB, 0 MiB, 22646 MiB, 0 %
2026/09/24 12:14:28.455, NVIDIA L4, 23034 MiB, 0 MiB, 22646 MiB, 0 %
2026/09/24 12:14:29.455, NVIDIA L4, 23034 MiB, 0 MiB, 22646 MiB, 0 %
2026/09/24 12:14:30.455, NVIDIA L4, 23034 MiB, 0 MiB, 22646 MiB, 0 %
2026/09/24 12:14:31.456, NVIDIA L4, 23034 MiB, 0 MiB, 22646 MiB, 0 %
2026/09/24 12:14:32.456, NVIDIA L4, 23034 MiB, 0 MiB, 22646 MiB, 0 %
2026/09/24 12:14:33.456, NVIDIA L4, 23034 MiB, 0 MiB, 22646 MiB, 0 %
2026/09/24 12:14:34.457, NVIDIA L4, 23034 MiB, 0 MiB, 22646 MiB, 0 %
2026/09/24 12:14:35.457, NVIDIA L4, 23034 MiB, 0 MiB, 22646 MiB, 0 %
2026/09/24 12:14:36.457, NVIDIA L4, 23034 MiB, 0 MiB, 22646 MiB, 0 %
2026/09/24 12:14:37.458, NVIDIA L4, 23034 MiB, 0 MiB, 22646 MiB, 0 %
2026/09/24 12:14:38.458, NVIDIA L4, 23034 MiB, 0 MiB, 22646 MiB, 0 %
2026/09/24 12:14:39.458, NVIDIA L4, 23034 MiB, 0 MiB, 22646 MiB, 0 %
2026/09/24 12:14:40.459, NVIDIA L4, 23034 MiB, 0 MiB, 22646 MiB, 0 %
2026/09/24 12:14:41.459, NVIDIA L4, 23034 MiB, 0 MiB, 22646 MiB, 0 %
2026/09/24 12:14:42.459, NVIDIA L4, 23034 MiB, 0 MiB, 22646 MiB, 0 %
2026/09/24 12:14:43.460, NVIDIA L4, 23034 MiB, 0 MiB, 22646 MiB, 0 %
2026/09/24 12:14:44.460, NVIDIA L4, 23034 MiB, 0 MiB, 22646 MiB, 0 %
2026/09/24 12:14:45.460, NVIDIA L4, 23034 MiB, 0 MiB, 22646 MiB, 0 %
2026/09/24 12:14:46.460, NVIDIA L4, 23034 MiB, 0 MiB, 22646 MiB, 0 %
2026/09/24 12:14:47.461, NVIDIA L4, 23034 MiB, 0 MiB, 22646 MiB, 0 %
2026/09/24 12:14:48.461, NVIDIA L4, 23034 MiB, 0 MiB, 22646 MiB, 0 %
2026/09/24 12:14:49.461, NVIDIA L4, 23034 MiB, 0 MiB, 22646 MiB, 0 %
2026/09/24 12:14:50.462, NVIDIA L4, 23034 MiB, 0 MiB, 22646 MiB, 0 %
2026/09/24 12:14:51.462, NVIDIA L4, 23034 MiB, 0 MiB, 22646 MiB, 0 %
2026/09/24 12:14:52.462, NVIDIA L4, 23034 MiB, 0 MiB, 22646 MiB, 0 %
2026/09/24 12:14:53.463, NVIDIA L4, 23034 MiB, 0 MiB, 22646 MiB, 0 %
2026/09/24 12:14:54.463, NVIDIA L4, 23034 MiB, 0 MiB, 22646 MiB, 0 %
2026/09/24 12:14:55.463, NVIDIA L4, 23034 MiB, 0 MiB, 22646 MiB, 0 %
2026/09/24 12:14:56.463, NVIDIA L4, 23034 MiB, 0 MiB, 22646 MiB, 0 %
2026/09/24 12:14:57.464, NVIDIA L4, 23034 MiB, 0 MiB, 22646 MiB, 0 %
2026/09/24 12:14:58.464, NVIDIA L4, 23034 MiB, 0 MiB, 22646 MiB, 0 %
2026/09/24 12:14:59.465, NVIDIA L4, 23034 MiB, 0 MiB, 22646 MiB, 0 %
2026/09/24 12:15:00.466, NVIDIA L4, 23034 MiB, 0 MiB, 22646 MiB, 0 %
2026/09/24 12:15:01.466, NVIDIA L4, 23034 MiB, 0 MiB, 22646 MiB, 0 %
2026/09/24 12:15:02.466, NVIDIA L4, 23034 MiB, 0 MiB, 22646 MiB, 0 %
2026/09/24 12:15:03.467, NVIDIA L4, 23034 MiB, 0 MiB, 22646 MiB, 0 %
2026/09/24 12:15:04.467, NVIDIA L4, 23034 MiB, 0 MiB, 22646 MiB, 0 %
2026/09/24 12:15:05.467, NVIDIA L4, 23034 MiB, 0 MiB, 22646 MiB, 0 %
2026/09/24 12:15:06.468, NVIDIA L4, 23034 MiB, 0 MiB, 22646 MiB, 0 %
2026/09/24 12:15:07.468, NVIDIA L4, 23034 MiB, 0 MiB, 22646 MiB, 0 %
2026/09/24 12:15:08.468, NVIDIA L4, 23034 MiB, 0 MiB, 22646 MiB, 0 %
2026/09/24 12:15:09.468, NVIDIA L4, 23034 MiB, 0 MiB, 22646 MiB, 0 %
2026/09/24 12:15:10.469, NVIDIA L4, 23034 MiB, 0 MiB, 22646 MiB, 0 %
2026/09/24 12:15:11.469, NVIDIA L4, 23034 MiB, 0 MiB, 22646 MiB, 0 %
2026/09/24 12:15:12.469, NVIDIA L4, 23034 MiB, 0 MiB, 22646 MiB, 0 %
2026/09/24 12:15:13.470, NVIDIA L4, 23034 MiB, 0 MiB, 22646 MiB, 0 %
2026/09/24 12:15:14.470, NVIDIA L4, 23034 MiB, 0 MiB, 22646 MiB, 0 %
2026/09/24 12:15:15.470, NVIDIA L4, 23034 MiB, 0 MiB, 22646 MiB, 0 %
2026/09/24 12:15:16.471, NVIDIA L4, 23034 MiB, 0 MiB, 22646 MiB, 0 %
2026/09/24 12:15:17.471, NVIDIA L4, 23034 MiB, 0 MiB, 22646 MiB, 0 %
2026/09/24 12:15:18.471, NVIDIA L4, 23034 MiB, 0 MiB, 22646 MiB, 0 %
2026/09/24 12:15:19.472, NVIDIA L4, 23034 MiB, 0 MiB, 22646 MiB, 0 %
2026/09/24 12:15:20.472, NVIDIA L4, 23034 MiB, 0 MiB, 22646 MiB, 0 %
2026/09/24 12:15:21.472, NVIDIA L4, 23034 MiB, 0 MiB, 22646 MiB, 0 %
2026/09/24 12:15:22.473, NVIDIA L4, 23034 MiB, 0 MiB, 22646 MiB, 0 %
2026/09/24 12:15:23.473, NVIDIA L4, 23034 MiB, 0 MiB, 22646 MiB, 0 %
2026/09/24 12:15:24.473, NVIDIA L4, 23034 MiB, 0 MiB, 22646 MiB, 0 %
2026/09/24 12:15:25.474, NVIDIA L4, 23034 MiB, 0 MiB, 22646 MiB, 0 %
2026/09/24 12:15:26.475, NVIDIA L4, 23034 MiB, 0 MiB, 22646 MiB, 0 %
2026/09/24 12:15:27.475, NVIDIA L4, 23034 MiB, 0 MiB, 22646 MiB, 0 %
2026/09/24 12:15:28.475, NVIDIA L4, 23034 MiB, 0 MiB, 22646 MiB, 0 %
2026/09/24 12:15:29.476, NVIDIA L4, 23034 MiB, 0 MiB, 22646 MiB, 0 %
2026/09/24 12:15:30.476, NVIDIA L4, 23034 MiB, 0 MiB, 22646 MiB, 0 %
2026/09/24 12:15:31.476, NVIDIA L4, 23034 MiB, 0 MiB, 22646 MiB, 0 %
2026/09/24 12:15:32.477, NVIDIA L4, 23034 MiB, 0 MiB, 22646 MiB, 0 %
2026/09/24 12:15:33.477, NVIDIA L4, 23034 MiB, 0 MiB, 22646 MiB, 0 %
2026/09/24 12:15:34.477, NVIDIA L4, 23034 MiB, 0 MiB, 22646 MiB, 0 %
2026/09/24 12:15:35.478, NVIDIA L4, 23034 MiB, 0 MiB, 22646 MiB, 0 %
2026/09/24 12:15:36.478, NVIDIA L4, 23034 MiB, 0 MiB, 22646 MiB, 0 %
2026/09/24 12:15:37.478, NVIDIA L4, 23034 MiB, 0 MiB, 22646 MiB, 0 %
2026/09/24 12:15:38.479, NVIDIA L4, 23034 MiB, 0 MiB, 22646 MiB, 0 %
2026/09/24 12:15:39.479, NVIDIA L4, 23034 MiB, 0 MiB, 22646 MiB, 0 %
2026/09/24 12:15:40.479, NVIDIA L4, 23034 MiB, 0 MiB, 22646 MiB, 0 %
2026/09/24 12:15:41.479, NVIDIA L4, 23034 MiB, 0 MiB, 22646 MiB, 0 %
2026/09/24 12:15:42.480, NVIDIA L4, 23034 MiB, 0 MiB, 22646 MiB, 0 %
2026/09/24 12:15:43.480, NVIDIA L4, 23034 MiB, 0 MiB, 22646 MiB, 0 %
2026/09/24 12:15:44.480, NVIDIA L4, 23034 MiB, 0 MiB, 22646 MiB, 0 %
2026/09/24 12:15:45.481, NVIDIA L4, 23034 MiB, 0 MiB, 22646 MiB, 0 %
2026/09/24 12:15:46.481, NVIDIA L4, 23034 MiB, 0 MiB, 22646 MiB, 0 %
2026/09/24 12:15:47.481, NVIDIA L4, 23034 MiB, 0 MiB, 22646 MiB, 0 %
2026/09/24 12:15:48.482, NVIDIA L4, 23034 MiB, 0 MiB, 22646 MiB, 0 %
2026/09/24 12:15:49.482, NVIDIA L4, 23034 MiB, 0 MiB, 22646 MiB, 0 %
2026/09/24 12:15:50.482, NVIDIA L4, 23034 MiB, 0 MiB, 22646 MiB, 0 %
2026/09/24 12:15:51.483, NVIDIA L4, 23034 MiB, 0 MiB, 22646 MiB, 0 %
2026/09/24 12:15:52.483, NVIDIA L4, 23034 MiB, 0 MiB, 22646 MiB, 0 %
2026/09/24 12:15:53.483, NVIDIA L4, 23034 MiB, 0 MiB, 22646 MiB, 0 %
2026/09/24 12:15:54.483, NVIDIA L4, 23034 MiB, 0 MiB, 22646 MiB, 0 %
2026/09/24 12:15:55.484, NVIDIA L4, 23034 MiB, 0 MiB, 22646 MiB, 0 %
2026/09/24 12:15:56.484, NVIDIA L4, 23034 MiB, 0 MiB, 22646 MiB, 0 %
2026/09/24 12:15:57.484, NVIDIA L4, 23034 MiB, 0 MiB, 22646 MiB, 0 %
2026/09/24 12:15:58.485, NVIDIA L4, 23034 MiB, 0 MiB, 22646 MiB, 0 %
2026/09/24 12:15:59.485, NVIDIA L4, 23034 MiB, 0 MiB, 22646 MiB, 0 %
2026/09/24 12:16:00.485, NVIDIA L4, 23034 MiB, 0 MiB, 22646 MiB, 0 %
2026/09/24 12:16:01.485, NVIDIA L4, 23034 MiB, 0 MiB, 22646 MiB, 0 %
2026/09/24 12:16:02.486, NVIDIA L4, 23034 MiB, 0 MiB, 22646 MiB, 0 %
2026/09/24 12:16:03.486, NVIDIA L4, 23034 MiB, 0 MiB, 22646 MiB, 0 %
2026/09/24 12:16:04.486, NVIDIA L4, 23034 MiB, 0 MiB, 22646 MiB, 0 %
2026/09/24 12:16:05.487, NVIDIA L4, 23034 MiB, 0 MiB, 22646 MiB, 0 %
2026/09/24 12:16:06.487, NVIDIA L4, 23034 MiB, 0 MiB, 22646 MiB, 0 %
2026/09/24 12:16:07.487, NVIDIA L4, 23034 MiB, 0 MiB, 22646 MiB, 0 %
2026/09/24 12:16:08.488, NVIDIA L4, 23034 MiB, 0 MiB, 22646 MiB, 0 %
2026/09/24 12:16:09.488, NVIDIA L4, 23034 MiB, 0 MiB, 22646 MiB, 0 %
2026/09/24 12:16:10.488, NVIDIA L4, 23034 MiB, 0 MiB, 22646 MiB, 0 %
2026/09/24 12:16:11.488, NVIDIA L4, 23034 MiB, 0 MiB, 22646 MiB, 0 %
2026/09/24 12:16:12.489, NVIDIA L4, 23034 MiB, 0 MiB, 22646 MiB, 0 %
2026/09/24 12:16:13.489, NVIDIA L4, 23034 MiB, 0 MiB, 22646 MiB, 0 %
2026/09/24 12:16:14.489, NVIDIA L4, 23034 MiB, 0 MiB, 22646 MiB, 0 %
2026/09/24 12:16:15.490, NVIDIA L4, 23034 MiB, 0 MiB, 22646 MiB, 0 %
2026/09/24 12:16:16.490, NVIDIA L4, 23034 MiB, 0 MiB, 22646 MiB, 0 %
2026/09/24 12:16:17.490, NVIDIA L4, 23034 MiB, 0 MiB, 22646 MiB, 0 %
2026/09/24 12:16:18.491, NVIDIA L4, 23034 MiB, 0 MiB, 22646 MiB, 0 %
2026/09/24 12:16:19.491, NVIDIA L4, 23034 MiB, 0 MiB, 22646 MiB, 0 %
2026/09/24 12:16:20.491, NVIDIA L4, 23034 MiB, 0 MiB, 22646 MiB, 0 %
2026/09/24 12:16:21.492, NVIDIA L4, 23034 MiB, 0 MiB, 22646 MiB, 0 %
2026/09/24 12:16:22.492, NVIDIA L4, 23034 MiB, 0 MiB, 22646 MiB, 0 %
2026/09/24 12:16:23.492, NVIDIA L4, 23034 MiB, 0 MiB, 22646 MiB, 0 %
2026/09/24 12:16:24.493, NVIDIA L4, 23034 MiB, 0 MiB, 22646 MiB, 0 %
2026/09/24 12:16:25.493, NVIDIA L4, 23034 MiB, 0 MiB, 22646 MiB, 0 %
2026/09/24 12:16:26.493, NVIDIA L4, 23034 MiB, 0 MiB, 22646 MiB, 0 %
2026/09/24 12:16:27.494, NVIDIA L4, 23034 MiB, 0 MiB, 22646 MiB, 0 %
2026/09/24 12:16:28.494, NVIDIA L4, 23034 MiB, 0 MiB, 22646 MiB, 0 %
2026/09/24 12:16:29.494, NVIDIA L4, 23034 MiB, 0 MiB, 22646 MiB, 0 %
2026/09/24 12:16:30.495, NVIDIA L4, 23034 MiB, 0 MiB, 22646 MiB, 0 %
2026/09/24 12:16:31.495, NVIDIA L4, 23034 MiB, 0 MiB, 22646 MiB, 0 %
2026/09/24 12:16:32.495, NVIDIA L4, 23034 MiB, 0 MiB, 22646 MiB, 0 %
2026/09/24 12:16:33.496, NVIDIA L4, 23034 MiB, 0 MiB, 22646 MiB, 0 %
2026/09/24 12:16:34.496, NVIDIA L4, 23034 MiB, 0 MiB, 22646 MiB, 0 %
2026/09/24 12:16:35.496, NVIDIA L4, 23034 MiB, 0 MiB, 22646 MiB, 0 %
2026/09/24 12:16:36.497, NVIDIA L4, 23034 MiB, 0 MiB, 22646 MiB, 0 %
2026/09/24 12:16:37.497, NVIDIA L4, 23034 MiB, 0 MiB, 22646 MiB, 0 %
2026/09/24 12:16:38.497, NVIDIA L4, 23034 MiB, 0 MiB, 22646 MiB, 0 %
2026/09/24 12:16:39.498, NVIDIA L4, 23034 MiB, 0 MiB, 22646 MiB, 0 %
2026/09/24 12:16:40.498, NVIDIA L4, 23034 MiB, 0 MiB, 22646 MiB, 0 %
2026/09/24 12:16:41.498, NVIDIA L4, 23034 MiB, 0 MiB, 22646 MiB, 0 %
2026/09/24 12:16:42.498, NVIDIA L4, 23034 MiB, 0 MiB, 22646 MiB, 0 %
2026/09/24 12:16:43.500, NVIDIA L4, 23034 MiB, 0 MiB, 22646 MiB, 0 %
2026/09/24 12:16:44.500, NVIDIA L4, 23034 MiB, 0 MiB, 22646 MiB, 0 %
2026/09/24 12:16:45.500, NVIDIA L4, 23034 MiB, 0 MiB, 22646 MiB, 0 %
2026/09/24 12:16:46.501, NVIDIA L4, 23034 MiB, 0 MiB, 22646 MiB, 0 %
2026/09/24 12:16:47.501, NVIDIA L4, 23034 MiB, 0 MiB, 22646 MiB, 0 %
2026/09/24 12:16:48.501, NVIDIA L4, 23034 MiB, 0 MiB, 22646 MiB, 0 %
2026/09/24 12:16:49.502, NVIDIA L4, 23034 MiB, 0 MiB, 22646 MiB, 0 %
2026/09/24 12:16:50.502, NVIDIA L4, 23034 MiB, 0 MiB, 22646 MiB, 0 %
2026/09/24 12:16:51.502, NVIDIA L4, 23034 MiB, 0 MiB, 22646 MiB, 0 %
2026/09/24 12:16:52.502, NVIDIA L4, 23034 MiB, 0 MiB, 22646 MiB, 0 %
2026/09/24 12:16:53.503, NVIDIA L4, 23034 MiB, 0 MiB, 22646 MiB, 0 %
2026/09/24 12:16:54.503, NVIDIA L4, 23034 MiB, 0 MiB, 22646 MiB, 0 %
2026/09/24 12:16:55.503, NVIDIA L4, 23034 MiB, 0 MiB, 22646 MiB, 0 %
2026/09/24 12:16:56.504, NVIDIA L4, 23034 MiB, 0 MiB, 22646 MiB, 0 %
2026/09/24 12:16:57.504, NVIDIA L4, 23034 MiB, 0 MiB, 22646 MiB, 0 %
2026/09/24 12:16:58.504, NVIDIA L4, 23034 MiB, 0 MiB, 22646 MiB, 0 %
2026/09/24 12:16:59.505, NVIDIA L4, 23034 MiB, 0 MiB, 22646 MiB, 0 %
2026/09/24 12:17:00.505, NVIDIA L4, 23034 MiB, 0 MiB, 22646 MiB, 0 %
2026/09/24 12:17:01.505, NVIDIA L4, 23034 MiB, 0 MiB, 22646 MiB, 0 %
2026/09/24 12:17:02.506, NVIDIA L4, 23034 MiB, 0 MiB, 22646 MiB, 0 %
2026/09/24 12:17:03.506, NVIDIA L4, 23034 MiB, 0 MiB, 22646 MiB, 0 %
2026/09/24 12:17:04.506, NVIDIA L4, 23034 MiB, 0 MiB, 22646 MiB, 0 %
2026/09/24 12:17:05.507, NVIDIA L4, 23034 MiB, 0 MiB, 22646 MiB, 0 %
2026/09/24 12:17:06.507, NVIDIA L4, 23034 MiB, 0 MiB, 22646 MiB, 0 %
2026/09/24 12:17:07.507, NVIDIA L4, 23034 MiB, 0 MiB, 22646 MiB, 0 %
2026/09/24 12:17:08.508, NVIDIA L4, 23034 MiB, 0 MiB, 22646 MiB, 0 %
2026/09/24 12:17:09.508, NVIDIA L4, 23034 MiB, 0 MiB, 22646 MiB, 0 %
2026/09/24 12:17:10.508, NVIDIA L4, 23034 MiB, 0 MiB, 22646 MiB, 0 %
2026/09/24 12:17:11.509, NVIDIA L4, 23034 MiB, 0 MiB, 22646 MiB, 0 %
2026/09/24 12:17:12.509, NVIDIA L4, 23034 MiB, 0 MiB, 22646 MiB, 0 %
2026/09/24 12:17:13.509, NVIDIA L4, 23034 MiB, 0 MiB, 22646 MiB, 0 %
2026/09/24 12:17:14.510, NVIDIA L4, 23034 MiB, 0 MiB, 22646 MiB, 0 %
2026/09/24 12:17:15.510, NVIDIA L4, 23034 MiB, 0 MiB, 22646 MiB, 0 %
2026/09/24 12:17:16.510, NVIDIA L4, 23034 MiB, 0 MiB, 22646 MiB, 0 %
2026/09/24 12:17:17.511, NVIDIA L4, 23034 MiB, 0 MiB, 22646 MiB, 0 %
2026/09/24 12:17:18.511, NVIDIA L4, 23034 MiB, 0 MiB, 22646 MiB, 0 %
2026/09/24 12:17:19.511, NVIDIA L4, 23034 MiB, 0 MiB, 22646 MiB, 0 %
2026/09/24 12:17:20.512, NVIDIA L4, 23034 MiB, 0 MiB, 22646 MiB, 0 %
2026/09/24 12:17:21.512, NVIDIA L4, 23034 MiB, 0 MiB, 22646 MiB, 0 %
2026/09/24 12:17:22.512, NVIDIA L4, 23034 MiB, 0 MiB, 22646 MiB, 0 %
2026/09/24 12:17:23.513, NVIDIA L4, 23034 MiB, 0 MiB, 22646 MiB, 0 %
2026/09/24 12:17:24.513, NVIDIA L4, 23034 MiB, 0 MiB, 22646 MiB, 0 %
2026/09/24 12:17:25.513, NVIDIA L4, 23034 MiB, 0 MiB, 22646 MiB, 0 %
2026/09/24 12:17:26.514, NVIDIA L4, 23034 MiB, 0 MiB, 22646 MiB, 0 %
2026/09/24 12:17:27.514, NVIDIA L4, 23034 MiB, 0 MiB, 22646 MiB, 0 %
2026/09/24 12:17:28.514, NVIDIA L4, 23034 MiB, 0 MiB, 22646 MiB, 0 %
2026/09/24 12:17:29.516, NVIDIA L4, 23034 MiB, 0 MiB, 22646 MiB, 0 %
2026/09/24 12:17:30.516, NVIDIA L4, 23034 MiB, 0 MiB, 22646 MiB, 0 %
2026/09/24 12:17:31.516, NVIDIA L4, 23034 MiB, 0 MiB, 22646 MiB, 0 %
2026/09/24 12:17:32.517, NVIDIA L4, 23034 MiB, 0 MiB, 22646 MiB, 0 %
2026/09/24 12:17:33.517, NVIDIA L4, 23034 MiB, 0 MiB, 22646 MiB, 0 %
2026/09/24 12:17:34.517, NVIDIA L4, 23034 MiB, 0 MiB, 22646 MiB, 0 %
2026/09/24 12:17:35.518, NVIDIA L4, 23034 MiB, 0 MiB, 22646 MiB, 0 %
2026/09/24 12:17:36.518, NVIDIA L4, 23034 MiB, 0 MiB, 22646 MiB, 0 %
2026/09/24 12:17:37.518, NVIDIA L4, 23034 MiB, 0 MiB, 22646 MiB, 0 %
2026/09/24 12:17:38.519, NVIDIA L4, 23034 MiB, 0 MiB, 22646 MiB, 0 %
2026/09/24 12:17:39.519, NVIDIA L4, 23034 MiB, 0 MiB, 22646 MiB, 0 %
2026/09/24 12:17:40.519, NVIDIA L4, 23034 MiB, 0 MiB, 22646 MiB, 0 %
2026/09/24 12:17:41.520, NVIDIA L4, 23034 MiB, 0 MiB, 22646 MiB, 0 %
2026/09/24 12:17:42.520, NVIDIA L4, 23034 MiB, 0 MiB, 22646 MiB, 0 %
2026/09/24 12:17:43.520, NVIDIA L4, 23034 MiB, 0 MiB, 22646 MiB, 0 %
2026/09/24 12:17:44.521, NVIDIA L4, 23034 MiB, 0 MiB, 22646 MiB, 0 %
2026/09/24 12:17:45.521, NVIDIA L4, 23034 MiB, 0 MiB, 22646 MiB, 0 %
2026/09/24 12:17:46.521, NVIDIA L4, 23034 MiB, 0 MiB, 22646 MiB, 0 %
2026/09/24 12:17:47.522, NVIDIA L4, 23034 MiB, 0 MiB, 22646 MiB, 0 %
2026/09/24 12:17:48.522, NVIDIA L4, 23034 MiB, 0 MiB, 22646 MiB, 0 %
2026/09/24 12:17:49.522, NVIDIA L4, 23034 MiB, 0 MiB, 22646 MiB, 0 %
2026/09/24 12:17:50.523, NVIDIA L4, 23034 MiB, 0 MiB, 22646 MiB, 0 %
2026/09/24 12:17:51.523, NVIDIA L4, 23034 MiB, 0 MiB, 22646 MiB, 0 %
2026/09/24 12:17:52.523, NVIDIA L4, 23034 MiB, 0 MiB, 22646 MiB, 0 %
2026/09/24 12:17:53.524, NVIDIA L4, 23034 MiB, 0 MiB, 22646 MiB, 0 %
2026/09/24 12:17:54.524, NVIDIA L4, 23034 MiB, 0 MiB, 22646 MiB, 0 %
2026/09/24 12:17:55.524, NVIDIA L4, 23034 MiB, 0 MiB, 22646 MiB, 0 %
2026/09/24 12:17:56.525, NVIDIA L4, 23034 MiB, 0 MiB, 22646 MiB, 0 %
2026/09/24 12:17:57.525, NVIDIA L4, 23034 MiB, 0 MiB, 22646 MiB, 0 %
2026/09/24 12:17:58.525, NVIDIA L4, 23034 MiB, 0 MiB, 22646 MiB, 0 %
2026/09/24 12:17:59.526, NVIDIA L4, 23034 MiB, 0 MiB, 22646 MiB, 0 %
2026/09/24 12:18:00.526, NVIDIA L4, 23034 MiB, 0 MiB, 22646 MiB, 0 %
2026/09/24 12:18:01.526, NVIDIA L4, 23034 MiB, 0 MiB, 22646 MiB, 0 %
2026/09/24 12:18:02.527, NVIDIA L4, 23034 MiB, 0 MiB, 22646 MiB, 0 %
2026/09/24 12:18:03.527, NVIDIA L4, 23034 MiB, 0 MiB, 22646 MiB, 0 %
2026/09/24 12:18:04.527, NVIDIA L4, 23034 MiB, 0 MiB, 22646 MiB, 0 %
2026/09/24 12:18:05.528, NVIDIA L4, 23034 MiB, 0 MiB, 22646 MiB, 0 %
2026/09/24 12:18:06.528, NVIDIA L4, 23034 MiB, 0 MiB, 22646 MiB, 0 %
2026/09/24 12:18:07.528, NVIDIA L4, 23034 MiB, 0 MiB, 22646 MiB, 0 %
2026/09/24 12:18:08.529, NVIDIA L4, 23034 MiB, 0 MiB, 22646 MiB, 0 %
2026/09/24 12:18:09.529, NVIDIA L4, 23034 MiB, 3 MiB, 22643 MiB, 0 %
2026/09/24 12:18:10.529, NVIDIA L4, 23034 MiB, 3 MiB, 22643 MiB, 0 %
2026/09/24 12:18:11.530, NVIDIA L4, 23034 MiB, 3 MiB, 22643 MiB, 0 %
2026/09/24 12:18:12.530, NVIDIA L4, 23034 MiB, 3 MiB, 22643 MiB, 0 %
2026/09/24 12:18:13.530, NVIDIA L4, 23034 MiB, 3 MiB, 22643 MiB, 0 %
2026/09/24 12:18:14.530, NVIDIA L4, 23034 MiB, 1 MiB, 22646 MiB, 0 %
2026/09/24 12:18:15.575, NVIDIA L4, 23034 MiB, 0 MiB, 22646 MiB, 0 %
2026/09/24 12:18:16.575, NVIDIA L4, 23034 MiB, 3 MiB, 22643 MiB, 0 %
2026/09/24 12:18:17.575, NVIDIA L4, 23034 MiB, 0 MiB, 22646 MiB, 0 %
2026/09/24 12:18:18.576, NVIDIA L4, 23034 MiB, 0 MiB, 22646 MiB, 0 %
2026/09/24 12:18:19.576, NVIDIA L4, 23034 MiB, 0 MiB, 22646 MiB, 0 %
2026/09/24 12:18:20.576, NVIDIA L4, 23034 MiB, 0 MiB, 22646 MiB, 0 %
2026/09/24 12:18:21.577, NVIDIA L4, 23034 MiB, 0 MiB, 22646 MiB, 0 %
2026/09/24 12:18:22.577, NVIDIA L4, 23034 MiB, 0 MiB, 22646 MiB, 0 %
2026/09/24 12:18:23.577, NVIDIA L4, 23034 MiB, 0 MiB, 22646 MiB, 0 %
2026/09/24 12:18:24.578, NVIDIA L4, 23034 MiB, 0 MiB, 22646 MiB, 0 %
2026/09/24 12:18:25.578, NVIDIA L4, 23034 MiB, 0 MiB, 22646 MiB, 0 %
2026/09/24 12:18:26.578, NVIDIA L4, 23034 MiB, 0 MiB, 22646 MiB, 0 %
2026/09/24 12:18:27.579, NVIDIA L4, 23034 MiB, 0 MiB, 22646 MiB, 0 %
2026/09/24 12:18:28.579, NVIDIA L4, 23034 MiB, 0 MiB, 22646 MiB, 0 %
2026/09/24 12:18:29.579, NVIDIA L4, 23034 MiB, 0 MiB, 22646 MiB, 0 %
2026/09/24 12:18:30.580, NVIDIA L4, 23034 MiB, 0 MiB, 22646 MiB, 0 %
2026/09/24 12:18:31.580, NVIDIA L4, 23034 MiB, 0 MiB, 22646 MiB, 0 %
2026/09/24 12:18:32.580, NVIDIA L4, 23034 MiB, 0 MiB, 22646 MiB, 0 %
2026/09/24 12:18:33.580, NVIDIA L4, 23034 MiB, 0 MiB, 22646 MiB, 0 %
2026/09/24 12:18:34.581, NVIDIA L4, 23034 MiB, 0 MiB, 22646 MiB, 0 %
2026/09/24 12:18:35.581, NVIDIA L4, 23034 MiB, 0 MiB, 22646 MiB, 0 %
2026/09/24 12:18:36.581, NVIDIA L4, 23034 MiB, 0 MiB, 22646 MiB, 0 %
2026/09/24 12:18:37.582, NVIDIA L4, 23034 MiB, 0 MiB, 22646 MiB, 0 %
2026/09/24 12:18:38.582, NVIDIA L4, 23034 MiB, 0 MiB, 22646 MiB, 0 %
2026/09/24 12:18:39.582, NVIDIA L4, 23034 MiB, 0 MiB, 22646 MiB, 0 %
2026/09/24 12:18:40.583, NVIDIA L4, 23034 MiB, 0 MiB, 22646 MiB, 0 %
2026/09/24 12:18:41.583, NVIDIA L4, 23034 MiB, 0 MiB, 22646 MiB, 0 %
2026/09/24 12:18:42.583, NVIDIA L4, 23034 MiB, 0 MiB, 22646 MiB, 0 %
2026/09/24 12:18:43.583, NVIDIA L4, 23034 MiB, 0 MiB, 22646 MiB, 0 %
2026/09/24 12:18:44.584, NVIDIA L4, 23034 MiB, 0 MiB, 22646 MiB, 0 %
2026/09/24 12:18:45.584, NVIDIA L4, 23034 MiB, 0 MiB, 22646 MiB, 0 %
2026/09/24 12:18:46.584, NVIDIA L4, 23034 MiB, 0 MiB, 22646 MiB, 0 %
2026/09/24 12:18:47.585, NVIDIA L4, 23034 MiB, 0 MiB, 22646 MiB, 0 %
2026/09/24 12:18:48.585, NVIDIA L4, 23034 MiB, 0 MiB, 22646 MiB, 0 %
2026/09/24 12:18:49.585, NVIDIA L4, 23034 MiB, 0 MiB, 22646 MiB, 0 %
2026/09/24 12:18:50.586, NVIDIA L4, 23034 MiB, 0 MiB, 22646 MiB, 0 %
2026/09/24 12:18:51.586, NVIDIA L4, 23034 MiB, 0 MiB, 22646 MiB, 0 %
2026/09/24 12:18:52.586, NVIDIA L4, 23034 MiB, 0 MiB, 22646 MiB, 0 %
2026/09/24 12:18:53.587, NVIDIA L4, 23034 MiB, 0 MiB, 22646 MiB, 0 %
2026/09/24 12:18:54.587, NVIDIA L4, 23034 MiB, 0 MiB, 22646 MiB, 0 %
2026/09/24 12:18:55.587, NVIDIA L4, 23034 MiB, 0 MiB, 22646 MiB, 0 %
2026/09/24 12:18:56.588, NVIDIA L4, 23034 MiB, 0 MiB, 22646 MiB, 0 %
2026/09/24 12:18:57.588, NVIDIA L4, 23034 MiB, 0 MiB, 22646 MiB, 0 %
2026/09/24 12:18:58.588, NVIDIA L4, 23034 MiB, 0 MiB, 22646 MiB, 0 %
2026/09/24 12:18:59.588, NVIDIA L4, 23034 MiB, 0 MiB, 22646 MiB, 0 %
2026/09/24 12:19:00.589, NVIDIA L4, 23034 MiB, 0 MiB, 22646 MiB, 0 %
2026/09/24 12:19:01.589, NVIDIA L4, 23034 MiB, 0 MiB, 22646 MiB, 0 %
2026/09/24 12:19:02.589, NVIDIA L4, 23034 MiB, 0 MiB, 22646 MiB, 0 %
2026/09/24 12:19:03.590, NVIDIA L4, 23034 MiB, 0 MiB, 22646 MiB, 0 %
2026/09/24 12:19:04.590, NVIDIA L4, 23034 MiB, 0 MiB, 22646 MiB, 0 %
2026/09/24 12:19:05.590, NVIDIA L4, 23034 MiB, 0 MiB, 22646 MiB, 0 %
2026/09/24 12:19:06.591, NVIDIA L4, 23034 MiB, 0 MiB, 22646 MiB, 0 %
2026/09/24 12:19:07.591, NVIDIA L4, 23034 MiB, 0 MiB, 22646 MiB, 0 %
2026/09/24 12:19:08.592, NVIDIA L4, 23034 MiB, 0 MiB, 22646 MiB, 0 %
2026/09/24 12:19:09.592, NVIDIA L4, 23034 MiB, 0 MiB, 22646 MiB, 0 %
2026/09/24 12:19:10.592, NVIDIA L4, 23034 MiB, 0 MiB, 22646 MiB, 0 %
2026/09/24 12:19:11.593, NVIDIA L4, 23034 MiB, 0 MiB, 22646 MiB, 0 %
2026/09/24 12:19:12.593, NVIDIA L4, 23034 MiB, 0 MiB, 22646 MiB, 0 %
2026/09/24 12:19:13.593, NVIDIA L4, 23034 MiB, 0 MiB, 22646 MiB, 0 %
2026/09/24 12:19:14.594, NVIDIA L4, 23034 MiB, 0 MiB, 22646 MiB, 0 %
2026/09/24 12:19:15.594, NVIDIA L4, 23034 MiB, 0 MiB, 22646 MiB, 0 %
2026/09/24 12:19:16.594, NVIDIA L4, 23034 MiB, 0 MiB, 22646 MiB, 0 %
2026/09/24 12:19:17.594, NVIDIA L4, 23034 MiB, 0 MiB, 22646 MiB, 0 %
2026/09/24 12:19:18.595, NVIDIA L4, 23034 MiB, 0 MiB, 22646 MiB, 0 %
2026/09/24 12:19:19.595, NVIDIA L4, 23034 MiB, 0 MiB, 22646 MiB, 0 %
2026/09/24 12:19:20.595, NVIDIA L4, 23034 MiB, 0 MiB, 22646 MiB, 0 %
2026/09/24 12:19:21.596, NVIDIA L4, 23034 MiB, 0 MiB, 22646 MiB, 0 %
2026/09/24 12:19:22.596, NVIDIA L4, 23034 MiB, 0 MiB, 22646 MiB, 0 %
2026/09/24 12:19:23.596, NVIDIA L4, 23034 MiB, 0 MiB, 22646 MiB, 0 %
2026/09/24 12:19:24.597, NVIDIA L4, 23034 MiB, 0 MiB, 22646 MiB, 0 %
2026/09/24 12:19:25.597, NVIDIA L4, 23034 MiB, 0 MiB, 22646 MiB, 0 %
2026/09/24 12:19:26.597, NVIDIA L4, 23034 MiB, 0 MiB, 22646 MiB, 0 %
2026/09/24 12:19:27.598, NVIDIA L4, 23034 MiB, 0 MiB, 22646 MiB, 0 %
2026/09/24 12:19:28.598, NVIDIA L4, 23034 MiB, 0 MiB, 22646 MiB, 0 %
2026/09/24 12:19:29.598, NVIDIA L4, 23034 MiB, 0 MiB, 22646 MiB, 0 %
2026/09/24 12:19:30.599, NVIDIA L4, 23034 MiB, 0 MiB, 22646 MiB, 0 %
2026/09/24 12:19:31.599, NVIDIA L4, 23034 MiB, 0 MiB, 22646 MiB, 0 %
2026/09/24 12:19:32.599, NVIDIA L4, 23034 MiB, 0 MiB, 22646 MiB, 0 %
2026/09/24 12:19:33.600, NVIDIA L4, 23034 MiB, 0 MiB, 22646 MiB, 0 %
2026/09/24 12:19:34.600, NVIDIA L4, 23034 MiB, 0 MiB, 22646 MiB, 0 %
2026/09/24 12:19:35.600, NVIDIA L4, 23034 MiB, 0 MiB, 22646 MiB, 0 %
2026/09/24 12:19:36.601, NVIDIA L4, 23034 MiB, 0 MiB, 22646 MiB, 0 %
2026/09/24 12:19:37.601, NVIDIA L4, 23034 MiB, 0 MiB, 22646 MiB, 0 %
2026/09/24 12:19:38.601, NVIDIA L4, 23034 MiB, 0 MiB, 22646 MiB, 0 %
2026/09/24 12:19:39.602, NVIDIA L4, 23034 MiB, 0 MiB, 22646 MiB, 0 %
2026/09/24 12:19:40.602, NVIDIA L4, 23034 MiB, 0 MiB, 22646 MiB, 0 %
2026/09/24 12:19:41.602, NVIDIA L4, 23034 MiB, 0 MiB, 22646 MiB, 0 %
2026/09/24 12:19:42.603, NVIDIA L4, 23034 MiB, 0 MiB, 22646 MiB, 0 %
2026/09/24 12:19:43.603, NVIDIA L4, 23034 MiB, 0 MiB, 22646 MiB, 0 %
2026/09/24 12:19:44.603, NVIDIA L4, 23034 MiB, 0 MiB, 22646 MiB, 0 %
2026/09/24 12:19:45.604, NVIDIA L4, 23034 MiB, 0 MiB, 22646 MiB, 0 %
2026/09/24 12:19:46.604, NVIDIA L4, 23034 MiB, 0 MiB, 22646 MiB, 0 %
2026/09/24 12:19:47.604, NVIDIA L4, 23034 MiB, 0 MiB, 22646 MiB, 0 %
2026/09/24 12:19:48.605, NVIDIA L4, 23034 MiB, 0 MiB, 22646 MiB, 0 %
2026/09/24 12:19:49.605, NVIDIA L4, 23034 MiB, 0 MiB, 22646 MiB, 0 %
2026/09/24 12:19:50.605, NVIDIA L4, 23034 MiB, 0 MiB, 22646 MiB, 0 %
2026/09/24 12:19:51.606, NVIDIA L4, 23034 MiB, 0 MiB, 22646 MiB, 0 %
2026/09/24 12:19:52.606, NVIDIA L4, 23034 MiB, 0 MiB, 22646 MiB, 0 %
2026/09/24 12:19:53.606, NVIDIA L4, 23034 MiB, 0 MiB, 22646 MiB, 0 %
2026/09/24 12:19:54.607, NVIDIA L4, 23034 MiB, 0 MiB, 22646 MiB, 0 %
2026/09/24 12:19:55.607, NVIDIA L4, 23034 MiB, 0 MiB, 22646 MiB, 0 %
2026/09/24 12:19:56.607, NVIDIA L4, 23034 MiB, 0 MiB, 22646 MiB, 0 %
2026/09/24 12:19:57.608, NVIDIA L4, 23034 MiB, 0 MiB, 22646 MiB, 0 %
2026/09/24 12:19:58.608, NVIDIA L4, 23034 MiB, 0 MiB, 22646 MiB, 0 %
2026/09/24 12:19:59.608, NVIDIA L4, 23034 MiB, 0 MiB, 22646 MiB, 0 %
2026/09/24 12:20:00.609, NVIDIA L4, 23034 MiB, 0 MiB, 22646 MiB, 0 %
2026/09/24 12:20:01.609, NVIDIA L4, 23034 MiB, 0 MiB, 22646 MiB, 0 %
2026/09/24 12:20:02.609, NVIDIA L4, 23034 MiB, 0 MiB, 22646 MiB, 0 %
2026/09/24 12:20:03.610, NVIDIA L4, 23034 MiB, 0 MiB, 22646 MiB, 0 %
2026/09/24 12:20:04.610, NVIDIA L4, 23034 MiB, 0 MiB, 22646 MiB, 0 %
2026/09/24 12:20:05.610, NVIDIA L4, 23034 MiB, 0 MiB, 22646 MiB, 0 %
2026/09/24 12:20:06.611, NVIDIA L4, 23034 MiB, 0 MiB, 22646 MiB, 0 %
2026/09/24 12:20:07.611, NVIDIA L4, 23034 MiB, 0 MiB, 22646 MiB, 0 %
2026/09/24 12:20:08.611, NVIDIA L4, 23034 MiB, 0 MiB, 22646 MiB, 0 %
2026/09/24 12:20:09.611, NVIDIA L4, 23034 MiB, 0 MiB, 22646 MiB, 0 %
2026/09/24 12:20:10.612, NVIDIA L4, 23034 MiB, 0 MiB, 22646 MiB, 0 %
2026/09/24 12:20:11.612, NVIDIA L4, 23034 MiB, 0 MiB, 22646 MiB, 0 %
2026/09/24 12:20:12.613, NVIDIA L4, 23034 MiB, 0 MiB, 22646 MiB, 0 %
2026/09/24 12:20:13.613, NVIDIA L4, 23034 MiB, 0 MiB, 22646 MiB, 0 %
2026/09/24 12:20:14.613, NVIDIA L4, 23034 MiB, 0 MiB, 22646 MiB, 0 %
2026/09/24 12:20:15.613, NVIDIA L4, 23034 MiB, 0 MiB, 22646 MiB, 0 %
2026/09/24 12:20:16.614, NVIDIA L4, 23034 MiB, 0 MiB, 22646 MiB, 0 %
2026/09/24 12:20:17.614, NVIDIA L4, 23034 MiB, 0 MiB, 22646 MiB, 0 %
2026/09/24 12:20:18.614, NVIDIA L4, 23034 MiB, 0 MiB, 22646 MiB, 0 %
2026/09/24 12:20:19.615, NVIDIA L4, 23034 MiB, 0 MiB, 22646 MiB, 0 %
2026/09/24 12:20:20.615, NVIDIA L4, 23034 MiB, 0 MiB, 22646 MiB, 0 %
2026/09/24 12:20:21.615, NVIDIA L4, 23034 MiB, 0 MiB, 22646 MiB, 0 %
2026/09/24 12:20:22.616, NVIDIA L4, 23034 MiB, 0 MiB, 22646 MiB, 0 %
2026/09/24 12:20:23.616, NVIDIA L4, 23034 MiB, 0 MiB, 22646 MiB, 0 %
2026/09/24 12:20:24.616, NVIDIA L4, 23034 MiB, 0 MiB, 22646 MiB, 0 %
2026/09/24 12:20:25.617, NVIDIA L4, 23034 MiB, 0 MiB, 22646 MiB, 0 %
2026/09/24 12:20:26.617, NVIDIA L4, 23034 MiB, 0 MiB, 22646 MiB, 0 %
2026/09/24 12:20:27.617, NVIDIA L4, 23034 MiB, 0 MiB, 22646 MiB, 0 %
2026/09/24 12:20:28.618, NVIDIA L4, 23034 MiB, 0 MiB, 22646 MiB, 0 %
2026/09/24 12:20:29.618, NVIDIA L4, 23034 MiB, 0 MiB, 22646 MiB, 0 %
2026/09/24 12:20:30.618, NVIDIA L4, 23034 MiB, 0 MiB, 22646 MiB, 0 %
2026/09/24 12:20:31.619, NVIDIA L4, 23034 MiB, 0 MiB, 22646 MiB, 0 %
2026/09/24 12:20:32.619, NVIDIA L4, 23034 MiB, 0 MiB, 22646 MiB, 0 %
2026/09/24 12:20:33.619, NVIDIA L4, 23034 MiB, 0 MiB, 22646 MiB, 0 %
2026/09/24 12:20:34.620, NVIDIA L4, 23034 MiB, 0 MiB, 22646 MiB, 0 %
2026/09/24 12:20:35.620, NVIDIA L4, 23034 MiB, 0 MiB, 22646 MiB, 0 %
2026/09/24 12:20:36.620, NVIDIA L4, 23034 MiB, 0 MiB, 22646 MiB, 0 %
2026/09/24 12:20:37.621, NVIDIA L4, 23034 MiB, 0 MiB, 22646 MiB, 0 %
2026/09/24 12:20:38.621, NVIDIA L4, 23034 MiB, 0 MiB, 22646 MiB, 0 %
2026/09/24 12:20:39.621, NVIDIA L4, 23034 MiB, 0 MiB, 22646 MiB, 0 %
2026/09/24 12:20:40.622, NVIDIA L4, 23034 MiB, 0 MiB, 22646 MiB, 0 %
2026/09/24 12:20:41.622, NVIDIA L4, 23034 MiB, 0 MiB, 22646 MiB, 0 %
2026/09/24 12:20:42.622, NVIDIA L4, 23034 MiB, 0 MiB, 22646 MiB, 0 %
2026/09/24 12:20:43.623, NVIDIA L4, 23034 MiB, 0 MiB, 22646 MiB, 0 %
2026/09/24 12:20:44.623, NVIDIA L4, 23034 MiB, 0 MiB, 22646 MiB, 0 %
2026/09/24 12:20:45.623, NVIDIA L4, 23034 MiB, 0 MiB, 22646 MiB, 0 %
2026/09/24 12:20:46.624, NVIDIA L4, 23034 MiB, 0 MiB, 22646 MiB, 0 %
2026/09/24 12:20:47.624, NVIDIA L4, 23034 MiB, 0 MiB, 22646 MiB, 0 %
2026/09/24 12:20:48.624, NVIDIA L4, 23034 MiB, 0 MiB, 22646 MiB, 0 %
2026/09/24 12:20:49.625, NVIDIA L4, 23034 MiB, 0 MiB, 22646 MiB, 0 %
2026/09/24 12:20:50.625, NVIDIA L4, 23034 MiB, 0 MiB, 22646 MiB, 0 %
2026/09/24 12:20:51.625, NVIDIA L4, 23034 MiB, 0 MiB, 22646 MiB, 0 %
2026/09/24 12:20:52.626, NVIDIA L4, 23034 MiB, 0 MiB, 22646 MiB, 0 %
2026/09/24 12:20:53.626, NVIDIA L4, 23034 MiB, 0 MiB, 22646 MiB, 0 %
2026/09/24 12:20:54.626, NVIDIA L4, 23034 MiB, 0 MiB, 22646 MiB, 0 %
2026/09/24 12:20:55.627, NVIDIA L4, 23034 MiB, 0 MiB, 22646 MiB, 0 %
2026/09/24 12:20:56.627, NVIDIA L4, 23034 MiB, 0 MiB, 22646 MiB, 0 %
2026/09/24 12:20:57.627, NVIDIA L4, 23034 MiB, 0 MiB, 22646 MiB, 0 %
2026/09/24 12:20:58.628, NVIDIA L4, 23034 MiB, 0 MiB, 22646 MiB, 0 %
2026/09/24 12:20:59.628, NVIDIA L4, 23034 MiB, 0 MiB, 22646 MiB, 0 %
2026/09/24 12:21:00.628, NVIDIA L4, 23034 MiB, 0 MiB, 22646 MiB, 0 %
2026/09/24 12:21:01.629, NVIDIA L4, 23034 MiB, 0 MiB, 22646 MiB, 0 %
2026/09/24 12:21:02.629, NVIDIA L4, 23034 MiB, 0 MiB, 22646 MiB, 0 %
2026/09/24 12:21:03.629, NVIDIA L4, 23034 MiB, 0 MiB, 22646 MiB, 0 %
2026/09/24 12:21:04.630, NVIDIA L4, 23034 MiB, 0 MiB, 22646 MiB, 0 %
2026/09/24 12:21:05.630, NVIDIA L4, 23034 MiB, 0 MiB, 22646 MiB, 0 %
2026/09/24 12:21:06.630, NVIDIA L4, 23034 MiB, 0 MiB, 22646 MiB, 0 %
2026/09/24 12:21:07.630, NVIDIA L4, 23034 MiB, 0 MiB, 22646 MiB, 0 %
2026/09/24 12:21:08.631, NVIDIA L4, 23034 MiB, 0 MiB, 22646 MiB, 0 %
2026/09/24 12:21:09.631, NVIDIA L4, 23034 MiB, 0 MiB, 22646 MiB, 0 %
2026/09/24 12:21:10.631, NVIDIA L4, 23034 MiB, 0 MiB, 22646 MiB, 0 %
2026/09/24 12:21:11.632, NVIDIA L4, 23034 MiB, 0 MiB, 22646 MiB, 0 %
2026/09/24 12:21:12.632, NVIDIA L4, 23034 MiB, 0 MiB, 22646 MiB, 0 %
2026/09/24 12:21:13.632, NVIDIA L4, 23034 MiB, 0 MiB, 22646 MiB, 0 %
2026/09/24 12:21:14.633, NVIDIA L4, 23034 MiB, 0 MiB, 22646 MiB, 0 %
2026/09/24 12:21:15.633, NVIDIA L4, 23034 MiB, 0 MiB, 22646 MiB, 0 %
2026/09/24 12:21:16.633, NVIDIA L4, 23034 MiB, 0 MiB, 22646 MiB, 0 %
2026/09/24 12:21:17.634, NVIDIA L4, 23034 MiB, 0 MiB, 22646 MiB, 0 %
2026/09/24 12:21:18.634, NVIDIA L4, 23034 MiB, 0 MiB, 22646 MiB, 0 %
2026/09/24 12:21:19.634, NVIDIA L4, 23034 MiB, 0 MiB, 22646 MiB, 0 %
2026/09/24 12:21:20.635, NVIDIA L4, 23034 MiB, 0 MiB, 22646 MiB, 0 %
2026/09/24 12:21:21.635, NVIDIA L4, 23034 MiB, 0 MiB, 22646 MiB, 0 %
2026/09/24 12:21:22.635, NVIDIA L4, 23034 MiB, 0 MiB, 22646 MiB, 0 %
2026/09/24 12:21:23.635, NVIDIA L4, 23034 MiB, 0 MiB, 22646 MiB, 0 %
2026/09/24 12:21:24.636, NVIDIA L4, 23034 MiB, 0 MiB, 22646 MiB, 0 %
2026/09/24 12:21:25.636, NVIDIA L4, 23034 MiB, 0 MiB, 22646 MiB, 0 %
2026/09/24 12:21:26.638, NVIDIA L4, 23034 MiB, 0 MiB, 22646 MiB, 0 %
2026/09/24 12:21:27.638, NVIDIA L4, 23034 MiB, 0 MiB, 22646 MiB, 0 %
2026/09/24 12:21:28.638, NVIDIA L4, 23034 MiB, 0 MiB, 22646 MiB, 0 %
2026/09/24 12:21:29.639, NVIDIA L4, 23034 MiB, 0 MiB, 22646 MiB, 0 %
2026/09/24 12:21:30.639, NVIDIA L4, 23034 MiB, 0 MiB, 22646 MiB, 0 %
2026/09/24 12:21:31.639, NVIDIA L4, 23034 MiB, 0 MiB, 22646 MiB, 0 %
2026/09/24 12:21:32.640, NVIDIA L4, 23034 MiB, 0 MiB, 22646 MiB, 0 %
2026/09/24 12:21:33.640, NVIDIA L4, 23034 MiB, 0 MiB, 22646 MiB, 0 %
2026/09/24 12:21:34.640, NVIDIA L4, 23034 MiB, 0 MiB, 22646 MiB, 0 %
2026/09/24 12:21:35.640, NVIDIA L4, 23034 MiB, 0 MiB, 22646 MiB, 0 %
2026/09/24 12:21:36.641, NVIDIA L4, 23034 MiB, 0 MiB, 22646 MiB, 0 %
2026/09/24 12:21:37.641, NVIDIA L4, 23034 MiB, 0 MiB, 22646 MiB, 0 %
2026/09/24 12:21:38.641, NVIDIA L4, 23034 MiB, 0 MiB, 22646 MiB, 0 %
2026/09/24 12:21:39.642, NVIDIA L4, 23034 MiB, 0 MiB, 22646 MiB, 0 %
2026/09/24 12:21:40.642, NVIDIA L4, 23034 MiB, 0 MiB, 22646 MiB, 0 %
2026/09/24 12:21:41.642, NVIDIA L4, 23034 MiB, 0 MiB, 22646 MiB, 0 %
2026/09/24 12:21:42.643, NVIDIA L4, 23034 MiB, 0 MiB, 22646 MiB, 0 %
2026/09/24 12:21:43.643, NVIDIA L4, 23034 MiB, 0 MiB, 22646 MiB, 0 %
2026/09/24 12:21:44.643, NVIDIA L4, 23034 MiB, 0 MiB, 22646 MiB, 0 %
2026/09/24 12:21:45.643, NVIDIA L4, 23034 MiB, 0 MiB, 22646 MiB, 0 %
2026/09/24 12:21:46.644, NVIDIA L4, 23034 MiB, 0 MiB, 22646 MiB, 0 %
2026/09/24 12:21:47.644, NVIDIA L4, 23034 MiB, 0 MiB, 22646 MiB, 0 %
2026/09/24 12:21:48.644, NVIDIA L4, 23034 MiB, 0 MiB, 22646 MiB, 0 %
2026/09/24 12:21:49.645, NVIDIA L4, 23034 MiB, 0 MiB, 22646 MiB, 0 %
2026/09/24 12:21:50.645, NVIDIA L4, 23034 MiB, 0 MiB, 22646 MiB, 0 %
2026/09/24 12:21:51.645, NVIDIA L4, 23034 MiB, 0 MiB, 22646 MiB, 0 %
2026/09/24 12:21:52.646, NVIDIA L4, 23034 MiB, 0 MiB, 22646 MiB, 0 %
2026/09/24 12:21:53.646, NVIDIA L4, 23034 MiB, 0 MiB, 22646 MiB, 0 %
2026/09/24 12:21:54.646, NVIDIA L4, 23034 MiB, 0 MiB, 22646 MiB, 0 %
2026/09/24 12:21:55.647, NVIDIA L4, 23034 MiB, 0 MiB, 22646 MiB, 0 %
2026/09/24 12:21:56.647, NVIDIA L4, 23034 MiB, 0 MiB, 22646 MiB, 0 %
2026/09/24 12:21:57.647, NVIDIA L4, 23034 MiB, 0 MiB, 22646 MiB, 0 %
2026/09/24 12:21:58.648, NVIDIA L4, 23034 MiB, 0 MiB, 22646 MiB, 0 %
2026/09/24 12:21:59.648, NVIDIA L4, 23034 MiB, 0 MiB, 22646 MiB, 0 %
2026/09/24 12:22:00.648, NVIDIA L4, 23034 MiB, 0 MiB, 22646 MiB, 0 %
2026/09/24 12:22:01.649, NVIDIA L4, 23034 MiB, 0 MiB, 22646 MiB, 0 %
2026/09/24 12:22:02.649, NVIDIA L4, 23034 MiB, 0 MiB, 22646 MiB, 0 %
2026/09/24 12:22:03.649, NVIDIA L4, 23034 MiB, 0 MiB, 22646 MiB, 0 %
2026/09/24 12:22:04.650, NVIDIA L4, 23034 MiB, 0 MiB, 22646 MiB, 0 %
2026/09/24 12:22:05.650, NVIDIA L4, 23034 MiB, 0 MiB, 22646 MiB, 0 %
2026/09/24 12:22:06.650, NVIDIA L4, 23034 MiB, 0 MiB, 22646 MiB, 0 %
2026/09/24 12:22:07.650, NVIDIA L4, 23034 MiB, 0 MiB, 22646 MiB, 0 %
2026/09/24 12:22:08.651, NVIDIA L4, 23034 MiB, 0 MiB, 22646 MiB, 0 %
2026/09/24 12:22:09.651, NVIDIA L4, 23034 MiB, 0 MiB, 22646 MiB, 0 %
2026/09/24 12:22:10.651, NVIDIA L4, 23034 MiB, 0 MiB, 22646 MiB, 0 %
2026/09/24 12:22:11.652, NVIDIA L4, 23034 MiB, 0 MiB, 22646 MiB, 0 %
2026/09/24 12:22:12.652, NVIDIA L4, 23034 MiB, 0 MiB, 22646 MiB, 0 %
2026/09/24 12:22:13.652, NVIDIA L4, 23034 MiB, 0 MiB, 22646 MiB, 0 %
2026/09/24 12:22:14.653, NVIDIA L4, 23034 MiB, 0 MiB, 22646 MiB, 0 %
2026/09/24 12:22:15.653, NVIDIA L4, 23034 MiB, 0 MiB, 22646 MiB, 0 %
2026/09/24 12:22:16.653, NVIDIA L4, 23034 MiB, 0 MiB, 22646 MiB, 0 %
2026/09/24 12:22:17.654, NVIDIA L4, 23034 MiB, 0 MiB, 22646 MiB, 0 %
2026/09/24 12:22:18.654, NVIDIA L4, 23034 MiB, 0 MiB, 22646 MiB, 0 %
2026/09/24 12:22:19.654, NVIDIA L4, 23034 MiB, 0 MiB, 22646 MiB, 0 %
2026/09/24 12:22:20.655, NVIDIA L4, 23034 MiB, 0 MiB, 22646 MiB, 0 %
2026/09/24 12:22:21.655, NVIDIA L4, 23034 MiB, 0 MiB, 22646 MiB, 0 %
2026/09/24 12:22:22.655, NVIDIA L4, 23034 MiB, 0 MiB, 22646 MiB, 0 %
2026/09/24 12:22:23.656, NVIDIA L4, 23034 MiB, 0 MiB, 22646 MiB, 0 %
2026/09/24 12:22:24.656, NVIDIA L4, 23034 MiB, 0 MiB, 22646 MiB, 0 %
2026/09/24 12:22:25.656, NVIDIA L4, 23034 MiB, 0 MiB, 22646 MiB, 0 %
2026/09/24 12:22:26.657, NVIDIA L4, 23034 MiB, 0 MiB, 22646 MiB, 0 %
2026/09/24 12:22:27.657, NVIDIA L4, 23034 MiB, 0 MiB, 22646 MiB, 0 %
2026/09/24 12:22:28.657, NVIDIA L4, 23034 MiB, 0 MiB, 22646 MiB, 0 %
2026/09/24 12:22:29.658, NVIDIA L4, 23034 MiB, 0 MiB, 22646 MiB, 0 %
2026/09/24 12:22:30.658, NVIDIA L4, 23034 MiB, 0 MiB, 22646 MiB, 0 %
2026/09/24 12:22:31.658, NVIDIA L4, 23034 MiB, 0 MiB, 22646 MiB, 0 %
2026/09/24 12:22:32.659, NVIDIA L4, 23034 MiB, 0 MiB, 22646 MiB, 0 %
2026/09/24 12:22:33.659, NVIDIA L4, 23034 MiB, 0 MiB, 22646 MiB, 0 %
2026/09/24 12:22:34.659, NVIDIA L4, 23034 MiB, 0 MiB, 22646 MiB, 0 %
2026/09/24 12:22:35.659, NVIDIA L4, 23034 MiB, 0 MiB, 22646 MiB, 0 %
2026/09/24 12:22:36.660, NVIDIA L4, 23034 MiB, 0 MiB, 22646 MiB, 0 %
2026/09/24 12:22:37.660, NVIDIA L4, 23034 MiB, 0 MiB, 22646 MiB, 0 %
2026/09/24 12:22:38.660, NVIDIA L4, 23034 MiB, 0 MiB, 22646 MiB, 0 %
2026/09/24 12:22:39.661, NVIDIA L4, 23034 MiB, 0 MiB, 22646 MiB, 0 %
2026/09/24 12:22:40.661, NVIDIA L4, 23034 MiB, 0 MiB, 22646 MiB, 0 %
2026/09/24 12:22:41.661, NVIDIA L4, 23034 MiB, 0 MiB, 22646 MiB, 0 %
2026/09/24 12:22:42.662, NVIDIA L4, 23034 MiB, 0 MiB, 22646 MiB, 0 %
2026/09/24 12:22:43.662, NVIDIA L4, 23034 MiB, 0 MiB, 22646 MiB, 0 %
2026/09/24 12:22:44.662, NVIDIA L4, 23034 MiB, 0 MiB, 22646 MiB, 0 %
2026/09/24 12:22:45.662, NVIDIA L4, 23034 MiB, 0 MiB, 22646 MiB, 0 %
2026/09/24 12:22:46.663, NVIDIA L4, 23034 MiB, 0 MiB, 22646 MiB, 0 %
2026/09/24 12:22:47.663, NVIDIA L4, 23034 MiB, 0 MiB, 22646 MiB, 0 %
2026/09/24 12:22:48.663, NVIDIA L4, 23034 MiB, 0 MiB, 22646 MiB, 0 %
2026/09/24 12:22:49.664, NVIDIA L4, 23034 MiB, 0 MiB, 22646 MiB, 0 %
2026/09/24 12:22:50.664, NVIDIA L4, 23034 MiB, 0 MiB, 22646 MiB, 0 %
2026/09/24 12:22:51.664, NVIDIA L4, 23034 MiB, 0 MiB, 22646 MiB, 0 %
2026/09/24 12:22:52.665, NVIDIA L4, 23034 MiB, 0 MiB, 22646 MiB, 0 %
2026/09/24 12:22:53.665, NVIDIA L4, 23034 MiB, 0 MiB, 22646 MiB, 0 %
2026/09/24 12:22:54.665, NVIDIA L4, 23034 MiB, 0 MiB, 22646 MiB, 0 %
2026/09/24 12:22:55.665, NVIDIA L4, 23034 MiB, 0 MiB, 22646 MiB, 0 %
2026/09/24 12:22:56.666, NVIDIA L4, 23034 MiB, 0 MiB, 22646 MiB, 0 %
2026/09/24 12:22:57.666, NVIDIA L4, 23034 MiB, 0 MiB, 22646 MiB, 0 %
2026/09/24 12:22:58.666, NVIDIA L4, 23034 MiB, 0 MiB, 22646 MiB, 0 %
2026/09/24 12:22:59.667, NVIDIA L4, 23034 MiB, 0 MiB, 22646 MiB, 0 %
2026/09/24 12:23:00.667, NVIDIA L4, 23034 MiB, 0 MiB, 22646 MiB, 0 %
2026/09/24 12:23:01.667, NVIDIA L4, 23034 MiB, 0 MiB, 22646 MiB, 0 %
2026/09/24 12:23:02.668, NVIDIA L4, 23034 MiB, 0 MiB, 22646 MiB, 0 %
2026/09/24 12:23:03.668, NVIDIA L4, 23034 MiB, 0 MiB, 22646 MiB, 0 %
2026/09/24 12:23:04.668, NVIDIA L4, 23034 MiB, 0 MiB, 22646 MiB, 0 %
2026/09/24 12:23:05.669, NVIDIA L4, 23034 MiB, 0 MiB, 22646 MiB, 0 %
2026/09/24 12:23:06.669, NVIDIA L4, 23034 MiB, 0 MiB, 22646 MiB, 0 %
2026/09/24 12:23:07.669, NVIDIA L4, 23034 MiB, 0 MiB, 22646 MiB, 0 %
2026/09/24 12:23:08.669, NVIDIA L4, 23034 MiB, 0 MiB, 22646 MiB, 0 %
2026/09/24 12:23:09.670, NVIDIA L4, 23034 MiB, 0 MiB, 22646 MiB, 0 %
2026/09/24 12:23:10.670, NVIDIA L4, 23034 MiB, 0 MiB, 22646 MiB, 0 %
2026/09/24 12:23:11.670, NVIDIA L4, 23034 MiB, 0 MiB, 22646 MiB, 0 %
2026/09/24 12:23:12.671, NVIDIA L4, 23034 MiB, 0 MiB, 22646 MiB, 0 %
2026/09/24 12:23:13.671, NVIDIA L4, 23034 MiB, 0 MiB, 22646 MiB, 0 %
2026/09/24 12:23:14.671, NVIDIA L4, 23034 MiB, 0 MiB, 22646 MiB, 0 %
2026/09/24 12:23:15.671, NVIDIA L4, 23034 MiB, 0 MiB, 22646 MiB, 0 %
2026/09/24 12:23:16.672, NVIDIA L4, 23034 MiB, 0 MiB, 22646 MiB, 0 %
2026/09/24 12:23:17.672, NVIDIA L4, 23034 MiB, 0 MiB, 22646 MiB, 0 %
2026/09/24 12:23:18.672, NVIDIA L4, 23034 MiB, 0 MiB, 22646 MiB, 0 %
2026/09/24 12:23:19.673, NVIDIA L4, 23034 MiB, 0 MiB, 22646 MiB, 0 %
2026/09/24 12:23:20.673, NVIDIA L4, 23034 MiB, 0 MiB, 22646 MiB, 0 %
2026/09/24 12:23:21.673, NVIDIA L4, 23034 MiB, 0 MiB, 22646 MiB, 0 %
2026/09/24 12:23:22.673, NVIDIA L4, 23034 MiB, 0 MiB, 22646 MiB, 0 %
2026/09/24 12:23:23.674, NVIDIA L4, 23034 MiB, 0 MiB, 22646 MiB, 0 %
2026/09/24 12:23:24.674, NVIDIA L4, 23034 MiB, 0 MiB, 22646 MiB, 0 %
2026/09/24 12:23:25.674, NVIDIA L4, 23034 MiB, 0 MiB, 22646 MiB, 0 %
2026/09/24 12:23:26.675, NVIDIA L4, 23034 MiB, 0 MiB, 22646 MiB, 0 %
2026/09/24 12:23:27.675, NVIDIA L4, 23034 MiB, 0 MiB, 22646 MiB, 0 %
2026/09/24 12:23:28.675, NVIDIA L4, 23034 MiB, 0 MiB, 22646 MiB, 0 %
2026/09/24 12:23:29.676, NVIDIA L4, 23034 MiB, 0 MiB, 22646 MiB, 0 %
2026/09/24 12:23:30.676, NVIDIA L4, 23034 MiB, 0 MiB, 22646 MiB, 0 %
2026/09/24 12:23:31.676, NVIDIA L4, 23034 MiB, 0 MiB, 22646 MiB, 0 %
2026/09/24 12:23:32.677, NVIDIA L4, 23034 MiB, 0 MiB, 22646 MiB, 0 %
2026/09/24 12:23:33.677, NVIDIA L4, 23034 MiB, 0 MiB, 22646 MiB, 0 %
2026/09/24 12:23:34.677, NVIDIA L4, 23034 MiB, 0 MiB, 22646 MiB, 0 %
2026/09/24 12:23:35.677, NVIDIA L4, 23034 MiB, 0 MiB, 22646 MiB, 0 %
2026/09/24 12:23:36.678, NVIDIA L4, 23034 MiB, 0 MiB, 22646 MiB, 0 %
2026/09/24 12:23:37.678, NVIDIA L4, 23034 MiB, 0 MiB, 22646 MiB, 0 %
2026/09/24 12:23:38.678, NVIDIA L4, 23034 MiB, 0 MiB, 22646 MiB, 0 %
2026/09/24 12:23:39.678, NVIDIA L4, 23034 MiB, 0 MiB, 22646 MiB, 0 %
2026/09/24 12:23:40.679, NVIDIA L4, 23034 MiB, 3 MiB, 22643 MiB, 0 %
2026/09/24 12:23:41.679, NVIDIA L4, 23034 MiB, 3 MiB, 22643 MiB, 0 %
2026/09/24 12:23:42.679, NVIDIA L4, 23034 MiB, 3 MiB, 22643 MiB, 0 %
2026/09/24 12:23:43.680, NVIDIA L4, 23034 MiB, 3 MiB, 22643 MiB, 0 %
2026/09/24 12:23:44.680, NVIDIA L4, 23034 MiB, 3 MiB, 22643 MiB, 0 %
2026/09/24 12:23:45.680, NVIDIA L4, 23034 MiB, 3 MiB, 22643 MiB, 0 %
2026/09/24 12:23:46.681, NVIDIA L4, 23034 MiB, 3 MiB, 22643 MiB, 0 %
2026/09/24 12:23:47.681, NVIDIA L4, 23034 MiB, 3 MiB, 22643 MiB, 0 %
2026/09/24 12:23:48.681, NVIDIA L4, 23034 MiB, 3 MiB, 22643 MiB, 0 %
